circuit,year,round,driver,incident_type,detail,lap,confidence
austin,2018,18,LEC,dnf_status,Collision damage,,high
austin,2018,18,RIC,dnf_status,Battery,,high
austin,2018,18,GRO,dnf_status,Collision damage,,high
austin,2018,18,ALO,dnf_status,Collision,,high
austin,2018,18,OCO,dnf_status,Disqualified,,high
austin,2018,18,MAG,dnf_status,Disqualified,,high
austin,2019,19,GAS,dnf_status,Suspension,,high
austin,2019,19,MAG,dnf_status,Brakes,,high
austin,2019,19,KUB,dnf_status,Oil leak,,high
austin,2019,19,VET,dnf_status,Suspension,,high
austin,2021,17,ALO,dnf_status,Rear wing,,high
austin,2021,17,OCO,dnf_status,Mechanical,,high
austin,2021,17,GAS,dnf_status,Suspension,,high
austin,2022,19,STR,dnf_status,Collision,,high
austin,2022,19,BOT,dnf_status,Spun off,,high
austin,2022,19,SAI,dnf_status,Collision damage,,high
austin,2023,18,ALO,dnf_status,Retired,,high
austin,2023,18,PIA,dnf_status,Retired,,high
austin,2023,18,OCO,dnf_status,Retired,,high
austin,2023,18,HAM,dnf_status,Disqualified,,high
austin,2023,18,LEC,dnf_status,Disqualified,,high
austin,2024,19,HAM,dnf_status,Retired,,high
austin,2025,19,SAI,dnf_status,Retired,,high
baku,2018,4,BOT,dnf_status,Puncture,,high
baku,2018,4,GRO,dnf_status,Accident,,high
baku,2018,4,VER,dnf_status,Collision,,high
baku,2018,4,RIC,dnf_status,Collision,,high
baku,2018,4,HUL,dnf_status,Accident,,high
baku,2018,4,OCO,dnf_status,Collision,,high
baku,2018,4,SIR,dnf_status,Collision,,high
baku,2019,4,GAS,dnf_status,Transmission,,high
baku,2019,4,GRO,dnf_status,Brakes,,high
baku,2019,4,KVY,dnf_status,Collision,,high
baku,2019,4,RIC,dnf_status,Collision,,high
baku,2021,6,RUS,dnf_status,Gearbox,,high
baku,2021,6,VER,dnf_status,Accident,,high
baku,2021,6,STR,dnf_status,Accident,,high
baku,2021,6,OCO,dnf_status,Turbo,,high
baku,2022,8,STR,dnf_status,Vibrations,,high
baku,2022,8,MAG,dnf_status,Power Unit,,high
baku,2022,8,ZHO,dnf_status,Hydraulics,,high
baku,2022,8,LEC,dnf_status,Power Unit,,high
baku,2022,8,SAI,dnf_status,Hydraulics,,high
baku,2023,4,ZHO,dnf_status,Retired,,high
baku,2023,4,DEV,dnf_status,Retired,,high
baku,2024,17,PER,dnf_status,Retired,,high
baku,2024,17,SAI,dnf_status,Retired,,high
baku,2024,17,STR,dnf_status,Retired,,high
baku,2024,17,TSU,dnf_status,Retired,,high
baku,2025,17,PIA,dnf_status,Retired,,high
barcelona,2018,5,VAN,dnf_status,Gearbox,,high
barcelona,2018,5,OCO,dnf_status,Oil leak,,high
barcelona,2018,5,RAI,dnf_status,Turbo,,high
barcelona,2018,5,GRO,dnf_status,Collision,,high
barcelona,2018,5,GAS,dnf_status,Collision,,high
barcelona,2018,5,HUL,dnf_status,Collision,,high
barcelona,2019,5,STR,dnf_status,Collision,,high
barcelona,2019,5,NOR,dnf_status,Collision,,high
barcelona,2020,6,LEC,dnf_status,Electronics,,high
barcelona,2021,4,TSU,dnf_status,Electrical,,high
barcelona,2022,6,ZHO,dnf_status,Power loss,,high
barcelona,2022,6,LEC,dnf_status,Turbo,,high
barcelona,2025,9,ANT,dnf_status,Retired,,high
barcelona,2025,9,ALB,dnf_status,Retired,,high
barcelona,2026,7,LEC,dnf_status,Retired,,high
barcelona,2026,7,ANT,dnf_status,Retired,,high
barcelona,2026,7,BEA,dnf_status,Retired,,high
barcelona,2026,7,ALO,dnf_status,Retired,,high
barcelona,2026,7,HUL,dnf_status,Retired,,high
barcelona,2026,7,BOT,dnf_status,Retired,,high
barcelona,2026,7,STR,dnf_status,Retired,,high
budapest,2018,12,VAN,dnf_status,Gearbox,,high
budapest,2018,12,VER,dnf_status,Power loss,,high
budapest,2018,12,LEC,dnf_status,Suspension,,high
budapest,2019,12,GRO,dnf_status,Water pressure,,high
budapest,2020,3,GAS,dnf_status,Engine,,high
budapest,2021,11,MAZ,dnf_status,Collision,,high
budapest,2021,11,NOR,dnf_status,Collision,,high
budapest,2021,11,BOT,dnf_status,Collision,,high
budapest,2021,11,PER,dnf_status,Collision,,high
budapest,2021,11,LEC,dnf_status,Collision,,high
budapest,2021,11,STR,dnf_status,Collision,,high
budapest,2021,11,VET,dnf_status,Disqualified,,high
budapest,2022,13,BOT,dnf_status,Power Unit,,high
budapest,2023,11,SAR,dnf_status,Retired,,high
budapest,2023,11,OCO,dnf_status,Retired,,high
budapest,2023,11,GAS,dnf_status,Retired,,high
budapest,2024,13,GAS,dnf_status,Retired,,high
budapest,2025,14,BEA,dnf_status,Retired,,high
budapest,2026,11,PIA,dnf_status,Retired,,high
budapest,2026,11,PER,dnf_status,Retired,,high
budapest,2026,11,BOT,dnf_status,Retired,,high
imola,2020,13,RUS,dnf_status,Accident,,high
imola,2020,13,VER,dnf_status,Puncture,,high
imola,2020,13,MAG,dnf_status,Illness,,high
imola,2020,13,OCO,dnf_status,Gearbox,,high
imola,2020,13,GAS,dnf_status,Water pressure,,high
imola,2021,2,VET,dnf_status,Gearbox,,high
imola,2021,2,BOT,dnf_status,Collision,,high
imola,2021,2,RUS,dnf_status,Collision,,high
imola,2021,2,LAT,dnf_status,Collision,,high
imola,2022,4,ALO,dnf_status,Collision damage,,high
imola,2022,4,SAI,dnf_status,Collision,,high
imola,2024,7,ALB,dnf_status,Retired,,high
imola,2025,7,ANT,dnf_status,Retired,,high
imola,2025,7,OCO,dnf_status,Retired,,high
jeddah,2021,21,VET,dnf_status,Collision damage,,high
jeddah,2021,21,PER,dnf_status,Collision,,high
jeddah,2021,21,MAZ,dnf_status,Collision,,high
jeddah,2021,21,RUS,dnf_status,Collision,,high
jeddah,2021,21,MSC,dnf_status,Accident,,high
jeddah,2022,2,ALB,dnf_status,Collision damage,,high
jeddah,2022,2,BOT,dnf_status,Cooling system,,high
jeddah,2022,2,ALO,dnf_status,Water pump,,high
jeddah,2022,2,RIC,dnf_status,Gearbox,,high
jeddah,2022,2,LAT,dnf_status,Accident,,high
jeddah,2022,2,TSU,dnf_status,Power Unit,,high
jeddah,2022,2,MSC,dnf_status,Withdrew,,high
jeddah,2023,2,ALB,dnf_status,Retired,,high
jeddah,2023,2,STR,dnf_status,Retired,,high
jeddah,2024,2,STR,dnf_status,Retired,,high
jeddah,2024,2,GAS,dnf_status,Retired,,high
jeddah,2025,5,TSU,dnf_status,Retired,,high
jeddah,2025,5,GAS,dnf_status,Retired,,high
lusail,2021,20,LAT,dnf_status,Puncture,,high
lusail,2021,20,BOT,dnf_status,Damage,,high
lusail,2023,17,SAR,dnf_status,Retired,,high
lusail,2023,17,HAM,dnf_status,Retired,,high
lusail,2023,17,SAI,dnf_status,Did not start,,high
lusail,2024,23,HUL,dnf_status,Retired,,high
lusail,2024,23,PER,dnf_status,Retired,,high
lusail,2024,23,STR,dnf_status,Retired,,high
lusail,2024,23,COL,dnf_status,Retired,,high
lusail,2024,23,OCO,dnf_status,Retired,,high
lusail,2025,23,STR,dnf_status,Retired,,high
lusail,2025,23,HAD,dnf_status,Retired,,high
lusail,2025,23,BEA,dnf_status,Retired,,high
lusail,2025,23,HUL,dnf_status,Retired,,high
melbourne,2018,1,GRO,dnf_status,Wheel,,high
melbourne,2018,1,MAG,dnf_status,Wheel,,high
melbourne,2018,1,GAS,dnf_status,Engine,,high
melbourne,2018,1,ERI,dnf_status,Steering,,high
melbourne,2018,1,SIR,dnf_status,Brakes,,high
melbourne,2019,1,GRO,dnf_status,Wheel,,high
melbourne,2019,1,RIC,dnf_status,Damage,,high
melbourne,2019,1,SAI,dnf_status,Engine,,high
melbourne,2022,3,VER,dnf_status,Fuel leak,,high
melbourne,2022,3,VET,dnf_status,Accident,,high
melbourne,2022,3,SAI,dnf_status,Spun off,,high
melbourne,2023,3,GAS,dnf_status,Retired,,high
melbourne,2023,3,OCO,dnf_status,Retired,,high
melbourne,2023,3,DEV,dnf_status,Retired,,high
melbourne,2023,3,SAR,dnf_status,Retired,,high
melbourne,2023,3,MAG,dnf_status,Retired,,high
melbourne,2023,3,RUS,dnf_status,Retired,,high
melbourne,2023,3,ALB,dnf_status,Retired,,high
melbourne,2023,3,LEC,dnf_status,Retired,,high
melbourne,2024,3,RUS,dnf_status,Retired,,high
melbourne,2024,3,HAM,dnf_status,Retired,,high
melbourne,2024,3,VER,dnf_status,Retired,,high
melbourne,2025,1,LAW,dnf_status,Retired,,high
melbourne,2025,1,BOR,dnf_status,Retired,,high
melbourne,2025,1,ALO,dnf_status,Retired,,high
melbourne,2025,1,SAI,dnf_status,Retired,,high
melbourne,2025,1,DOO,dnf_status,Retired,,high
melbourne,2025,1,HAD,dnf_status,Retired,,high
melbourne,2026,1,ALO,dnf_status,Retired,,high
melbourne,2026,1,BOT,dnf_status,Retired,,high
melbourne,2026,1,HAD,dnf_status,Retired,,high
melbourne,2026,1,PIA,dnf_status,Did not start,,high
melbourne,2026,1,HUL,dnf_status,Did not start,,high
mexico_city,2018,19,RIC,dnf_status,Engine,,high
mexico_city,2018,19,PER,dnf_status,Brakes,,high
mexico_city,2018,19,SAI,dnf_status,Suspension,,high
mexico_city,2018,19,ALO,dnf_status,Engine,,high
mexico_city,2019,18,RAI,dnf_status,Overheating,,high
mexico_city,2019,18,NOR,dnf_status,Withdrew,,high
mexico_city,2021,18,MSC,dnf_status,Collision,,high
mexico_city,2021,18,TSU,dnf_status,Collision,,high
mexico_city,2022,20,ALO,dnf_status,Engine,,high
mexico_city,2022,20,TSU,dnf_status,Collision damage,,high
mexico_city,2023,19,SAR,dnf_status,Retired,,high
mexico_city,2023,19,STR,dnf_status,Collision damage,,high
mexico_city,2023,19,ALO,dnf_status,Withdrew,,high
mexico_city,2023,19,MAG,dnf_status,Accident,,high
mexico_city,2023,19,PER,dnf_status,Collision damage,,high
mexico_city,2024,20,ALO,dnf_status,Retired,,high
mexico_city,2024,20,ALB,dnf_status,Retired,,high
mexico_city,2024,20,TSU,dnf_status,Retired,,high
mexico_city,2025,20,SAI,dnf_status,Retired,,high
mexico_city,2025,20,ALO,dnf_status,Retired,,high
mexico_city,2025,20,HUL,dnf_status,Retired,,high
mexico_city,2025,20,LAW,dnf_status,Retired,,high
monaco,2018,6,LEC,dnf_status,Collision,,high
monaco,2018,6,HAR,dnf_status,Collision,,high
monaco,2018,6,ALO,dnf_status,Gearbox,,high
monaco,2019,6,LEC,dnf_status,Collision,,high
monaco,2021,5,BOT,dnf_status,Wheel nut,,high
monaco,2021,5,LEC,dnf_status,Driveshaft,,high
monaco,2022,7,ALB,dnf_status,Mechanical,,high
monaco,2022,7,MSC,dnf_status,Accident,,high
monaco,2022,7,MAG,dnf_status,Water pressure,,high
monaco,2023,6,MAG,dnf_status,Retired,,high
monaco,2023,6,STR,dnf_status,Retired,,high
monaco,2024,8,OCO,dnf_status,Retired,,high
monaco,2024,8,PER,dnf_status,Retired,,high
monaco,2024,8,HUL,dnf_status,Retired,,high
monaco,2024,8,MAG,dnf_status,Retired,,high
monaco,2025,8,ALO,dnf_status,Retired,,high
monaco,2025,8,GAS,dnf_status,Retired,,high
monaco,2026,6,SAI,dnf_status,Retired,,high
monaco,2026,6,LEC,dnf_status,Retired,,high
monaco,2026,6,STR,dnf_status,Retired,,high
monaco,2026,6,NOR,dnf_status,Retired,,high
monaco,2026,6,BEA,dnf_status,Retired,,high
monaco,2026,6,BOT,dnf_status,Retired,,high
monaco,2026,6,VER,dnf_status,Retired,,high
montr_al,2018,7,ALO,dnf_status,Exhaust,,high
montr_al,2018,7,HAR,dnf_status,Collision,,high
montr_al,2018,7,STR,dnf_status,Collision,,high
montr_al,2019,7,ALB,dnf_status,Collision damage,,high
montr_al,2019,7,NOR,dnf_status,Suspension,,high
montr_al,2022,9,TSU,dnf_status,Accident,,high
montr_al,2022,9,MSC,dnf_status,Engine,,high
montr_al,2022,9,PER,dnf_status,Gearbox,,high
montr_al,2023,8,RUS,dnf_status,Retired,,high
montr_al,2023,8,SAR,dnf_status,Retired,,high
montr_al,2024,9,SAI,dnf_status,Retired,,high
montr_al,2024,9,ALB,dnf_status,Retired,,high
montr_al,2024,9,PER,dnf_status,Retired,,high
montr_al,2024,9,LEC,dnf_status,Retired,,high
montr_al,2024,9,SAR,dnf_status,Retired,,high
montr_al,2025,10,NOR,dnf_status,Retired,,high
montr_al,2025,10,LAW,dnf_status,Retired,,high
montr_al,2025,10,ALB,dnf_status,Retired,,high
montr_al,2026,5,PER,dnf_status,Retired,,high
montr_al,2026,5,NOR,dnf_status,Retired,,high
montr_al,2026,5,RUS,dnf_status,Retired,,high
montr_al,2026,5,ALO,dnf_status,Retired,,high
montr_al,2026,5,ALB,dnf_status,Retired,,high
montr_al,2026,5,LIN,dnf_status,Did not start,,high
monza,2019,14,MAG,dnf_status,Hydraulics,,high
monza,2019,14,KVY,dnf_status,Engine,,high
monza,2019,14,SAI,dnf_status,Wheel,,high
monza,2020,8,VER,dnf_status,Power Unit,,high
monza,2020,8,LEC,dnf_status,Accident,,high
monza,2020,8,MAG,dnf_status,Power Unit,,high
monza,2020,8,VET,dnf_status,Brakes,,high
monza,2021,14,MAZ,dnf_status,Power Unit,,high
monza,2021,14,HAM,dnf_status,Collision,,high
monza,2021,14,VER,dnf_status,Collision,,high
monza,2021,14,GAS,dnf_status,Suspension,,high
monza,2021,14,TSU,dnf_status,Brakes,,high
monza,2022,16,RIC,dnf_status,Oil leak,,high
monza,2022,16,STR,dnf_status,Engine,,high
monza,2022,16,ALO,dnf_status,Water pressure,,high
monza,2022,16,VET,dnf_status,Engine,,high
monza,2023,14,OCO,dnf_status,Retired,,high
monza,2023,14,TSU,dnf_status,Did not start,,high
monza,2024,16,TSU,dnf_status,Retired,,high
monza,2025,16,ALO,dnf_status,Retired,,high
monza,2025,16,HUL,dnf_status,Did not start,,high
monza,2026,13,STR,dnf_status,Retired,,high
monza,2026,13,ALO,dnf_status,Retired,,high
monza,2026,13,LEC,dnf_status,Retired,,high
s_o_paulo,2018,20,HUL,dnf_status,Overheating,,high
s_o_paulo,2018,20,ERI,dnf_status,Collision,,high
s_o_paulo,2019,20,VET,dnf_status,Collision,,high
s_o_paulo,2019,20,LEC,dnf_status,Collision,,high
s_o_paulo,2019,20,STR,dnf_status,Suspension,,high
s_o_paulo,2019,20,BOT,dnf_status,Power Unit,,high
s_o_paulo,2021,19,RIC,dnf_status,Power loss,,high
s_o_paulo,2021,19,STR,dnf_status,Collision damage,,high
s_o_paulo,2022,21,NOR,dnf_status,Gearbox,,high
s_o_paulo,2022,21,MAG,dnf_status,Collision,,high
s_o_paulo,2022,21,RIC,dnf_status,Collision,,high
s_o_paulo,2023,20,RUS,dnf_status,Retired,,high
s_o_paulo,2023,20,BOT,dnf_status,Retired,,high
s_o_paulo,2023,20,ZHO,dnf_status,Retired,,high
s_o_paulo,2023,20,MAG,dnf_status,Retired,,high
s_o_paulo,2023,20,ALB,dnf_status,Retired,,high
s_o_paulo,2023,20,LEC,dnf_status,Did not start,,high
s_o_paulo,2024,21,SAI,dnf_status,Retired,,high
s_o_paulo,2024,21,COL,dnf_status,Retired,,high
s_o_paulo,2024,21,ALB,dnf_status,Did not start,,high
s_o_paulo,2024,21,STR,dnf_status,Did not start,,high
s_o_paulo,2024,21,HUL,dnf_status,Disqualified,,high
s_o_paulo,2025,21,HAM,dnf_status,Retired,,high
s_o_paulo,2025,21,LEC,dnf_status,Retired,,high
s_o_paulo,2025,21,BOR,dnf_status,Retired,,high
sakhir,2018,2,RAI,dnf_status,Wheel,,high
sakhir,2018,2,VER,dnf_status,Puncture,,high
sakhir,2018,2,RIC,dnf_status,Electrical,,high
sakhir,2019,2,HUL,dnf_status,Engine,,high
sakhir,2019,2,RIC,dnf_status,Out of fuel,,high
sakhir,2019,2,SAI,dnf_status,Collision damage,,high
sakhir,2019,2,GRO,dnf_status,Retired,,high
sakhir,2020,15,PER,dnf_status,Engine,,high
sakhir,2020,15,STR,dnf_status,Collision,,high
sakhir,2020,15,GRO,dnf_status,Collision,,high
sakhir,2020,16,LAT,dnf_status,Engine,,high
sakhir,2020,16,VER,dnf_status,Accident,,high
sakhir,2020,16,LEC,dnf_status,Collision,,high
sakhir,2021,1,GAS,dnf_status,Retired,,high
sakhir,2021,1,LAT,dnf_status,Retired,,high
sakhir,2021,1,ALO,dnf_status,Brakes,,high
sakhir,2021,1,MAZ,dnf_status,Accident,,high
sakhir,2022,1,PER,dnf_status,Fuel pressure,,high
sakhir,2022,1,VER,dnf_status,Fuel pressure,,high
sakhir,2022,1,GAS,dnf_status,Power Unit,,high
sakhir,2023,1,OCO,dnf_status,Retired,,high
sakhir,2023,1,LEC,dnf_status,Retired,,high
sakhir,2023,1,PIA,dnf_status,Retired,,high
sakhir,2025,4,SAI,dnf_status,Retired,,high
sakhir,2025,4,HUL,dnf_status,Disqualified,,high
silverstone,2018,10,VER,dnf_status,Brakes,,high
silverstone,2018,10,GRO,dnf_status,Collision,,high
silverstone,2018,10,SAI,dnf_status,Collision,,high
silverstone,2018,10,ERI,dnf_status,Accident,,high
silverstone,2018,10,LEC,dnf_status,Tyre,,high
silverstone,2018,10,HAR,dnf_status,Power Unit,,high
silverstone,2019,10,GIO,dnf_status,Spun off,,high
silverstone,2019,10,GRO,dnf_status,Collision,,high
silverstone,2019,10,MAG,dnf_status,Collision,,high
silverstone,2020,4,KVY,dnf_status,Accident,,high
silverstone,2020,4,MAG,dnf_status,Collision,,high
silverstone,2020,4,HUL,dnf_status,Power Unit,,high
silverstone,2020,5,MAG,dnf_status,Retired,,high
silverstone,2021,10,VET,dnf_status,Retired,,high
silverstone,2021,10,VER,dnf_status,Collision,,high
silverstone,2022,10,OCO,dnf_status,Fuel pump,,high
silverstone,2022,10,GAS,dnf_status,Collision damage,,high
silverstone,2022,10,BOT,dnf_status,Gearbox,,high
silverstone,2022,10,RUS,dnf_status,Collision,,high
silverstone,2022,10,ZHO,dnf_status,Collision,,high
silverstone,2022,10,ALB,dnf_status,Collision,,high
silverstone,2023,10,GAS,dnf_status,Retired,,high
silverstone,2023,10,MAG,dnf_status,Retired,,high
silverstone,2023,10,OCO,dnf_status,Retired,,high
silverstone,2024,12,RUS,dnf_status,Retired,,high
silverstone,2024,12,GAS,dnf_status,Did not start,,high
silverstone,2025,12,ANT,dnf_status,Retired,,high
silverstone,2025,12,HAD,dnf_status,Retired,,high
silverstone,2025,12,BOR,dnf_status,Retired,,high
silverstone,2025,12,LAW,dnf_status,Retired,,high
silverstone,2025,12,COL,dnf_status,Did not start,,high
silverstone,2026,9,VER,dnf_status,Retired,,high
silverstone,2026,9,ALB,dnf_status,Retired,,high
silverstone,2026,9,HUL,dnf_status,Retired,,high
spa_francorchamps,2018,13,RIC,dnf_status,Retired,,high
spa_francorchamps,2018,13,RAI,dnf_status,Brakes,,high
spa_francorchamps,2018,13,LEC,dnf_status,Accident,,high
spa_francorchamps,2018,13,ALO,dnf_status,Accident,,high
spa_francorchamps,2018,13,HUL,dnf_status,Accident,,high
spa_francorchamps,2019,13,NOR,dnf_status,Engine,,high
spa_francorchamps,2019,13,GIO,dnf_status,Accident,,high
spa_francorchamps,2019,13,SAI,dnf_status,Power loss,,high
spa_francorchamps,2019,13,VER,dnf_status,Accident,,high
spa_francorchamps,2020,7,GIO,dnf_status,Accident,,high
spa_francorchamps,2020,7,RUS,dnf_status,Debris,,high
spa_francorchamps,2020,7,SAI,dnf_status,Exhaust,,high
spa_francorchamps,2022,14,BOT,dnf_status,Accident,,high
spa_francorchamps,2022,14,HAM,dnf_status,Collision damage,,high
spa_francorchamps,2023,12,SAI,dnf_status,Retired,,high
spa_francorchamps,2023,12,PIA,dnf_status,Retired,,high
spa_francorchamps,2024,14,ZHO,dnf_status,Retired,,high
spa_francorchamps,2024,14,RUS,dnf_status,Disqualified,,high
spa_francorchamps,2026,10,STR,dnf_status,Retired,,high
spa_francorchamps,2026,10,PER,dnf_status,Retired,,high
spa_francorchamps,2026,10,RUS,dnf_status,Retired,,high
spielberg,2018,9,VAN,dnf_status,Collision damage,,high
spielberg,2018,9,HAM,dnf_status,Fuel pressure,,high
spielberg,2018,9,HAR,dnf_status,Hydraulics,,high
spielberg,2018,9,RIC,dnf_status,Exhaust,,high
spielberg,2018,9,BOT,dnf_status,Hydraulics,,high
spielberg,2018,9,HUL,dnf_status,Engine,,high
spielberg,2020,1,KVY,dnf_status,Suspension,,high
spielberg,2020,1,ALB,dnf_status,Electronics,,high
spielberg,2020,1,RAI,dnf_status,Wheel,,high
spielberg,2020,1,RUS,dnf_status,Fuel pressure,,high
spielberg,2020,1,GRO,dnf_status,Brakes,,high
spielberg,2020,1,MAG,dnf_status,Brakes,,high
spielberg,2020,1,STR,dnf_status,Engine,,high
spielberg,2020,1,RIC,dnf_status,Overheating,,high
spielberg,2020,1,VER,dnf_status,Electronics,,high
spielberg,2020,2,OCO,dnf_status,Overheating,,high
spielberg,2020,2,LEC,dnf_status,Collision damage,,high
spielberg,2020,2,VET,dnf_status,Collision damage,,high
spielberg,2021,8,RUS,dnf_status,Engine,,high
spielberg,2021,8,GAS,dnf_status,Collision,,high
spielberg,2021,9,VET,dnf_status,Collision,,high
spielberg,2021,9,OCO,dnf_status,Collision,,high
spielberg,2022,11,SAI,dnf_status,Power Unit,,high
spielberg,2022,11,LAT,dnf_status,Undertray,,high
spielberg,2022,11,PER,dnf_status,Collision damage,,high
spielberg,2023,9,HUL,dnf_status,Retired,,high
spielberg,2025,11,ALB,dnf_status,Retired,,high
spielberg,2025,11,VER,dnf_status,Retired,,high
spielberg,2025,11,ANT,dnf_status,Retired,,high
spielberg,2025,11,SAI,dnf_status,Did not start,,high
spielberg,2026,8,STR,dnf_status,Retired,,high
spielberg,2026,8,SAI,dnf_status,Retired,,high
spielberg,2026,8,PER,dnf_status,Retired,,high
spielberg,2026,8,BOT,dnf_status,Retired,,high
suzuka,2018,17,LEC,dnf_status,Mechanical,,high
suzuka,2018,17,HUL,dnf_status,Engine,,high
suzuka,2018,17,MAG,dnf_status,Collision damage,,high
suzuka,2019,17,VER,dnf_status,Brakes,,high
suzuka,2019,17,RIC,dnf_status,Disqualified,,high
suzuka,2019,17,HUL,dnf_status,Disqualified,,high
suzuka,2022,18,SAI,dnf_status,Accident,,high
suzuka,2022,18,ALB,dnf_status,Hydraulics,,high
suzuka,2023,16,ALB,dnf_status,Retired,,high
suzuka,2023,16,SAR,dnf_status,Retired,,high
suzuka,2023,16,STR,dnf_status,Retired,,high
suzuka,2023,16,PER,dnf_status,Retired,,high
suzuka,2023,16,BOT,dnf_status,Retired,,high
suzuka,2024,4,ZHO,dnf_status,Retired,,high
suzuka,2024,4,RIC,dnf_status,Retired,,high
suzuka,2024,4,ALB,dnf_status,Retired,,high
suzuka,2026,3,STR,dnf_status,Retired,,high
suzuka,2026,3,BEA,dnf_status,Retired,,high
yas_island,2018,21,GAS,dnf_status,Engine,,high
yas_island,2018,21,OCO,dnf_status,Engine,,high
yas_island,2018,21,ERI,dnf_status,Power loss,,high
yas_island,2018,21,RAI,dnf_status,Power loss,,high
yas_island,2018,21,HUL,dnf_status,Collision,,high
yas_island,2019,21,STR,dnf_status,Brakes,,high
yas_island,2020,17,PER,dnf_status,Transmission,,high
yas_island,2021,22,PER,dnf_status,Engine,,high
yas_island,2021,22,LAT,dnf_status,Accident,,high
yas_island,2021,22,GIO,dnf_status,Gearbox,,high
yas_island,2021,22,RUS,dnf_status,Gearbox,,high
yas_island,2021,22,RAI,dnf_status,Brakes,,high
yas_island,2021,22,MAZ,dnf_status,Illness,,high
yas_island,2022,22,HAM,dnf_status,Hydraulics,,high
yas_island,2022,22,LAT,dnf_status,Collision damage,,high
yas_island,2022,22,ALO,dnf_status,Water leak,,high
yas_island,2023,22,SAI,dnf_status,Retired,,high
yas_island,2024,24,LAW,dnf_status,Retired,,high
yas_island,2024,24,BOT,dnf_status,Retired,,high
yas_island,2024,24,COL,dnf_status,Retired,,high
yas_island,2024,24,PER,dnf_status,Retired,,high
zandvoort,2021,13,RUS,dnf_status,Gearbox,,high
zandvoort,2021,13,TSU,dnf_status,Power Unit,,high
zandvoort,2021,13,MAZ,dnf_status,Hydraulics,,high
zandvoort,2022,15,BOT,dnf_status,Engine,,high
zandvoort,2022,15,TSU,dnf_status,Differential,,high
zandvoort,2023,13,ZHO,dnf_status,Accident,,high
zandvoort,2023,13,LEC,dnf_status,Undertray,,high
zandvoort,2023,13,SAR,dnf_status,Accident,,high
zandvoort,2025,15,NOR,dnf_status,Retired,,high
zandvoort,2025,15,LEC,dnf_status,Retired,,high
zandvoort,2025,15,HAM,dnf_status,Retired,,high
zandvoort,2026,12,ALB,dnf_status,Retired,,high
zandvoort,2026,12,BOT,dnf_status,Retired,,high
zandvoort,2026,12,OCO,dnf_status,Retired,,high
zandvoort,2026,12,STR,dnf_status,Retired,,high
zandvoort,2026,12,BEA,dnf_status,Retired,,high
zandvoort,2026,12,VER,dnf_status,Retired,,high
austin,2019,19,MAG,lap_deleted,TRACK LIMITS AT TURN 19,8.0,high
austin,2019,19,MAG,lap_deleted,TRACK LIMITS AT TURN 19,47.0,high
austin,2019,19,ALB,lap_deleted,TRACK LIMITS AT TURN 19,6.0,high
austin,2019,19,KVY,lap_deleted,TRACK LIMITS AT TURN 19,13.0,high
austin,2019,19,KVY,lap_deleted,TRACK LIMITS AT TURN 19,19.0,high
austin,2019,19,VER,lap_deleted,TRACK LIMITS AT TURN 19,53.0,high
austin,2019,19,NOR,lap_deleted,TRACK LIMITS AT TURN 19,52.0,high
austin,2019,19,SAI,lap_deleted,TRACK LIMITS AT TURN 19,8.0,high
austin,2019,19,RUS,lap_deleted,TRACK LIMITS AT TURN 19,32.0,high
austin,2019,19,GRO,lap_deleted,TRACK LIMITS AT TURN 19,8.0,high
austin,2019,19,GRO,lap_deleted,TRACK LIMITS AT TURN 19,19.0,high
austin,2019,19,GIO,lap_deleted,TRACK LIMITS AT TURN 19,8.0,high
austin,2019,19,GIO,lap_deleted,TRACK LIMITS AT TURN 19,20.0,high
austin,2021,17,VER,lap_deleted,TRACK LIMITS AT TURN 19,4.0,high
austin,2021,17,PER,lap_deleted,TRACK LIMITS AT TURN 19,13.0,high
austin,2021,17,TSU,lap_deleted,TRACK LIMITS AT TURN 9,11.0,high
austin,2021,17,VET,lap_deleted,TRACK LIMITS AT TURN 19,51.0,high
austin,2021,17,VET,lap_deleted,TRACK LIMITS AT TURN 19,55.0,high
austin,2021,17,GIO,lap_deleted,TRACK LIMITS AT TURN 9,28.0,high
austin,2021,17,STR,lap_deleted,TRACK LIMITS AT TURN 9,21.0,high
austin,2021,17,STR,lap_deleted,TRACK LIMITS AT TURN 9,29.0,high
austin,2021,17,STR,lap_deleted,TRACK LIMITS AT TURN 9,47.0,high
austin,2021,17,RAI,lap_deleted,TRACK LIMITS AT TURN 9,13.0,high
austin,2021,17,RAI,lap_deleted,TRACK LIMITS AT TURN 1,16.0,high
austin,2021,17,RAI,lap_deleted,TRACK LIMITS AT TURN 19,33.0,high
austin,2021,17,RAI,lap_deleted,TRACK LIMITS AT TURN 19,40.0,high
austin,2021,17,RUS,lap_deleted,TRACK LIMITS AT TURN 19,14.0,high
austin,2021,17,RUS,lap_deleted,TRACK LIMITS AT TURN 9,40.0,high
austin,2021,17,LAT,lap_deleted,TRACK LIMITS AT TURN 9,55.0,high
austin,2021,17,MSC,lap_deleted,TRACK LIMITS AT TURN 19,46.0,high
austin,2021,17,MAZ,lap_deleted,TRACK LIMITS AT TURN 19,5.0,high
austin,2021,17,MAZ,lap_deleted,TRACK LIMITS AT TURN 19,30.0,high
austin,2021,17,MAZ,lap_deleted,TRACK LIMITS AT TURN 9,39.0,high
austin,2021,17,OCO,lap_deleted,TRACK LIMITS AT TURN 1,6.0,high
austin,2021,17,GAS,lap_deleted,TRACK LIMITS AT TURN 9,11.0,high
austin,2022,19,VER,lap_deleted,TRACK LIMITS AT TURN 9 LAP 48 ,48.0,high
austin,2022,19,VER,lap_deleted,TRACK LIMITS AT TURN 9 LAP 51 ,51.0,high
austin,2022,19,GAS,lap_deleted,TRACK LIMITS AT TURN 11 LAP 9 ,9.0,high
austin,2022,19,GAS,lap_deleted,TRACK LIMITS AT TURN 19 LAP 31 ,31.0,high
austin,2022,19,GAS,lap_deleted,TRACK LIMITS AT TURN 19 LAP 34 ,34.0,high
austin,2022,19,PER,lap_deleted,TRACK LIMITS AT TURN 19 LAP 8 ,8.0,high
austin,2022,19,PER,lap_deleted,TRACK LIMITS AT TURN 6 LAP 47 ,47.0,high
austin,2022,19,PER,lap_deleted,TRACK LIMITS AT TURN 6 LAP 54 ,54.0,high
austin,2022,19,ALO,lap_deleted,TRACK LIMITS AT TURN 19 LAP 3 ,3.0,high
austin,2022,19,MAG,lap_deleted,TRACK LIMITS AT TURN 19 LAP 26 ,26.0,high
austin,2022,19,TSU,lap_deleted,TRACK LIMITS AT TURN 19 LAP 15 ,15.0,high
austin,2022,19,ALB,lap_deleted,TRACK LIMITS AT TURN 19 LAP 6 ,6.0,high
austin,2022,19,ALB,lap_deleted,TRACK LIMITS AT TURN 12 LAP 8 ,8.0,high
austin,2022,19,ALB,lap_deleted,TRACK LIMITS AT TURN 19 LAP 12 ,12.0,high
austin,2022,19,ZHO,lap_deleted,TRACK LIMITS AT TURN 12 LAP 32 ,32.0,high
austin,2022,19,ZHO,lap_deleted,TRACK LIMITS AT TURN 12 LAP 33 ,33.0,high
austin,2022,19,ZHO,lap_deleted,TRACK LIMITS AT TURN 19 LAP 36 ,36.0,high
austin,2022,19,RIC,lap_deleted,TRACK LIMITS AT TURN 19 LAP 7 ,7.0,high
austin,2022,19,RIC,lap_deleted,TRACK LIMITS AT TURN 19 LAP 33 ,33.0,high
austin,2022,19,NOR,lap_deleted,TRACK LIMITS AT TURN 19 LAP 15 ,15.0,high
austin,2022,19,NOR,lap_deleted,TRACK LIMITS AT TURN 19 LAP 51 ,51.0,high
austin,2022,19,HAM,lap_deleted,TRACK LIMITS AT TURN 19 LAP 13 ,13.0,high
austin,2022,19,HAM,lap_deleted,TRACK LIMITS AT TURN 9 LAP 43 ,43.0,high
austin,2022,19,HAM,lap_deleted,TRACK LIMITS AT TURN 9 LAP 52 ,52.0,high
austin,2022,19,MSC,lap_deleted,TRACK LIMITS AT TURN 19 LAP 3 ,3.0,high
austin,2022,19,MSC,lap_deleted,TRACK LIMITS AT TURN 19 LAP 10 ,10.0,high
austin,2022,19,MSC,lap_deleted,TRACK LIMITS AT TURN 19 LAP 39 ,39.0,high
austin,2022,19,MSC,lap_deleted,TRACK LIMITS AT TURN 19 LAP 53 ,53.0,high
austin,2022,19,RUS,lap_deleted,TRACK LIMITS AT TURN 19 LAP 35 ,35.0,high
austin,2023,18,NOR,lap_deleted,TRACK LIMITS AT TURN 19 LAP 16 ,16.0,high
austin,2023,18,NOR,lap_deleted,TRACK LIMITS AT TURN 19 LAP 26 ,26.0,high
austin,2023,18,SAI,lap_deleted,TRACK LIMITS AT TURN 19 LAP 41 ,41.0,high
austin,2023,18,PER,lap_deleted,TRACK LIMITS AT TURN 12 LAP 41 ,41.0,high
austin,2023,18,RUS,lap_deleted,TRACK LIMITS AT TURN 12 LAP 11 ,11.0,high
austin,2023,18,GAS,lap_deleted,TRACK LIMITS AT TURN 12 LAP 22 ,22.0,high
austin,2023,18,STR,lap_deleted,TRACK LIMITS AT TURN 12 LAP 26 ,26.0,high
austin,2023,18,TSU,lap_deleted,TRACK LIMITS AT TURN 20 LAP 3 ,3.0,high
austin,2023,18,ALB,lap_deleted,TRACK LIMITS AT TURN 20 LAP 20 ,20.0,high
austin,2023,18,ALB,lap_deleted,TRACK LIMITS AT TURN 20 (NEXT LAP),21.0,high
austin,2023,18,ALB,lap_deleted,TRACK LIMITS AT TURN 6 LAP 45 ,45.0,high
austin,2023,18,ALB,lap_deleted,TRACK LIMITS AT TURN 6 LAP 47 ,47.0,high
austin,2023,18,ALB,lap_deleted,TRACK LIMITS AT TURN 6 LAP 48 ,48.0,high
austin,2023,18,ALB,lap_deleted,TRACK LIMITS AT TURN 19 LAP 49 ,49.0,high
austin,2023,18,SAR,lap_deleted,TRACK LIMITS AT TURN 19 LAP 12 ,12.0,high
austin,2023,18,SAR,lap_deleted,TRACK LIMITS AT TURN 11 LAP 32 ,32.0,high
austin,2023,18,SAR,lap_deleted,TRACK LIMITS AT TURN 19 LAP 41 ,41.0,high
austin,2023,18,HUL,lap_deleted,TRACK LIMITS AT TURN 19 LAP 5 ,5.0,high
austin,2023,18,HUL,lap_deleted,TRACK LIMITS AT TURN 13 LAP 13 ,13.0,high
austin,2023,18,MAG,lap_deleted,TRACK LIMITS AT TURN 11 LAP 2 ,2.0,high
austin,2023,18,MAG,lap_deleted,TRACK LIMITS AT TURN 19 LAP 5 ,5.0,high
austin,2023,18,MAG,lap_deleted,TRACK LIMITS AT TURN 12 LAP 10 ,10.0,high
austin,2023,18,MAG,lap_deleted,TRACK LIMITS AT TURN 19 LAP 22 ,22.0,high
austin,2023,18,MAG,lap_deleted,TRACK LIMITS AT TURN 19 LAP 22 ,55.0,high
austin,2023,18,ALO,lap_deleted,TRACK LIMITS AT TURN 11 LAP 2 ,2.0,high
austin,2023,18,ALO,lap_deleted,TRACK LIMITS AT TURN 9 LAP 18 ,18.0,high
austin,2023,18,OCO,lap_deleted,TRACK LIMITS AT TURN 19 LAP 5 ,5.0,high
austin,2023,18,HAM,lap_deleted,TRACK LIMITS AT TURN 19 LAP 6 ,6.0,high
austin,2023,18,HAM,lap_deleted,TRACK LIMITS AT TURN 19 LAP 16 ,16.0,high
austin,2023,18,HAM,lap_deleted,TRACK LIMITS AT TURN 9 LAP 56 ,56.0,high
austin,2023,18,LEC,lap_deleted,TRACK LIMITS AT TURN 12 LAP 11 ,11.0,high
austin,2023,18,LEC,lap_deleted,TRACK LIMITS AT TURN 20 LAP 49 ,49.0,high
austin,2023,18,LEC,lap_deleted,TRACK LIMITS AT TURN 20 (NEXT LAP),50.0,high
austin,2023,18,LEC,lap_deleted,TRACK LIMITS AT TURN 19 LAP 52 ,52.0,high
austin,2024,19,VER,lap_deleted,TRACK LIMITS AT TURN 12 LAP 52 ,52.0,high
austin,2024,19,VER,lap_deleted,TRACK LIMITS AT TURN 12 LAP 56 ,56.0,high
austin,2024,19,GAS,lap_deleted,TRACK LIMITS AT TURN 20 (NEXT LAP),6.0,high
austin,2024,19,GAS,lap_deleted,TRACK LIMITS AT TURN 12 LAP 27 ,27.0,high
austin,2024,19,ALO,lap_deleted,TRACK LIMITS AT TURN 19 LAP 11 ,11.0,high
austin,2024,19,ALO,lap_deleted,TRACK LIMITS AT TURN 12 LAP 39 ,39.0,high
austin,2024,19,STR,lap_deleted,TRACK LIMITS AT TURN 19 LAP 2 ,2.0,high
austin,2024,19,STR,lap_deleted,TRACK LIMITS AT TURN 11 LAP 6 ,6.0,high
austin,2024,19,STR,lap_deleted,TRACK LIMITS AT TURN 19 LAP 15 ,15.0,high
austin,2024,19,MAG,lap_deleted,TRACK LIMITS AT TURN 12 LAP 21 ,21.0,high
austin,2024,19,MAG,lap_deleted,TRACK LIMITS AT TURN 12 LAP 40 ,40.0,high
austin,2024,19,TSU,lap_deleted,TRACK LIMITS AT TURN 1 LAP 41 ,41.0,high
austin,2024,19,TSU,lap_deleted,TRACK LIMITS AT TURN 20 LAP 52 ,52.0,high
austin,2024,19,TSU,lap_deleted,TRACK LIMITS AT TURN 20 (NEXT LAP),53.0,high
austin,2024,19,ALB,lap_deleted,TRACK LIMITS AT TURN 12 LAP 14 ,14.0,high
austin,2024,19,ALB,lap_deleted,TRACK LIMITS AT TURN 12 LAP 28 ,28.0,high
austin,2024,19,ALB,lap_deleted,TRACK LIMITS AT TURN 11 LAP 44 ,44.0,high
austin,2024,19,ZHO,lap_deleted,TRACK LIMITS AT TURN 12 LAP 13 ,13.0,high
austin,2024,19,ZHO,lap_deleted,TRACK LIMITS AT TURN 12 LAP 19 ,19.0,high
austin,2024,19,HUL,lap_deleted,TRACK LIMITS AT TURN 19 LAP 17 ,17.0,high
austin,2024,19,HUL,lap_deleted,TRACK LIMITS AT TURN 16 LAP 18 ,18.0,high
austin,2024,19,HUL,lap_deleted,TRACK LIMITS AT TURN 9 LAP 40 ,40.0,high
austin,2024,19,LAW,lap_deleted,TRACK LIMITS AT TURN 12 LAP 2 ,2.0,high
austin,2024,19,NOR,lap_deleted,TRACK LIMITS AT TURN 12 LAP 27 ,27.0,high
austin,2024,19,NOR,lap_deleted,TRACK LIMITS AT TURN 12 LAP 31 ,31.0,high
austin,2024,19,NOR,lap_deleted,TRACK LIMITS AT TURN 20 LAP 51 ,51.0,high
austin,2024,19,NOR,lap_deleted,TRACK LIMITS AT TURN 20 (NEXT LAP),52.0,high
austin,2024,19,COL,lap_deleted,TRACK LIMITS AT TURN 20 LAP 6 ,6.0,high
austin,2024,19,COL,lap_deleted,TRACK LIMITS AT TURN 20 (NEXT LAP),7.0,high
austin,2024,19,COL,lap_deleted,TRACK LIMITS AT TURN 9 LAP 14 ,14.0,high
austin,2024,19,COL,lap_deleted,TRACK LIMITS AT TURN 1 LAP 41 ,41.0,high
austin,2024,19,RUS,lap_deleted,TRACK LIMITS AT TURN 11 LAP 16 ,16.0,high
austin,2024,19,RUS,lap_deleted,TRACK LIMITS AT TURN 12 LAP 40 ,40.0,high
austin,2024,19,RUS,lap_deleted,TRACK LIMITS AT TURN 13 LAP 53 ,53.0,high
austin,2024,19,BOT,lap_deleted,TRACK LIMITS AT TURN 12 LAP 13 ,13.0,high
austin,2024,19,BOT,lap_deleted,TRACK LIMITS AT TURN 9 LAP 15 ,15.0,high
austin,2024,19,PIA,lap_deleted,TRACK LIMITS AT TURN 9 LAP 14 ,14.0,high
austin,2024,19,PIA,lap_deleted,TRACK LIMITS AT TURN 12 LAP 39 ,39.0,high
austin,2024,19,PIA,lap_deleted,TRACK LIMITS AT TURN 19 LAP 43 ,43.0,high
austin,2025,19,GAS,lap_deleted,TRACK LIMITS AT TURN 1 LAP 54 ,54.0,high
austin,2025,19,ANT,lap_deleted,TRACK LIMITS AT TURN 12 LAP 4 ,4.0,high
austin,2025,19,ANT,lap_deleted,TRACK LIMITS AT TURN 20 LAP 20 ,20.0,high
austin,2025,19,ANT,lap_deleted,TRACK LIMITS AT TURN 9 LAP 39 ,39.0,high
austin,2025,19,ALO,lap_deleted,TRACK LIMITS AT TURN 13 LAP 20 ,20.0,high
austin,2025,19,LEC,lap_deleted,TRACK LIMITS AT TURN 9 LAP 21 ,21.0,high
austin,2025,19,STR,lap_deleted,TRACK LIMITS AT TURN 19 LAP 6 ,6.0,high
austin,2025,19,STR,lap_deleted,TRACK LIMITS AT TURN 20 LAP 36 ,36.0,high
austin,2025,19,TSU,lap_deleted,TRACK LIMITS AT TURN 20 LAP 55 ,55.0,high
austin,2025,19,ALB,lap_deleted,TRACK LIMITS AT TURN 12 LAP 28 ,28.0,high
austin,2025,19,ALB,lap_deleted,TRACK LIMITS AT TURN 12 LAP 35 ,35.0,high
austin,2025,19,OCO,lap_deleted,TRACK LIMITS AT TURN 12 LAP 3 ,3.0,high
austin,2025,19,NOR,lap_deleted,TRACK LIMITS AT TURN 20 LAP 13 ,13.0,high
austin,2025,19,NOR,lap_deleted,TRACK LIMITS AT TURN 9 LAP 15 ,15.0,high
austin,2025,19,NOR,lap_deleted,TRACK LIMITS AT TURN 13 LAP 19 ,19.0,high
austin,2025,19,COL,lap_deleted,TRACK LIMITS AT TURN 12 LAP 4 ,4.0,high
austin,2025,19,COL,lap_deleted,TRACK LIMITS AT TURN 19 LAP 6 ,6.0,high
austin,2025,19,HAM,lap_deleted,TRACK LIMITS AT TURN 19 LAP 24 ,24.0,high
austin,2025,19,HAM,lap_deleted,TRACK LIMITS AT TURN 19 LAP 46 ,46.0,high
austin,2025,19,HAM,lap_deleted,TRACK LIMITS AT TURN 19 LAP 56 ,56.0,high
austin,2025,19,BOR,lap_deleted,TRACK LIMITS AT TURN 12 LAP 3 ,3.0,high
austin,2025,19,BOR,lap_deleted,TRACK LIMITS AT TURN 20 LAP 31 ,31.0,high
austin,2025,19,BOR,lap_deleted,TRACK LIMITS AT TURN 12 LAP 35 ,35.0,high
austin,2025,19,HAD,lap_deleted,TRACK LIMITS AT TURN 12 LAP 2 ,2.0,high
austin,2025,19,HAD,lap_deleted,TRACK LIMITS AT TURN 12 LAP 3 ,3.0,high
austin,2025,19,RUS,lap_deleted,TRACK LIMITS AT TURN 12 LAP 30 ,30.0,high
austin,2025,19,PIA,lap_deleted,TRACK LIMITS AT TURN 9 LAP 3 ,3.0,high
austin,2025,19,PIA,lap_deleted,TRACK LIMITS AT TURN 13 LAP 12 ,5.0,high
austin,2025,19,PIA,lap_deleted,TRACK LIMITS AT TURN 13 LAP 12 ,12.0,high
austin,2025,19,BEA,lap_deleted,TRACK LIMITS AT TURN 19 LAP 13 ,13.0,high
austin,2025,19,BEA,lap_deleted,TRACK LIMITS AT TURN 15 LAP 34 ,34.0,high
baku,2023,4,STR,lap_deleted,TRACK LIMITS AT TURN 16 LAP 19 ,19.0,high
baku,2024,17,VER,lap_deleted,TRACK LIMITS AT TURN 15 LAP 24 ,24.0,high
baku,2024,17,OCO,lap_deleted,TRACK LIMITS AT TURN 1 LAP 36 ,36.0,high
baku,2025,17,ALO,lap_deleted,TRACK LIMITS AT TURN 16 LAP 7 ,7.0,high
barcelona,2020,6,GRO,lap_deleted,TRACK LIMITS AT TURN 2,59.0,high
barcelona,2021,4,ALO,lap_deleted,TRACK LIMITS AT TURN 2,11.0,high
barcelona,2021,4,STR,lap_deleted,TRACK LIMITS AT TURN 2,60.0,high
barcelona,2021,4,MAZ,lap_deleted,TRACK LIMITS AT TURN 2,5.0,high
barcelona,2022,6,VER,lap_deleted,TRACK LIMITS AT TURN 12 LAP 24 ,24.0,high
barcelona,2022,6,PER,lap_deleted,TRACK LIMITS AT TURN 9 LAP 50 ,50.0,high
barcelona,2022,6,HAM,lap_deleted,TRACK LIMITS AT TURN 12 LAP 12 ,12.0,high
barcelona,2022,6,HAM,lap_deleted,TRACK LIMITS AT TURN 12 LAP 35 ,35.0,high
barcelona,2022,6,HAM,lap_deleted,TRACK LIMITS AT TURN 12 LAP 41 ,41.0,high
barcelona,2022,6,ALO,lap_deleted,TRACK LIMITS AT TURN 12 LAP 25 ,25.0,high
barcelona,2022,6,ALO,lap_deleted,TRACK LIMITS AT TURN 12 LAP 26 ,26.0,high
barcelona,2022,6,TSU,lap_deleted,TRACK LIMITS AT TURN 9 LAP 8 ,8.0,high
barcelona,2022,6,VET,lap_deleted,TRACK LIMITS AT TURN 9 LAP 14 ,14.0,high
barcelona,2022,6,VET,lap_deleted,TRACK LIMITS AT TURN 9 LAP 38 ,38.0,high
barcelona,2022,6,MSC,lap_deleted,TRACK LIMITS AT TURN 12 LAP 31 ,31.0,high
barcelona,2022,6,MAG,lap_deleted,TRACK LIMITS AT TURN 9 LAP 30 ,30.0,high
barcelona,2022,6,ALB,lap_deleted,TRACK LIMITS AT TURN 12 LAP 16 ,16.0,high
barcelona,2022,6,ALB,lap_deleted,TRACK LIMITS AT TURN 12 LAP 36 ,36.0,high
barcelona,2022,6,ALB,lap_deleted,TRACK LIMITS AT TURN 12 LAP 39 ,39.0,high
barcelona,2022,6,ALB,lap_deleted,TRACK LIMITS AT TURN 9 LAP 62 ,62.0,high
barcelona,2023,7,VER,lap_deleted,TRACK LIMITS AT TURN 5 LAP 39 ,39.0,high
barcelona,2023,7,VER,lap_deleted,TRACK LIMITS AT TURN 5 LAP 45 ,45.0,high
barcelona,2023,7,VER,lap_deleted,TRACK LIMITS AT TURN 10 LAP 56 ,56.0,high
barcelona,2023,7,ALO,lap_deleted,TRACK LIMITS AT TURN 13 LAP 34 ,34.0,high
barcelona,2023,7,ZHO,lap_deleted,TRACK LIMITS AT TURN 2 LAP 56 ,56.0,high
barcelona,2023,7,HUL,lap_deleted,TRACK LIMITS AT TURN 9 LAP 22 ,22.0,high
barcelona,2023,7,NOR,lap_deleted,TRACK LIMITS AT TURN 9 LAP 41 ,41.0,high
barcelona,2023,7,MAG,lap_deleted,TRACK LIMITS AT TURN 2 LAP 4 ,4.0,high
barcelona,2023,7,MAG,lap_deleted,TRACK LIMITS AT TURN 9 LAP 37 ,37.0,high
barcelona,2024,10,NOR,lap_deleted,TRACK LIMITS AT TURN 14 LAP 66 ,66.0,high
barcelona,2024,10,HAM,lap_deleted,TRACK LIMITS AT TURN 5 LAP 21 ,21.0,high
barcelona,2024,10,HAM,lap_deleted,TRACK LIMITS AT TURN 5 LAP 21 ,26.0,high
barcelona,2024,10,HAM,lap_deleted,TRACK LIMITS AT TURN 5 LAP 28 ,28.0,high
barcelona,2024,10,SAI,lap_deleted,TRACK LIMITS AT TURN 2 LAP 3 ,3.0,high
barcelona,2024,10,SAI,lap_deleted,TRACK LIMITS AT TURN 2 LAP 19 ,19.0,high
barcelona,2024,10,ALO,lap_deleted,TRACK LIMITS AT TURN 12 LAP 10 ,10.0,high
barcelona,2024,10,RIC,lap_deleted,TRACK LIMITS AT TURN 9 LAP 31 ,31.0,high
barcelona,2024,10,ALB,lap_deleted,TRACK LIMITS AT TURN 14 LAP 42 ,42.0,high
barcelona,2024,10,ALB,lap_deleted,TRACK LIMITS AT TURN 4 LAP 58 ,58.0,high
barcelona,2024,10,TSU,lap_deleted,TRACK LIMITS AT TURN 2 LAP 7 ,7.0,high
barcelona,2024,10,TSU,lap_deleted,TRACK LIMITS AT TURN 2 LAP 12 ,12.0,high
barcelona,2024,10,SAR,lap_deleted,TRACK LIMITS AT TURN 13 LAP 3 ,3.0,high
barcelona,2024,10,SAR,lap_deleted,TRACK LIMITS AT TURN 9 LAP 46 ,46.0,high
barcelona,2025,9,VER,lap_deleted,TRACK LIMITS AT TURN 2 LAP 61 ,61.0,high
barcelona,2025,9,ANT,lap_deleted,TRACK LIMITS AT TURN 10 LAP 14 ,14.0,high
barcelona,2025,9,ANT,lap_deleted,TRACK LIMITS AT TURN 10 LAP 37 ,37.0,high
barcelona,2025,9,ALO,lap_deleted,TRACK LIMITS AT TURN 5 LAP 13 ,13.0,high
barcelona,2025,9,ALB,lap_deleted,TRACK LIMITS AT TURN 2 LAP 24 ,24.0,high
barcelona,2025,9,LAW,lap_deleted,TRACK LIMITS AT TURN 5 LAP 52 ,52.0,high
barcelona,2025,9,COL,lap_deleted,TRACK LIMITS AT TURN 13 LAP 12 ,12.0,high
barcelona,2025,9,BEA,lap_deleted,TRACK LIMITS AT TURN 2 LAP 31 ,31.0,high
barcelona,2025,9,BEA,lap_deleted,TRACK LIMITS AT TURN 2 LAP 51 ,51.0,high
barcelona,2026,7,GAS,lap_deleted,TRACK LIMITS AT TURN 13 LAP 10 ,10.0,high
barcelona,2026,7,GAS,lap_deleted,TRACK LIMITS AT TURN 13 LAP 42 ,42.0,high
barcelona,2026,7,ANT,lap_deleted,TRACK LIMITS AT TURN 10 LAP 10 ,10.0,high
barcelona,2026,7,ANT,lap_deleted,TRACK LIMITS AT TURN 10 LAP 20 ,20.0,high
barcelona,2026,7,ANT,lap_deleted,TRACK LIMITS AT TURN 10 LAP 25 ,25.0,high
barcelona,2026,7,ANT,lap_deleted,TRACK LIMITS AT TURN 10 LAP 28 ,28.0,high
barcelona,2026,7,ALB,lap_deleted,TRACK LIMITS AT TURN 4 LAP 25 ,25.0,high
barcelona,2026,7,ALB,lap_deleted,TRACK LIMITS AT TURN 4 LAP 26 ,26.0,high
barcelona,2026,7,LAW,lap_deleted,TRACK LIMITS AT TURN 13 LAP 30 ,30.0,high
barcelona,2026,7,LAW,lap_deleted,TRACK LIMITS AT TURN 13 LAP 60 ,60.0,high
barcelona,2026,7,COL,lap_deleted,TRACK LIMITS AT TURN 13 LAP 24 ,24.0,high
barcelona,2026,7,COL,lap_deleted,TRACK LIMITS AT TURN 2 LAP 33 ,33.0,high
barcelona,2026,7,PIA,lap_deleted,TRACK LIMITS AT TURN 14 LAP 38 ,38.0,high
budapest,2020,3,VET,lap_deleted,TRACK LIMITS AT TURN 12,11.0,high
budapest,2020,3,GRO,lap_deleted,TRACK LIMITS AT TURN 4,41.0,high
budapest,2020,3,GRO,lap_deleted,TRACK LIMITS AT TURN 12,46.0,high
budapest,2022,13,MAG,lap_deleted,TRACK LIMITS AT TURN 4 LAP 4 ,4.0,high
budapest,2022,13,MAG,lap_deleted,TRACK LIMITS AT TURN 4 LAP 52 ,52.0,high
budapest,2022,13,MAG,lap_deleted,TRACK LIMITS AT TURN 12 LAP 55 ,55.0,high
budapest,2022,13,TSU,lap_deleted,TRACK LIMITS AT TURN 7 LAP 52 ,52.0,high
budapest,2022,13,ALB,lap_deleted,TRACK LIMITS AT TURN 7 LAP 57 ,57.0,high
budapest,2022,13,ZHO,lap_deleted,TRACK LIMITS AT TURN 4 LAP 65 ,65.0,high
budapest,2022,13,ZHO,lap_deleted,TRACK LIMITS AT TURN 13 LAP 69 ,69.0,high
budapest,2022,13,RIC,lap_deleted,TRACK LIMITS AT TURN 4 LAP 64 ,64.0,high
budapest,2022,13,HAM,lap_deleted,TRACK LIMITS AT TURN 12 LAP 15 ,15.0,high
budapest,2022,13,HAM,lap_deleted,TRACK LIMITS AT TURN 12 LAP 24 ,24.0,high
budapest,2022,13,VET,lap_deleted,TRACK LIMITS AT TURN 7 LAP 35 ,35.0,high
budapest,2022,13,LAT,lap_deleted,TRACK LIMITS AT TURN 11 LAP 52 ,52.0,high
budapest,2022,13,LAT,lap_deleted,TRACK LIMITS AT TURN 13 LAP 58 ,58.0,high
budapest,2022,13,LAT,lap_deleted,TRACK LIMITS AT TURN 4 LAP 62 ,62.0,high
budapest,2023,11,NOR,lap_deleted,TRACK LIMITS AT TURN 4 LAP 31 ,31.0,high
budapest,2023,11,NOR,lap_deleted,TRACK LIMITS AT TURN 5 LAP 62 ,62.0,high
budapest,2023,11,PER,lap_deleted,TRACK LIMITS AT TURN 4 LAP 27 ,6.0,high
budapest,2023,11,PER,lap_deleted,TRACK LIMITS AT TURN 4 LAP 27 ,27.0,high
budapest,2023,11,HAM,lap_deleted,TRACK LIMITS AT TURN 4 LAP 11 ,11.0,high
budapest,2023,11,PIA,lap_deleted,TRACK LIMITS AT TURN 4 LAP 21 ,21.0,high
budapest,2023,11,PIA,lap_deleted,TRACK LIMITS AT TURN 4 LAP 33 ,33.0,high
budapest,2023,11,PIA,lap_deleted,TRACK LIMITS AT TURN 4 LAP 46 ,46.0,high
budapest,2023,11,RUS,lap_deleted,TRACK LIMITS AT TURN 11 LAP 43 ,43.0,high
budapest,2023,11,LEC,lap_deleted,TRACK LIMITS AT TURN 4 LAP 32 ,32.0,high
budapest,2023,11,SAI,lap_deleted,TRACK LIMITS AT TURN 4 LAP 15 ,15.0,high
budapest,2023,11,STR,lap_deleted,TRACK LIMITS AT TURN 4 LAP 26 ,26.0,high
budapest,2023,11,ALB,lap_deleted,TRACK LIMITS AT TURN 4 LAP 8 ,8.0,high
budapest,2023,11,RIC,lap_deleted,TRACK LIMITS AT TURN 4 LAP 7 ,7.0,high
budapest,2023,11,HUL,lap_deleted,TRACK LIMITS AT TURN 4 LAP 12 ,12.0,high
budapest,2023,11,MAG,lap_deleted,TRACK LIMITS AT TURN 4 LAP 22 ,22.0,high
budapest,2023,11,MAG,lap_deleted,TRACK LIMITS AT TURN 7 LAP 60 ,60.0,high
budapest,2023,11,SAR,lap_deleted,TRACK LIMITS AT TURN 4 LAP 22 ,22.0,high
budapest,2024,13,PIA,lap_deleted,TRACK LIMITS AT TURN 11 LAP 33 ,33.0,high
budapest,2024,13,VER,lap_deleted,TRACK LIMITS AT TURN 2 LAP 35 ,35.0,high
budapest,2024,13,VER,lap_deleted,TRACK LIMITS AT TURN 7 LAP 66 ,66.0,high
budapest,2024,13,TSU,lap_deleted,TRACK LIMITS AT TURN 1 LAP 33 ,33.0,high
budapest,2024,13,GAS,lap_deleted,TRACK LIMITS AT TURN 11 LAP 11 ,11.0,high
budapest,2025,14,NOR,lap_deleted,TRACK LIMITS AT TURN 7 LAP 29 ,29.0,high
budapest,2025,14,RUS,lap_deleted,TRACK LIMITS AT TURN 7 LAP 29 ,29.0,high
budapest,2025,14,ANT,lap_deleted,TRACK LIMITS AT TURN 7 LAP 22 ,22.0,high
budapest,2025,14,ANT,lap_deleted,TRACK LIMITS AT TURN 7 LAP 55 ,55.0,high
budapest,2025,14,HAM,lap_deleted,TRACK LIMITS AT TURN 4 LAP 29 ,29.0,high
budapest,2025,14,HUL,lap_deleted,TRACK LIMITS AT TURN 1 LAP 4 ,4.0,high
budapest,2025,14,HUL,lap_deleted,TRACK LIMITS AT TURN 7 LAP 22 ,22.0,high
budapest,2025,14,HUL,lap_deleted,TRACK LIMITS AT TURN 1 LAP 49 ,49.0,high
budapest,2025,14,SAI,lap_deleted,TRACK LIMITS AT TURN 2 LAP 61 ,61.0,high
budapest,2025,14,ALB,lap_deleted,TRACK LIMITS AT TURN 7 LAP 30 ,30.0,high
budapest,2025,14,COL,lap_deleted,TRACK LIMITS AT TURN 7 LAP 27 ,27.0,high
budapest,2025,14,COL,lap_deleted,TRACK LIMITS AT TURN 7 LAP 47 ,47.0,high
budapest,2025,14,GAS,lap_deleted,TRACK LIMITS AT TURN 1 LAP 2 ,2.0,high
budapest,2025,14,GAS,lap_deleted,TRACK LIMITS AT TURN 1 LAP 64 ,64.0,high
budapest,2025,14,BEA,lap_deleted,TRACK LIMITS AT TURN 14 LAP 21 ,21.0,high
budapest,2026,11,NOR,lap_deleted,TRACK LIMITS AT TURN 4 LAP 29 ,29.0,high
budapest,2026,11,NOR,lap_deleted,TRACK LIMITS AT TURN 9 LAP 60 ,60.0,high
budapest,2026,11,GAS,lap_deleted,TRACK LIMITS AT TURN 7 LAP 38 ,38.0,high
budapest,2026,11,ANT,lap_deleted,TRACK LIMITS AT TURN 7 LAP 19 ,19.0,high
budapest,2026,11,ANT,lap_deleted,TRACK LIMITS AT TURN 7 LAP 24 ,24.0,high
budapest,2026,11,ALO,lap_deleted,TRACK LIMITS AT TURN 13 LAP 26 ,26.0,high
budapest,2026,11,ALB,lap_deleted,TRACK LIMITS AT TURN 4 LAP 12 ,12.0,high
budapest,2026,11,ALB,lap_deleted,TRACK LIMITS AT TURN 7 LAP 15 ,15.0,high
budapest,2026,11,ALB,lap_deleted,TRACK LIMITS AT TURN 7 LAP 16 ,16.0,high
budapest,2026,11,LIN,lap_deleted,TRACK LIMITS AT TURN 7 LAP 17 ,17.0,high
budapest,2026,11,COL,lap_deleted,TRACK LIMITS AT TURN 4 LAP 14 ,14.0,high
budapest,2026,11,BOR,lap_deleted,TRACK LIMITS AT TURN 7 LAP 17 ,17.0,high
budapest,2026,11,BOR,lap_deleted,TRACK LIMITS AT TURN 7 LAP 38 ,38.0,high
budapest,2026,11,BOR,lap_deleted,TRACK LIMITS AT TURN 3 LAP 67 ,67.0,high
budapest,2026,11,SAI,lap_deleted,TRACK LIMITS AT TURN 7 LAP 37 ,37.0,high
budapest,2026,11,BEA,lap_deleted,TRACK LIMITS AT TURN 2 LAP 38 ,38.0,high
imola,2020,13,LEC,lap_deleted,TRACK LIMITS AT TURN 9,58.0,high
imola,2020,13,MAG,lap_deleted,TRACK LIMITS AT TURN 9,12.0,high
imola,2020,13,MAG,lap_deleted,TRACK LIMITS AT TURN 9,23.0,high
imola,2020,13,ALB,lap_deleted,TRACK LIMITS AT TURN 9,33.0,high
imola,2020,13,VER,lap_deleted,TRACK LIMITS AT TURN 9,47.0,high
imola,2020,13,NOR,lap_deleted,TRACK LIMITS AT TURN 9,4.0,high
imola,2020,13,HAM,lap_deleted,TRACK LIMITS AT TURN 15,24.0,high
imola,2020,13,VET,lap_deleted,TRACK LIMITS AT TURN 9,12.0,high
imola,2020,13,SAI,lap_deleted,TRACK LIMITS AT TURN 9,15.0,high
imola,2020,13,SAI,lap_deleted,TRACK LIMITS AT TURN 9,30.0,high
imola,2020,13,LAT,lap_deleted,TRACK LIMITS AT TURN 9,3.0,high
imola,2020,13,RUS,lap_deleted,TRACK LIMITS AT TURN 9,37.0,high
imola,2020,13,BOT,lap_deleted,TRACK LIMITS AT TURN 9,25.0,high
imola,2020,13,GRO,lap_deleted,TRACK LIMITS AT TURN 9,8.0,high
imola,2020,13,GRO,lap_deleted,TRACK LIMITS AT TURN 9,46.0,high
imola,2020,13,GRO,lap_deleted,TRACK LIMITS AT TURN 9,60.0,high
imola,2020,13,GRO,lap_deleted,TRACK LIMITS AT TURN 9,63.0,high
imola,2021,2,ALO,lap_deleted,TRACK LIMITS AT TURN 9,47.0,high
imola,2021,2,TSU,lap_deleted,TRACK LIMITS AT TURN 9,40.0,high
imola,2021,2,TSU,lap_deleted,TRACK LIMITS AT TURN 9,43.0,high
imola,2021,2,TSU,lap_deleted,TRACK LIMITS AT TURN 15,44.0,high
imola,2021,2,TSU,lap_deleted,TRACK LIMITS AT TURN 9,53.0,high
imola,2021,2,RIC,lap_deleted,TRACK LIMITS AT TURN 15,58.0,high
imola,2021,2,MSC,lap_deleted,TRACK LIMITS AT TURN 9,37.0,high
imola,2021,2,GIO,lap_deleted,TRACK LIMITS AT TURN 9,54.0,high
imola,2022,4,PER,lap_deleted,TRACK LIMITS AT TURN 14 LAP 28 ,28.0,high
imola,2022,4,LEC,lap_deleted,TRACK LIMITS AT TURN 9 LAP 14 ,14.0,high
imola,2022,4,VET,lap_deleted,TRACK LIMITS AT TURN 14 LAP 13 ,13.0,high
imola,2022,4,LAT,lap_deleted,TRACK LIMITS AT TURN 14 LAP 13 ,13.0,high
imola,2022,4,MSC,lap_deleted,TRACK LIMITS AT TURN 14 LAP 16 ,16.0,high
imola,2022,4,MSC,lap_deleted,TRACK LIMITS AT TURN 14 LAP 24 ,24.0,high
imola,2022,4,MSC,lap_deleted,TRACK LIMITS AT TURN 9 LAP 27 ,27.0,high
imola,2022,4,RIC,lap_deleted,TRACK LIMITS AT TURN 15 LAP 54 ,54.0,high
imola,2024,7,VER,lap_deleted,TRACK LIMITS AT TURN 17 LAP 11 ,11.0,high
imola,2024,7,VER,lap_deleted,TRACK LIMITS AT TURN 18 LAP 15 ,15.0,high
imola,2024,7,VER,lap_deleted,TRACK LIMITS AT TURN 6 LAP 20 ,20.0,high
imola,2024,7,NOR,lap_deleted,TRACK LIMITS AT TURN 6 LAP 62 ,62.0,high
imola,2024,7,LEC,lap_deleted,TRACK LIMITS AT TURN 15 LAP 47 ,47.0,high
imola,2024,7,HAM,lap_deleted,TRACK LIMITS AT TURN 13 LAP 26 ,26.0,high
imola,2024,7,PER,lap_deleted,TRACK LIMITS AT TURN 17 LAP 17 ,17.0,high
imola,2024,7,TSU,lap_deleted,TRACK LIMITS AT TURN 6 LAP 23 ,23.0,high
imola,2024,7,HUL,lap_deleted,TRACK LIMITS AT TURN 17 LAP 56 ,56.0,high
imola,2024,7,HUL,lap_deleted,TRACK LIMITS AT TURN 17 LAP 59 ,59.0,high
imola,2024,7,BOT,lap_deleted,TRACK LIMITS AT TURN 18 LAP 61 ,61.0,high
imola,2025,7,GAS,lap_deleted,TRACK LIMITS AT TURN 10 LAP 3 ,3.0,high
imola,2025,7,GAS,lap_deleted,TRACK LIMITS AT TURN 17 LAP 7 ,7.0,high
imola,2025,7,ALB,lap_deleted,TRACK LIMITS AT TURN 3 LAP 60 ,60.0,high
jeddah,2022,2,PER,lap_deleted,TRACK LIMITS AT TURN 2,35.0,high
jeddah,2022,2,LEC,lap_deleted,TRACK LIMITS AT TURN 2,47.0,high
jeddah,2022,2,MAG,lap_deleted,TRACK LIMITS AT TURN 2,11.0,high
jeddah,2022,2,ALB,lap_deleted,TRACK LIMITS AT TURN 2,4.0,high
jeddah,2022,2,ALB,lap_deleted,TRACK LIMITS AT TURN 2,8.0,high
jeddah,2022,2,ZHO,lap_deleted,TRACK LIMITS AT TURN 2,5.0,high
jeddah,2022,2,ZHO,lap_deleted,TRACK LIMITS AT TURN 2,48.0,high
jeddah,2022,2,OCO,lap_deleted,TRACK LIMITS AT TURN 2,8.0,high
jeddah,2022,2,OCO,lap_deleted,TRACK LIMITS AT TURN 2,12.0,high
jeddah,2022,2,NOR,lap_deleted,TRACK LIMITS AT TURN 2,4.0,high
jeddah,2022,2,LAT,lap_deleted,TRACK LIMITS AT TURN 2,5.0,high
jeddah,2023,2,VER,lap_deleted,TRACK LIMITS AT TURN 23 LAP 5 ,5.0,high
jeddah,2023,2,VER,lap_deleted,TRACK LIMITS AT TURN 23 LAP 37 ,37.0,high
jeddah,2023,2,PER,lap_deleted,TRACK LIMITS AT TURN 23 LAP 37 ,37.0,high
jeddah,2023,2,LEC,lap_deleted,TRACK LIMITS AT TURN 23 LAP 31 ,31.0,high
jeddah,2023,2,LEC,lap_deleted,TRACK LIMITS AT TURN 2 LAP 32 ,32.0,high
jeddah,2023,2,STR,lap_deleted,TRACK LIMITS AT TURN 5 LAP 12 ,12.0,high
jeddah,2023,2,SAR,lap_deleted,TRACK LIMITS AT TURN 23 LAP 5 ,5.0,high
jeddah,2023,2,MAG,lap_deleted,TRACK LIMITS AT TURN 23 LAP 4 ,4.0,high
jeddah,2023,2,MAG,lap_deleted,TRACK LIMITS AT TURN 23 LAP 23 ,23.0,high
jeddah,2023,2,ALB,lap_deleted,TRACK LIMITS AT TURN 23 LAP 5 ,5.0,high
jeddah,2023,2,ALB,lap_deleted,TRACK LIMITS AT TURN 23 LAP 26 ,26.0,high
jeddah,2023,2,ZHO,lap_deleted,TRACK LIMITS AT TURN 2 LAP 22 ,22.0,high
jeddah,2023,2,HUL,lap_deleted,TRACK LIMITS AT TURN 23 LAP 9 ,9.0,high
jeddah,2023,2,NOR,lap_deleted,TRACK LIMITS AT TURN 23 LAP 32 ,32.0,high
jeddah,2023,2,SAI,lap_deleted,TRACK LIMITS AT TURN 23 LAP 16 ,16.0,high
jeddah,2023,2,PIA,lap_deleted,TRACK LIMITS AT TURN 23 LAP 43 ,43.0,high
jeddah,2024,2,VER,lap_deleted,TRACK LIMITS AT TURN 23 LAP 29 ,29.0,high
jeddah,2024,2,MAG,lap_deleted,TRACK LIMITS AT TURN 4 LAP 10 ,10.0,high
jeddah,2024,2,MAG,lap_deleted,TRACK LIMITS AT TURN 23 LAP 16 ,16.0,high
jeddah,2024,2,MAG,lap_deleted,TRACK LIMITS AT TURN 5 LAP 17 ,17.0,high
jeddah,2024,2,MAG,lap_deleted,TRACK LIMITS AT TURN 4 LAP 48 ,48.0,high
jeddah,2024,2,TSU,lap_deleted,TRACK LIMITS AT TURN 2 LAP 29 ,29.0,high
jeddah,2024,2,ALB,lap_deleted,TRACK LIMITS AT TURN 4 LAP 10 ,10.0,high
jeddah,2024,2,ALB,lap_deleted,TRACK LIMITS AT TURN 2 LAP 22 ,22.0,high
jeddah,2024,2,ALB,lap_deleted,TRACK LIMITS AT TURN 2 LAP 35 ,35.0,high
jeddah,2024,2,HUL,lap_deleted,TRACK LIMITS AT TURN 2 LAP 2 ,2.0,high
jeddah,2024,2,RIC,lap_deleted,TRACK LIMITS AT TURN 4 LAP 41 ,41.0,high
jeddah,2024,2,NOR,lap_deleted,TRACK LIMITS AT TURN 23 LAP 18 ,18.0,high
jeddah,2024,2,RUS,lap_deleted,TRACK LIMITS AT TURN 2 LAP 48 ,48.0,high
jeddah,2024,2,BOT,lap_deleted,TRACK LIMITS AT PIT ENTRY LAP 23 ,23.0,high
jeddah,2024,2,PIA,lap_deleted,TRACK LIMITS AT TURN 2 LAP 17 ,17.0,high
jeddah,2024,2,PIA,lap_deleted,TRACK LIMITS AT TURN 2 LAP 35 ,35.0,high
jeddah,2025,5,NOR,lap_deleted,TRACK LIMITS AT TURN 4 LAP 27 ,27.0,high
jeddah,2025,5,ANT,lap_deleted,TRACK LIMITS AT TURN 15 LAP 25 ,25.0,high
jeddah,2025,5,HAM,lap_deleted,TRACK LIMITS AT TURN 22 LAP 31 ,31.0,high
jeddah,2025,5,ALB,lap_deleted,TRACK LIMITS AT TURN 2 LAP 19 ,19.0,high
jeddah,2025,5,HAD,lap_deleted,TRACK LIMITS AT TURN 2 LAP 22 ,22.0,high
jeddah,2025,5,HAD,lap_deleted,TRACK LIMITS AT TURN 22 LAP 31 ,31.0,high
jeddah,2025,5,ALO,lap_deleted,TRACK LIMITS AT TURN 2 LAP 25 ,25.0,high
jeddah,2025,5,LAW,lap_deleted,TRACK LIMITS AT TURN 11 LAP 18 ,18.0,high
jeddah,2025,5,LAW,lap_deleted,TRACK LIMITS AT TURN 2 LAP 28 ,28.0,high
jeddah,2025,5,STR,lap_deleted,TRACK LIMITS AT TURN 22 LAP 12 ,12.0,high
jeddah,2025,5,BOR,lap_deleted,TRACK LIMITS AT TURN 17 LAP 8 ,8.0,high
jeddah,2025,5,BOR,lap_deleted,TRACK LIMITS AT TURN 2 LAP 21 ,21.0,high
lusail,2021,20,GAS,lap_deleted,TRACK LIMITS AT TURN 16,3.0,high
lusail,2021,20,GAS,lap_deleted,TRACK LIMITS AT TURN 16,4.0,high
lusail,2021,20,ALO,lap_deleted,TRACK LIMITS AT TURN 2,29.0,high
lusail,2021,20,OCO,lap_deleted,TRACK LIMITS AT TURN 2,47.0,high
lusail,2021,20,VET,lap_deleted,TRACK LIMITS AT TURN 16,10.0,high
lusail,2021,20,VET,lap_deleted,TRACK LIMITS AT TURN 16,11.0,high
lusail,2021,20,GIO,lap_deleted,TRACK LIMITS AT TURN 16,49.0,high
lusail,2021,20,GIO,lap_deleted,TRACK LIMITS AT TURN 16,50.0,high
lusail,2023,17,PIA,lap_deleted,TRACK LIMITS AT TURN 12 LAP 16 ,16.0,high
lusail,2023,17,PIA,lap_deleted,TRACK LIMITS AT TURN 16 LAP 21 ,21.0,high
lusail,2023,17,PIA,lap_deleted,TRACK LIMITS AT TURN 16 (NEXT LAP),22.0,high
lusail,2023,17,NOR,lap_deleted,TRACK LIMITS AT TURN 5 LAP 30 ,30.0,high
lusail,2023,17,NOR,lap_deleted,TRACK LIMITS AT TURN 4 LAP 50 ,50.0,high
lusail,2023,17,RUS,lap_deleted,TRACK LIMITS AT TURN 12 LAP 8 ,8.0,high
lusail,2023,17,RUS,lap_deleted,TRACK LIMITS AT TURN 12 LAP 10 ,10.0,high
lusail,2023,17,RUS,lap_deleted,TRACK LIMITS AT TURN 4 LAP 55 ,55.0,high
lusail,2023,17,LEC,lap_deleted,TRACK LIMITS AT TURN 5 LAP 18 ,18.0,high
lusail,2023,17,ALO,lap_deleted,TRACK LIMITS AT TURN 4 LAP 7 ,7.0,high
lusail,2023,17,ALO,lap_deleted,TRACK LIMITS AT TURN 15 LAP 17 ,17.0,high
lusail,2023,17,ALO,lap_deleted,TRACK LIMITS AT TURN 2 LAP 33 ,33.0,high
lusail,2023,17,OCO,lap_deleted,TRACK LIMITS AT TURN 12 LAP 5 ,5.0,high
lusail,2023,17,BOT,lap_deleted,TRACK LIMITS AT TURN 4 LAP 9 ,9.0,high
lusail,2023,17,BOT,lap_deleted,TRACK LIMITS AT TURN 5 LAP 10 ,10.0,high
lusail,2023,17,BOT,lap_deleted,TRACK LIMITS AT TURN 5 LAP 13 ,13.0,high
lusail,2023,17,ZHO,lap_deleted,TRACK LIMITS AT TURN 1 LAP 5 ,5.0,high
lusail,2023,17,ZHO,lap_deleted,TRACK LIMITS AT TURN 5 LAP 15 ,15.0,high
lusail,2023,17,PER,lap_deleted,TRACK LIMITS AT TURN 4 LAP 14 ,14.0,high
lusail,2023,17,PER,lap_deleted,TRACK LIMITS AT TURN 12 LAP 22 ,22.0,high
lusail,2023,17,PER,lap_deleted,TRACK LIMITS AT TURN 15 LAP 23 ,23.0,high
lusail,2023,17,PER,lap_deleted,TRACK LIMITS AT TURN 12 LAP 25 ,25.0,high
lusail,2023,17,PER,lap_deleted,TRACK LIMITS AT TURN 12 LAP 36 ,36.0,high
lusail,2023,17,PER,lap_deleted,TRACK LIMITS AT TURN 12 LAP 55 ,55.0,high
lusail,2023,17,STR,lap_deleted,TRACK LIMITS AT TURN 15 LAP 20 ,20.0,high
lusail,2023,17,STR,lap_deleted,TRACK LIMITS AT TURN 5 LAP 36 ,36.0,high
lusail,2023,17,STR,lap_deleted,TRACK LIMITS AT TURN 2 LAP 39 ,39.0,high
lusail,2023,17,STR,lap_deleted,TRACK LIMITS AT TURN 4 LAP 52 ,52.0,high
lusail,2023,17,GAS,lap_deleted,TRACK LIMITS AT TURN 12 LAP 5 ,5.0,high
lusail,2023,17,GAS,lap_deleted,TRACK LIMITS AT TURN 5 LAP 16 ,16.0,high
lusail,2023,17,GAS,lap_deleted,TRACK LIMITS AT TURN 13 LAP 28 ,28.0,high
lusail,2023,17,GAS,lap_deleted,TRACK LIMITS AT TURN 13 LAP 42 ,42.0,high
lusail,2023,17,GAS,lap_deleted,TRACK LIMITS AT TURN 12 LAP 43 ,43.0,high
lusail,2023,17,GAS,lap_deleted,TRACK LIMITS AT TURN 1 LAP 52 ,52.0,high
lusail,2023,17,GAS,lap_deleted,TRACK LIMITS AT TURN 2 LAP 55 ,55.0,high
lusail,2023,17,ALB,lap_deleted,TRACK LIMITS AT TURN 15 LAP 11 ,11.0,high
lusail,2023,17,ALB,lap_deleted,TRACK LIMITS AT TURN 5 LAP 12 ,12.0,high
lusail,2023,17,ALB,lap_deleted,TRACK LIMITS AT TURN 12 LAP 21 ,21.0,high
lusail,2023,17,ALB,lap_deleted,TRACK LIMITS AT TURN 12 LAP 45 ,45.0,high
lusail,2023,17,ALB,lap_deleted,TRACK LIMITS AT TURN 15 LAP 46 ,46.0,high
lusail,2023,17,MAG,lap_deleted,TRACK LIMITS AT TURN 1 LAP 5 ,5.0,high
lusail,2023,17,TSU,lap_deleted,TRACK LIMITS AT TURN 15 LAP 29 ,29.0,high
lusail,2023,17,HUL,lap_deleted,TRACK LIMITS AT TURN 12 LAP 18 ,18.0,high
lusail,2023,17,HUL,lap_deleted,TRACK LIMITS AT TURN 5 LAP 56 ,56.0,high
lusail,2023,17,LAW,lap_deleted,TRACK LIMITS AT TURN 12 LAP 9 ,9.0,high
lusail,2023,17,LAW,lap_deleted,TRACK LIMITS AT TURN 13 LAP 10 ,10.0,high
lusail,2023,17,LAW,lap_deleted,TRACK LIMITS AT TURN 13 LAP 11 ,11.0,high
lusail,2023,17,SAR,lap_deleted,TRACK LIMITS AT TURN 15 LAP 9 ,9.0,high
lusail,2023,17,SAR,lap_deleted,TRACK LIMITS AT TURN 2 LAP 38 ,38.0,high
lusail,2024,23,GAS,lap_deleted,TRACK LIMITS AT TURN 7 LAP 11 ,11.0,high
lusail,2024,23,GAS,lap_deleted,TRACK LIMITS AT TURN 14 LAP 39 ,39.0,high
lusail,2024,23,GAS,lap_deleted,TRACK LIMITS AT TURN 16 LAP 44 ,44.0,high
lusail,2024,23,GAS,lap_deleted,TRACK LIMITS AT TURN 16 (NEXT LAP),45.0,high
lusail,2024,23,ALO,lap_deleted,TRACK LIMITS AT TURN 13 LAP 5 ,5.0,high
lusail,2024,23,ALO,lap_deleted,TRACK LIMITS AT TURN 6 LAP 40 ,40.0,high
lusail,2024,23,MAG,lap_deleted,TRACK LIMITS AT TURN 1 LAP 10 ,10.0,high
lusail,2024,23,MAG,lap_deleted,TRACK LIMITS AT TURN 1 LAP 46 ,46.0,high
lusail,2024,23,LAW,lap_deleted,TRACK LIMITS AT TURN 6 LAP 43 ,43.0,high
lusail,2024,23,LAW,lap_deleted,TRACK LIMITS AT TURN 16 LAP 51 ,51.0,high
lusail,2024,23,LAW,lap_deleted,TRACK LIMITS AT TURN 16 (NEXT LAP),52.0,high
lusail,2024,23,NOR,lap_deleted,TRACK LIMITS AT TURN 1 LAP 55 ,55.0,high
lusail,2024,23,NOR,lap_deleted,TRACK LIMITS AT TURN 4 LAP 57 ,57.0,high
lusail,2024,23,HAM,lap_deleted,TRACK LIMITS AT TURN 7 LAP 33 ,33.0,high
lusail,2024,23,BOT,lap_deleted,TRACK LIMITS AT TURN 1 LAP 52 ,52.0,high
lusail,2024,23,PIA,lap_deleted,TRACK LIMITS AT TURN 16 LAP 16 ,16.0,high
lusail,2024,23,PIA,lap_deleted,TRACK LIMITS AT TURN 16 (NEXT LAP),17.0,high
lusail,2024,23,PIA,lap_deleted,TRACK LIMITS AT TURN 6 LAP 48 ,48.0,high
lusail,2025,23,GAS,lap_deleted,TRACK LIMITS AT TURN 14 LAP 2 ,2.0,high
lusail,2025,23,ANT,lap_deleted,TRACK LIMITS AT TURN 10 LAP 3 ,3.0,high
lusail,2025,23,ANT,lap_deleted,TRACK LIMITS AT TURN 10 LAP 56 ,56.0,high
lusail,2025,23,LEC,lap_deleted,TRACK LIMITS AT TURN 14 LAP 53 ,53.0,high
lusail,2025,23,TSU,lap_deleted,TRACK LIMITS AT TURN 10 LAP 2 ,2.0,high
lusail,2025,23,TSU,lap_deleted,TRACK LIMITS AT TURN 10 LAP 17 ,17.0,high
lusail,2025,23,ALB,lap_deleted,TRACK LIMITS AT TURN 10 LAP 11 ,11.0,high
lusail,2025,23,ALB,lap_deleted,TRACK LIMITS AT TURN 10 LAP 13 ,13.0,high
lusail,2025,23,ALB,lap_deleted,TRACK LIMITS AT TURN 10 LAP 20 ,20.0,high
lusail,2025,23,LAW,lap_deleted,TRACK LIMITS AT TURN 8 LAP 20 ,20.0,high
lusail,2025,23,NOR,lap_deleted,TRACK LIMITS AT TURN 10 LAP 11 ,11.0,high
lusail,2025,23,NOR,lap_deleted,TRACK LIMITS AT TURN 10 LAP 29 ,29.0,high
lusail,2025,23,COL,lap_deleted,TRACK LIMITS AT TURN 10 LAP 47 ,47.0,high
lusail,2025,23,HAD,lap_deleted,TRACK LIMITS AT TURN 10 LAP 49 ,49.0,high
lusail,2025,23,RUS,lap_deleted,TRACK LIMITS AT TURN 10 LAP 31 ,31.0,high
lusail,2025,23,RUS,lap_deleted,TRACK LIMITS AT TURN 10 LAP 36 ,36.0,high
lusail,2025,23,RUS,lap_deleted,TRACK LIMITS AT TURN 1 LAP 42 ,42.0,high
lusail,2025,23,PIA,lap_deleted,TRACK LIMITS AT TURN 10 LAP 54 ,54.0,high
melbourne,2023,3,VER,lap_deleted,TRACK LIMITS AT TURN 13 LAP 47 ,47.0,high
melbourne,2024,3,HAM,lap_deleted,TRACK LIMITS AT TURN 2 LAP 10 ,10.0,high
melbourne,2025,1,GAS,lap_deleted,TRACK LIMITS AT TURN 1 LAP 54 ,54.0,high
melbourne,2025,1,ANT,lap_deleted,TRACK LIMITS AT TURN 4 LAP 16 ,16.0,high
melbourne,2025,1,TSU,lap_deleted,TRACK LIMITS AT TURN 12 LAP 45 ,45.0,high
melbourne,2025,1,LAW,lap_deleted,TRACK LIMITS AT TURN 6 LAP 28 ,28.0,high
melbourne,2025,1,NOR,lap_deleted,TRACK LIMITS AT TURN 12 LAP 44 ,44.0,high
melbourne,2025,1,PIA,lap_deleted,TRACK LIMITS AT TURN 6 LAP 32 ,32.0,high
melbourne,2026,1,GAS,lap_deleted,TRACK LIMITS AT TURN 10 LAP 5 ,5.0,high
melbourne,2026,1,ALB,lap_deleted,TRACK LIMITS AT TURN 3 LAP 16 ,16.0,high
melbourne,2026,1,LAW,lap_deleted,TRACK LIMITS AT TURN 3 LAP 16 ,16.0,high
melbourne,2026,1,BOR,lap_deleted,TRACK LIMITS AT TURN 3 LAP 6 ,6.0,high
melbourne,2026,1,SAI,lap_deleted,TRACK LIMITS AT TURN 3 LAP 53 ,53.0,high
mexico_city,2021,18,MAZ,lap_deleted,TRACK LIMITS AT TURN 11,33.0,high
mexico_city,2022,20,ALO,lap_deleted,TRACK LIMITS AT TURN 14 LAP 58 ,58.0,high
mexico_city,2022,20,LEC,lap_deleted,TRACK LIMITS AT TURN 2 LAP 11 ,11.0,high
mexico_city,2023,19,SAR,lap_deleted,TRACK LIMITS AT TURN 2 LAP 54 ,54.0,high
mexico_city,2023,19,SAR,lap_deleted,TRACK LIMITS AT TURN 2 LAP 65 ,65.0,high
mexico_city,2023,19,MAG,lap_deleted,TRACK LIMITS AT TURN 2 LAP 24 ,24.0,high
mexico_city,2023,19,MAG,lap_deleted,TRACK LIMITS AT TURN 17 LAP 29 ,29.0,high
mexico_city,2023,19,TSU,lap_deleted,TRACK LIMITS AT TURN 1 LAP 8 ,8.0,high
mexico_city,2023,19,TSU,lap_deleted,TRACK LIMITS AT TURN 1 LAP 49 ,49.0,high
mexico_city,2023,19,TSU,lap_deleted,TRACK LIMITS AT TURN 12 LAP 53 ,53.0,high
mexico_city,2023,19,SAI,lap_deleted,TRACK LIMITS AT TURN 2 LAP 28 ,28.0,high
mexico_city,2023,19,RUS,lap_deleted,TRACK LIMITS AT TURN 12 LAP 16 ,16.0,high
mexico_city,2024,20,NOR,lap_deleted,TRACK LIMITS AT TURN 8 LAP 10 ,10.0,high
mexico_city,2024,20,LEC,lap_deleted,TRACK LIMITS AT TURN 17 LAP 63 ,63.0,high
mexico_city,2024,20,HAM,lap_deleted,TRACK LIMITS AT TURN 2 LAP 65 ,65.0,high
mexico_city,2024,20,VER,lap_deleted,TRACK LIMITS AT TURN 8 LAP 10 ,10.0,high
mexico_city,2024,20,PIA,lap_deleted,TRACK LIMITS AT TURN 2 LAP 32 ,32.0,high
mexico_city,2024,20,PIA,lap_deleted,TRACK LIMITS AT TURN 2 LAP 38 ,38.0,high
mexico_city,2024,20,STR,lap_deleted,TRACK LIMITS AT TURN 4 LAP 19 ,19.0,high
mexico_city,2024,20,COL,lap_deleted,TRACK LIMITS AT TURN 1 LAP 65 ,65.0,high
mexico_city,2024,20,PER,lap_deleted,TRACK LIMITS AT TURN 2 LAP 16 ,16.0,high
mexico_city,2024,20,PER,lap_deleted,TRACK LIMITS AT TURN 6 LAP 18 ,18.0,high
mexico_city,2025,20,VER,lap_deleted,TRACK LIMITS AT TURN 5 LAP 6 ,6.0,high
mexico_city,2025,20,ANT,lap_deleted,TRACK LIMITS AT TURN 14 LAP 62 ,51.0,high
mexico_city,2025,20,ANT,lap_deleted,TRACK LIMITS AT TURN 14 LAP 62 ,62.0,high
mexico_city,2025,20,STR,lap_deleted,TRACK LIMITS AT TURN 1 LAP 44 ,44.0,high
mexico_city,2025,20,HAM,lap_deleted,TRACK LIMITS AT TURN 4 LAP 6 ,6.0,high
mexico_city,2025,20,HAM,lap_deleted,TRACK LIMITS AT TURN 3 LAP 62 ,62.0,high
mexico_city,2025,20,SAI,lap_deleted,TRACK LIMITS AT TURN 1 LAP 18 ,18.0,high
mexico_city,2025,20,RUS,lap_deleted,TRACK LIMITS AT TURN 5 LAP 6 ,6.0,high
mexico_city,2025,20,BEA,lap_deleted,TRACK LIMITS AT TURN 8 LAP 6 ,6.0,high
monaco,2021,5,NOR,lap_deleted,TRACK LIMITS AT TURN 10,10.0,high
monaco,2021,5,NOR,lap_deleted,TRACK LIMITS AT TURN 10,18.0,high
monaco,2021,5,GAS,lap_deleted,TRACK LIMITS AT TURN 10,19.0,high
monaco,2021,5,HAM,lap_deleted,TRACK LIMITS AT TURN 10,64.0,high
monaco,2021,5,STR,lap_deleted,TRACK LIMITS AT TURN 10,45.0,high
monaco,2021,5,GIO,lap_deleted,TRACK LIMITS AT TURN 10,37.0,high
monaco,2021,5,RIC,lap_deleted,TRACK LIMITS AT TURN 10,46.0,high
monaco,2021,5,RUS,lap_deleted,TRACK LIMITS AT TURN 10,56.0,high
monaco,2021,5,LAT,lap_deleted,TRACK LIMITS AT TURN 10,45.0,high
monaco,2021,5,LAT,lap_deleted,TRACK LIMITS AT TURN 10,56.0,high
monaco,2021,5,TSU,lap_deleted,TRACK LIMITS AT TURN 10,34.0,high
monaco,2021,5,TSU,lap_deleted,TRACK LIMITS AT TURN 10,74.0,high
monaco,2021,5,MAZ,lap_deleted,TRACK LIMITS AT TURN 10,7.0,high
monaco,2021,5,MAZ,lap_deleted,TRACK LIMITS AT TURN 10,12.0,high
monaco,2021,5,MAZ,lap_deleted,TRACK LIMITS AT TURN 10,39.0,high
monaco,2021,5,MAZ,lap_deleted,TRACK LIMITS AT TURN 10,42.0,high
monaco,2021,5,MAZ,lap_deleted,TRACK LIMITS AT TURN 10,43.0,high
monaco,2021,5,MAZ,lap_deleted,TRACK LIMITS AT TURN 10,46.0,high
monaco,2021,5,MAZ,lap_deleted,TRACK LIMITS AT TURN 10,68.0,high
monaco,2021,5,MSC,lap_deleted,TRACK LIMITS AT TURN 10,25.0,high
monaco,2021,5,MSC,lap_deleted,TRACK LIMITS AT TURN 10,26.0,high
monaco,2021,5,MSC,lap_deleted,TRACK LIMITS AT TURN 10,38.0,high
monaco,2021,5,MSC,lap_deleted,TRACK LIMITS AT TURN 10,39.0,high
monaco,2022,7,GAS,lap_deleted,TRACK LIMITS AT TURN 10 LAP 4 ,4.0,high
monaco,2022,7,GAS,lap_deleted,TRACK LIMITS AT TURN 10 LAP 63 ,63.0,high
monaco,2022,7,STR,lap_deleted,TRACK LIMITS AT TURN 10 LAP 11 ,11.0,high
monaco,2022,7,MAG,lap_deleted,TRACK LIMITS AT TURN 11 LAP 19 ,19.0,high
monaco,2022,7,TSU,lap_deleted,TRACK LIMITS AT TURN 10 LAP 44 ,44.0,high
monaco,2022,7,ALB,lap_deleted,TRACK LIMITS AT TURN 10 LAP 15 ,15.0,high
monaco,2022,7,ALB,lap_deleted,TRACK LIMITS AT TURN 10 LAP 17 ,17.0,high
monaco,2022,7,ALB,lap_deleted,TRACK LIMITS AT TURN 10 LAP 22 ,22.0,high
monaco,2022,7,ZHO,lap_deleted,TRACK LIMITS AT TURN 10 LAP 11 ,11.0,high
monaco,2022,7,ZHO,lap_deleted,TRACK LIMITS AT TURN 11 LAP 49 ,49.0,high
monaco,2022,7,HAM,lap_deleted,TRACK LIMITS AT TURN 10 LAP 13 ,13.0,high
monaco,2022,7,SAI,lap_deleted,TRACK LIMITS AT TURN 10 LAP 48 ,48.0,high
monaco,2022,7,RUS,lap_deleted,TRACK LIMITS AT TURN 10 LAP 8 ,8.0,high
monaco,2022,7,RUS,lap_deleted,TRACK LIMITS AT TURN 10 LAP 12 ,12.0,high
monaco,2023,6,GAS,lap_deleted,TRACK LIMITS AT TURN 10 LAP 53 ,53.0,high
monaco,2023,6,GAS,lap_deleted,TRACK LIMITS AT TURN 10 LAP 66 ,66.0,high
monaco,2023,6,PER,lap_deleted,TRACK LIMITS AT TURN 10 LAP 31 ,31.0,high
monaco,2023,6,PER,lap_deleted,TRACK LIMITS AT TURN 10 LAP 59 ,59.0,high
monaco,2023,6,ALO,lap_deleted,TRACK LIMITS AT TURN 10 LAP 53 ,53.0,high
monaco,2023,6,ALO,lap_deleted,TRACK LIMITS AT TURN 10 LAP 55 ,55.0,high
monaco,2023,6,ALO,lap_deleted,TRACK LIMITS AT TURN 16 LAP 57 ,57.0,high
monaco,2023,6,SAR,lap_deleted,TRACK LIMITS AT TURN 10 LAP 69 ,69.0,high
monaco,2023,6,MAG,lap_deleted,TRACK LIMITS AT TURN 10 LAP 36 ,36.0,high
monaco,2023,6,MAG,lap_deleted,TRACK LIMITS AT TURN 10 LAP 45 ,45.0,high
monaco,2023,6,MAG,lap_deleted,TRACK LIMITS AT TURN 11 LAP 55 ,55.0,high
monaco,2023,6,DEV,lap_deleted,TRACK LIMITS AT TURN 10 LAP 58 ,58.0,high
monaco,2023,6,DEV,lap_deleted,TRACK LIMITS AT TURN 10 LAP 65 ,65.0,high
monaco,2023,6,ALB,lap_deleted,TRACK LIMITS AT TURN 10 LAP 15 ,15.0,high
monaco,2023,6,ALB,lap_deleted,TRACK LIMITS AT TURN 11 LAP 51 ,51.0,high
monaco,2023,6,ALB,lap_deleted,TRACK LIMITS AT TURN 11 LAP 58 ,58.0,high
monaco,2023,6,ALB,lap_deleted,TRACK LIMITS AT TURN 10 LAP 73 ,73.0,high
monaco,2023,6,ZHO,lap_deleted,TRACK LIMITS AT TURN 1 LAP 19 ,19.0,high
monaco,2023,6,ZHO,lap_deleted,TRACK LIMITS AT TURN 10 LAP 51 ,51.0,high
monaco,2023,6,HUL,lap_deleted,TRACK LIMITS AT TURN 10 LAP 3 ,3.0,high
monaco,2023,6,HUL,lap_deleted,TRACK LIMITS AT TURN 10 LAP 53 ,53.0,high
monaco,2023,6,OCO,lap_deleted,TRACK LIMITS AT TURN 10 LAP 11 ,11.0,high
monaco,2023,6,OCO,lap_deleted,TRACK LIMITS AT TURN 10 LAP 52 ,52.0,high
monaco,2023,6,NOR,lap_deleted,TRACK LIMITS AT TURN 11 LAP 60 ,60.0,high
monaco,2023,6,SAI,lap_deleted,TRACK LIMITS AT TURN 11 LAP 11 ,11.0,high
monaco,2023,6,SAI,lap_deleted,TRACK LIMITS AT TURN 10 LAP 52 ,52.0,high
monaco,2023,6,PIA,lap_deleted,TRACK LIMITS AT TURN 10 LAP 61 ,61.0,high
monaco,2024,8,NOR,lap_deleted,TRACK LIMITS AT TURN 10 LAP 78 ,78.0,high
monaco,2024,8,HAM,lap_deleted,TRACK LIMITS AT TURN 10 LAP 58 ,58.0,high
monaco,2024,8,ALO,lap_deleted,TRACK LIMITS AT TURN 10 LAP 52 ,52.0,high
monaco,2024,8,BOT,lap_deleted,TRACK LIMITS AT TURN 10 LAP 19 ,19.0,high
monaco,2024,8,STR,lap_deleted,TRACK LIMITS AT TURN 16 LAP 48 ,48.0,high
monaco,2025,8,VER,lap_deleted,TRACK LIMITS AT TURN 10 LAP 53 ,53.0,high
monaco,2025,8,ANT,lap_deleted,TRACK LIMITS AT TURN 10 LAP 41 ,41.0,high
monaco,2025,8,ANT,lap_deleted,TRACK LIMITS AT TURN 10 LAP 51 ,51.0,high
monaco,2025,8,LEC,lap_deleted,TRACK LIMITS AT TURN 10 LAP 21 ,21.0,high
monaco,2025,8,STR,lap_deleted,TRACK LIMITS AT TURN 10 LAP 74 ,74.0,high
monaco,2025,8,TSU,lap_deleted,TRACK LIMITS AT TURN 10 LAP 8 ,8.0,high
monaco,2025,8,HUL,lap_deleted,TRACK LIMITS AT TURN 10 LAP 52 ,52.0,high
monaco,2025,8,HUL,lap_deleted,TRACK LIMITS AT TURN 10 LAP 64 ,64.0,high
monaco,2025,8,LAW,lap_deleted,TRACK LIMITS AT TURN 10 LAP 9 ,9.0,high
monaco,2025,8,HAM,lap_deleted,TRACK LIMITS AT TURN 10 LAP 35 ,35.0,high
monaco,2025,8,RUS,lap_deleted,TRACK LIMITS AT TURN 10 LAP 47 ,47.0,high
monaco,2025,8,RUS,lap_deleted,TRACK LIMITS AT TURN 10 LAP 48 ,48.0,high
monaco,2025,8,BEA,lap_deleted,TRACK LIMITS AT TURN 10 LAP 51 ,51.0,high
monaco,2025,8,BEA,lap_deleted,TRACK LIMITS AT TURN 10 LAP 76 ,76.0,high
monaco,2026,6,NOR,lap_deleted,TRACK LIMITS AT TURN 16 LAP 33 ,33.0,high
monaco,2026,6,PER,lap_deleted,TRACK LIMITS AT TURN 10 LAP 35 ,35.0,high
monaco,2026,6,PER,lap_deleted,TRACK LIMITS AT TURN 10 LAP 51 ,51.0,high
monaco,2026,6,ANT,lap_deleted,TRACK LIMITS AT TURN 10 LAP 33 ,33.0,high
monaco,2026,6,ALO,lap_deleted,TRACK LIMITS AT TURN 10 LAP 55 ,55.0,high
monaco,2026,6,LEC,lap_deleted,TRACK LIMITS AT TURN 10 LAP 23 ,23.0,high
monaco,2026,6,STR,lap_deleted,TRACK LIMITS AT TURN 10 LAP 17 ,17.0,high
monaco,2026,6,STR,lap_deleted,TRACK LIMITS AT TURN 10 LAP 37 ,37.0,high
monaco,2026,6,STR,lap_deleted,TRACK LIMITS AT TURN 10 LAP 38 ,38.0,high
monaco,2026,6,STR,lap_deleted,TRACK LIMITS AT TURN 10 LAP 42 ,42.0,high
monaco,2026,6,ALB,lap_deleted,TRACK LIMITS AT TURN 10 LAP 14 ,14.0,high
monaco,2026,6,ALB,lap_deleted,TRACK LIMITS AT TURN 10 LAP 46 ,46.0,high
monaco,2026,6,HUL,lap_deleted,TRACK LIMITS AT TURN 10 LAP 29 ,29.0,high
monaco,2026,6,HUL,lap_deleted,TRACK LIMITS AT TURN 10 LAP 72 ,72.0,high
monaco,2026,6,LIN,lap_deleted,TRACK LIMITS AT TURN 10 LAP 17 ,17.0,high
monaco,2026,6,LIN,lap_deleted,TRACK LIMITS AT TURN 10 LAP 33 ,33.0,high
monaco,2026,6,LIN,lap_deleted,TRACK LIMITS AT TURN 10 LAP 73 ,73.0,high
monaco,2026,6,COL,lap_deleted,TRACK LIMITS AT TURN 10 LAP 15 ,15.0,high
monaco,2026,6,BOR,lap_deleted,TRACK LIMITS AT TURN 10 LAP 17 ,17.0,high
monaco,2026,6,BOR,lap_deleted,TRACK LIMITS AT TURN 10 LAP 30 ,30.0,high
monaco,2026,6,SAI,lap_deleted,TRACK LIMITS AT TURN 16 LAP 12 ,12.0,high
monaco,2026,6,SAI,lap_deleted,TRACK LIMITS AT TURN 10 LAP 54 ,54.0,high
monaco,2026,6,HAD,lap_deleted,TRACK LIMITS AT TURN 10 LAP 27 ,27.0,high
monaco,2026,6,BEA,lap_deleted,TRACK LIMITS AT TURN 10 LAP 24 ,24.0,high
monaco,2026,6,BEA,lap_deleted,TRACK LIMITS AT TURN 10 LAP 25 ,25.0,high
montr_al,2022,9,GAS,lap_deleted,TRACK LIMITS AT TURN 14 LAP 32 ,32.0,high
montr_al,2022,9,GAS,lap_deleted,TRACK LIMITS AT TURN 14 LAP 67 ,67.0,high
montr_al,2022,9,LEC,lap_deleted,TRACK LIMITS AT TURN 14 LAP 59 ,59.0,high
montr_al,2022,9,MAG,lap_deleted,TRACK LIMITS AT TURN 14 LAP 47 ,47.0,high
montr_al,2022,9,TSU,lap_deleted,TRACK LIMITS AT TURN 14 LAP 10 ,10.0,high
montr_al,2022,9,NOR,lap_deleted,TRACK LIMITS AT TURN 14 LAP 47 ,47.0,high
montr_al,2022,9,LAT,lap_deleted,TRACK LIMITS AT TURN 14 LAP 7 ,7.0,high
montr_al,2022,9,RUS,lap_deleted,TRACK LIMITS AT TURN 14 LAP 8 ,8.0,high
montr_al,2023,8,ALO,lap_deleted,TRACK LIMITS AT TURN 9 LAP 47 ,47.0,high
montr_al,2023,8,DEV,lap_deleted,TRACK LIMITS AT TURN 13 LAP 4 ,4.0,high
montr_al,2023,8,ALB,lap_deleted,TRACK LIMITS AT TURN 13 LAP 22 ,22.0,high
montr_al,2023,8,ZHO,lap_deleted,TRACK LIMITS AT TURN 13 LAP 42 ,42.0,high
montr_al,2023,8,NOR,lap_deleted,TRACK LIMITS AT TURN 13 LAP 70 ,70.0,high
montr_al,2023,8,SAI,lap_deleted,TRACK LIMITS AT TURN 9 LAP 56 ,56.0,high
montr_al,2023,8,PIA,lap_deleted,TRACK LIMITS AT TURN 13 LAP 19 ,19.0,high
montr_al,2023,8,PIA,lap_deleted,TRACK LIMITS AT TURN 13 LAP 70 ,70.0,high
montr_al,2024,9,VER,lap_deleted,TRACK LIMITS AT TURN 2 LAP 17 ,17.0,high
montr_al,2024,9,GAS,lap_deleted,TRACK LIMITS AT TURN 6 LAP 41 ,41.0,high
montr_al,2024,9,GAS,lap_deleted,TRACK LIMITS AT TURN 14 LAP 44 ,44.0,high
montr_al,2024,9,PER,lap_deleted,TRACK LIMITS AT TURN 9 LAP 21 ,21.0,high
montr_al,2024,9,PER,lap_deleted,TRACK LIMITS AT TURN 14 LAP 32 ,32.0,high
montr_al,2024,9,ALO,lap_deleted,TRACK LIMITS AT PIT ENTRY LAP 6 ,6.0,high
montr_al,2024,9,ALO,lap_deleted,TRACK LIMITS AT TURN 14 LAP 32 ,32.0,high
montr_al,2024,9,LEC,lap_deleted,TRACK LIMITS AT TURN 4 LAP 30 ,30.0,high
montr_al,2024,9,LEC,lap_deleted,TRACK LIMITS AT TURN 14 LAP 32 ,32.0,high
montr_al,2024,9,STR,lap_deleted,TRACK LIMITS AT TURN 14 LAP 34 ,34.0,high
montr_al,2024,9,SAR,lap_deleted,TRACK LIMITS AT TURN 14 LAP 3 ,3.0,high
montr_al,2024,9,SAR,lap_deleted,TRACK LIMITS AT TURN 2 LAP 5 ,5.0,high
montr_al,2024,9,SAR,lap_deleted,TRACK LIMITS AT TURN 6 LAP 6 ,6.0,high
montr_al,2024,9,SAR,lap_deleted,TRACK LIMITS AT TURN 1 LAP 13 ,13.0,high
montr_al,2024,9,MAG,lap_deleted,TRACK LIMITS AT TURN 14 LAP 32 ,32.0,high
montr_al,2024,9,MAG,lap_deleted,TRACK LIMITS AT TURN 14 LAP 52 ,52.0,high
montr_al,2024,9,MAG,lap_deleted,TRACK LIMITS AT TURN 9 LAP 60 ,60.0,high
montr_al,2024,9,TSU,lap_deleted,TRACK LIMITS AT TURN 9 LAP 66 ,66.0,high
montr_al,2024,9,ALB,lap_deleted,TRACK LIMITS AT TURN 14 LAP 17 ,17.0,high
montr_al,2024,9,ALB,lap_deleted,TRACK LIMITS AT TURN 14 LAP 34 ,34.0,high
montr_al,2024,9,HUL,lap_deleted,TRACK LIMITS AT TURN 14 LAP 31 ,31.0,high
montr_al,2024,9,RIC,lap_deleted,TRACK LIMITS AT TURN 1 LAP 48 ,48.0,high
montr_al,2024,9,NOR,lap_deleted,TRACK LIMITS AT TURN 1 LAP 42 ,42.0,high
montr_al,2024,9,HAM,lap_deleted,TRACK LIMITS AT TURN 2 LAP 7 ,7.0,high
montr_al,2024,9,HAM,lap_deleted,TRACK LIMITS AT TURN 7 LAP 49 ,49.0,high
montr_al,2024,9,RUS,lap_deleted,TRACK LIMITS AT TURN 14 LAP 2 ,2.0,high
montr_al,2024,9,RUS,lap_deleted,TRACK LIMITS AT TURN 14 LAP 21 ,21.0,high
montr_al,2024,9,RUS,lap_deleted,TRACK LIMITS AT TURN 8 LAP 51 ,51.0,high
montr_al,2024,9,RUS,lap_deleted,TRACK LIMITS AT TURN 14 LAP 63 ,63.0,high
montr_al,2025,10,GAS,lap_deleted,TRACK LIMITS AT TURN 14 LAP 44 ,44.0,high
montr_al,2025,10,ANT,lap_deleted,TRACK LIMITS AT TURN 14 LAP 3 ,3.0,high
montr_al,2025,10,LEC,lap_deleted,TRACK LIMITS AT TURN 14 LAP 65 ,65.0,high
montr_al,2025,10,SAI,lap_deleted,TRACK LIMITS AT TURN 14 LAP 56 ,56.0,high
montr_al,2025,10,HAD,lap_deleted,TRACK LIMITS AT TURN 14 LAP 45 ,45.0,high
montr_al,2025,10,HAD,lap_deleted,TRACK LIMITS AT TURN 14 LAP 47 ,47.0,high
montr_al,2025,10,BEA,lap_deleted,TRACK LIMITS AT TURN 14 LAP 41 ,41.0,high
montr_al,2025,10,BEA,lap_deleted,TRACK LIMITS AT TURN 14 LAP 47 ,47.0,high
montr_al,2025,10,BEA,lap_deleted,TRACK LIMITS AT TURN 14 LAP 55 ,55.0,high
montr_al,2026,5,NOR,lap_deleted,TRACK LIMITS AT TURN 4 LAP 4 ,4.0,high
montr_al,2026,5,NOR,lap_deleted,TRACK LIMITS AT TURN 10 LAP 16 ,16.0,high
montr_al,2026,5,NOR,lap_deleted,TRACK LIMITS AT TURN 14 LAP 18 ,18.0,high
montr_al,2026,5,GAS,lap_deleted,TRACK LIMITS AT TURN 14 LAP 4 ,4.0,high
montr_al,2026,5,GAS,lap_deleted,TRACK LIMITS AT TURN 14 LAP 64 ,64.0,high
montr_al,2026,5,ANT,lap_deleted,TRACK LIMITS AT TURN 14 LAP 6 ,6.0,high
montr_al,2026,5,ANT,lap_deleted,TRACK LIMITS AT TURN 10 LAP 24 ,24.0,high
montr_al,2026,5,LEC,lap_deleted,TRACK LIMITS AT TURN 8 LAP 14 ,14.0,high
montr_al,2026,5,STR,lap_deleted,TRACK LIMITS AT TURN 8 LAP 8 ,8.0,high
montr_al,2026,5,STR,lap_deleted,TRACK LIMITS AT TURN 10 LAP 20 ,20.0,high
montr_al,2026,5,STR,lap_deleted,TRACK LIMITS AT TURN 2 LAP 42 ,42.0,high
montr_al,2026,5,STR,lap_deleted,TRACK LIMITS AT TURN 10 LAP 64 ,64.0,high
montr_al,2026,5,ALB,lap_deleted,TRACK LIMITS AT TURN 14 LAP 2 ,2.0,high
montr_al,2026,5,HUL,lap_deleted,TRACK LIMITS AT TURN 14 LAP 4 ,4.0,high
montr_al,2026,5,HUL,lap_deleted,TRACK LIMITS AT TURN 10 LAP 6 ,6.0,high
montr_al,2026,5,HUL,lap_deleted,TRACK LIMITS AT TURN 2 LAP 60 ,60.0,high
montr_al,2026,5,VER,lap_deleted,TRACK LIMITS AT TURN 14 LAP 20 ,20.0,high
montr_al,2026,5,LAW,lap_deleted,TRACK LIMITS AT TURN 14 LAP 64 ,64.0,high
montr_al,2026,5,OCO,lap_deleted,TRACK LIMITS AT TURN 8 LAP 7 ,7.0,high
montr_al,2026,5,HAM,lap_deleted,TRACK LIMITS AT TURN 8 LAP 22 ,22.0,high
montr_al,2026,5,BOR,lap_deleted,TRACK LIMITS AT TURN 14 LAP 7 ,7.0,high
montr_al,2026,5,BOR,lap_deleted,TRACK LIMITS AT TURN 14 LAP 30 ,30.0,high
montr_al,2026,5,BOR,lap_deleted,TRACK LIMITS AT TURN 8 LAP 64 ,64.0,high
montr_al,2026,5,SAI,lap_deleted,TRACK LIMITS AT TURN 14 LAP 11 ,11.0,high
montr_al,2026,5,SAI,lap_deleted,TRACK LIMITS AT TURN 14 LAP 54 ,39.0,high
montr_al,2026,5,SAI,lap_deleted,TRACK LIMITS AT TURN 14 LAP 54 ,54.0,high
montr_al,2026,5,SAI,lap_deleted,TRACK LIMITS AT TURN 8 LAP 66 ,66.0,high
montr_al,2026,5,HAD,lap_deleted,TRACK LIMITS AT TURN 14 LAP 4 ,4.0,high
montr_al,2026,5,RUS,lap_deleted,TRACK LIMITS AT TURN 10 LAP 12 ,12.0,high
montr_al,2026,5,RUS,lap_deleted,TRACK LIMITS AT TURN 14 LAP 24 ,24.0,high
montr_al,2026,5,BOT,lap_deleted,TRACK LIMITS AT TURN 10 LAP 17 ,17.0,high
montr_al,2026,5,PIA,lap_deleted,TRACK LIMITS AT TURN 14 LAP 18 ,18.0,high
montr_al,2026,5,PIA,lap_deleted,TRACK LIMITS AT TURN 1 LAP 58 ,58.0,high
montr_al,2026,5,PIA,lap_deleted,TRACK LIMITS AT TURN 14 LAP 65 ,65.0,high
montr_al,2026,5,BEA,lap_deleted,TRACK LIMITS AT TURN 14 LAP 15 ,15.0,high
monza,2019,14,NOR,lap_deleted,TRACK LIMITS AT TURN 11,17.0,high
monza,2019,14,NOR,lap_deleted,TRACK LIMITS AT TURN 11,18.0,high
monza,2020,8,GAS,lap_deleted,TRACK LIMITS AT TURN 11,16.0,high
monza,2020,8,GAS,lap_deleted,TRACK LIMITS AT TURN 11,17.0,high
monza,2020,8,STR,lap_deleted,TRACK LIMITS AT TURN 4,28.0,high
monza,2020,8,NOR,lap_deleted,TRACK LIMITS AT TURN 11,14.0,high
monza,2020,8,NOR,lap_deleted,TRACK LIMITS AT TURN 11,15.0,high
monza,2020,8,BOT,lap_deleted,TRACK LIMITS AT TURN 11,15.0,high
monza,2020,8,BOT,lap_deleted,TRACK LIMITS AT TURN 11,16.0,high
monza,2020,8,KVY,lap_deleted,TRACK LIMITS AT TURN 11,24.0,high
monza,2020,8,KVY,lap_deleted,TRACK LIMITS AT TURN 11,25.0,high
monza,2020,8,KVY,lap_deleted,TRACK LIMITS AT TURN 11,28.0,high
monza,2020,8,KVY,lap_deleted,TRACK LIMITS AT TURN 11,29.0,high
monza,2020,8,KVY,lap_deleted,TRACK LIMITS AT TURN 11,30.0,high
monza,2020,8,RAI,lap_deleted,TRACK LIMITS AT TURN 11,33.0,high
monza,2020,8,RAI,lap_deleted,TRACK LIMITS AT TURN 11,34.0,high
monza,2020,8,RAI,lap_deleted,TRACK LIMITS AT TURN 11,42.0,high
monza,2020,8,RAI,lap_deleted,TRACK LIMITS AT TURN 11,43.0,high
monza,2020,8,RUS,lap_deleted,TRACK LIMITS AT TURN 11,43.0,high
monza,2020,8,RUS,lap_deleted,TRACK LIMITS AT TURN 11,44.0,high
monza,2020,8,ALB,lap_deleted,TRACK LIMITS AT TURN 11,39.0,high
monza,2020,8,ALB,lap_deleted,TRACK LIMITS AT TURN 11,40.0,high
monza,2021,14,PER,lap_deleted,TRACK LIMITS AT TURN 5,32.0,high
monza,2021,14,ALO,lap_deleted,TRACK LIMITS AT TURN 11,44.0,high
monza,2021,14,ALO,lap_deleted,TRACK LIMITS AT TURN 11,45.0,high
monza,2021,14,ALO,lap_deleted,TRACK LIMITS AT TURN 11,46.0,high
monza,2021,14,RIC,lap_deleted,TRACK LIMITS AT TURN 11,5.0,high
monza,2021,14,RIC,lap_deleted,TRACK LIMITS AT TURN 11,6.0,high
monza,2021,14,NOR,lap_deleted,TRACK LIMITS AT TURN 11,11.0,high
monza,2021,14,NOR,lap_deleted,TRACK LIMITS AT TURN 11,12.0,high
monza,2021,14,NOR,lap_deleted,TRACK LIMITS AT TURN 11,31.0,high
monza,2021,14,MSC,lap_deleted,TRACK LIMITS AT TURN 5,32.0,high
monza,2021,14,VET,lap_deleted,TRACK LIMITS AT TURN 11,45.0,high
monza,2021,14,VET,lap_deleted,TRACK LIMITS AT TURN 11,46.0,high
monza,2021,14,RUS,lap_deleted,TRACK LIMITS AT TURN 11,45.0,high
monza,2021,14,RUS,lap_deleted,TRACK LIMITS AT TURN 11,46.0,high
monza,2021,14,MAZ,lap_deleted,TRACK LIMITS AT TURN 5,2.0,high
monza,2022,16,VER,lap_deleted,TRACK LIMITS AT TURN 7 LAP 15 ,15.0,high
monza,2022,16,GAS,lap_deleted,TRACK LIMITS AT TURN 2 LAP 14 ,14.0,high
monza,2022,16,PER,lap_deleted,TRACK LIMITS AT TURN 7 LAP 24 ,24.0,high
monza,2022,16,ALO,lap_deleted,TRACK LIMITS AT TURN 5 LAP 21 ,21.0,high
monza,2022,16,STR,lap_deleted,TRACK LIMITS AT TURN 7 LAP 22 ,22.0,high
monza,2022,16,MAG,lap_deleted,TRACK LIMITS AT TURN 7 LAP 17 ,17.0,high
monza,2022,16,MAG,lap_deleted,TRACK LIMITS AT TURN 10 LAP 18 ,18.0,high
monza,2022,16,RIC,lap_deleted,TRACK LIMITS AT TURN 7 LAP 43 ,41.0,high
monza,2022,16,RIC,lap_deleted,TRACK LIMITS AT TURN 7 LAP 43 ,43.0,high
monza,2022,16,NOR,lap_deleted,TRACK LIMITS AT TURN 2 LAP 13 ,13.0,high
monza,2022,16,DEV,lap_deleted,TRACK LIMITS AT TURN 7 LAP 11 ,11.0,high
monza,2022,16,DEV,lap_deleted,TRACK LIMITS AT TURN 10 LAP 16 ,16.0,high
monza,2022,16,DEV,lap_deleted,TRACK LIMITS AT TURN 7 LAP 18 ,18.0,high
monza,2022,16,MSC,lap_deleted,TRACK LIMITS AT TURN 7 LAP 16 ,16.0,high
monza,2022,16,SAI,lap_deleted,TRACK LIMITS AT TURN 7 LAP 39 ,39.0,high
monza,2023,14,PER,lap_deleted,TRACK LIMITS AT TURN 2 LAP 14 ,14.0,high
monza,2023,14,PER,lap_deleted,TRACK LIMITS AT TURN 2 LAP 43 ,43.0,high
monza,2023,14,PER,lap_deleted,TRACK LIMITS AT TURN 2 LAP 45 ,45.0,high
monza,2023,14,ALO,lap_deleted,TRACK LIMITS AT TURN 10 LAP 3 ,3.0,high
monza,2023,14,LEC,lap_deleted,TRACK LIMITS AT TURN 5 LAP 47 ,47.0,high
monza,2023,14,SAR,lap_deleted,TRACK LIMITS AT TURN 5 LAP 43 ,43.0,high
monza,2023,14,NOR,lap_deleted,TRACK LIMITS AT TURN 7 LAP 5 ,5.0,high
monza,2023,14,NOR,lap_deleted,TRACK LIMITS AT TURN 2 LAP 38 ,38.0,high
monza,2023,14,HAM,lap_deleted,TRACK LIMITS AT TURN 5 LAP 40 ,40.0,high
monza,2023,14,HAM,lap_deleted,TRACK LIMITS AT TURN 4 LAP 41 ,41.0,high
monza,2023,14,SAI,lap_deleted,TRACK LIMITS AT TURN 5 LAP 47 ,47.0,high
monza,2023,14,RUS,lap_deleted,TRACK LIMITS AT TURN 2 LAP 14 ,14.0,high
monza,2023,14,BOT,lap_deleted,TRACK LIMITS AT TURN 5 LAP 43 ,43.0,high
monza,2023,14,PIA,lap_deleted,TRACK LIMITS AT TURN 5 LAP 40 ,40.0,high
monza,2024,16,NOR,lap_deleted,TRACK LIMITS AT TURN 4 LAP 31 ,31.0,high
monza,2024,16,SAI,lap_deleted,TRACK LIMITS AT TURN 2 LAP 13 ,13.0,high
monza,2024,16,RUS,lap_deleted,TRACK LIMITS AT TURN 2 LAP 31 ,31.0,high
monza,2024,16,ALB,lap_deleted,TRACK LIMITS AT TURN 2 LAP 33 ,3.0,high
monza,2024,16,ALB,lap_deleted,TRACK LIMITS AT TURN 2 LAP 33 ,33.0,high
monza,2024,16,ALB,lap_deleted,TRACK LIMITS AT TURN 2 LAP 37 ,37.0,high
monza,2024,16,MAG,lap_deleted,TRACK LIMITS AT TURN 5 LAP 18 ,18.0,high
monza,2024,16,ALO,lap_deleted,TRACK LIMITS AT TURN 4 LAP 18 ,18.0,high
monza,2024,16,RIC,lap_deleted,TRACK LIMITS AT TURN 2 LAP 10 ,10.0,high
monza,2024,16,GAS,lap_deleted,TRACK LIMITS AT TURN 5 LAP 18 ,18.0,high
monza,2024,16,GAS,lap_deleted,TRACK LIMITS AT TURN 4 LAP 27 ,27.0,high
monza,2024,16,STR,lap_deleted,TRACK LIMITS AT TURN 2 LAP 40 ,40.0,high
monza,2024,16,TSU,lap_deleted,TRACK LIMITS AT TURN 2 LAP 5 ,5.0,high
monza,2025,16,LEC,lap_deleted,TRACK LIMITS AT TURN 1 LAP 4 ,4.0,high
monza,2025,16,RUS,lap_deleted,TRACK LIMITS AT TURN 2 LAP 48 ,48.0,high
monza,2025,16,ALB,lap_deleted,TRACK LIMITS AT TURN 2 LAP 27 ,27.0,high
monza,2025,16,BOR,lap_deleted,TRACK LIMITS AT TURN 1 LAP 52 ,52.0,high
monza,2025,16,ANT,lap_deleted,TRACK LIMITS AT TURN 5 LAP 6 ,6.0,high
monza,2025,16,ANT,lap_deleted,TRACK LIMITS AT TURN 5 LAP 23 ,23.0,high
monza,2025,16,ANT,lap_deleted,TRACK LIMITS AT TURN 2 LAP 26 ,26.0,high
monza,2025,16,HAD,lap_deleted,TRACK LIMITS AT TURN 1 LAP 8 ,8.0,high
monza,2025,16,SAI,lap_deleted,TRACK LIMITS AT TURN 4 LAP 17 ,17.0,high
monza,2025,16,SAI,lap_deleted,TRACK LIMITS AT TURN 5 LAP 23 ,23.0,high
monza,2025,16,SAI,lap_deleted,TRACK LIMITS AT TURN 5 LAP 40 ,40.0,high
monza,2025,16,BEA,lap_deleted,TRACK LIMITS AT TURN 5 LAP 40 ,40.0,high
monza,2025,16,TSU,lap_deleted,TRACK LIMITS AT TURN 5 LAP 27 ,27.0,high
monza,2025,16,LAW,lap_deleted,TRACK LIMITS AT TURN 5 LAP 27 ,27.0,high
monza,2025,16,GAS,lap_deleted,TRACK LIMITS AT TURN 5 LAP 15 ,15.0,high
monza,2025,16,GAS,lap_deleted,TRACK LIMITS AT TURN 7 LAP 18 ,18.0,high
monza,2025,16,GAS,lap_deleted,TRACK LIMITS AT TURN 5 LAP 33 ,33.0,high
monza,2025,16,COL,lap_deleted,TRACK LIMITS AT TURN 5 LAP 9 ,9.0,high
monza,2025,16,COL,lap_deleted,TRACK LIMITS AT TURN 1 LAP 30 ,30.0,high
monza,2025,16,COL,lap_deleted,TRACK LIMITS AT TURN 5 LAP 50 ,50.0,high
monza,2025,16,STR,lap_deleted,TRACK LIMITS AT TURN 4 LAP 2 ,2.0,high
monza,2026,13,NOR,lap_deleted,TRACK LIMITS AT TURN 1 LAP 20 ,20.0,high
monza,2026,13,NOR,lap_deleted,TRACK LIMITS AT TURN 1 LAP 53 ,53.0,high
monza,2026,13,PER,lap_deleted,TRACK LIMITS AT TURN 1 LAP 22 ,22.0,high
monza,2026,13,ANT,lap_deleted,TRACK LIMITS AT TURN 2 LAP 26 ,26.0,high
monza,2026,13,ANT,lap_deleted,TRACK LIMITS AT TURN 1 LAP 49 ,49.0,high
monza,2026,13,STR,lap_deleted,TRACK LIMITS AT TURN 1 LAP 23 ,23.0,high
monza,2026,13,STR,lap_deleted,TRACK LIMITS AT TURN 7 LAP 25 ,25.0,high
monza,2026,13,ALB,lap_deleted,TRACK LIMITS AT TURN 1 LAP 6 ,6.0,high
monza,2026,13,ALB,lap_deleted,TRACK LIMITS AT TURN 1 LAP 21 ,21.0,high
monza,2026,13,ALB,lap_deleted,TRACK LIMITS AT TURN 1 LAP 42 ,42.0,high
monza,2026,13,HUL,lap_deleted,TRACK LIMITS AT TURN 1 LAP 22 ,22.0,high
monza,2026,13,HUL,lap_deleted,TRACK LIMITS AT TURN 1 LAP 29 ,29.0,high
monza,2026,13,VER,lap_deleted,TRACK LIMITS AT TURN 1 LAP 42 ,42.0,high
monza,2026,13,COL,lap_deleted,TRACK LIMITS AT TURN 1 LAP 43 ,43.0,high
monza,2026,13,HAM,lap_deleted,TRACK LIMITS AT TURN 5 LAP 14 ,14.0,high
monza,2026,13,HAM,lap_deleted,TRACK LIMITS AT TURN 1 LAP 35 ,35.0,high
monza,2026,13,SAI,lap_deleted,TRACK LIMITS AT TURN 5 LAP 39 ,39.0,high
monza,2026,13,RUS,lap_deleted,TRACK LIMITS AT TURN 1 LAP 9 ,9.0,high
monza,2026,13,BOT,lap_deleted,TRACK LIMITS AT TURN 2 LAP 47 ,47.0,high
s_o_paulo,2021,19,HAM,lap_deleted,TRACK LIMITS AT TURN 4,48.0,high
s_o_paulo,2021,19,VER,lap_deleted,TRACK LIMITS AT TURN 4,48.0,high
s_o_paulo,2021,19,GAS,lap_deleted,TRACK LIMITS AT TURN 4,5.0,high
s_o_paulo,2021,19,NOR,lap_deleted,TRACK LIMITS AT TURN 4,60.0,high
s_o_paulo,2021,19,RAI,lap_deleted,TRACK LIMITS AT TURN 4,64.0,high
s_o_paulo,2021,19,MSC,lap_deleted,TRACK LIMITS AT TURN 4,43.0,high
s_o_paulo,2021,19,MSC,lap_deleted,TRACK LIMITS AT TURN 4,65.0,high
s_o_paulo,2022,21,STR,lap_deleted,TRACK LIMITS AT TURN 4 LAP 24 ,23.0,high
s_o_paulo,2022,21,STR,lap_deleted,TRACK LIMITS AT TURN 4 LAP 24 ,24.0,high
s_o_paulo,2022,21,STR,lap_deleted,TRACK LIMITS AT TURN 4 LAP 42 ,42.0,high
s_o_paulo,2022,21,STR,lap_deleted,TRACK LIMITS AT TURN 4 LAP 60 ,60.0,high
s_o_paulo,2022,21,HAM,lap_deleted,TRACK LIMITS AT TURN 4 LAP 7 ,7.0,high
s_o_paulo,2022,21,VET,lap_deleted,TRACK LIMITS AT TURN 4 LAP 70 ,70.0,high
s_o_paulo,2024,21,ALO,lap_deleted,TRACK LIMITS AT TURN 2 LAP 16 ,16.0,high
s_o_paulo,2024,21,ALO,lap_deleted,TRACK LIMITS AT TURN 12 LAP 43 ,43.0,high
s_o_paulo,2024,21,ALO,lap_deleted,TRACK LIMITS AT TURN 2 LAP 60 ,60.0,high
s_o_paulo,2024,21,LEC,lap_deleted,TRACK LIMITS AT TURN 8 LAP 34 ,34.0,high
s_o_paulo,2024,21,LEC,lap_deleted,TRACK LIMITS AT TURN 4 LAP 46 ,46.0,high
s_o_paulo,2024,21,ZHO,lap_deleted,TRACK LIMITS AT TURN 4 LAP 5 ,5.0,high
s_o_paulo,2024,21,LAW,lap_deleted,TRACK LIMITS AT TURN 2 LAP 26 ,26.0,high
s_o_paulo,2024,21,LAW,lap_deleted,TRACK LIMITS AT TURN 5 LAP 29 ,29.0,high
s_o_paulo,2024,21,NOR,lap_deleted,TRACK LIMITS AT TURN 4 LAP 34 ,34.0,high
s_o_paulo,2024,21,NOR,lap_deleted,TRACK LIMITS AT TURN 2 LAP 43 ,43.0,high
s_o_paulo,2024,21,COL,lap_deleted,TRACK LIMITS AT TURN 2 LAP 6 ,6.0,high
s_o_paulo,2024,21,COL,lap_deleted,TRACK LIMITS AT TURN 2 LAP 14 ,14.0,high
s_o_paulo,2024,21,COL,lap_deleted,TRACK LIMITS AT TURN 2 LAP 18 ,18.0,high
s_o_paulo,2024,21,COL,lap_deleted,TRACK LIMITS AT TURN 4 LAP 23 ,23.0,high
s_o_paulo,2024,21,HAM,lap_deleted,TRACK LIMITS AT TURN 12 LAP 11 ,11.0,high
s_o_paulo,2024,21,HAM,lap_deleted,TRACK LIMITS AT TURN 2 LAP 19 ,19.0,high
s_o_paulo,2024,21,BEA,lap_deleted,TRACK LIMITS AT TURN 7 LAP 36 ,36.0,high
s_o_paulo,2024,21,BEA,lap_deleted,TRACK LIMITS AT TURN 12 LAP 37 ,37.0,high
s_o_paulo,2024,21,SAI,lap_deleted,TRACK LIMITS AT TURN 4 LAP 22 ,22.0,high
s_o_paulo,2024,21,RUS,lap_deleted,TRACK LIMITS AT TURN 2 LAP 31 ,31.0,high
s_o_paulo,2024,21,PIA,lap_deleted,TRACK LIMITS AT TURN 12 LAP 51 ,51.0,high
s_o_paulo,2025,21,ANT,lap_deleted,TRACK LIMITS AT TURN 2 LAP 6 ,6.0,high
sakhir,2020,16,GAS,lap_deleted,TRACK LIMITS AT TURN 8,75.0,high
sakhir,2020,16,GAS,lap_deleted,TRACK LIMITS AT TURN 8,83.0,high
sakhir,2020,16,MAG,lap_deleted,TRACK LIMITS AT TURN 8,25.0,high
sakhir,2020,16,MAG,lap_deleted,TRACK LIMITS AT TURN 8,41.0,high
sakhir,2020,16,MAG,lap_deleted,TRACK LIMITS AT TURN 8,70.0,high
sakhir,2020,16,ALB,lap_deleted,TRACK LIMITS AT TURN 8,11.0,high
sakhir,2020,16,ALB,lap_deleted,TRACK LIMITS AT TURN 8,31.0,high
sakhir,2020,16,ALB,lap_deleted,TRACK LIMITS AT TURN 8,47.0,high
sakhir,2020,16,KVY,lap_deleted,TRACK LIMITS AT TURN 8,86.0,high
sakhir,2020,16,NOR,lap_deleted,TRACK LIMITS AT TURN 8,51.0,high
sakhir,2020,16,LAT,lap_deleted,TRACK LIMITS AT TURN 8,9.0,high
sakhir,2020,16,RUS,lap_deleted,TRACK LIMITS AT TURN 8,23.0,high
sakhir,2020,16,RAI,lap_deleted,TRACK LIMITS AT TURN 8,35.0,high
sakhir,2020,16,RAI,lap_deleted,TRACK LIMITS AT TURN 8,51.0,high
sakhir,2020,16,RAI,lap_deleted,TRACK LIMITS AT TURN 8,52.0,high
sakhir,2020,16,BOT,lap_deleted,TRACK LIMITS AT TURN 8,26.0,high
sakhir,2020,16,BOT,lap_deleted,TRACK LIMITS AT TURN 8,32.0,high
sakhir,2020,16,AIT,lap_deleted,TRACK LIMITS AT TURN 8,14.0,high
sakhir,2020,16,AIT,lap_deleted,TRACK LIMITS AT TURN 8,37.0,high
sakhir,2022,1,ALO,lap_deleted,TRACK LIMITS AT TURN 4,41.0,high
sakhir,2022,1,TSU,lap_deleted,TRACK LIMITS AT TURN 4,25.0,high
sakhir,2022,1,NOR,lap_deleted,TRACK LIMITS AT TURN 4,2.0,high
sakhir,2022,1,HAM,lap_deleted,TRACK LIMITS AT TURN 4,34.0,high
sakhir,2023,1,GAS,lap_deleted,TRACK LIMITS AT TURN 4 LAP 43 ,43.0,high
sakhir,2023,1,GAS,lap_deleted,TRACK LIMITS AT TURN 4 LAP 44 ,44.0,high
sakhir,2023,1,LEC,lap_deleted,TRACK LIMITS AT TURN 4 LAP 8 ,8.0,high
sakhir,2023,1,MAG,lap_deleted,TRACK LIMITS AT TURN 4 LAP 28 ,28.0,high
sakhir,2023,1,DEV,lap_deleted,TRACK LIMITS AT TURN 13 LAP 19 ,19.0,high
sakhir,2023,1,DEV,lap_deleted,TRACK LIMITS AT TURN 4 LAP 50 ,50.0,high
sakhir,2023,1,HUL,lap_deleted,TRACK LIMITS AT TURN 4 LAP 21 ,21.0,high
sakhir,2023,1,HUL,lap_deleted,TRACK LIMITS AT TURN 4 LAP 39 ,39.0,high
sakhir,2023,1,HUL,lap_deleted,TRACK LIMITS AT TURN 4 LAP 47 ,47.0,high
sakhir,2023,1,HUL,lap_deleted,TRACK LIMITS AT TURN 4 LAP 52 ,52.0,high
sakhir,2023,1,HUL,lap_deleted,TRACK LIMITS AT TURN 13 LAP 56 ,56.0,high
sakhir,2023,1,NOR,lap_deleted,TRACK LIMITS AT TURN 4 LAP 3 ,3.0,high
sakhir,2023,1,NOR,lap_deleted,TRACK LIMITS AT TURN 4 LAP 15 ,15.0,high
sakhir,2023,1,NOR,lap_deleted,TRACK LIMITS AT TURN 7 LAP 50 ,50.0,high
sakhir,2023,1,HAM,lap_deleted,TRACK LIMITS AT TURN 8 LAP 50 ,50.0,high
sakhir,2023,1,RUS,lap_deleted,TRACK LIMITS AT TURN 13 LAP 42 ,42.0,high
sakhir,2023,1,BOT,lap_deleted,TRACK LIMITS AT TURN 4 LAP 7 ,7.0,high
sakhir,2024,1,VER,lap_deleted,TRACK LIMITS AT TURN 4 LAP 46 ,46.0,high
sakhir,2024,1,LEC,lap_deleted,TRACK LIMITS AT TURN 10 LAP 4 ,4.0,high
sakhir,2024,1,RUS,lap_deleted,TRACK LIMITS AT TURN 10 LAP 46 ,46.0,high
sakhir,2024,1,NOR,lap_deleted,TRACK LIMITS AT TURN 15 LAP 3 ,3.0,high
sakhir,2024,1,NOR,lap_deleted,TRACK LIMITS AT TURN 15 (NEXT LAP),4.0,high
sakhir,2024,1,NOR,lap_deleted,TRACK LIMITS AT TURN 13 LAP 56 ,56.0,high
sakhir,2024,1,HAM,lap_deleted,TRACK LIMITS AT TURN 10 LAP 27 ,27.0,high
sakhir,2024,1,HAM,lap_deleted,TRACK LIMITS AT TURN 4 LAP 47 ,47.0,high
sakhir,2024,1,PIA,lap_deleted,TRACK LIMITS AT TURN 15 LAP 37 ,37.0,high
sakhir,2024,1,PIA,lap_deleted,TRACK LIMITS AT TURN 15 (NEXT LAP),38.0,high
sakhir,2024,1,PIA,lap_deleted,TRACK LIMITS AT TURN 4 LAP 50 ,50.0,high
sakhir,2024,1,RIC,lap_deleted,TRACK LIMITS AT TURN 13 LAP 51 ,51.0,high
sakhir,2024,1,RIC,lap_deleted,TRACK LIMITS AT TURN 4 LAP 55 ,55.0,high
sakhir,2024,1,RIC,lap_deleted,TRACK LIMITS AT TURN 4 LAP 56 ,56.0,high
sakhir,2024,1,TSU,lap_deleted,TRACK LIMITS AT TURN 4 LAP 10 ,10.0,high
sakhir,2024,1,TSU,lap_deleted,TRACK LIMITS AT TURN 13 LAP 27 ,27.0,high
sakhir,2024,1,ALB,lap_deleted,TRACK LIMITS AT TURN 4 LAP 47 ,47.0,high
sakhir,2024,1,ALB,lap_deleted,TRACK LIMITS AT TURN 10 LAP 49 ,49.0,high
sakhir,2024,1,GAS,lap_deleted,TRACK LIMITS AT TURN 4 LAP 44 ,44.0,high
sakhir,2024,1,GAS,lap_deleted,TRACK LIMITS AT TURN 4 LAP 55 ,55.0,high
sakhir,2025,4,PIA,lap_deleted,TRACK LIMITS AT TURN 11 LAP 23 ,23.0,high
sakhir,2025,4,NOR,lap_deleted,TRACK LIMITS AT TURN 13 LAP 10 ,10.0,high
sakhir,2025,4,NOR,lap_deleted,TRACK LIMITS AT TURN 4 LAP 36 ,36.0,high
sakhir,2025,4,NOR,lap_deleted,TRACK LIMITS AT TURN 4 LAP 49 ,49.0,high
sakhir,2025,4,LEC,lap_deleted,TRACK LIMITS AT TURN 13 LAP 38 ,38.0,high
sakhir,2025,4,HAM,lap_deleted,TRACK LIMITS AT TURN 4 LAP 42 ,42.0,high
sakhir,2025,4,VER,lap_deleted,TRACK LIMITS AT TURN 13 LAP 45 ,45.0,high
sakhir,2025,4,VER,lap_deleted,TRACK LIMITS AT TURN 13 LAP 48 ,48.0,high
sakhir,2025,4,VER,lap_deleted,TRACK LIMITS AT TURN 4 LAP 55 ,55.0,high
sakhir,2025,4,TSU,lap_deleted,TRACK LIMITS AT TURN 13 LAP 9 ,9.0,high
sakhir,2025,4,TSU,lap_deleted,TRACK LIMITS AT TURN 13 LAP 50 ,50.0,high
sakhir,2025,4,TSU,lap_deleted,TRACK LIMITS AT TURN 13 LAP 52 ,52.0,high
sakhir,2025,4,BEA,lap_deleted,TRACK LIMITS AT TURN 13 LAP 52 ,52.0,high
sakhir,2025,4,BEA,lap_deleted,TRACK LIMITS AT TURN 13 LAP 54 ,54.0,high
sakhir,2025,4,ANT,lap_deleted,TRACK LIMITS AT TURN 13 LAP 8 ,8.0,high
sakhir,2025,4,ANT,lap_deleted,TRACK LIMITS AT TURN 13 LAP 10 ,10.0,high
sakhir,2025,4,ANT,lap_deleted,TRACK LIMITS AT TURN 11 LAP 13 ,13.0,high
sakhir,2025,4,ANT,lap_deleted,TRACK LIMITS AT TURN 10 LAP 36 ,36.0,high
sakhir,2025,4,HAD,lap_deleted,TRACK LIMITS AT TURN 13 LAP 2 ,2.0,high
sakhir,2025,4,HAD,lap_deleted,TRACK LIMITS AT TURN 13 LAP 8 ,8.0,high
sakhir,2025,4,HAD,lap_deleted,TRACK LIMITS AT TURN 13 LAP 11 ,11.0,high
sakhir,2025,4,DOO,lap_deleted,TRACK LIMITS AT TURN 13 LAP 11 ,11.0,high
sakhir,2025,4,DOO,lap_deleted,TRACK LIMITS AT TURN 13 LAP 27 ,27.0,high
sakhir,2025,4,DOO,lap_deleted,TRACK LIMITS AT TURN 13 LAP 42 ,42.0,high
sakhir,2025,4,DOO,lap_deleted,TRACK LIMITS AT TURN 13 LAP 56 ,56.0,high
sakhir,2025,4,ALO,lap_deleted,TRACK LIMITS AT TURN 1 LAP 36 ,36.0,high
sakhir,2025,4,LAW,lap_deleted,TRACK LIMITS AT TURN 13 LAP 14 ,14.0,high
sakhir,2025,4,LAW,lap_deleted,TRACK LIMITS AT TURN 13 LAP 18 ,18.0,high
sakhir,2025,4,STR,lap_deleted,TRACK LIMITS AT TURN 13 LAP 57 ,57.0,high
sakhir,2025,4,SAI,lap_deleted,TRACK LIMITS AT TURN 10 LAP 36 ,36.0,high
sakhir,2025,4,HUL,lap_deleted,TRACK LIMITS AT TURN 13 LAP 36 ,36.0,high
silverstone,2020,4,GAS,lap_deleted,TRACK LIMITS AT TURN 15,37.0,high
silverstone,2020,4,ALB,lap_deleted,TRACK LIMITS AT TURN 9,6.0,high
silverstone,2020,4,ALB,lap_deleted,TRACK LIMITS AT TURN 9,19.0,high
silverstone,2020,4,NOR,lap_deleted,TRACK LIMITS AT TURN 9,19.0,high
silverstone,2020,4,VET,lap_deleted,TRACK LIMITS AT TURN 9,47.0,high
silverstone,2020,4,SAI,lap_deleted,TRACK LIMITS AT TURN 9,19.0,high
silverstone,2020,4,SAI,lap_deleted,TRACK LIMITS AT TURN 9,43.0,high
silverstone,2020,4,RAI,lap_deleted,TRACK LIMITS AT TURN 9,47.0,high
silverstone,2020,4,GRO,lap_deleted,TRACK LIMITS AT TURN 9,9.0,high
silverstone,2020,5,ALB,lap_deleted,TRACK LIMITS AT TURN 15,10.0,high
silverstone,2020,5,ALB,lap_deleted,TRACK LIMITS AT TURN 15,33.0,high
silverstone,2020,5,KVY,lap_deleted,TRACK LIMITS AT TURN 15,30.0,high
silverstone,2020,5,VET,lap_deleted,TRACK LIMITS AT TURN 15,36.0,high
silverstone,2020,5,VET,lap_deleted,TRACK LIMITS AT TURN 15,37.0,high
silverstone,2020,5,GRO,lap_deleted,TRACK LIMITS AT TURN 15,29.0,high
silverstone,2020,5,LAT,lap_deleted,TRACK LIMITS AT TURN 15,16.0,high
silverstone,2020,5,LAT,lap_deleted,TRACK LIMITS AT TURN 15,51.0,high
silverstone,2020,5,MAG,lap_deleted,TRACK LIMITS AT TURN 15,17.0,high
silverstone,2021,10,LEC,lap_deleted,TRACK LIMITS AT TURN 9,50.0,high
silverstone,2021,10,NOR,lap_deleted,TRACK LIMITS AT TURN 9,31.0,high
silverstone,2021,10,RIC,lap_deleted,TRACK LIMITS AT TURN 9,9.0,high
silverstone,2021,10,SAI,lap_deleted,TRACK LIMITS AT TURN 9,6.0,high
silverstone,2021,10,SAI,lap_deleted,TRACK LIMITS AT TURN 9,26.0,high
silverstone,2021,10,GAS,lap_deleted,TRACK LIMITS AT TURN 9,8.0,high
silverstone,2021,10,GAS,lap_deleted,TRACK LIMITS AT TURN 9,12.0,high
silverstone,2021,10,GAS,lap_deleted,TRACK LIMITS AT TURN 9,16.0,high
silverstone,2021,10,GAS,lap_deleted,TRACK LIMITS AT TURN 15,29.0,high
silverstone,2021,10,GIO,lap_deleted,TRACK LIMITS AT TURN 9,7.0,high
silverstone,2021,10,RAI,lap_deleted,TRACK LIMITS AT TURN 9,7.0,high
silverstone,2021,10,PER,lap_deleted,TRACK LIMITS AT TURN 9,17.0,high
silverstone,2021,10,VET,lap_deleted,TRACK LIMITS AT TURN 15,30.0,high
silverstone,2022,10,VER,lap_deleted,TRACK LIMITS AT TURN 9 LAP 45 ,45.0,high
silverstone,2022,10,GAS,lap_deleted,TRACK LIMITS AT TURN 15 LAP 10 ,10.0,high
silverstone,2022,10,LEC,lap_deleted,TRACK LIMITS AT TURN 15 LAP 45 ,45.0,high
silverstone,2022,10,STR,lap_deleted,TRACK LIMITS AT TURN 15 LAP 50 ,50.0,high
silverstone,2022,10,MAG,lap_deleted,TRACK LIMITS AT TURN 9 LAP 8 ,8.0,high
silverstone,2022,10,MAG,lap_deleted,TRACK LIMITS AT TURN 9 LAP 49 ,49.0,high
silverstone,2022,10,LAT,lap_deleted,TRACK LIMITS AT TURN 15 LAP 26 ,26.0,high
silverstone,2022,10,LAT,lap_deleted,TRACK LIMITS AT TURN 9 LAP 31 ,31.0,high
silverstone,2023,10,PER,lap_deleted,TRACK LIMITS AT TURN 15 LAP 38 ,38.0,high
silverstone,2023,10,STR,lap_deleted,TRACK LIMITS AT TURN 15 LAP 10 ,10.0,high
silverstone,2023,10,STR,lap_deleted,TRACK LIMITS AT TURN 15 LAP 11 ,11.0,high
silverstone,2023,10,STR,lap_deleted,TRACK LIMITS AT TURN 15 LAP 39 ,39.0,high
silverstone,2023,10,SAR,lap_deleted,TRACK LIMITS AT TURN 9 LAP 16 ,16.0,high
silverstone,2023,10,MAG,lap_deleted,TRACK LIMITS AT TURN 9 LAP 14 ,14.0,high
silverstone,2023,10,MAG,lap_deleted,TRACK LIMITS AT TURN 15 LAP 20 ,20.0,high
silverstone,2023,10,MAG,lap_deleted,TRACK LIMITS AT TURN 15 LAP 20 ,27.0,high
silverstone,2023,10,DEV,lap_deleted,TRACK LIMITS AT TURN 15 LAP 10 ,10.0,high
silverstone,2023,10,ALB,lap_deleted,TRACK LIMITS AT TURN 15 LAP 10 ,10.0,high
silverstone,2023,10,HUL,lap_deleted,TRACK LIMITS AT TURN 15 LAP 7 ,7.0,high
silverstone,2023,10,NOR,lap_deleted,TRACK LIMITS AT TURN 15 LAP 13 ,13.0,high
silverstone,2023,10,NOR,lap_deleted,TRACK LIMITS AT TURN 9 LAP 14 ,14.0,high
silverstone,2023,10,NOR,lap_deleted,TRACK LIMITS AT TURN 15 LAP 47 ,47.0,high
silverstone,2023,10,RUS,lap_deleted,TRACK LIMITS AT TURN 9 LAP 14 ,14.0,high
silverstone,2023,10,RUS,lap_deleted,TRACK LIMITS AT TURN 15 LAP 45 ,45.0,high
silverstone,2023,10,RUS,lap_deleted,TRACK LIMITS AT TURN 15 LAP 46 ,46.0,high
silverstone,2024,12,HAM,lap_deleted,TRACK LIMITS AT TURN 2 LAP 19 ,19.0,high
silverstone,2024,12,NOR,lap_deleted,TRACK LIMITS AT TURN 12 LAP 20 ,20.0,high
silverstone,2024,12,SAI,lap_deleted,TRACK LIMITS AT TURN 3 LAP 28 ,28.0,high
silverstone,2024,12,ALB,lap_deleted,TRACK LIMITS AT TURN 18 LAP 35 ,35.0,high
silverstone,2024,12,ALB,lap_deleted,TRACK LIMITS AT TURN 18 LAP 36 (NEXT LAP),36.0,high
silverstone,2024,12,SAR,lap_deleted,TRACK LIMITS AT TURN 15 LAP 16 ,16.0,high
silverstone,2024,12,RIC,lap_deleted,TRACK LIMITS AT TURN 9 LAP 31 ,31.0,high
silverstone,2024,12,LEC,lap_deleted,TRACK LIMITS AT TURN 14 LAP 24 ,24.0,high
silverstone,2024,12,RUS,lap_deleted,TRACK LIMITS AT TURN 2 LAP 19 ,19.0,high
silverstone,2025,12,VER,lap_deleted,TRACK LIMITS AT TURN 1 LAP 43 ,43.0,high
silverstone,2025,12,LEC,lap_deleted,TRACK LIMITS AT TURN 1 LAP 5 ,5.0,high
silverstone,2025,12,LEC,lap_deleted,TRACK LIMITS AT TURN 12 LAP 13 ,13.0,high
silverstone,2025,12,LEC,lap_deleted,TRACK LIMITS AT TURN 9 LAP 32 ,32.0,high
silverstone,2025,12,NOR,lap_deleted,TRACK LIMITS AT TURN 6 LAP 5 ,5.0,high
silverstone,2025,12,HAM,lap_deleted,TRACK LIMITS AT TURN 6 LAP 12 ,12.0,high
silverstone,2025,12,HAM,lap_deleted,TRACK LIMITS AT TURN 9 LAP 24 ,24.0,high
silverstone,2025,12,HAM,lap_deleted,TRACK LIMITS AT TURN 3 LAP 42 ,42.0,high
silverstone,2025,12,SAI,lap_deleted,TRACK LIMITS AT TURN 6 LAP 46 ,46.0,high
silverstone,2025,12,PIA,lap_deleted,TRACK LIMITS AT TURN 11 LAP 45 ,45.0,high
silverstone,2025,12,PIA,lap_deleted,TRACK LIMITS AT TURN 6 LAP 52 ,52.0,high
silverstone,2025,12,BEA,lap_deleted,TRACK LIMITS AT TURN 1 LAP 5 ,5.0,high
silverstone,2025,12,BEA,lap_deleted,TRACK LIMITS AT TURN 9 LAP 37 ,37.0,high
silverstone,2026,9,NOR,lap_deleted,TRACK LIMITS AT TURN 18 LAP 16 ,16.0,high
silverstone,2026,9,GAS,lap_deleted,TRACK LIMITS AT TURN 9 LAP 18 ,18.0,high
silverstone,2026,9,ANT,lap_deleted,TRACK LIMITS AT TURN 15 LAP 42 ,42.0,high
silverstone,2026,9,ANT,lap_deleted,TRACK LIMITS AT TURN 6 LAP 44 ,44.0,high
silverstone,2026,9,ALO,lap_deleted,TRACK LIMITS AT TURN 3 LAP 17 ,17.0,high
silverstone,2026,9,STR,lap_deleted,TRACK LIMITS AT TURN 9 LAP 9 ,9.0,high
silverstone,2026,9,STR,lap_deleted,TRACK LIMITS AT TURN 9 LAP 10 ,10.0,high
silverstone,2026,9,STR,lap_deleted,TRACK LIMITS AT TURN 18 LAP 27 ,27.0,high
silverstone,2026,9,STR,lap_deleted,TRACK LIMITS AT TURN 9 LAP 33 ,33.0,high
silverstone,2026,9,STR,lap_deleted,TRACK LIMITS AT TURN 9 LAP 35 ,35.0,high
silverstone,2026,9,STR,lap_deleted,TRACK LIMITS AT TURN 15 LAP 42 ,42.0,high
silverstone,2026,9,HUL,lap_deleted,TRACK LIMITS AT TURN 6 LAP 10 ,10.0,high
silverstone,2026,9,VER,lap_deleted,TRACK LIMITS AT TURN 15 LAP 34 ,34.0,high
silverstone,2026,9,COL,lap_deleted,TRACK LIMITS AT TURN 1 LAP 32 ,32.0,high
silverstone,2026,9,SAI,lap_deleted,TRACK LIMITS AT TURN 15 LAP 8 ,8.0,high
silverstone,2026,9,SAI,lap_deleted,TRACK LIMITS AT TURN 18 LAP 17 ,17.0,high
silverstone,2026,9,SAI,lap_deleted,TRACK LIMITS AT TURN 9 LAP 24 ,24.0,high
silverstone,2026,9,PIA,lap_deleted,TRACK LIMITS AT TURN 15 LAP 28 ,28.0,high
spa_francorchamps,2020,7,GAS,lap_deleted,TRACK LIMITS AT TURN 9,5.0,high
spa_francorchamps,2020,7,STR,lap_deleted,TRACK LIMITS AT TURN 9,7.0,high
spa_francorchamps,2020,7,NOR,lap_deleted,TRACK LIMITS AT TURN 9,34.0,high
spa_francorchamps,2020,7,GRO,lap_deleted,TRACK LIMITS AT TURN 9,36.0,high
spa_francorchamps,2022,14,GAS,lap_deleted,TRACK LIMITS AT TURN 4 LAP 8 ,8.0,high
spa_francorchamps,2022,14,ALB,lap_deleted,TRACK LIMITS AT TURN 4 LAP 9 ,9.0,high
spa_francorchamps,2022,14,MSC,lap_deleted,TRACK LIMITS AT TURN 4 LAP 32 ,32.0,high
spa_francorchamps,2022,14,VET,lap_deleted,TRACK LIMITS AT TURN 4 LAP 39 ,39.0,high
spa_francorchamps,2022,14,LAT,lap_deleted,TRACK LIMITS AT TURN 4 LAP 7 ,7.0,high
spa_francorchamps,2023,12,VER,lap_deleted,TRACK LIMITS AT TURN 4 LAP 21 ,21.0,high
spa_francorchamps,2023,12,PER,lap_deleted,TRACK LIMITS AT TURN 11 LAP 22 ,22.0,high
spa_francorchamps,2023,12,HAM,lap_deleted,TRACK LIMITS AT TURN 9 LAP 37 ,37.0,high
spa_francorchamps,2023,12,NOR,lap_deleted,TRACK LIMITS AT TURN 4 LAP 36 ,36.0,high
spa_francorchamps,2023,12,TSU,lap_deleted,TRACK LIMITS AT TURN 9 LAP 13 ,13.0,high
spa_francorchamps,2023,12,TSU,lap_deleted,TRACK LIMITS AT TURN 9 LAP 14 ,14.0,high
spa_francorchamps,2023,12,ALB,lap_deleted,TRACK LIMITS AT TURN 9 LAP 28 ,28.0,high
spa_francorchamps,2023,12,RIC,lap_deleted,TRACK LIMITS AT TURN 15 LAP 37 ,37.0,high
spa_francorchamps,2023,12,SAR,lap_deleted,TRACK LIMITS AT TURN 9 LAP 9 ,9.0,high
spa_francorchamps,2023,12,SAR,lap_deleted,TRACK LIMITS AT TURN 4 LAP 33 ,33.0,high
spa_francorchamps,2023,12,SAR,lap_deleted,TRACK LIMITS AT TURN 4 LAP 36 ,36.0,high
spa_francorchamps,2023,12,HUL,lap_deleted,TRACK LIMITS AT TURN 11 LAP 10 ,10.0,high
spa_francorchamps,2023,12,SAI,lap_deleted,TRACK LIMITS AT TURN 4 LAP 10 ,10.0,high
spa_francorchamps,2023,12,SAI,lap_deleted,TRACK LIMITS AT TURN 11 LAP 21 ,21.0,high
spa_francorchamps,2024,14,HAM,lap_deleted,TRACK LIMITS AT TURN 4 LAP 13 ,13.0,high
spa_francorchamps,2024,14,NOR,lap_deleted,TRACK LIMITS AT TURN 6 LAP 2 ,2.0,high
spa_francorchamps,2024,14,NOR,lap_deleted,TRACK LIMITS AT TURN 19 LAP 23 ,23.0,high
spa_francorchamps,2024,14,SAI,lap_deleted,TRACK LIMITS AT TURN 14 LAP 15 ,15.0,high
spa_francorchamps,2024,14,SAI,lap_deleted,TRACK LIMITS AT TURN 4 LAP 36 ,36.0,high
spa_francorchamps,2024,14,SAI,lap_deleted,TRACK LIMITS AT TURN 4 LAP 41 ,41.0,high
spa_francorchamps,2024,14,STR,lap_deleted,TRACK LIMITS AT TURN 4 LAP 2 ,2.0,high
spa_francorchamps,2024,14,MAG,lap_deleted,TRACK LIMITS AT TURN 4 LAP 23 ,23.0,high
spa_francorchamps,2024,14,SAR,lap_deleted,TRACK LIMITS AT TURN 4 LAP 33 ,33.0,high
spa_francorchamps,2024,14,HUL,lap_deleted,TRACK LIMITS AT TURN 6 LAP 14 ,14.0,high
spa_francorchamps,2025,13,NOR,lap_deleted,TRACK LIMITS AT TURN 10 LAP 26 ,26.0,high
spa_francorchamps,2025,13,ALB,lap_deleted,TRACK LIMITS AT TURN 10 LAP 44 ,44.0,high
spa_francorchamps,2025,13,BOR,lap_deleted,TRACK LIMITS AT TURN 4 LAP 9 ,9.0,high
spa_francorchamps,2025,13,GAS,lap_deleted,TRACK LIMITS AT TURN 4 LAP 7 ,7.0,high
spa_francorchamps,2025,13,TSU,lap_deleted,TRACK LIMITS AT TURN 4 LAP 44 ,44.0,high
spa_francorchamps,2025,13,ANT,lap_deleted,TRACK LIMITS AT TURN 18 LAP 7 ,7.0,high
spa_francorchamps,2025,13,ALO,lap_deleted,TRACK LIMITS AT TURN 6 LAP 28 ,28.0,high
spa_francorchamps,2025,13,SAI,lap_deleted,TRACK LIMITS AT TURN 6 LAP 5 ,5.0,high
spa_francorchamps,2025,13,SAI,lap_deleted,TRACK LIMITS AT TURN 4 LAP 11 ,11.0,high
spa_francorchamps,2025,13,COL,lap_deleted,TRACK LIMITS AT TURN 4 LAP 8 ,8.0,high
spa_francorchamps,2025,13,COL,lap_deleted,TRACK LIMITS AT TURN 4 LAP 17 ,17.0,high
spa_francorchamps,2025,13,HAD,lap_deleted,TRACK LIMITS AT TURN 4 LAP 8 ,8.0,high
spa_francorchamps,2025,13,HAD,lap_deleted,TRACK LIMITS AT TURN 4 LAP 12 ,12.0,high
spa_francorchamps,2026,10,ANT,lap_deleted,TRACK LIMITS AT TURN 4 LAP 11 ,11.0,high
spa_francorchamps,2026,10,ANT,lap_deleted,TRACK LIMITS AT TURN 4 LAP 35 ,35.0,high
spa_francorchamps,2026,10,HAM,lap_deleted,TRACK LIMITS AT TURN 4 LAP 18 ,18.0,high
spa_francorchamps,2026,10,HAD,lap_deleted,TRACK LIMITS AT TURN 19 LAP 36 ,36.0,high
spa_francorchamps,2026,10,BOR,lap_deleted,TRACK LIMITS AT TURN 19 LAP 37 ,37.0,high
spa_francorchamps,2026,10,LAW,lap_deleted,TRACK LIMITS AT TURN 6 LAP 17 ,17.0,high
spa_francorchamps,2026,10,SAI,lap_deleted,TRACK LIMITS AT TURN 4 LAP 5 ,5.0,high
spa_francorchamps,2026,10,ALO,lap_deleted,TRACK LIMITS AT TURN 4 LAP 10 ,10.0,high
spa_francorchamps,2026,10,PER,lap_deleted,TRACK LIMITS AT TURN 4 LAP 9 ,9.0,high
spielberg,2020,1,KVY,lap_deleted,TRACK LIMITS AT TURN 10,39.0,high
spielberg,2020,1,KVY,lap_deleted,TRACK LIMITS AT TURN 10,40.0,high
spielberg,2020,1,KVY,lap_deleted,TRACK LIMITS AT TURN 9,60.0,high
spielberg,2020,1,KVY,lap_deleted,TRACK LIMITS AT TURN 10,63.0,high
spielberg,2020,1,KVY,lap_deleted,TRACK LIMITS AT TURN 10,64.0,high
spielberg,2020,1,OCO,lap_deleted,TRACK LIMITS AT TURN 10,65.0,high
spielberg,2020,1,VET,lap_deleted,TRACK LIMITS AT TURN 10,39.0,high
spielberg,2020,1,VET,lap_deleted,TRACK LIMITS AT TURN 10,40.0,high
spielberg,2020,1,VET,lap_deleted,TRACK LIMITS AT TURN 10,58.0,high
spielberg,2020,1,VET,lap_deleted,TRACK LIMITS AT TURN 10,59.0,high
spielberg,2020,1,GRO,lap_deleted,TRACK LIMITS AT TURN 9,16.0,high
spielberg,2020,1,GRO,lap_deleted,TRACK LIMITS AT TURN 10,27.0,high
spielberg,2020,1,GRO,lap_deleted,TRACK LIMITS AT TURN 10,28.0,high
spielberg,2020,2,VER,lap_deleted,TRACK LIMITS AT TURN 10,66.0,high
spielberg,2020,2,VER,lap_deleted,TRACK LIMITS AT TURN 10,67.0,high
spielberg,2020,2,ALB,lap_deleted,TRACK LIMITS AT TURN 10,68.0,high
spielberg,2020,2,ALB,lap_deleted,TRACK LIMITS AT TURN 10,69.0,high
spielberg,2020,2,STR,lap_deleted,TRACK LIMITS AT TURN 9,7.0,high
spielberg,2020,2,STR,lap_deleted,TRACK LIMITS AT TURN 9,57.0,high
spielberg,2020,2,RIC,lap_deleted,TRACK LIMITS AT TURN 10,44.0,high
spielberg,2020,2,RIC,lap_deleted,TRACK LIMITS AT TURN 10,45.0,high
spielberg,2020,2,KVY,lap_deleted,TRACK LIMITS AT TURN 9,31.0,high
spielberg,2020,2,RAI,lap_deleted,TRACK LIMITS AT TURN 9,22.0,high
spielberg,2020,2,MAG,lap_deleted,TRACK LIMITS AT TURN 9,47.0,high
spielberg,2020,2,GRO,lap_deleted,TRACK LIMITS AT TURN 10,47.0,high
spielberg,2020,2,GRO,lap_deleted,TRACK LIMITS AT TURN 10,48.0,high
spielberg,2020,2,GIO,lap_deleted,TRACK LIMITS AT TURN 10,35.0,high
spielberg,2020,2,GIO,lap_deleted,TRACK LIMITS AT TURN 10,36.0,high
spielberg,2020,2,GIO,lap_deleted,TRACK LIMITS AT TURN 9,42.0,high
spielberg,2020,2,GIO,lap_deleted,TRACK LIMITS AT TURN 10,52.0,high
spielberg,2020,2,GIO,lap_deleted,TRACK LIMITS AT TURN 10,53.0,high
spielberg,2020,2,GAS,lap_deleted,TRACK LIMITS AT TURN 10,47.0,high
spielberg,2020,2,GAS,lap_deleted,TRACK LIMITS AT TURN 10,48.0,high
spielberg,2020,2,LAT,lap_deleted,TRACK LIMITS AT TURN 9,60.0,high
spielberg,2021,8,HAM,lap_deleted,TRACK LIMITS AT TURN 9,5.0,high
spielberg,2021,8,HAM,lap_deleted,TRACK LIMITS AT TURN 10,56.0,high
spielberg,2021,8,HAM,lap_deleted,TRACK LIMITS AT TURN 10,57.0,high
spielberg,2021,8,NOR,lap_deleted,TRACK LIMITS AT TURN 10,7.0,high
spielberg,2021,8,NOR,lap_deleted,TRACK LIMITS AT TURN 10,8.0,high
spielberg,2021,8,LEC,lap_deleted,TRACK LIMITS AT TURN 10,48.0,high
spielberg,2021,8,LEC,lap_deleted,TRACK LIMITS AT TURN 10,49.0,high
spielberg,2021,8,LEC,lap_deleted,TRACK LIMITS AT TURN 10,51.0,high
spielberg,2021,8,LEC,lap_deleted,TRACK LIMITS AT TURN 10,52.0,high
spielberg,2021,8,TSU,lap_deleted,TRACK LIMITS AT TURN 9,28.0,high
spielberg,2021,8,TSU,lap_deleted,TRACK LIMITS AT TURN 9,69.0,high
spielberg,2021,8,RAI,lap_deleted,TRACK LIMITS AT TURN 10,64.0,high
spielberg,2021,8,RAI,lap_deleted,TRACK LIMITS AT TURN 10,65.0,high
spielberg,2021,8,VET,lap_deleted,TRACK LIMITS AT TURN 10,66.0,high
spielberg,2021,8,VET,lap_deleted,TRACK LIMITS AT TURN 10,67.0,high
spielberg,2021,8,MAZ,lap_deleted,TRACK LIMITS AT TURN 9,28.0,high
spielberg,2021,9,SAI,lap_deleted,TRACK LIMITS AT TURN 10,34.0,high
spielberg,2021,9,SAI,lap_deleted,TRACK LIMITS AT TURN 10,35.0,high
spielberg,2021,9,RIC,lap_deleted,TRACK LIMITS AT TURN 10,68.0,high
spielberg,2021,9,RIC,lap_deleted,TRACK LIMITS AT TURN 10,69.0,high
spielberg,2021,9,LEC,lap_deleted,TRACK LIMITS AT TURN 10,60.0,high
spielberg,2021,9,LEC,lap_deleted,TRACK LIMITS AT TURN 10,61.0,high
spielberg,2021,9,LEC,lap_deleted,TRACK LIMITS AT TURN 10,64.0,high
spielberg,2021,9,LEC,lap_deleted,TRACK LIMITS AT TURN 10,65.0,high
spielberg,2021,9,GAS,lap_deleted,TRACK LIMITS AT TURN 10,28.0,high
spielberg,2021,9,GAS,lap_deleted,TRACK LIMITS AT TURN 10,29.0,high
spielberg,2021,9,GAS,lap_deleted,TRACK LIMITS AT TURN 10,67.0,high
spielberg,2021,9,GAS,lap_deleted,TRACK LIMITS AT TURN 10,68.0,high
spielberg,2021,9,GAS,lap_deleted,TRACK LIMITS AT TURN 9,71.0,high
spielberg,2021,9,ALO,lap_deleted,TRACK LIMITS AT TURN 10,59.0,high
spielberg,2021,9,ALO,lap_deleted,TRACK LIMITS AT TURN 10,60.0,high
spielberg,2021,9,ALO,lap_deleted,TRACK LIMITS AT TURN 10,61.0,high
spielberg,2021,9,TSU,lap_deleted,TRACK LIMITS AT TURN 10,21.0,high
spielberg,2021,9,TSU,lap_deleted,TRACK LIMITS AT TURN 10,22.0,high
spielberg,2021,9,TSU,lap_deleted,TRACK LIMITS AT TURN 10,31.0,high
spielberg,2021,9,TSU,lap_deleted,TRACK LIMITS AT TURN 10,32.0,high
spielberg,2021,9,GIO,lap_deleted,TRACK LIMITS AT TURN 9,27.0,high
spielberg,2021,9,RAI,lap_deleted,TRACK LIMITS AT TURN 10,35.0,high
spielberg,2021,9,RAI,lap_deleted,TRACK LIMITS AT TURN 10,36.0,high
spielberg,2021,9,RAI,lap_deleted,TRACK LIMITS AT TURN 10,57.0,high
spielberg,2021,9,RAI,lap_deleted,TRACK LIMITS AT TURN 10,58.0,high
spielberg,2021,9,RAI,lap_deleted,TRACK LIMITS AT TURN 10,59.0,high
spielberg,2021,9,VET,lap_deleted,TRACK LIMITS AT TURN 10,29.0,high
spielberg,2021,9,VET,lap_deleted,TRACK LIMITS AT TURN 10,30.0,high
spielberg,2021,9,MSC,lap_deleted,TRACK LIMITS AT TURN 9,63.0,high
spielberg,2021,9,MAZ,lap_deleted,TRACK LIMITS AT TURN 9,12.0,high
spielberg,2021,9,MAZ,lap_deleted,TRACK LIMITS AT TURN 9,20.0,high
spielberg,2021,9,MAZ,lap_deleted,TRACK LIMITS AT TURN 9,31.0,high
spielberg,2021,9,MAZ,lap_deleted,TRACK LIMITS AT TURN 9,46.0,high
spielberg,2022,11,VER,lap_deleted,TRACK LIMITS AT TURN 9 LAP 12 ,12.0,high
spielberg,2022,11,VER,lap_deleted,TRACK LIMITS AT TURN 10 LAP 24 ,24.0,high
spielberg,2022,11,VER,lap_deleted,TRACK LIMITS AT TURN 10 (NEXT LAP),25.0,high
spielberg,2022,11,GAS,lap_deleted,TRACK LIMITS AT TURN 9 LAP 6 ,6.0,high
spielberg,2022,11,GAS,lap_deleted,TRACK LIMITS AT TURN 10 LAP 18 ,18.0,high
spielberg,2022,11,GAS,lap_deleted,TRACK LIMITS AT TURN 10 (NEXT LAP),19.0,high
spielberg,2022,11,GAS,lap_deleted,TRACK LIMITS AT TURN 10 LAP 22 ,22.0,high
spielberg,2022,11,GAS,lap_deleted,TRACK LIMITS AT TURN 10 (NEXT LAP),23.0,high
spielberg,2022,11,GAS,lap_deleted,TRACK LIMITS AT TURN 1 LAP 31 ,31.0,high
spielberg,2022,11,PER,lap_deleted,TRACK LIMITS AT TURN 10 LAP 14 ,14.0,high
spielberg,2022,11,PER,lap_deleted,TRACK LIMITS AT TURN 9 LAP 15 ,15.0,high
spielberg,2022,11,LEC,lap_deleted,TRACK LIMITS AT TURN 9 LAP 9 ,9.0,high
spielberg,2022,11,LEC,lap_deleted,TRACK LIMITS AT TURN 10 LAP 10 ,10.0,high
spielberg,2022,11,LEC,lap_deleted,TRACK LIMITS AT TURN 10 (NEXT LAP),11.0,high
spielberg,2022,11,STR,lap_deleted,TRACK LIMITS AT TURN 10 LAP 17 ,17.0,high
spielberg,2022,11,STR,lap_deleted,TRACK LIMITS AT TURN 10 (NEXT LAP),18.0,high
spielberg,2022,11,STR,lap_deleted,TRACK LIMITS AT TURN 10 LAP 54 ,54.0,high
spielberg,2022,11,STR,lap_deleted,TRACK LIMITS AT TURN 10 (NEXT LAP),55.0,high
spielberg,2022,11,STR,lap_deleted,TRACK LIMITS AT TURN 9 LAP 60 ,60.0,high
spielberg,2022,11,MAG,lap_deleted,TRACK LIMITS AT TURN 9 LAP 23 ,23.0,high
spielberg,2022,11,MAG,lap_deleted,TRACK LIMITS AT TURN 10 LAP 38 ,38.0,high
spielberg,2022,11,MAG,lap_deleted,TRACK LIMITS AT TURN 10 (NEXT LAP),39.0,high
spielberg,2022,11,TSU,lap_deleted,TRACK LIMITS AT TURN 10 LAP 13 ,13.0,high
spielberg,2022,11,TSU,lap_deleted,TRACK LIMITS AT TURN 10 (NEXT LAP),14.0,high
spielberg,2022,11,TSU,lap_deleted,TRACK LIMITS AT TURN 1 LAP 20 ,20.0,high
spielberg,2022,11,ALB,lap_deleted,TRACK LIMITS AT TURN 10 LAP 22 ,22.0,high
spielberg,2022,11,ALB,lap_deleted,TRACK LIMITS AT TURN 10 (NEXT LAP),23.0,high
spielberg,2022,11,ALB,lap_deleted,TRACK LIMITS AT TURN 9 LAP 65 ,65.0,high
spielberg,2022,11,ZHO,lap_deleted,TRACK LIMITS AT TURN 10 LAP 10 ,10.0,high
spielberg,2022,11,ZHO,lap_deleted,TRACK LIMITS AT TURN 10 (NEXT LAP),11.0,high
spielberg,2022,11,ZHO,lap_deleted,TRACK LIMITS AT TURN 10 LAP 13 ,13.0,high
spielberg,2022,11,ZHO,lap_deleted,TRACK LIMITS AT TURN 10 (NEXT LAP),14.0,high
spielberg,2022,11,ZHO,lap_deleted,TRACK LIMITS AT TURN 1 LAP 35 ,35.0,high
spielberg,2022,11,ZHO,lap_deleted,TRACK LIMITS AT TURN 9 LAP 37 ,37.0,high
spielberg,2022,11,RIC,lap_deleted,TRACK LIMITS AT TURN 10 LAP 20 ,20.0,high
spielberg,2022,11,RIC,lap_deleted,TRACK LIMITS AT TURN 10 (NEXT LAP),21.0,high
spielberg,2022,11,RIC,lap_deleted,TRACK LIMITS AT TURN 9 LAP 47 ,47.0,high
spielberg,2022,11,NOR,lap_deleted,TRACK LIMITS AT TURN 10 LAP 7 ,7.0,high
spielberg,2022,11,NOR,lap_deleted,TRACK LIMITS AT TURN 10 (NEXT LAP),8.0,high
spielberg,2022,11,NOR,lap_deleted,TRACK LIMITS AT TURN 10 LAP 9 ,9.0,high
spielberg,2022,11,NOR,lap_deleted,TRACK LIMITS AT TURN 10 (NEXT LAP),10.0,high
spielberg,2022,11,NOR,lap_deleted,TRACK LIMITS AT TURN 1 LAP 31 ,31.0,high
spielberg,2022,11,NOR,lap_deleted,TRACK LIMITS AT TURN 10 (NEXT LAP),38.0,high
spielberg,2022,11,NOR,lap_deleted,TRACK LIMITS AT TURN 10 LAP 7 ,39.0,high
spielberg,2022,11,HAM,lap_deleted,TRACK LIMITS AT TURN 1 LAP 4 ,4.0,high
spielberg,2022,11,HAM,lap_deleted,TRACK LIMITS AT TURN 10 LAP 22 ,22.0,high
spielberg,2022,11,HAM,lap_deleted,TRACK LIMITS AT TURN 10 (NEXT LAP),23.0,high
spielberg,2022,11,HAM,lap_deleted,TRACK LIMITS AT TURN 10 LAP 41 ,41.0,high
spielberg,2022,11,HAM,lap_deleted,TRACK LIMITS AT TURN 10 (NEXT LAP),42.0,high
spielberg,2022,11,MSC,lap_deleted,TRACK LIMITS AT TURN 9 LAP 12 ,12.0,high
spielberg,2022,11,MSC,lap_deleted,TRACK LIMITS AT TURN 10 LAP 13 ,13.0,high
spielberg,2022,11,MSC,lap_deleted,TRACK LIMITS AT TURN 10 (NEXT LAP),14.0,high
spielberg,2022,11,MSC,lap_deleted,TRACK LIMITS AT TURN 1 LAP 52 ,52.0,high
spielberg,2022,11,VET,lap_deleted,TRACK LIMITS AT TURN 10 LAP 13 ,13.0,high
spielberg,2022,11,VET,lap_deleted,TRACK LIMITS AT TURN 10 (NEXT LAP),14.0,high
spielberg,2022,11,VET,lap_deleted,TRACK LIMITS AT TURN 10 LAP 37 ,37.0,high
spielberg,2022,11,VET,lap_deleted,TRACK LIMITS AT TURN 10 (NEXT LAP),38.0,high
spielberg,2022,11,VET,lap_deleted,TRACK LIMITS AT TURN 9 LAP 65 ,65.0,high
spielberg,2022,11,VET,lap_deleted,TRACK LIMITS AT TURN 10 LAP 70 ,70.0,high
spielberg,2022,11,SAI,lap_deleted,TRACK LIMITS AT TURN 9 LAP 11 ,11.0,high
spielberg,2022,11,SAI,lap_deleted,TRACK LIMITS AT TURN 10 LAP 13 ,13.0,high
spielberg,2022,11,SAI,lap_deleted,TRACK LIMITS AT TURN 10 (NEXT LAP),14.0,high
spielberg,2022,11,SAI,lap_deleted,TRACK LIMITS AT TURN 1 LAP 32 ,32.0,high
spielberg,2022,11,LAT,lap_deleted,TRACK LIMITS AT TURN 9 LAP 10 ,10.0,high
spielberg,2022,11,LAT,lap_deleted,TRACK LIMITS AT TURN 1 LAP 37 ,37.0,high
spielberg,2023,9,VER,lap_deleted,TRACK LIMITS AT TURN 10 LAP 65 ,65.0,high
spielberg,2023,9,VER,lap_deleted,TRACK LIMITS AT TURN 10 (NEXT LAP),66.0,high
spielberg,2023,9,GAS,lap_deleted,TRACK LIMITS AT TURN 10 LAP 6 ,6.0,high
spielberg,2023,9,GAS,lap_deleted,TRACK LIMITS AT TURN 10 (NEXT LAP),7.0,high
spielberg,2023,9,GAS,lap_deleted,TRACK LIMITS AT TURN 9 LAP 22 ,22.0,high
spielberg,2023,9,GAS,lap_deleted,TRACK LIMITS AT TURN 10 LAP 25 ,25.0,high
spielberg,2023,9,GAS,lap_deleted,TRACK LIMITS AT TURN 10 LAP 26 ,26.0,high
spielberg,2023,9,GAS,lap_deleted,TRACK LIMITS AT TURN 10 LAP 27 ,27.0,high
spielberg,2023,9,GAS,lap_deleted,TRACK LIMITS AT TURN 10 LAP 28 ,28.0,high
spielberg,2023,9,GAS,lap_deleted,TRACK LIMITS AT TURN 10 (NEXT LAP),29.0,high
spielberg,2023,9,PER,lap_deleted,TRACK LIMITS AT TURN 9 LAP 11 ,11.0,high
spielberg,2023,9,PER,lap_deleted,TRACK LIMITS AT TURN 10 LAP 17 ,17.0,high
spielberg,2023,9,PER,lap_deleted,TRACK LIMITS AT TURN 10 (NEXT LAP),18.0,high
spielberg,2023,9,PER,lap_deleted,TRACK LIMITS AT TURN 9 LAP 61 ,61.0,high
spielberg,2023,9,ALO,lap_deleted,TRACK LIMITS AT TURN 10 LAP 4 ,4.0,high
spielberg,2023,9,ALO,lap_deleted,TRACK LIMITS AT TURN 10 (NEXT LAP),5.0,high
spielberg,2023,9,LEC,lap_deleted,TRACK LIMITS AT TURN 9 LAP 5 ,5.0,high
spielberg,2023,9,LEC,lap_deleted,TRACK LIMITS AT TURN 9 LAP 5 ,8.0,high
spielberg,2023,9,LEC,lap_deleted,TRACK LIMITS AT TURN 9 LAP 5 ,32.0,high
spielberg,2023,9,STR,lap_deleted,TRACK LIMITS AT TURN 9 LAP 6 ,6.0,high
spielberg,2023,9,STR,lap_deleted,TRACK LIMITS AT TURN 9 LAP 10 ,10.0,high
spielberg,2023,9,STR,lap_deleted,TRACK LIMITS AT TURN 10 LAP 33 ,33.0,high
spielberg,2023,9,STR,lap_deleted,TRACK LIMITS AT TURN 10 (NEXT LAP),34.0,high
spielberg,2023,9,SAR,lap_deleted,TRACK LIMITS AT TURN 9 LAP 15 ,15.0,high
spielberg,2023,9,SAR,lap_deleted,TRACK LIMITS AT TURN 10 LAP 54 ,54.0,high
spielberg,2023,9,SAR,lap_deleted,TRACK LIMITS AT TURN 10 (NEXT LAP),55.0,high
spielberg,2023,9,SAR,lap_deleted,TRACK LIMITS AT TURN 9 LAP 57 ,57.0,high
spielberg,2023,9,MAG,lap_deleted,TRACK LIMITS AT TURN 10 LAP 28 ,28.0,high
spielberg,2023,9,MAG,lap_deleted,TRACK LIMITS AT TURN 10 (NEXT LAP),29.0,high
spielberg,2023,9,MAG,lap_deleted,TRACK LIMITS AT TURN 9 LAP 42 ,42.0,high
spielberg,2023,9,MAG,lap_deleted,TRACK LIMITS AT TURN 10 LAP 43 ,43.0,high
spielberg,2023,9,MAG,lap_deleted,TRACK LIMITS AT TURN 10 (NEXT LAP),44.0,high
spielberg,2023,9,MAG,lap_deleted,TRACK LIMITS AT TURN 9 LAP 57 ,57.0,high
spielberg,2023,9,DEV,lap_deleted,TRACK LIMITS AT TURN 9 LAP 5 ,5.0,high
spielberg,2023,9,DEV,lap_deleted,TRACK LIMITS AT TURN 9 LAP 21 ,21.0,high
spielberg,2023,9,TSU,lap_deleted,TRACK LIMITS AT TURN 10 LAP 5 ,5.0,high
spielberg,2023,9,TSU,lap_deleted,TRACK LIMITS AT TURN 9 LAP 6 ,6.0,high
spielberg,2023,9,TSU,lap_deleted,TRACK LIMITS AT TURN 9 LAP 8 ,8.0,high
spielberg,2023,9,TSU,lap_deleted,TRACK LIMITS AT TURN 10 LAP 9 ,9.0,high
spielberg,2023,9,TSU,lap_deleted,TRACK LIMITS AT TURN 10 (NEXT LAP),10.0,high
spielberg,2023,9,TSU,lap_deleted,TRACK LIMITS AT TURN 9 LAP 22 ,22.0,high
spielberg,2023,9,TSU,lap_deleted,TRACK LIMITS AT TURN 10 LAP 47 ,47.0,high
spielberg,2023,9,TSU,lap_deleted,TRACK LIMITS AT TURN 10 LAP 48 ,48.0,high
spielberg,2023,9,TSU,lap_deleted,TRACK LIMITS AT TURN 10 (NEXT LAP),49.0,high
spielberg,2023,9,TSU,lap_deleted,TRACK LIMITS AT TURN 10 LAP 62 ,62.0,high
spielberg,2023,9,TSU,lap_deleted,TRACK LIMITS AT TURN 10 (NEXT LAP),63.0,high
spielberg,2023,9,ALB,lap_deleted,TRACK LIMITS AT TURN 9 LAP 19 ,19.0,high
spielberg,2023,9,ALB,lap_deleted,TRACK LIMITS AT TURN 9 LAP 20 ,20.0,high
spielberg,2023,9,ALB,lap_deleted,TRACK LIMITS AT TURN 10 LAP 25 ,25.0,high
spielberg,2023,9,ALB,lap_deleted,TRACK LIMITS AT TURN 10 LAP 26 ,26.0,high
spielberg,2023,9,ALB,lap_deleted,TRACK LIMITS AT TURN 10 (NEXT LAP),27.0,high
spielberg,2023,9,ALB,lap_deleted,TRACK LIMITS AT TURN 10 LAP 28 ,28.0,high
spielberg,2023,9,ALB,lap_deleted,TRACK LIMITS AT TURN 10 (NEXT LAP),29.0,high
spielberg,2023,9,HUL,lap_deleted,TRACK LIMITS AT TURN 10 LAP 8 ,8.0,high
spielberg,2023,9,HUL,lap_deleted,TRACK LIMITS AT TURN 9 LAP 9 ,9.0,high
spielberg,2023,9,HUL,lap_deleted,TRACK LIMITS AT TURN 10 LAP 10 ,10.0,high
spielberg,2023,9,OCO,lap_deleted,TRACK LIMITS AT TURN 10 LAP 27 ,27.0,high
spielberg,2023,9,OCO,lap_deleted,TRACK LIMITS AT TURN 10 (NEXT LAP),28.0,high
spielberg,2023,9,OCO,lap_deleted,TRACK LIMITS AT TURN 9 LAP 38 ,38.0,high
spielberg,2023,9,OCO,lap_deleted,TRACK LIMITS AT TURN 10 LAP 58 ,58.0,high
spielberg,2023,9,OCO,lap_deleted,TRACK LIMITS AT TURN 10 (NEXT LAP),59.0,high
spielberg,2023,9,NOR,lap_deleted,TRACK LIMITS AT TURN 10 LAP 28 ,28.0,high
spielberg,2023,9,NOR,lap_deleted,TRACK LIMITS AT TURN 10 (NEXT LAP),29.0,high
spielberg,2023,9,NOR,lap_deleted,TRACK LIMITS AT TURN 10 LAP 64 ,64.0,high
spielberg,2023,9,NOR,lap_deleted,TRACK LIMITS AT TURN 10 (NEXT LAP),65.0,high
spielberg,2023,9,HAM,lap_deleted,TRACK LIMITS AT TURN 10 LAP 4 ,4.0,high
spielberg,2023,9,HAM,lap_deleted,TRACK LIMITS AT TURN 10 LAP 5 ,5.0,high
spielberg,2023,9,HAM,lap_deleted,TRACK LIMITS AT TURN 10 LAP 6 ,6.0,high
spielberg,2023,9,HAM,lap_deleted,TRACK LIMITS AT TURN 10 (NEXT LAP),7.0,high
spielberg,2023,9,HAM,lap_deleted,TRACK LIMITS AT TURN 10 LAP 8 ,8.0,high
spielberg,2023,9,HAM,lap_deleted,TRACK LIMITS AT TURN 10 LAP 9 ,9.0,high
spielberg,2023,9,HAM,lap_deleted,TRACK LIMITS AT TURN 10 (NEXT LAP),10.0,high
spielberg,2023,9,HAM,lap_deleted,TRACK LIMITS AT TURN 10 LAP 8 ,31.0,high
spielberg,2023,9,SAI,lap_deleted,TRACK LIMITS AT TURN 10 LAP 5 ,5.0,high
spielberg,2023,9,SAI,lap_deleted,TRACK LIMITS AT TURN 10 (NEXT LAP),6.0,high
spielberg,2023,9,SAI,lap_deleted,TRACK LIMITS AT TURN 10 LAP 8 ,8.0,high
spielberg,2023,9,SAI,lap_deleted,TRACK LIMITS AT TURN 10 (NEXT LAP),9.0,high
spielberg,2023,9,SAI,lap_deleted,TRACK LIMITS AT TURN 9 LAP 10 ,10.0,high
spielberg,2023,9,SAI,lap_deleted,TRACK LIMITS AT TURN 9 LAP 11 ,11.0,high
spielberg,2023,9,SAI,lap_deleted,TRACK LIMITS AT TURN 9 LAP 17 ,17.0,high
spielberg,2023,9,BOT,lap_deleted,TRACK LIMITS AT TURN 9 LAP 5 ,5.0,high
spielberg,2023,9,PIA,lap_deleted,TRACK LIMITS AT TURN 9 LAP 12 ,12.0,high
spielberg,2024,11,PIA,lap_deleted,TRACK LIMITS AT TURN 1 LAP 70 ,70.0,high
spielberg,2024,11,VER,lap_deleted,TRACK LIMITS AT TURN 3 LAP 63 ,63.0,high
spielberg,2024,11,VER,lap_deleted,TRACK LIMITS AT TURN 3 LAP 64 ,64.0,high
spielberg,2024,11,HUL,lap_deleted,TRACK LIMITS AT TURN 3 LAP 12 ,12.0,high
spielberg,2024,11,PER,lap_deleted,TRACK LIMITS AT TURN 1 LAP 21 ,21.0,high
spielberg,2024,11,GAS,lap_deleted,TRACK LIMITS AT TURN 3 LAP 35 ,35.0,high
spielberg,2024,11,LEC,lap_deleted,TRACK LIMITS AT TURN 6 LAP 46 ,46.0,high
spielberg,2024,11,TSU,lap_deleted,TRACK LIMITS AT TURN 1 LAP 36 ,36.0,high
spielberg,2024,11,ZHO,lap_deleted,TRACK LIMITS AT TURN 3 LAP 20 ,20.0,high
spielberg,2024,11,SAR,lap_deleted,TRACK LIMITS AT TURN 6 LAP 58 ,58.0,high
spielberg,2024,11,NOR,lap_deleted,TRACK LIMITS AT TURN 3 LAP 10 ,10.0,high
spielberg,2024,11,NOR,lap_deleted,TRACK LIMITS AT TURN 1 LAP 56 ,56.0,high
spielberg,2024,11,NOR,lap_deleted,TRACK LIMITS AT TURN 3 LAP 59 ,59.0,high
spielberg,2024,11,NOR,lap_deleted,TRACK LIMITS AT TURN 3 LAP 64 ,64.0,high
spielberg,2025,11,NOR,lap_deleted,TRACK LIMITS AT TURN 10 LAP 14 ,14.0,high
spielberg,2025,11,PIA,lap_deleted,TRACK LIMITS AT TURN 1 LAP 48 ,48.0,high
spielberg,2025,11,PIA,lap_deleted,TRACK LIMITS AT TURN 1 LAP 70 ,70.0,high
spielberg,2025,11,LEC,lap_deleted,TRACK LIMITS AT TURN 1 LAP 17 ,17.0,high
spielberg,2025,11,HAM,lap_deleted,TRACK LIMITS AT TURN 3 LAP 48 ,48.0,high
spielberg,2025,11,ALO,lap_deleted,TRACK LIMITS AT TURN 1 LAP 29 ,29.0,high
spielberg,2025,11,OCO,lap_deleted,TRACK LIMITS AT TURN 3 LAP 27 ,27.0,high
spielberg,2025,11,BEA,lap_deleted,TRACK LIMITS AT TURN 3 LAP 4 ,4.0,high
spielberg,2025,11,BEA,lap_deleted,TRACK LIMITS AT TURN 1 LAP 29 ,29.0,high
spielberg,2025,11,STR,lap_deleted,TRACK LIMITS AT TURN 3 LAP 15 ,15.0,high
spielberg,2025,11,COL,lap_deleted,TRACK LIMITS AT TURN 1 LAP 31 ,31.0,high
spielberg,2026,8,NOR,lap_deleted,TRACK LIMITS AT TURN 9 LAP 7 ,7.0,high
spielberg,2026,8,NOR,lap_deleted,TRACK LIMITS AT TURN 3 LAP 22 ,22.0,high
spielberg,2026,8,NOR,lap_deleted,TRACK LIMITS AT TURN 3 LAP 67 ,67.0,high
spielberg,2026,8,GAS,lap_deleted,TRACK LIMITS AT TURN 3 LAP 64 ,64.0,high
spielberg,2026,8,ANT,lap_deleted,TRACK LIMITS AT TURN 1 LAP 2 ,2.0,high
spielberg,2026,8,ANT,lap_deleted,TRACK LIMITS AT TURN 3 LAP 22 ,22.0,high
spielberg,2026,8,ANT,lap_deleted,TRACK LIMITS AT TURN 3 LAP 40 ,40.0,high
spielberg,2026,8,LEC,lap_deleted,TRACK LIMITS AT TURN 1 LAP 2 ,2.0,high
spielberg,2026,8,STR,lap_deleted,TRACK LIMITS AT TURN 1 LAP 7 ,7.0,high
spielberg,2026,8,STR,lap_deleted,TRACK LIMITS AT TURN 3 LAP 21 ,21.0,high
spielberg,2026,8,ALB,lap_deleted,TRACK LIMITS AT TURN 3 LAP 19 ,19.0,high
spielberg,2026,8,VER,lap_deleted,TRACK LIMITS AT TURN 6 LAP 11 ,11.0,high
spielberg,2026,8,OCO,lap_deleted,TRACK LIMITS AT TURN 10 LAP 64 ,64.0,high
spielberg,2026,8,OCO,lap_deleted,TRACK LIMITS AT TURN 10 (NEXT LAP),65.0,high
spielberg,2026,8,BOR,lap_deleted,TRACK LIMITS AT TURN 8 LAP 65 ,65.0,high
spielberg,2026,8,RUS,lap_deleted,TRACK LIMITS AT TURN 1 LAP 57 ,57.0,high
spielberg,2026,8,PIA,lap_deleted,TRACK LIMITS AT TURN 1 LAP 36 ,36.0,high
suzuka,2023,16,NOR,lap_deleted,TRACK LIMITS AT TURN 2 LAP 28 ,28.0,high
suzuka,2023,16,PIA,lap_deleted,TRACK LIMITS AT TURN 14 LAP 31 ,31.0,high
suzuka,2023,16,PIA,lap_deleted,TRACK LIMITS AT TURN 9 LAP 44 ,44.0,high
suzuka,2023,16,LEC,lap_deleted,TRACK LIMITS AT TURN 2 LAP 45 ,45.0,high
suzuka,2023,16,HAM,lap_deleted,TRACK LIMITS AT TURN 14 LAP 16 ,16.0,high
suzuka,2023,16,HAM,lap_deleted,TRACK LIMITS AT TURN 14 LAP 53 ,53.0,high
suzuka,2023,16,RUS,lap_deleted,TRACK LIMITS AT TURN 13 LAP 16 ,16.0,high
suzuka,2023,16,RUS,lap_deleted,TRACK LIMITS AT TURN 14 LAP 28 ,28.0,high
suzuka,2023,16,RUS,lap_deleted,TRACK LIMITS AT TURN 14 LAP 33 ,33.0,high
suzuka,2023,16,ALO,lap_deleted,TRACK LIMITS AT TURN 9 LAP 9 ,9.0,high
suzuka,2023,16,TSU,lap_deleted,TRACK LIMITS AT TURN 14 LAP 46 ,46.0,high
suzuka,2023,16,MAG,lap_deleted,TRACK LIMITS AT TURN 9 LAP 10 ,10.0,high
suzuka,2023,16,ALB,lap_deleted,TRACK LIMITS AT TURN 14 LAP 21 ,21.0,high
suzuka,2023,16,PER,lap_deleted,TRACK LIMITS AT TURN 14 LAP 11 ,11.0,high
suzuka,2024,4,PER,lap_deleted,TRACK LIMITS AT TURN 9 LAP 6 ,6.0,high
suzuka,2024,4,SAI,lap_deleted,TRACK LIMITS AT TURN 17 LAP 35 ,35.0,high
suzuka,2024,4,LEC,lap_deleted,TRACK LIMITS AT TURN 9 LAP 26 ,26.0,high
suzuka,2024,4,NOR,lap_deleted,TRACK LIMITS AT TURN 9 LAP 22 ,22.0,high
suzuka,2024,4,PIA,lap_deleted,TRACK LIMITS AT TURN 17 LAP 30 ,30.0,high
suzuka,2024,4,PIA,lap_deleted,TRACK LIMITS AT TURN 17 LAP 49 ,49.0,high
suzuka,2024,4,HAM,lap_deleted,TRACK LIMITS AT TURN 14 LAP 45 ,45.0,high
suzuka,2024,4,SAR,lap_deleted,TRACK LIMITS AT TURN 14 LAP 11 ,11.0,high
suzuka,2024,4,SAR,lap_deleted,TRACK LIMITS AT TURN 9 LAP 41 ,41.0,high
suzuka,2024,4,SAR,lap_deleted,TRACK LIMITS AT TURN 9 LAP 52 ,52.0,high
suzuka,2025,3,NOR,lap_deleted,TRACK LIMITS AT TURN 17 LAP 53 ,53.0,high
suzuka,2025,3,RUS,lap_deleted,TRACK LIMITS AT TURN 17 LAP 33 ,33.0,high
suzuka,2025,3,ANT,lap_deleted,TRACK LIMITS AT TURN 17 LAP 2 ,2.0,high
suzuka,2025,3,ANT,lap_deleted,TRACK LIMITS AT TURN 17 LAP 47 ,47.0,high
suzuka,2025,3,TSU,lap_deleted,TRACK LIMITS AT TURN 17 LAP 26 ,26.0,high
suzuka,2025,3,GAS,lap_deleted,TRACK LIMITS AT TURN 17 LAP 53 ,53.0,high
suzuka,2025,3,SAI,lap_deleted,TRACK LIMITS AT TURN 17 LAP 15 ,15.0,high
suzuka,2025,3,SAI,lap_deleted,TRACK LIMITS AT TURN 17 LAP 25 ,25.0,high
suzuka,2026,3,PER,lap_deleted,TRACK LIMITS AT TURN 13 LAP 20 ,20.0,high
suzuka,2026,3,ALO,lap_deleted,TRACK LIMITS AT TURN 17 LAP 49 ,49.0,high
suzuka,2026,3,LIN,lap_deleted,TRACK LIMITS AT TURN 17 LAP 30 ,30.0,high
suzuka,2026,3,COL,lap_deleted,TRACK LIMITS AT TURN 13 LAP 21 ,21.0,high
suzuka,2026,3,HAM,lap_deleted,TRACK LIMITS AT TURN 17 LAP 44 ,44.0,high
suzuka,2026,3,BEA,lap_deleted,TRACK LIMITS AT TURN 13 LAP 11 ,11.0,high
yas_island,2020,17,LEC,lap_deleted,TRACK LIMITS AT TURN 21,17.0,high
yas_island,2020,17,LEC,lap_deleted,TRACK LIMITS AT TURN 21,18.0,high
yas_island,2020,17,LEC,lap_deleted,TRACK LIMITS AT TURN 21,30.0,high
yas_island,2020,17,LEC,lap_deleted,TRACK LIMITS AT TURN 21,31.0,high
yas_island,2020,17,LEC,lap_deleted,TRACK LIMITS AT TURN 21,45.0,high
yas_island,2020,17,LEC,lap_deleted,TRACK LIMITS AT TURN 21,46.0,high
yas_island,2020,17,NOR,lap_deleted,TRACK LIMITS AT TURN 21,41.0,high
yas_island,2020,17,NOR,lap_deleted,TRACK LIMITS AT TURN 21,42.0,high
yas_island,2020,17,NOR,lap_deleted,TRACK LIMITS AT TURN 21,47.0,high
yas_island,2020,17,NOR,lap_deleted,TRACK LIMITS AT TURN 21,48.0,high
yas_island,2020,17,HAM,lap_deleted,TRACK LIMITS AT TURN 21,39.0,high
yas_island,2020,17,HAM,lap_deleted,TRACK LIMITS AT TURN 21,40.0,high
yas_island,2020,17,VET,lap_deleted,TRACK LIMITS AT TURN 21,42.0,high
yas_island,2020,17,VET,lap_deleted,TRACK LIMITS AT TURN 21,43.0,high
yas_island,2020,17,LAT,lap_deleted,TRACK LIMITS AT TURN 21,39.0,high
yas_island,2020,17,LAT,lap_deleted,TRACK LIMITS AT TURN 21,40.0,high
yas_island,2021,22,LEC,lap_deleted,TRACK LIMITS AT TURN 16,41.0,high
yas_island,2021,22,LEC,lap_deleted,TRACK LIMITS AT TURN 16,42.0,high
yas_island,2021,22,STR,lap_deleted,TRACK LIMITS AT TURN 15,4.0,high
yas_island,2021,22,STR,lap_deleted,TRACK LIMITS AT TURN 16,45.0,high
yas_island,2021,22,STR,lap_deleted,TRACK LIMITS AT TURN 16,46.0,high
yas_island,2021,22,VER,lap_deleted,TRACK LIMITS AT TURN 15,16.0,high
yas_island,2021,22,MSC,lap_deleted,TRACK LIMITS AT TURN 7,3.0,high
yas_island,2021,22,VET,lap_deleted,TRACK LIMITS AT TURN 16,17.0,high
yas_island,2021,22,VET,lap_deleted,TRACK LIMITS AT TURN 16,18.0,high
yas_island,2021,22,VET,lap_deleted,TRACK LIMITS AT TURN 16,30.0,high
yas_island,2021,22,VET,lap_deleted,TRACK LIMITS AT TURN 16,31.0,high
yas_island,2021,22,LAT,lap_deleted,TRACK LIMITS AT TURN 16,50.0,high
yas_island,2022,22,LEC,lap_deleted,TRACK LIMITS AT TURN 1 LAP 6 ,6.0,high
yas_island,2022,22,PER,lap_deleted,TRACK LIMITS AT TURN 1 LAP 14 ,14.0,high
yas_island,2022,22,PER,lap_deleted,TRACK LIMITS AT TURN 1 LAP 38 ,38.0,high
yas_island,2022,22,SAI,lap_deleted,TRACK LIMITS AT TURN 1 LAP 5 ,5.0,high
yas_island,2022,22,SAI,lap_deleted,TRACK LIMITS AT TURN 1 LAP 25 ,25.0,high
yas_island,2022,22,RUS,lap_deleted,TRACK LIMITS AT TURN 1 LAP 28 ,28.0,high
yas_island,2022,22,NOR,lap_deleted,TRACK LIMITS AT TURN 1 LAP 5 ,5.0,high
yas_island,2022,22,NOR,lap_deleted,TRACK LIMITS AT TURN 1 LAP 42 ,42.0,high
yas_island,2022,22,STR,lap_deleted,TRACK LIMITS AT TURN 1 LAP 15 ,15.0,high
yas_island,2022,22,STR,lap_deleted,TRACK LIMITS AT TURN 9 LAP 43 ,43.0,high
yas_island,2022,22,VET,lap_deleted,TRACK LIMITS AT TURN 9 LAP 8 ,8.0,high
yas_island,2022,22,VET,lap_deleted,TRACK LIMITS AT TURN 1 LAP 15 ,15.0,high
yas_island,2022,22,ZHO,lap_deleted,TRACK LIMITS AT TURN 1 LAP 38 ,38.0,high
yas_island,2022,22,ALB,lap_deleted,TRACK LIMITS AT TURN 3 LAP 33 ,33.0,high
yas_island,2022,22,GAS,lap_deleted,TRACK LIMITS AT TURN 16 LAP 17 ,17.0,high
yas_island,2022,22,GAS,lap_deleted,TRACK LIMITS AT TURN 16 (NEXT LAP),18.0,high
yas_island,2022,22,GAS,lap_deleted,TRACK LIMITS AT TURN 3 LAP 22 ,22.0,high
yas_island,2022,22,GAS,lap_deleted,TRACK LIMITS AT TURN 6 LAP 57 ,57.0,high
yas_island,2022,22,MSC,lap_deleted,TRACK LIMITS AT TURN 1 LAP 2 ,2.0,high
yas_island,2022,22,MAG,lap_deleted,TRACK LIMITS AT TURN 3 LAP 19 ,19.0,high
yas_island,2022,22,MAG,lap_deleted,TRACK LIMITS AT TURN 1 LAP 53 ,53.0,high
yas_island,2022,22,HAM,lap_deleted,TRACK LIMITS AT TURN 1 LAP 7 ,7.0,high
yas_island,2022,22,HAM,lap_deleted,TRACK LIMITS AT TURN 1 LAP 12 ,12.0,high
yas_island,2022,22,HAM,lap_deleted,TRACK LIMITS AT TURN 1 LAP 51 ,51.0,high
yas_island,2022,22,ALO,lap_deleted,TRACK LIMITS AT TURN 1 LAP 15 ,15.0,high
yas_island,2023,22,VER,lap_deleted,TRACK LIMITS AT TURN 1 LAP 23 ,23.0,high
yas_island,2023,22,LEC,lap_deleted,TRACK LIMITS AT TURN 1 LAP 10 ,10.0,high
yas_island,2023,22,LEC,lap_deleted,TRACK LIMITS AT TURN 16 LAP 29 ,28.0,high
yas_island,2023,22,LEC,lap_deleted,TRACK LIMITS AT TURN 16 LAP 29 ,29.0,high
yas_island,2023,22,RUS,lap_deleted,TRACK LIMITS AT TURN 1 LAP 54 ,54.0,high
yas_island,2023,22,PER,lap_deleted,TRACK LIMITS AT TURN 1 LAP 41 ,41.0,high
yas_island,2023,22,NOR,lap_deleted,TRACK LIMITS AT TURN 1 LAP 9 ,9.0,high
yas_island,2023,22,NOR,lap_deleted,TRACK LIMITS AT TURN 12 LAP 31 ,31.0,high
yas_island,2023,22,NOR,lap_deleted,TRACK LIMITS AT TURN 6 LAP 47 ,47.0,high
yas_island,2023,22,PIA,lap_deleted,TRACK LIMITS AT TURN 4 LAP 15 ,15.0,high
yas_island,2023,22,PIA,lap_deleted,TRACK LIMITS AT TURN 1 LAP 31 ,31.0,high
yas_island,2023,22,ALO,lap_deleted,TRACK LIMITS AT TURN 1 LAP 33 ,33.0,high
yas_island,2023,22,TSU,lap_deleted,TRACK LIMITS AT TURN 16 LAP 15 ,15.0,high
yas_island,2023,22,TSU,lap_deleted,TRACK LIMITS AT TURN 16 (NEXT LAP),16.0,high
yas_island,2023,22,TSU,lap_deleted,TRACK LIMITS AT TURN 1 LAP 17 ,17.0,high
yas_island,2023,22,HAM,lap_deleted,TRACK LIMITS AT TURN 1 LAP 14 ,14.0,high
yas_island,2023,22,STR,lap_deleted,TRACK LIMITS AT TURN 1 LAP 14 ,14.0,high
yas_island,2023,22,STR,lap_deleted,TRACK LIMITS AT TURN 1 LAP 32 ,32.0,high
yas_island,2023,22,RIC,lap_deleted,TRACK LIMITS AT TURN 1 LAP 5 ,5.0,high
yas_island,2023,22,RIC,lap_deleted,TRACK LIMITS AT TURN 1 LAP 31 ,31.0,high
yas_island,2023,22,GAS,lap_deleted,TRACK LIMITS AT TURN 4 LAP 41 ,41.0,high
yas_island,2023,22,GAS,lap_deleted,TRACK LIMITS AT TURN 4 LAP 43 ,43.0,high
yas_island,2023,22,ALB,lap_deleted,TRACK LIMITS AT TURN 7 LAP 2 ,2.0,high
yas_island,2023,22,ALB,lap_deleted,TRACK LIMITS AT TURN 4 LAP 14 ,14.0,high
yas_island,2023,22,ALB,lap_deleted,TRACK LIMITS AT TURN 4 LAP 31 ,31.0,high
yas_island,2023,22,ALB,lap_deleted,TRACK LIMITS AT TURN 4 LAP 32 ,32.0,high
yas_island,2023,22,HUL,lap_deleted,TRACK LIMITS AT TURN 1 LAP 11 ,11.0,high
yas_island,2023,22,SAR,lap_deleted,TRACK LIMITS AT TURN 7 LAP 2 ,2.0,high
yas_island,2023,22,SAR,lap_deleted,TRACK LIMITS AT TURN 4 LAP 10 ,10.0,high
yas_island,2023,22,ZHO,lap_deleted,TRACK LIMITS AT TURN 1 LAP 12 ,12.0,high
yas_island,2023,22,SAI,lap_deleted,TRACK LIMITS AT TURN 1 LAP 6 ,6.0,high
yas_island,2023,22,SAI,lap_deleted,TRACK LIMITS AT TURN 1 LAP 30 ,30.0,high
yas_island,2023,22,MAG,lap_deleted,TRACK LIMITS AT TURN 4 LAP 23 ,23.0,high
yas_island,2024,24,VER,lap_deleted,TRACK LIMITS AT TURN 1 LAP 9 ,9.0,high
yas_island,2024,24,GAS,lap_deleted,TRACK LIMITS AT TURN 1 LAP 37 ,37.0,high
yas_island,2024,24,ALO,lap_deleted,TRACK LIMITS AT TURN 1 LAP 10 ,10.0,high
yas_island,2024,24,LEC,lap_deleted,TRACK LIMITS AT TURN 1 LAP 10 ,10.0,high
yas_island,2024,24,LEC,lap_deleted,TRACK LIMITS AT TURN 1 LAP 56 ,56.0,high
yas_island,2024,24,STR,lap_deleted,TRACK LIMITS AT TURN 1 LAP 9 ,9.0,high
yas_island,2024,24,STR,lap_deleted,TRACK LIMITS AT TURN 1 LAP 15 ,15.0,high
yas_island,2024,24,STR,lap_deleted,TRACK LIMITS AT TURN 1 LAP 16 ,16.0,high
yas_island,2024,24,STR,lap_deleted,TRACK LIMITS AT TURN 1 LAP 56 ,56.0,high
yas_island,2024,24,MAG,lap_deleted,TRACK LIMITS AT TURN 6 LAP 30 ,30.0,high
yas_island,2024,24,MAG,lap_deleted,TRACK LIMITS AT TURN 1 LAP 46 ,46.0,high
yas_island,2024,24,TSU,lap_deleted,TRACK LIMITS AT TURN 1 LAP 4 ,4.0,high
yas_island,2024,24,TSU,lap_deleted,TRACK LIMITS AT TURN 1 LAP 13 ,13.0,high
yas_island,2024,24,TSU,lap_deleted,TRACK LIMITS AT TURN 1 LAP 28 ,28.0,high
yas_island,2024,24,ALB,lap_deleted,TRACK LIMITS AT TURN 1 LAP 24 ,24.0,high
yas_island,2024,24,LAW,lap_deleted,TRACK LIMITS AT TURN 1 LAP 9 ,9.0,high
yas_island,2024,24,LAW,lap_deleted,TRACK LIMITS AT TURN 1 LAP 10 ,10.0,high
yas_island,2024,24,HAM,lap_deleted,TRACK LIMITS AT TURN 1 LAP 49 ,49.0,high
yas_island,2024,24,SAI,lap_deleted,TRACK LIMITS AT TURN 1 LAP 24 ,24.0,high
yas_island,2024,24,DOO,lap_deleted,TRACK LIMITS AT TURN 1 LAP 10 ,10.0,high
yas_island,2024,24,DOO,lap_deleted,TRACK LIMITS AT TURN 1 LAP 24 ,24.0,high
yas_island,2024,24,DOO,lap_deleted,TRACK LIMITS AT TURN 1 LAP 42 ,42.0,high
yas_island,2024,24,RUS,lap_deleted,TRACK LIMITS AT TURN 1 LAP 36 ,36.0,high
yas_island,2024,24,RUS,lap_deleted,TRACK LIMITS AT TURN 1 LAP 52 ,52.0,high
yas_island,2024,24,PIA,lap_deleted,TRACK LIMITS AT TURN 1 LAP 14 ,14.0,high
yas_island,2024,24,PIA,lap_deleted,TRACK LIMITS AT TURN 1 LAP 29 ,29.0,high
yas_island,2024,24,PIA,lap_deleted,TRACK LIMITS AT TURN 11 LAP 45 ,45.0,high
yas_island,2025,24,VER,lap_deleted,TRACK LIMITS AT TURN 1 LAP 45 ,45.0,high
yas_island,2025,24,VER,lap_deleted,TRACK LIMITS AT TURN 1 LAP 51 ,51.0,high
yas_island,2025,24,PIA,lap_deleted,TRACK LIMITS AT TURN 1 LAP 30 ,30.0,high
yas_island,2025,24,LEC,lap_deleted,TRACK LIMITS AT TURN 1 LAP 9 ,9.0,high
yas_island,2025,24,LEC,lap_deleted,TRACK LIMITS AT TURN 6 LAP 52 ,52.0,high
yas_island,2025,24,OCO,lap_deleted,TRACK LIMITS AT TURN 1 LAP 44 ,42.0,high
yas_island,2025,24,OCO,lap_deleted,TRACK LIMITS AT TURN 1 LAP 44 ,44.0,high
yas_island,2025,24,HAM,lap_deleted,TRACK LIMITS AT TURN 1 LAP 5 ,5.0,high
yas_island,2025,24,HAM,lap_deleted,TRACK LIMITS AT TURN 1 LAP 25 ,25.0,high
yas_island,2025,24,HAM,lap_deleted,TRACK LIMITS AT TURN 1 LAP 27 ,27.0,high
yas_island,2025,24,HUL,lap_deleted,TRACK LIMITS AT TURN 1 LAP 29 ,4.0,high
yas_island,2025,24,HUL,lap_deleted,TRACK LIMITS AT TURN 1 LAP 22 ,22.0,high
yas_island,2025,24,HUL,lap_deleted,TRACK LIMITS AT TURN 1 LAP 29 ,29.0,high
yas_island,2025,24,STR,lap_deleted,TRACK LIMITS AT TURN 1 LAP 28 ,28.0,high
yas_island,2025,24,BOR,lap_deleted,TRACK LIMITS AT TURN 1 LAP 39 ,39.0,high
yas_island,2025,24,BOR,lap_deleted,TRACK LIMITS AT TURN 1 LAP 46 ,46.0,high
yas_island,2025,24,BEA,lap_deleted,TRACK LIMITS AT TURN 1 LAP 11 ,11.0,high
yas_island,2025,24,SAI,lap_deleted,TRACK LIMITS AT TURN 1 LAP 14 ,14.0,high
yas_island,2025,24,TSU,lap_deleted,TRACK LIMITS AT TURN 1 LAP 8 ,8.0,high
yas_island,2025,24,TSU,lap_deleted,TRACK LIMITS AT TURN 1 LAP 9 ,9.0,high
yas_island,2025,24,ANT,lap_deleted,TRACK LIMITS AT TURN 1 LAP 19 ,19.0,high
yas_island,2025,24,ANT,lap_deleted,TRACK LIMITS AT TURN 1 LAP 25 ,25.0,high
yas_island,2025,24,ANT,lap_deleted,TRACK LIMITS AT TURN 1 LAP 26 ,26.0,high
yas_island,2025,24,ALB,lap_deleted,TRACK LIMITS AT TURN 1 LAP 17 ,17.0,high
yas_island,2025,24,ALB,lap_deleted,TRACK LIMITS AT TURN 1 LAP 19 ,19.0,high
yas_island,2025,24,ALB,lap_deleted,TRACK LIMITS AT TURN 1 LAP 53 ,53.0,high
yas_island,2025,24,HAD,lap_deleted,TRACK LIMITS AT TURN 6 LAP 23 ,9.0,high
yas_island,2025,24,HAD,lap_deleted,TRACK LIMITS AT TURN 6 LAP 23 ,23.0,high
yas_island,2025,24,HAD,lap_deleted,TRACK LIMITS AT TURN 1 LAP 41 ,41.0,high
yas_island,2025,24,LAW,lap_deleted,TRACK LIMITS AT TURN 1 LAP 4 ,4.0,high
yas_island,2025,24,LAW,lap_deleted,TRACK LIMITS AT TURN 1 LAP 5 ,5.0,high
yas_island,2025,24,LAW,lap_deleted,TRACK LIMITS AT TURN 7 LAP 21 ,21.0,high
yas_island,2025,24,GAS,lap_deleted,TRACK LIMITS AT TURN 6 LAP 2 ,2.0,high
yas_island,2025,24,GAS,lap_deleted,TRACK LIMITS AT TURN 1 LAP 11 ,11.0,high
yas_island,2025,24,GAS,lap_deleted,TRACK LIMITS AT TURN 4 LAP 24 ,24.0,high
yas_island,2025,24,GAS,lap_deleted,TRACK LIMITS AT TURN 4 LAP 44 ,44.0,high
yas_island,2025,24,COL,lap_deleted,TRACK LIMITS AT TURN 1 LAP 25 ,25.0,high
yas_island,2025,24,COL,lap_deleted,TRACK LIMITS AT TURN 1 LAP 26 ,26.0,high
yas_island,2025,24,COL,lap_deleted,TRACK LIMITS AT TURN 1 LAP 29 ,29.0,high
zandvoort,2022,15,VER,lap_deleted,TRACK LIMITS AT TURN 3 LAP 41 ,41.0,high
zandvoort,2022,15,GAS,lap_deleted,TRACK LIMITS AT TURN 3 LAP 12 ,12.0,high
zandvoort,2022,15,LEC,lap_deleted,TRACK LIMITS AT TURN 3 LAP 27 ,27.0,high
zandvoort,2022,15,LEC,lap_deleted,TRACK LIMITS AT TURN 3 LAP 27 ,36.0,high
zandvoort,2022,15,OCO,lap_deleted,TRACK LIMITS AT TURN 3 LAP 20 ,20.0,high
zandvoort,2022,15,MSC,lap_deleted,TRACK LIMITS AT TURN 3 LAP 30 ,30.0,high
zandvoort,2022,15,VET,lap_deleted,TRACK LIMITS AT TURN 3 LAP 11 ,11.0,high
zandvoort,2022,15,LAT,lap_deleted,TRACK LIMITS AT TURN 3 LAP 17 ,17.0,high
zandvoort,2023,13,GAS,lap_deleted,TRACK LIMITS AT TURN 3 LAP 6 ,6.0,high
zandvoort,2024,15,SAI,lap_deleted,TRACK LIMITS AT TURN 1 LAP 45 ,45.0,high
zandvoort,2024,15,GAS,lap_deleted,TRACK LIMITS AT TURN 3 LAP 36 ,36.0,high
zandvoort,2024,15,MAG,lap_deleted,TRACK LIMITS AT TURN 1 LAP 3 ,3.0,high
zandvoort,2024,15,ZHO,lap_deleted,TRACK LIMITS AT TURN 3 LAP 64 ,64.0,high
zandvoort,2025,15,GAS,lap_deleted,TRACK LIMITS AT TURN 12 LAP 69 ,4.0,high
zandvoort,2025,15,GAS,lap_deleted,TRACK LIMITS AT TURN 12 LAP 69 ,69.0,high
zandvoort,2025,15,ALO,lap_deleted,TRACK LIMITS AT TURN 3 LAP 19 ,19.0,high
zandvoort,2025,15,LEC,lap_deleted,TRACK LIMITS AT TURN 3 LAP 2 ,2.0,high
zandvoort,2025,15,LEC,lap_deleted,TRACK LIMITS AT TURN 12 LAP 32 ,32.0,high
zandvoort,2025,15,HUL,lap_deleted,TRACK LIMITS AT TURN 3 LAP 69 ,69.0,high
zandvoort,2025,15,COL,lap_deleted,TRACK LIMITS AT TURN 3 LAP 21 ,21.0,high
zandvoort,2025,15,SAI,lap_deleted,TRACK LIMITS AT TURN 3 LAP 69 ,69.0,high
zandvoort,2025,15,RUS,lap_deleted,TRACK LIMITS AT TURN 3 LAP 13 ,13.0,high
zandvoort,2026,12,PER,lap_deleted,TRACK LIMITS AT TURN 3 LAP 57 ,57.0,high
zandvoort,2026,12,STR,lap_deleted,TRACK LIMITS AT TURN 3 LAP 20 ,20.0,high
zandvoort,2026,12,TSU,lap_deleted,TRACK LIMITS AT TURN 13 LAP 43 ,43.0,high
zandvoort,2026,12,ALB,lap_deleted,TRACK LIMITS AT TURN 1 LAP 65 ,65.0,high
zandvoort,2026,12,HUL,lap_deleted,TRACK LIMITS AT TURN 3 LAP 5 ,5.0,high
zandvoort,2026,12,HUL,lap_deleted,TRACK LIMITS AT TURN 3 LAP 40 ,40.0,high
zandvoort,2026,12,OCO,lap_deleted,TRACK LIMITS AT TURN 3 LAP 52 ,52.0,high
zandvoort,2026,12,LIN,lap_deleted,TRACK LIMITS AT TURN 3 LAP 6 ,6.0,high
zandvoort,2026,12,SAI,lap_deleted,TRACK LIMITS AT TURN 3 LAP 47 ,47.0,high
zandvoort,2026,12,PIA,lap_deleted,TRACK LIMITS AT TURN 11 LAP 37 ,37.0,high
austin,2018,18,RIC,race_control_message,CAR 3 (RIC) STOPPED AT TURN 11,9.0,medium
austin,2018,18,STR,race_control_message,WAVED BLUE FLAG FOR CAR 18 (STR) TIMED AT 13:43:36,18.0,medium
austin,2018,18,STR,race_control_message,WAVED BLUE FLAG FOR CAR 18 (STR) TIMED AT 13:44:04,18.0,medium
austin,2018,18,STR,race_control_message,WAVED BLUE FLAG FOR CAR 18 (STR) TIMED AT 13:46:12,19.0,medium
austin,2018,18,STR,race_control_message,WAVED BLUE FLAG FOR CAR 18 (STR) TIMED AT 13:47:24,20.0,medium
austin,2018,18,STR,race_control_message,WAVED BLUE FLAG FOR CAR 18 (STR) TIMED AT 13:53:41,24.0,medium
austin,2018,18,STR,race_control_message,WAVED BLUE FLAG FOR CAR 18 (STR) TIMED AT 13:54:28,24.0,medium
austin,2018,18,STR,race_control_message,WAVED BLUE FLAG FOR CAR 18 (STR) TIMED AT 13:55:02,25.0,medium
austin,2018,18,STR,race_control_message,WAVED BLUE FLAG FOR CAR 18 (STR) TIMED AT 13:55:34,25.0,medium
austin,2018,18,LEC,race_control_message,WAVED BLUE FLAG FOR CAR 16 (LEC) TIMED AT 13:58:29,27.0,medium
austin,2018,18,STR,race_control_message,WAVED BLUE FLAG FOR CAR 18 (STR) TIMED AT 14:04:29,30.0,medium
austin,2018,18,LEC,race_control_message,WAVED BLUE FLAG FOR CAR 16 (LEC) TIMED AT 14:05:33,31.0,medium
austin,2018,18,LEC,race_control_message,WAVED BLUE FLAG FOR CAR 16 (LEC) TIMED AT 14:06:57,32.0,medium
austin,2018,18,HAR,race_control_message,WAVED BLUE FLAG FOR CAR 28 (HAR) TIMED AT 14:10:13,34.0,medium
austin,2018,18,HAR,race_control_message,WAVED BLUE FLAG FOR CAR 28 (HAR) TIMED AT 14:10:50,34.0,medium
austin,2018,18,GAS,race_control_message,WAVED BLUE FLAG FOR CAR 10 (GAS) TIMED AT 14:13:02,35.0,medium
austin,2018,18,SIR,race_control_message,WAVED BLUE FLAG FOR CAR 35 (SIR) TIMED AT 14:13:21,36.0,medium
austin,2018,18,SIR,race_control_message,WAVED BLUE FLAG FOR CAR 35 (SIR) TIMED AT 14:14:43,36.0,medium
austin,2018,18,SIR,race_control_message,WAVED BLUE FLAG FOR CAR 35 (SIR) TIMED AT 14:17:43,38.0,medium
austin,2018,18,ERI,race_control_message,WAVED BLUE FLAG FOR CAR 9 (ERI) TIMED AT 14:18:49,39.0,medium
austin,2018,18,SIR,race_control_message,WAVED BLUE FLAG FOR CAR 35 (SIR) TIMED AT 14:19:13,39.0,medium
austin,2018,18,ERI,race_control_message,WAVED BLUE FLAG FOR CAR 9 (ERI) TIMED AT 14:19:54,40.0,medium
austin,2018,18,HAR,race_control_message,WAVED BLUE FLAG FOR CAR 28 (HAR) TIMED AT 14:20:49,40.0,medium
austin,2018,18,SIR,race_control_message,WAVED BLUE FLAG FOR CAR 35 (SIR) TIMED AT 14:21:08,40.0,medium
austin,2018,18,HAR,race_control_message,WAVED BLUE FLAG FOR CAR 28 (HAR) TIMED AT 14:22:01,41.0,medium
austin,2018,18,ERI,race_control_message,WAVED BLUE FLAG FOR CAR 9 (ERI) TIMED AT 14:23:54,42.0,medium
austin,2018,18,HAR,race_control_message,WAVED BLUE FLAG FOR CAR 28 (HAR) TIMED AT 14:24:37,42.0,medium
austin,2018,18,ERI,race_control_message,WAVED BLUE FLAG FOR CAR 9 (ERI) TIMED AT 14:27:41,44.0,medium
austin,2018,18,ERI,race_control_message,WAVED BLUE FLAG FOR CAR 9 (ERI) TIMED AT 14:28:31,45.0,medium
austin,2018,18,HAR,race_control_message,WAVED BLUE FLAG FOR CAR 28 (HAR) TIMED AT 14:29:28,45.0,medium
austin,2018,18,HAR,race_control_message,WAVED BLUE FLAG FOR CAR 28 (HAR) TIMED AT 14:30:08,46.0,medium
austin,2018,18,STR,race_control_message,WAVED BLUE FLAG FOR CAR 18 (STR) TIMED AT 14:33:22,48.0,medium
austin,2018,18,STR,race_control_message,WAVED BLUE FLAG FOR CAR 18 (STR) TIMED AT 14:33:53,48.0,medium
austin,2018,18,STR,race_control_message,WAVED BLUE FLAG FOR CAR 18 (STR) TIMED AT 14:34:06,48.0,medium
austin,2018,18,STR,race_control_message,WAVED BLUE FLAG FOR CAR 18 (STR) TIMED AT 14:46:57,56.0,medium
austin,2019,19,VET,race_control_message,CAR 5 (VET) STOPPED AT TURN 11,9.0,medium
austin,2019,19,KUB,race_control_message,WAVED BLUE FLAG FOR CAR 88 (KUB) TIMED AT 13:44:05,19.0,medium
austin,2019,19,KUB,race_control_message,WAVED BLUE FLAG FOR CAR 88 (KUB) TIMED AT 13:46:34,20.0,medium
austin,2019,19,KUB,race_control_message,WAVED BLUE FLAG FOR CAR 88 (KUB) TIMED AT 13:48:00,21.0,medium
austin,2019,19,KUB,race_control_message,WAVED BLUE FLAG FOR CAR 88 (KUB) TIMED AT 13:54:54,25.0,medium
austin,2019,19,GRO,race_control_message,WAVED BLUE FLAG FOR CAR 8 (GRO) TIMED AT 13:55:56,26.0,medium
austin,2019,19,RUS,race_control_message,WAVED BLUE FLAG FOR CAR 63 (RUS) TIMED AT 14:00:11,28.0,medium
austin,2019,19,KUB,race_control_message,WAVED BLUE FLAG FOR CAR 88 (KUB) TIMED AT 14:02:54,30.0,medium
austin,2019,19,GRO,race_control_message,WAVED BLUE FLAG FOR CAR 8 (GRO) TIMED AT 14:03:40,30.0,medium
austin,2019,19,KUB,race_control_message,WAVED BLUE FLAG FOR CAR 88 (KUB) TIMED AT 14:08:14,33.0,medium
austin,2019,19,GIO,race_control_message,WAVED BLUE FLAG FOR CAR 99 (GIO) TIMED AT 14:08:42,33.0,medium
austin,2019,19,MAG,race_control_message,WAVED BLUE FLAG FOR CAR 20 (MAG) TIMED AT 14:09:46,34.0,medium
austin,2019,19,GRO,race_control_message,WAVED BLUE FLAG FOR CAR 8 (GRO) TIMED AT 14:12:05,35.0,medium
austin,2019,19,STR,race_control_message,WAVED BLUE FLAG FOR CAR 18 (STR) TIMED AT 14:15:44,37.0,medium
austin,2019,19,GIO,race_control_message,WAVED BLUE FLAG FOR CAR 99 (GIO) TIMED AT 14:16:20,38.0,medium
austin,2019,19,MAG,race_control_message,WAVED BLUE FLAG FOR CAR 20 (MAG) TIMED AT 14:17:26,38.0,medium
austin,2019,19,RUS,race_control_message,WAVED BLUE FLAG FOR CAR 63 (RUS) TIMED AT 14:18:06,39.0,medium
austin,2019,19,STR,race_control_message,WAVED BLUE FLAG FOR CAR 18 (STR) TIMED AT 14:18:25,39.0,medium
austin,2019,19,GIO,race_control_message,WAVED BLUE FLAG FOR CAR 99 (GIO) TIMED AT 14:18:40,39.0,medium
austin,2019,19,STR,race_control_message,WAVED BLUE FLAG FOR CAR 18 (STR) TIMED AT 14:18:53,39.0,medium
austin,2019,19,MAG,race_control_message,WAVED BLUE FLAG FOR CAR 20 (MAG) TIMED AT 14:19:40,40.0,medium
austin,2019,19,GIO,race_control_message,WAVED BLUE FLAG FOR CAR 99 (GIO) TIMED AT 14:20:37,40.0,medium
austin,2019,19,HUL,race_control_message,WAVED BLUE FLAG FOR CAR 27 (HUL) TIMED AT 14:21:13,41.0,medium
austin,2019,19,STR,race_control_message,WAVED BLUE FLAG FOR CAR 18 (STR) TIMED AT 14:21:28,41.0,medium
austin,2019,19,MAG,race_control_message,WAVED BLUE FLAG FOR CAR 20 (MAG) TIMED AT 14:21:56,41.0,medium
austin,2019,19,STR,race_control_message,WAVED BLUE FLAG FOR CAR 18 (STR) TIMED AT 14:22:16,41.0,medium
austin,2019,19,HUL,race_control_message,WAVED BLUE FLAG FOR CAR 27 (HUL) TIMED AT 14:23:18,42.0,medium
austin,2019,19,HUL,race_control_message,WAVED BLUE FLAG FOR CAR 27 (HUL) TIMED AT 14:23:37,42.0,medium
austin,2019,19,RAI,race_control_message,WAVED BLUE FLAG FOR CAR 7 (RAI) TIMED AT 14:25:06,43.0,medium
austin,2019,19,KVY,race_control_message,WAVED BLUE FLAG FOR CAR 26 (KVY) TIMED AT 14:28:03,45.0,medium
austin,2019,19,HUL,race_control_message,WAVED BLUE FLAG FOR CAR 27 (HUL) TIMED AT 14:29:07,46.0,medium
austin,2019,19,RAI,race_control_message,WAVED BLUE FLAG FOR CAR 7 (RAI) TIMED AT 14:29:33,46.0,medium
austin,2019,19,RUS,race_control_message,WAVED BLUE FLAG FOR CAR 63 (RUS) TIMED AT 14:30:17,46.0,medium
austin,2019,19,PER,race_control_message,WAVED BLUE FLAG FOR CAR 11 (PER) TIMED AT 14:32:14,47.0,medium
austin,2019,19,KVY,race_control_message,WAVED BLUE FLAG FOR CAR 26 (KVY) TIMED AT 14:35:46,50.0,medium
austin,2019,19,RUS,race_control_message,WAVED BLUE FLAG FOR CAR 63 (RUS) TIMED AT 14:37:19,50.0,medium
austin,2019,19,RUS,race_control_message,WAVED BLUE FLAG FOR CAR 63 (RUS) TIMED AT 14:37:26,51.0,medium
austin,2019,19,PER,race_control_message,WAVED BLUE FLAG FOR CAR 11 (PER) TIMED AT 14:37:45,51.0,medium
austin,2019,19,GRO,race_control_message,WAVED BLUE FLAG FOR CAR 8 (GRO) TIMED AT 14:38:05,51.0,medium
austin,2019,19,PER,race_control_message,WAVED BLUE FLAG FOR CAR 11 (PER) TIMED AT 14:38:27,51.0,medium
austin,2019,19,GAS,race_control_message,WAVED BLUE FLAG FOR CAR 10 (GAS) TIMED AT 14:38:39,51.0,medium
austin,2019,19,RUS,race_control_message,WAVED BLUE FLAG FOR CAR 63 (RUS) TIMED AT 14:39:04,52.0,medium
austin,2019,19,PER,race_control_message,WAVED BLUE FLAG FOR CAR 11 (PER) TIMED AT 14:39:39,52.0,medium
austin,2019,19,MAG,race_control_message,WAVED BLUE FLAG FOR CAR 20 (MAG) TIMED AT 14:39:53,52.0,medium
austin,2019,19,GAS,race_control_message,WAVED BLUE FLAG FOR CAR 10 (GAS) TIMED AT 14:40:11,52.0,medium
austin,2019,19,RUS,race_control_message,WAVED BLUE FLAG FOR CAR 63 (RUS) TIMED AT 14:41:46,53.0,medium
austin,2019,19,SAI,race_control_message,WAVED BLUE FLAG FOR CAR 55 (SAI) TIMED AT 14:42:16,53.0,medium
austin,2019,19,PER,race_control_message,WAVED BLUE FLAG FOR CAR 11 (PER) TIMED AT 14:42:21,54.0,medium
austin,2019,19,RUS,race_control_message,WAVED BLUE FLAG FOR CAR 63 (RUS) TIMED AT 14:42:30,54.0,medium
austin,2019,19,RUS,race_control_message,WAVED BLUE FLAG FOR CAR 63 (RUS) TIMED AT 14:43:43,54.0,medium
austin,2019,19,SAI,race_control_message,WAVED BLUE FLAG FOR CAR 55 (SAI) TIMED AT 14:43:53,54.0,medium
austin,2019,19,SAI,race_control_message,WAVED BLUE FLAG FOR CAR 55 (SAI) TIMED AT 14:45:31,55.0,medium
austin,2019,19,GIO,race_control_message,WAVED BLUE FLAG FOR CAR 99 (GIO) TIMED AT 14:47:10,56.0,medium
austin,2021,17,MAZ,race_control_message,WAVED BLUE FLAG FOR CAR 9 (MAZ) TIMED AT 14:36:28,20.0,medium
austin,2021,17,MAZ,race_control_message,WAVED BLUE FLAG FOR CAR 9 (MAZ) TIMED AT 14:38:15,21.0,medium
austin,2021,17,MAZ,race_control_message,WAVED BLUE FLAG FOR CAR 9 (MAZ) TIMED AT 14:40:12,22.0,medium
austin,2021,17,MAZ,race_control_message,WAVED BLUE FLAG FOR CAR 9 (MAZ) TIMED AT 14:44:03,24.0,medium
austin,2021,17,MSC,race_control_message,WAVED BLUE FLAG FOR CAR 47 (MSC) TIMED AT 14:45:38,25.0,medium
austin,2021,17,MSC,race_control_message,WAVED BLUE FLAG FOR CAR 47 (MSC) TIMED AT 14:46:46,26.0,medium
austin,2021,17,OCO,race_control_message,WAVED BLUE FLAG FOR CAR 31 (OCO) TIMED AT 14:46:56,26.0,medium
austin,2021,17,LAT,race_control_message,WAVED BLUE FLAG FOR CAR 6 (LAT) TIMED AT 14:47:27,26.0,medium
austin,2021,17,OCO,race_control_message,WAVED BLUE FLAG FOR CAR 31 (OCO) TIMED AT 14:47:39,26.0,medium
austin,2021,17,OCO,race_control_message,WAVED BLUE FLAG FOR CAR 31 (OCO) TIMED AT 14:49:25,27.0,medium
austin,2021,17,GIO,race_control_message,WAVED BLUE FLAG FOR CAR 99 (GIO) TIMED AT 14:50:13,28.0,medium
austin,2021,17,OCO,race_control_message,WAVED BLUE FLAG FOR CAR 31 (OCO) TIMED AT 14:50:27,28.0,medium
austin,2021,17,MSC,race_control_message,WAVED BLUE FLAG FOR CAR 47 (MSC) TIMED AT 14:55:49,31.0,medium
austin,2021,17,MAZ,race_control_message,WAVED BLUE FLAG FOR CAR 9 (MAZ) TIMED AT 14:56:24,32.0,medium
austin,2021,17,LAT,race_control_message,WAVED BLUE FLAG FOR CAR 6 (LAT) TIMED AT 14:57:14,32.0,medium
austin,2021,17,RUS,race_control_message,WAVED BLUE FLAG FOR CAR 63 (RUS) TIMED AT 14:57:17,32.0,medium
austin,2021,17,RAI,race_control_message,WAVED BLUE FLAG FOR CAR 7 (RAI) TIMED AT 14:58:19,33.0,medium
austin,2021,17,TSU,race_control_message,WAVED BLUE FLAG FOR CAR 22 (TSU) TIMED AT 15:00:07,34.0,medium
austin,2021,17,STR,race_control_message,WAVED BLUE FLAG FOR CAR 18 (STR) TIMED AT 15:00:39,34.0,medium
austin,2021,17,OCO,race_control_message,WAVED BLUE FLAG FOR CAR 31 (OCO) TIMED AT 15:01:35,35.0,medium
austin,2021,17,LAT,race_control_message,WAVED BLUE FLAG FOR CAR 6 (LAT) TIMED AT 15:02:31,35.0,medium
austin,2021,17,GIO,race_control_message,WAVED BLUE FLAG FOR CAR 99 (GIO) TIMED AT 15:08:53,39.0,medium
austin,2021,17,OCO,race_control_message,WAVED BLUE FLAG FOR CAR 31 (OCO) TIMED AT 15:08:54,39.0,medium
austin,2021,17,MAZ,race_control_message,WAVED BLUE FLAG FOR CAR 9 (MAZ) TIMED AT 15:09:02,39.0,medium
austin,2021,17,LAT,race_control_message,WAVED BLUE FLAG FOR CAR 6 (LAT) TIMED AT 15:10:22,40.0,medium
austin,2021,17,VET,race_control_message,WAVED BLUE FLAG FOR CAR 5 (VET) TIMED AT 15:10:26,40.0,medium
austin,2021,17,LAT,race_control_message,WAVED BLUE FLAG FOR CAR 6 (LAT) TIMED AT 15:10:32,40.0,medium
austin,2021,17,MAZ,race_control_message,WAVED BLUE FLAG FOR CAR 9 (MAZ) TIMED AT 15:12:39,41.0,medium
austin,2021,17,RAI,race_control_message,WAVED BLUE FLAG FOR CAR 7 (RAI) TIMED AT 15:13:18,41.0,medium
austin,2021,17,GIO,race_control_message,WAVED BLUE FLAG FOR CAR 99 (GIO) TIMED AT 15:13:56,42.0,medium
austin,2021,17,RUS,race_control_message,WAVED BLUE FLAG FOR CAR 63 (RUS) TIMED AT 15:14:17,42.0,medium
austin,2021,17,MAZ,race_control_message,WAVED BLUE FLAG FOR CAR 9 (MAZ) TIMED AT 15:14:26,42.0,medium
austin,2021,17,TSU,race_control_message,WAVED BLUE FLAG FOR CAR 22 (TSU) TIMED AT 15:14:34,42.0,medium
austin,2021,17,MSC,race_control_message,WAVED BLUE FLAG FOR CAR 47 (MSC) TIMED AT 15:16:04,43.0,medium
austin,2021,17,RAI,race_control_message,WAVED BLUE FLAG FOR CAR 7 (RAI) TIMED AT 15:16:15,43.0,medium
austin,2021,17,MSC,race_control_message,WAVED BLUE FLAG FOR CAR 47 (MSC) TIMED AT 15:16:15,43.0,medium
austin,2021,17,MSC,race_control_message,WAVED BLUE FLAG FOR CAR 47 (MSC) TIMED AT 15:17:05,44.0,medium
austin,2021,17,TSU,race_control_message,WAVED BLUE FLAG FOR CAR 22 (TSU) TIMED AT 15:17:09,44.0,medium
austin,2021,17,MAZ,race_control_message,WAVED BLUE FLAG FOR CAR 9 (MAZ) TIMED AT 15:19:06,45.0,medium
austin,2021,17,STR,race_control_message,WAVED BLUE FLAG FOR CAR 18 (STR) TIMED AT 15:19:37,45.0,medium
austin,2021,17,RUS,race_control_message,WAVED BLUE FLAG FOR CAR 63 (RUS) TIMED AT 15:22:40,47.0,medium
austin,2021,17,STR,race_control_message,BLACK AND WHITE FLAG FOR CAR 18 (STR) - TRACK LIMITS,49.0,medium
austin,2021,17,STR,race_control_message,WAVED BLUE FLAG FOR CAR 18 (STR) TIMED AT 15:28:07,50.0,medium
austin,2021,17,LAT,race_control_message,WAVED BLUE FLAG FOR CAR 6 (LAT) TIMED AT 15:29:10,51.0,medium
austin,2021,17,LAT,race_control_message,WAVED BLUE FLAG FOR CAR 6 (LAT) TIMED AT 15:29:49,51.0,medium
austin,2021,17,LAT,race_control_message,WAVED BLUE FLAG FOR CAR 6 (LAT) TIMED AT 15:30:52,52.0,medium
austin,2021,17,RAI,race_control_message,WAVED BLUE FLAG FOR CAR 7 (RAI) TIMED AT 15:32:45,53.0,medium
austin,2021,17,RAI,race_control_message,CAR 7 (RAI) SPUN AND CONTINUED AT TURN 6,53.0,medium
austin,2021,17,MAZ,race_control_message,WAVED BLUE FLAG FOR CAR 9 (MAZ) TIMED AT 15:33:14,53.0,medium
austin,2021,17,MAZ,race_control_message,WAVED BLUE FLAG FOR CAR 9 (MAZ) TIMED AT 15:33:44,54.0,medium
austin,2021,17,MAZ,race_control_message,WAVED BLUE FLAG FOR CAR 9 (MAZ) TIMED AT 15:34:20,54.0,medium
austin,2021,17,RAI,race_control_message,WAVED BLUE FLAG FOR CAR 7 (RAI) TIMED AT 15:34:38,54.0,medium
austin,2021,17,MSC,race_control_message,WAVED BLUE FLAG FOR CAR 47 (MSC) TIMED AT 15:36:16,55.0,medium
austin,2021,17,GIO,race_control_message,WAVED BLUE FLAG FOR CAR 99 (GIO) TIMED AT 15:36:37,55.0,medium
austin,2022,19,SAI,race_control_message,CAR 55 (SAI) SPUN AND CONTINUED AT TURN 1,1.0,medium
austin,2022,19,ALB,race_control_message,BLACK AND WHITE FLAG FOR CAR 23 (ALB) - TRACK LIMITS,17.0,medium
austin,2022,19,BOT,race_control_message,CAR 77 (BOT) STOPPED AT TURN 19,18.0,medium
austin,2022,19,STR,race_control_message,CAR 18 (STR) STOPPED AT TURN 12,22.0,medium
austin,2022,19,GAS,race_control_message,BLACK AND WHITE FLAG FOR CAR 10 (GAS) - TRACK LIMITS,36.0,medium
austin,2022,19,ZHO,race_control_message,BLACK AND WHITE FLAG FOR CAR 24 (ZHO) - TRACK LIMITS,38.0,medium
austin,2022,19,MSC,race_control_message,BLACK AND WHITE FLAG FOR CAR 47 (MSC) - TRACK LIMITS,41.0,medium
austin,2022,19,VER,race_control_message,BLACK AND WHITE FLAG FOR CAR 1 (VER) - TRACK LIMITS,52.0,medium
austin,2022,19,HAM,race_control_message,BLACK AND WHITE FLAG FOR CAR 44 (HAM) - TRACK LIMITS,54.0,medium
austin,2023,18,MAG,race_control_message,BLACK AND WHITE FLAG FOR CAR 20 (MAG) - TRACK LIMITS,24.0,medium
austin,2023,18,SAR,race_control_message,BLACK AND WHITE FLAG FOR CAR 2 (SAR) - TRACK LIMITS,42.0,medium
austin,2023,18,RIC,race_control_message,WAVED BLUE FLAG FOR CAR 3 (RIC) TIMED AT 15:25:46,49.0,medium
austin,2023,18,ALB,race_control_message,BLACK AND WHITE FLAG FOR CAR 23 (ALB) - TRACK LIMITS,51.0,medium
austin,2023,18,RIC,race_control_message,WAVED BLUE FLAG FOR CAR 3 (RIC) TIMED AT 15:33:37,53.0,medium
austin,2023,18,MAG,race_control_message,WAVED BLUE FLAG FOR CAR 20 (MAG) TIMED AT 15:36:29,55.0,medium
austin,2023,18,ZHO,race_control_message,WAVED BLUE FLAG FOR CAR 24 (ZHO) TIMED AT 15:37:57,56.0,medium
austin,2023,18,ZHO,race_control_message,WAVED BLUE FLAG FOR CAR 24 (ZHO) TIMED AT 15:38:30,56.0,medium
austin,2023,18,HAM,race_control_message,BLACK AND WHITE FLAG FOR CAR 44 (HAM) - TRACK LIMITS,56.0,medium
austin,2024,19,GAS,race_control_message,BLACK AND WHITE FLAG FOR CAR 10 (GAS) - TRACK LIMITS,29.0,medium
austin,2024,19,ZHO,race_control_message,WAVED BLUE FLAG FOR CAR 24 (ZHO) TIMED AT 15:06:30,37.0,medium
austin,2024,19,ZHO,race_control_message,WAVED BLUE FLAG FOR CAR 24 (ZHO) TIMED AT 15:07:00,37.0,medium
austin,2024,19,ZHO,race_control_message,WAVED BLUE FLAG FOR CAR 24 (ZHO) TIMED AT 15:11:49,40.0,medium
austin,2024,19,ALB,race_control_message,WAVED BLUE FLAG FOR CAR 23 (ALB) TIMED AT 15:18:56,44.0,medium
austin,2024,19,HUL,race_control_message,BLACK AND WHITE FLAG FOR CAR 27 (HUL) - TRACK LIMITS,46.0,medium
austin,2024,19,PIA,race_control_message,BLACK AND WHITE FLAG FOR CAR 81 (PIA) - TRACK LIMITS,46.0,medium
austin,2024,19,BOT,race_control_message,WAVED BLUE FLAG FOR CAR 77 (BOT) TIMED AT 15:22:14,46.0,medium
austin,2024,19,STR,race_control_message,WAVED BLUE FLAG FOR CAR 18 (STR) TIMED AT 15:22:56,47.0,medium
austin,2024,19,ALB,race_control_message,WAVED BLUE FLAG FOR CAR 23 (ALB) TIMED AT 15:23:18,47.0,medium
austin,2024,19,BOT,race_control_message,WAVED BLUE FLAG FOR CAR 77 (BOT) TIMED AT 15:23:45,47.0,medium
austin,2024,19,ALB,race_control_message,WAVED BLUE FLAG FOR CAR 23 (ALB) TIMED AT 15:23:58,47.0,medium
austin,2024,19,OCO,race_control_message,WAVED BLUE FLAG FOR CAR 31 (OCO) TIMED AT 15:25:31,48.0,medium
austin,2024,19,STR,race_control_message,WAVED BLUE FLAG FOR CAR 18 (STR) TIMED AT 15:27:14,49.0,medium
austin,2024,19,STR,race_control_message,WAVED BLUE FLAG FOR CAR 18 (STR) TIMED AT 15:27:33,50.0,medium
austin,2024,19,BOT,race_control_message,WAVED BLUE FLAG FOR CAR 77 (BOT) TIMED AT 15:27:38,50.0,medium
austin,2024,19,OCO,race_control_message,WAVED BLUE FLAG FOR CAR 31 (OCO) TIMED AT 15:30:19,51.0,medium
austin,2024,19,BOT,race_control_message,WAVED BLUE FLAG FOR CAR 77 (BOT) TIMED AT 15:31:02,52.0,medium
austin,2024,19,TSU,race_control_message,WAVED BLUE FLAG FOR CAR 22 (TSU) TIMED AT 15:33:47,53.0,medium
austin,2024,19,ALO,race_control_message,WAVED BLUE FLAG FOR CAR 14 (ALO) TIMED AT 15:36:45,55.0,medium
austin,2024,19,ALO,race_control_message,WAVED BLUE FLAG FOR CAR 14 (ALO) TIMED AT 15:36:58,55.0,medium
austin,2024,19,ALB,race_control_message,WAVED BLUE FLAG FOR CAR 23 (ALB) TIMED AT 15:37:24,56.0,medium
austin,2024,19,STR,race_control_message,WAVED BLUE FLAG FOR CAR 18 (STR) TIMED AT 15:38:14,56.0,medium
austin,2024,19,NOR,race_control_message,BLACK AND WHITE FLAG FOR CAR 4 (NOR) - TRACK LIMITS,56.0,medium
austin,2024,19,RUS,race_control_message,BLACK AND WHITE FLAG FOR CAR 63 (RUS) - TRACK LIMITS,56.0,medium
austin,2025,19,HAD,race_control_message,BLACK AND WHITE FLAG FOR CAR 6 (HAD) - TRACK LIMITS,6.0,medium
austin,2025,19,NOR,race_control_message,BLACK AND WHITE FLAG FOR CAR 4 (NOR) - TRACK LIMITS,21.0,medium
austin,2025,19,BOR,race_control_message,BLACK AND WHITE FLAG FOR CAR 5 (BOR) - TRACK LIMITS,38.0,medium
austin,2025,19,ALB,race_control_message,BLACK AND WHITE FLAG FOR CAR 23 (ALB) - TRACK LIMITS,38.0,medium
austin,2025,19,ANT,race_control_message,BLACK AND WHITE FLAG FOR CAR 12 (ANT) - TRACK LIMITS,41.0,medium
austin,2025,19,BOR,race_control_message,WAVED BLUE FLAG FOR CAR 5 (BOR) TIMED AT 15:34:11,54.0,medium
austin,2025,19,GAS,race_control_message,WAVED BLUE FLAG FOR CAR 10 (GAS) TIMED AT 15:34:49,55.0,medium
austin,2025,19,COL,race_control_message,WAVED BLUE FLAG FOR CAR 43 (COL) TIMED AT 15:35:41,55.0,medium
austin,2025,19,COL,race_control_message,WAVED BLUE FLAG FOR CAR 43 (COL) TIMED AT 15:35:50,55.0,medium
austin,2025,19,COL,race_control_message,WAVED BLUE FLAG FOR CAR 43 (COL) TIMED AT 15:36:01,55.0,medium
austin,2025,19,HAM,race_control_message,BLACK AND WHITE FLAG FOR CAR 44 (HAM) - TRACK LIMITS,56.0,medium
baku,2018,4,HUL,race_control_message,CAR 27 (HUL) STOPPED AT TURN 5,12.0,medium
baku,2018,4,ERI,race_control_message,WAVED BLUE FLAG FOR CAR 9 (ERI) TIMED AT 16:52:51,20.0,medium
baku,2018,4,ERI,race_control_message,WAVED BLUE FLAG FOR CAR 9 (ERI) TIMED AT 16:55:12,21.0,medium
baku,2018,4,HAR,race_control_message,WAVED BLUE FLAG FOR CAR 28 (HAR) TIMED AT 17:00:02,24.0,medium
baku,2018,4,GAS,race_control_message,WAVED BLUE FLAG FOR CAR 10 (GAS) TIMED AT 17:04:04,26.0,medium
baku,2018,4,ERI,race_control_message,WAVED BLUE FLAG FOR CAR 9 (ERI) TIMED AT 17:05:33,27.0,medium
baku,2018,4,HAR,race_control_message,WAVED BLUE FLAG FOR CAR 28 (HAR) TIMED AT 17:06:02,27.0,medium
baku,2018,4,ERI,race_control_message,WAVED BLUE FLAG FOR CAR 9 (ERI) TIMED AT 17:06:34,27.0,medium
baku,2018,4,ERI,race_control_message,WAVED BLUE FLAG FOR CAR 9 (ERI) TIMED AT 17:06:58,28.0,medium
baku,2018,4,GAS,race_control_message,WAVED BLUE FLAG FOR CAR 10 (GAS) TIMED AT 17:10:35,30.0,medium
baku,2018,4,VAN,race_control_message,WAVED BLUE FLAG FOR CAR 2 (VAN) TIMED AT 17:13:31,31.0,medium
baku,2018,4,VAN,race_control_message,WAVED BLUE FLAG FOR CAR 2 (VAN) TIMED AT 17:14:48,32.0,medium
baku,2018,4,VAN,race_control_message,WAVED BLUE FLAG FOR CAR 2 (VAN) TIMED AT 17:14:59,32.0,medium
baku,2018,4,ERI,race_control_message,WAVED BLUE FLAG FOR CAR 9 (ERI) TIMED AT 17:16:47,33.0,medium
baku,2018,4,HAR,race_control_message,WAVED BLUE FLAG FOR CAR 28 (HAR) TIMED AT 17:17:04,33.0,medium
baku,2018,4,GAS,race_control_message,WAVED BLUE FLAG FOR CAR 10 (GAS) TIMED AT 17:17:41,34.0,medium
baku,2018,4,MAG,race_control_message,WAVED BLUE FLAG FOR CAR 20 (MAG) TIMED AT 17:18:24,34.0,medium
baku,2018,4,HAR,race_control_message,WAVED BLUE FLAG FOR CAR 28 (HAR) TIMED AT 17:18:58,34.0,medium
baku,2018,4,GAS,race_control_message,WAVED BLUE FLAG FOR CAR 10 (GAS) TIMED AT 17:21:48,36.0,medium
baku,2018,4,GAS,race_control_message,WAVED BLUE FLAG FOR CAR 10 (GAS) TIMED AT 17:24:17,37.0,medium
baku,2018,4,ERI,race_control_message,WAVED BLUE FLAG FOR CAR 9 (ERI) TIMED AT 17:24:29,37.0,medium
baku,2018,4,ERI,race_control_message,WAVED BLUE FLAG FOR CAR 9 (ERI) TIMED AT 17:24:55,38.0,medium
baku,2018,4,MAG,race_control_message,WAVED BLUE FLAG FOR CAR 20 (MAG) TIMED AT 17:25:56,38.0,medium
baku,2018,4,VAN,race_control_message,WAVED BLUE FLAG FOR CAR 2 (VAN) TIMED AT 17:27:04,39.0,medium
baku,2018,4,ERI,race_control_message,WAVED BLUE FLAG FOR CAR 9 (ERI) TIMED AT 17:29:06,40.0,medium
baku,2018,4,MAG,race_control_message,WAVED BLUE FLAG FOR CAR 20 (MAG) TIMED AT 17:29:25,40.0,medium
baku,2018,4,BOT,race_control_message,CAR 77 (BOT) STOPPED AT TURN 3,49.0,medium
baku,2019,4,KUB,race_control_message,WAVED BLUE FLAG FOR CAR 88 (KUB) TIMED AT 16:56:36,24.0,medium
baku,2019,4,KUB,race_control_message,WAVED BLUE FLAG FOR CAR 88 (KUB) TIMED AT 16:59:11,26.0,medium
baku,2019,4,RUS,race_control_message,WAVED BLUE FLAG FOR CAR 63 (RUS) TIMED AT 17:06:11,30.0,medium
baku,2019,4,KVY,race_control_message,WAVED BLUE FLAG FOR CAR 26 (KVY) TIMED AT 17:11:03,32.0,medium
baku,2019,4,KVY,race_control_message,WAVED BLUE FLAG FOR CAR 26 (KVY) TIMED AT 17:11:43,33.0,medium
baku,2019,4,KVY,race_control_message,WAVED BLUE FLAG FOR CAR 26 (KVY) TIMED AT 17:12:46,33.0,medium
baku,2019,4,KUB,race_control_message,WAVED BLUE FLAG FOR CAR 88 (KUB) TIMED AT 17:13:37,34.0,medium
baku,2019,4,KUB,race_control_message,WAVED BLUE FLAG FOR CAR 88 (KUB) TIMED AT 17:13:54,34.0,medium
baku,2019,4,KUB,race_control_message,WAVED BLUE FLAG FOR CAR 88 (KUB) TIMED AT 17:14:07,34.0,medium
baku,2019,4,GRO,race_control_message,WAVED BLUE FLAG FOR CAR 8 (GRO) TIMED AT 17:16:00,35.0,medium
baku,2019,4,GRO,race_control_message,WAVED BLUE FLAG FOR CAR 8 (GRO) TIMED AT 17:19:13,37.0,medium
baku,2019,4,GRO,race_control_message,WAVED BLUE FLAG FOR CAR 8 (GRO) TIMED AT 17:19:29,37.0,medium
baku,2019,4,MAG,race_control_message,WAVED BLUE FLAG FOR CAR 20 (MAG) TIMED AT 17:21:08,38.0,medium
baku,2019,4,MAG,race_control_message,WAVED BLUE FLAG FOR CAR 20 (MAG) TIMED AT 17:21:53,39.0,medium
baku,2019,4,MAG,race_control_message,WAVED BLUE FLAG FOR CAR 20 (MAG) TIMED AT 17:22:20,39.0,medium
baku,2019,4,GRO,race_control_message,WAVED BLUE FLAG FOR CAR 8 (GRO) TIMED AT 17:23:03,39.0,medium
baku,2019,4,MAG,race_control_message,WAVED BLUE FLAG FOR CAR 20 (MAG) TIMED AT 17:23:06,39.0,medium
baku,2019,4,RUS,race_control_message,WAVED BLUE FLAG FOR CAR 63 (RUS) TIMED AT 17:23:12,39.0,medium
baku,2019,4,RUS,race_control_message,WAVED BLUE FLAG FOR CAR 63 (RUS) TIMED AT 17:27:21,41.0,medium
baku,2019,4,GIO,race_control_message,WAVED BLUE FLAG FOR CAR 99 (GIO) TIMED AT 17:27:31,41.0,medium
baku,2019,4,HUL,race_control_message,WAVED BLUE FLAG FOR CAR 27 (HUL) TIMED AT 17:28:43,42.0,medium
baku,2019,4,ALB,race_control_message,WAVED BLUE FLAG FOR CAR 23 (ALB) TIMED AT 17:29:21,42.0,medium
baku,2019,4,KUB,race_control_message,WAVED BLUE FLAG FOR CAR 88 (KUB) TIMED AT 17:29:21,42.0,medium
baku,2019,4,GIO,race_control_message,WAVED BLUE FLAG FOR CAR 99 (GIO) TIMED AT 17:29:35,42.0,medium
baku,2019,4,GIO,race_control_message,WAVED BLUE FLAG FOR CAR 99 (GIO) TIMED AT 17:30:29,43.0,medium
baku,2019,4,ALB,race_control_message,WAVED BLUE FLAG FOR CAR 23 (ALB) TIMED AT 17:30:42,43.0,medium
baku,2019,4,GIO,race_control_message,WAVED BLUE FLAG FOR CAR 99 (GIO) TIMED AT 17:32:24,44.0,medium
baku,2019,4,ALB,race_control_message,WAVED BLUE FLAG FOR CAR 23 (ALB) TIMED AT 17:32:34,44.0,medium
baku,2019,4,GIO,race_control_message,WAVED BLUE FLAG FOR CAR 99 (GIO) TIMED AT 17:33:24,45.0,medium
baku,2019,4,RAI,race_control_message,WAVED BLUE FLAG FOR CAR 7 (RAI) TIMED AT 17:34:48,45.0,medium
baku,2019,4,RUS,race_control_message,WAVED BLUE FLAG FOR CAR 63 (RUS) TIMED AT 17:35:03,46.0,medium
baku,2019,4,RAI,race_control_message,WAVED BLUE FLAG FOR CAR 7 (RAI) TIMED AT 17:35:17,46.0,medium
baku,2019,4,RAI,race_control_message,WAVED BLUE FLAG FOR CAR 7 (RAI) TIMED AT 17:36:50,47.0,medium
baku,2019,4,ALB,race_control_message,WAVED BLUE FLAG FOR CAR 23 (ALB) TIMED AT 17:36:55,47.0,medium
baku,2019,4,RUS,race_control_message,WAVED BLUE FLAG FOR CAR 63 (RUS) TIMED AT 17:41:21,49.0,medium
baku,2019,4,RUS,race_control_message,WAVED BLUE FLAG FOR CAR 63 (RUS) TIMED AT 17:43:24,50.0,medium
baku,2019,4,HUL,race_control_message,WAVED BLUE FLAG FOR CAR 27 (HUL) TIMED AT 17:44:23,51.0,medium
baku,2019,4,HUL,race_control_message,WAVED BLUE FLAG FOR CAR 27 (HUL) TIMED AT 17:44:45,51.0,medium
baku,2019,4,RUS,race_control_message,WAVED BLUE FLAG FOR CAR 63 (RUS) TIMED AT 17:44:57,51.0,medium
baku,2021,6,SAI,race_control_message,CAR 55 (SAI) OFF TRACK AND CONTINUED AT TURN 8,12.0,medium
baku,2021,6,BOT,race_control_message,CAR 77 (BOT) OFF TRACK AND CONTINUED AT TURN 16,24.0,medium
baku,2021,6,MAZ,race_control_message,CAR 9 (MAZ) OFF TRACK AND CONTINUED AT TURN 4,25.0,medium
baku,2021,6,MAZ,race_control_message,WAVED BLUE FLAG FOR CAR 9 (MAZ) TIMED AT 16:48:31,25.0,medium
baku,2021,6,MAZ,race_control_message,WAVED BLUE FLAG FOR CAR 9 (MAZ) TIMED AT 16:49:53,26.0,medium
baku,2021,6,MAZ,race_control_message,CAR 9 (MAZ) MISSED THE APEX OF TURN 15,26.0,medium
baku,2021,6,MAZ,race_control_message,WAVED BLUE FLAG FOR CAR 9 (MAZ) TIMED AT 16:50:31,26.0,medium
baku,2021,6,MAZ,race_control_message,WAVED BLUE FLAG FOR CAR 9 (MAZ) TIMED AT 16:57:22,30.0,medium
baku,2021,6,MAZ,race_control_message,WAVED BLUE FLAG FOR CAR 9 (MAZ) TIMED AT 17:29:27,45.0,medium
baku,2021,6,MAZ,race_control_message,WAVED BLUE FLAG FOR CAR 9 (MAZ) TIMED AT 17:30:10,46.0,medium
baku,2021,6,MAZ,race_control_message,WAVED BLUE FLAG FOR CAR 9 (MAZ) TIMED AT 17:30:17,46.0,medium
baku,2021,6,MAZ,race_control_message,WAVED BLUE FLAG FOR CAR 9 (MAZ) TIMED AT 17:30:40,46.0,medium
baku,2022,8,SAI,race_control_message,CAR 55 (SAI) STOPPED AT TURN 4,9.0,medium
baku,2022,8,VET,race_control_message,CAR 5 (VET) OFF TRACK AND CONTINUED AT TURN 3,13.0,medium
baku,2022,8,LAT,race_control_message,WAVED BLUE FLAG FOR CAR 6 (LAT) TIMED AT 15:42:56,21.0,medium
baku,2022,8,LAT,race_control_message,WAVED BLUE FLAG FOR CAR 6 (LAT) TIMED AT 15:45:50,23.0,medium
baku,2022,8,MSC,race_control_message,WAVED BLUE FLAG FOR CAR 47 (MSC) TIMED AT 15:53:43,27.0,medium
baku,2022,8,LAT,race_control_message,WAVED BLUE FLAG FOR CAR 6 (LAT) TIMED AT 15:55:04,28.0,medium
baku,2022,8,MSC,race_control_message,WAVED BLUE FLAG FOR CAR 47 (MSC) TIMED AT 15:58:43,30.0,medium
baku,2022,8,MAG,race_control_message,CAR 20 (MAG) STOPPED AT TURN 15,33.0,medium
baku,2022,8,LAT,race_control_message,WAVED BLUE FLAG FOR CAR 6 (LAT) TIMED AT 16:08:50,35.0,medium
baku,2022,8,MSC,race_control_message,WAVED BLUE FLAG FOR CAR 47 (MSC) TIMED AT 16:13:35,38.0,medium
baku,2022,8,STR,race_control_message,WAVED BLUE FLAG FOR CAR 18 (STR) TIMED AT 16:19:25,41.0,medium
baku,2022,8,LAT,race_control_message,WAVED BLUE FLAG FOR CAR 6 (LAT) TIMED AT 16:22:03,43.0,medium
baku,2022,8,TSU,race_control_message,WAVED BLUE FLAG FOR CAR 22 (TSU) TIMED AT 16:23:45,43.0,medium
baku,2022,8,LAT,race_control_message,WAVED BLUE FLAG FOR CAR 6 (LAT) TIMED AT 16:28:01,46.0,medium
baku,2022,8,ALB,race_control_message,WAVED BLUE FLAG FOR CAR 23 (ALB) TIMED AT 16:29:32,47.0,medium
baku,2022,8,STR,race_control_message,WAVED BLUE FLAG FOR CAR 18 (STR) TIMED AT 16:30:10,47.0,medium
baku,2022,8,BOT,race_control_message,WAVED BLUE FLAG FOR CAR 77 (BOT) TIMED AT 16:31:52,48.0,medium
baku,2022,8,LAT,race_control_message,WAVED BLUE FLAG FOR CAR 6 (LAT) TIMED AT 16:32:00,48.0,medium
baku,2022,8,LAT,race_control_message,WAVED BLUE FLAG FOR CAR 6 (LAT) TIMED AT 16:32:49,49.0,medium
baku,2022,8,MSC,race_control_message,WAVED BLUE FLAG FOR CAR 47 (MSC) TIMED AT 16:37:25,51.0,medium
baku,2022,8,OCO,race_control_message,WAVED BLUE FLAG FOR CAR 31 (OCO) TIMED AT 16:37:32,51.0,medium
baku,2023,4,BOT,race_control_message,WAVED BLUE FLAG FOR CAR 77 (BOT) TIMED AT 16:20:32,42.0,medium
baku,2023,4,BOT,race_control_message,WAVED BLUE FLAG FOR CAR 77 (BOT) TIMED AT 16:22:02,43.0,medium
baku,2024,17,BOT,race_control_message,WAVED BLUE FLAG FOR CAR 77 (BOT) TIMED AT 16:31:05,49.0,medium
baku,2024,17,BOT,race_control_message,WAVED BLUE FLAG FOR CAR 77 (BOT) TIMED AT 16:31:21,49.0,medium
baku,2024,17,OCO,race_control_message,WAVED BLUE FLAG FOR CAR 31 (OCO) TIMED AT 16:32:09,49.0,medium
baku,2024,17,BOT,race_control_message,WAVED BLUE FLAG FOR CAR 77 (BOT) TIMED AT 16:32:21,49.0,medium
baku,2024,17,BOT,race_control_message,WAVED BLUE FLAG FOR CAR 77 (BOT) TIMED AT 16:32:30,49.0,medium
baku,2025,17,GAS,race_control_message,WAVED BLUE FLAG FOR CAR 10 (GAS) TIMED AT 16:32:49,49.0,medium
baku,2025,17,COL,race_control_message,WAVED BLUE FLAG FOR CAR 43 (COL) TIMED AT 16:33:12,49.0,medium
barcelona,2018,5,STR,race_control_message,WAVED BLUE FLAG FOR CAR 18 (STR) TIMED AT 15:50:04,24.0,medium
barcelona,2018,5,SIR,race_control_message,WAVED BLUE FLAG FOR CAR 35 (SIR) TIMED AT 15:54:56,27.0,medium
barcelona,2018,5,SIR,race_control_message,WAVED BLUE FLAG FOR CAR 35 (SIR) TIMED AT 15:55:31,28.0,medium
barcelona,2018,5,SIR,race_control_message,WAVED BLUE FLAG FOR CAR 35 (SIR) TIMED AT 15:57:32,29.0,medium
barcelona,2018,5,SIR,race_control_message,WAVED BLUE FLAG FOR CAR 35 (SIR) TIMED AT 15:59:32,31.0,medium
barcelona,2018,5,SIR,race_control_message,WAVED BLUE FLAG FOR CAR 35 (SIR) TIMED AT 16:00:06,31.0,medium
barcelona,2018,5,PER,race_control_message,WAVED BLUE FLAG FOR CAR 11 (PER) TIMED AT 16:00:25,31.0,medium
barcelona,2018,5,STR,race_control_message,WAVED BLUE FLAG FOR CAR 18 (STR) TIMED AT 16:03:14,33.0,medium
barcelona,2018,5,HAR,race_control_message,WAVED BLUE FLAG FOR CAR 28 (HAR) TIMED AT 16:05:09,35.0,medium
barcelona,2018,5,SIR,race_control_message,WAVED BLUE FLAG FOR CAR 35 (SIR) TIMED AT 16:07:08,36.0,medium
barcelona,2018,5,ALO,race_control_message,WAVED BLUE FLAG FOR CAR 14 (ALO) TIMED AT 16:07:50,37.0,medium
barcelona,2018,5,STR,race_control_message,WAVED BLUE FLAG FOR CAR 18 (STR) TIMED AT 16:08:10,37.0,medium
barcelona,2018,5,LEC,race_control_message,WAVED BLUE FLAG FOR CAR 16 (LEC) TIMED AT 16:08:39,37.0,medium
barcelona,2018,5,STR,race_control_message,WAVED BLUE FLAG FOR CAR 18 (STR) TIMED AT 16:08:52,38.0,medium
barcelona,2018,5,VAN,race_control_message,WAVED BLUE FLAG FOR CAR 2 (VAN) TIMED AT 16:09:05,38.0,medium
barcelona,2018,5,OCO,race_control_message,WAVED BLUE FLAG FOR CAR 31 (OCO) TIMED AT 16:09:35,38.0,medium
barcelona,2018,5,SAI,race_control_message,WAVED BLUE FLAG FOR CAR 55 (SAI) TIMED AT 16:10:02,38.0,medium
barcelona,2018,5,ERI,race_control_message,WAVED BLUE FLAG FOR CAR 9 (ERI) TIMED AT 16:10:21,39.0,medium
barcelona,2018,5,HAR,race_control_message,WAVED BLUE FLAG FOR CAR 28 (HAR) TIMED AT 16:11:51,40.0,medium
barcelona,2018,5,PER,race_control_message,WAVED BLUE FLAG FOR CAR 11 (PER) TIMED AT 16:11:58,40.0,medium
barcelona,2018,5,PER,race_control_message,WAVED BLUE FLAG FOR CAR 11 (PER) TIMED AT 16:12:41,40.0,medium
barcelona,2018,5,STR,race_control_message,WAVED BLUE FLAG FOR CAR 18 (STR) TIMED AT 16:12:57,41.0,medium
barcelona,2018,5,STR,race_control_message,WAVED BLUE FLAG FOR CAR 18 (STR) TIMED AT 16:16:47,43.0,medium
barcelona,2018,5,SIR,race_control_message,CAR 35 (SIR) OFF TRACK AND CONTINUED AT TURN 9,43.0,medium
barcelona,2018,5,LEC,race_control_message,WAVED BLUE FLAG FOR CAR 16 (LEC) TIMED AT 16:17:45,43.0,medium
barcelona,2018,5,SIR,race_control_message,WAVED BLUE FLAG FOR CAR 35 (SIR) TIMED AT 16:18:18,44.0,medium
barcelona,2018,5,ALO,race_control_message,WAVED BLUE FLAG FOR CAR 14 (ALO) TIMED AT 16:18:35,44.0,medium
barcelona,2018,5,HAR,race_control_message,WAVED BLUE FLAG FOR CAR 28 (HAR) TIMED AT 16:20:52,46.0,medium
barcelona,2018,5,VAN,race_control_message,WAVED BLUE FLAG FOR CAR 2 (VAN) TIMED AT 16:22:50,47.0,medium
barcelona,2018,5,LEC,race_control_message,WAVED BLUE FLAG FOR CAR 16 (LEC) TIMED AT 16:23:45,48.0,medium
barcelona,2018,5,SIR,race_control_message,WAVED BLUE FLAG FOR CAR 35 (SIR) TIMED AT 16:24:13,48.0,medium
barcelona,2018,5,SAI,race_control_message,WAVED BLUE FLAG FOR CAR 55 (SAI) TIMED AT 16:24:23,48.0,medium
barcelona,2018,5,LEC,race_control_message,WAVED BLUE FLAG FOR CAR 16 (LEC) TIMED AT 16:24:27,48.0,medium
barcelona,2018,5,ERI,race_control_message,WAVED BLUE FLAG FOR CAR 9 (ERI) TIMED AT 16:25:14,49.0,medium
barcelona,2018,5,ALO,race_control_message,WAVED BLUE FLAG FOR CAR 14 (ALO) TIMED AT 16:26:14,50.0,medium
barcelona,2018,5,STR,race_control_message,WAVED BLUE FLAG FOR CAR 18 (STR) TIMED AT 16:26:20,50.0,medium
barcelona,2018,5,ALO,race_control_message,WAVED BLUE FLAG FOR CAR 14 (ALO) TIMED AT 16:26:58,50.0,medium
barcelona,2018,5,SIR,race_control_message,WAVED BLUE FLAG FOR CAR 35 (SIR) TIMED AT 16:28:21,51.0,medium
barcelona,2018,5,SIR,race_control_message,WAVED BLUE FLAG FOR CAR 35 (SIR) TIMED AT 16:29:07,52.0,medium
barcelona,2018,5,SIR,race_control_message,WAVED BLUE FLAG FOR CAR 35 (SIR) TIMED AT 16:30:17,53.0,medium
barcelona,2018,5,MAG,race_control_message,WAVED BLUE FLAG FOR CAR 20 (MAG) TIMED AT 16:30:25,53.0,medium
barcelona,2018,5,SAI,race_control_message,WAVED BLUE FLAG FOR CAR 55 (SAI) TIMED AT 16:32:04,54.0,medium
barcelona,2018,5,PER,race_control_message,WAVED BLUE FLAG FOR CAR 11 (PER) TIMED AT 16:32:31,54.0,medium
barcelona,2018,5,LEC,race_control_message,WAVED BLUE FLAG FOR CAR 16 (LEC) TIMED AT 16:33:18,55.0,medium
barcelona,2018,5,SIR,race_control_message,WAVED BLUE FLAG FOR CAR 35 (SIR) TIMED AT 16:35:06,56.0,medium
barcelona,2018,5,HAR,race_control_message,WAVED BLUE FLAG FOR CAR 28 (HAR) TIMED AT 16:40:21,60.0,medium
barcelona,2018,5,ALO,race_control_message,WAVED BLUE FLAG FOR CAR 14 (ALO) TIMED AT 16:40:47,61.0,medium
barcelona,2018,5,ERI,race_control_message,WAVED BLUE FLAG FOR CAR 9 (ERI) TIMED AT 16:40:51,61.0,medium
barcelona,2018,5,SIR,race_control_message,WAVED BLUE FLAG FOR CAR 35 (SIR) TIMED AT 16:41:00,61.0,medium
barcelona,2018,5,SIR,race_control_message,WAVED BLUE FLAG FOR CAR 35 (SIR) TIMED AT 16:42:34,62.0,medium
barcelona,2018,5,STR,race_control_message,WAVED BLUE FLAG FOR CAR 18 (STR) TIMED AT 16:43:57,63.0,medium
barcelona,2018,5,SAI,race_control_message,WAVED BLUE FLAG FOR CAR 55 (SAI) TIMED AT 16:45:18,64.0,medium
barcelona,2018,5,ERI,race_control_message,WAVED BLUE FLAG FOR CAR 9 (ERI) TIMED AT 16:45:45,64.0,medium
barcelona,2018,5,SIR,race_control_message,WAVED BLUE FLAG FOR CAR 35 (SIR) TIMED AT 16:45:55,64.0,medium
barcelona,2018,5,LEC,race_control_message,WAVED BLUE FLAG FOR CAR 16 (LEC) TIMED AT 16:46:26,65.0,medium
barcelona,2018,5,ERI,race_control_message,WAVED BLUE FLAG FOR CAR 9 (ERI) TIMED AT 16:47:10,65.0,medium
barcelona,2018,5,PER,race_control_message,WAVED BLUE FLAG FOR CAR 11 (PER) TIMED AT 16:48:24,66.0,medium
barcelona,2019,5,RAI,race_control_message,CAR 7 (RAI) OFF TRACK AND CONTINUED AT TURN 4,1.0,medium
barcelona,2019,5,GIO,race_control_message,WAVED BLUE FLAG FOR CAR 99 (GIO) TIMED AT 15:37:22,18.0,medium
barcelona,2019,5,KUB,race_control_message,WAVED BLUE FLAG FOR CAR 88 (KUB) TIMED AT 15:38:00,19.0,medium
barcelona,2019,5,GIO,race_control_message,WAVED BLUE FLAG FOR CAR 99 (GIO) TIMED AT 15:38:49,19.0,medium
barcelona,2019,5,RUS,race_control_message,WAVED BLUE FLAG FOR CAR 63 (RUS) TIMED AT 15:39:00,19.0,medium
barcelona,2019,5,KUB,race_control_message,WAVED BLUE FLAG FOR CAR 88 (KUB) TIMED AT 15:39:27,20.0,medium
barcelona,2019,5,RUS,race_control_message,WAVED BLUE FLAG FOR CAR 63 (RUS) TIMED AT 15:40:58,21.0,medium
barcelona,2019,5,KUB,race_control_message,WAVED BLUE FLAG FOR CAR 88 (KUB) TIMED AT 15:43:06,22.0,medium
barcelona,2019,5,GIO,race_control_message,WAVED BLUE FLAG FOR CAR 99 (GIO) TIMED AT 15:45:05,24.0,medium
barcelona,2019,5,RUS,race_control_message,WAVED BLUE FLAG FOR CAR 63 (RUS) TIMED AT 15:45:18,24.0,medium
barcelona,2019,5,GIO,race_control_message,WAVED BLUE FLAG FOR CAR 99 (GIO) TIMED AT 15:45:28,24.0,medium
barcelona,2019,5,RIC,race_control_message,WAVED BLUE FLAG FOR CAR 3 (RIC) TIMED AT 15:47:44,26.0,medium
barcelona,2019,5,KUB,race_control_message,WAVED BLUE FLAG FOR CAR 88 (KUB) TIMED AT 15:48:54,27.0,medium
barcelona,2019,5,RUS,race_control_message,WAVED BLUE FLAG FOR CAR 63 (RUS) TIMED AT 15:49:32,27.0,medium
barcelona,2019,5,RUS,race_control_message,WAVED BLUE FLAG FOR CAR 63 (RUS) TIMED AT 15:49:51,27.0,medium
barcelona,2019,5,KUB,race_control_message,WAVED BLUE FLAG FOR CAR 88 (KUB) TIMED AT 15:51:52,28.0,medium
barcelona,2019,5,GIO,race_control_message,WAVED BLUE FLAG FOR CAR 99 (GIO) TIMED AT 15:51:54,28.0,medium
barcelona,2019,5,GIO,race_control_message,WAVED BLUE FLAG FOR CAR 99 (GIO) TIMED AT 15:52:58,29.0,medium
barcelona,2019,5,RUS,race_control_message,WAVED BLUE FLAG FOR CAR 63 (RUS) TIMED AT 15:53:25,30.0,medium
barcelona,2019,5,RUS,race_control_message,WAVED BLUE FLAG FOR CAR 63 (RUS) TIMED AT 15:53:35,30.0,medium
barcelona,2019,5,GIO,race_control_message,WAVED BLUE FLAG FOR CAR 99 (GIO) TIMED AT 15:53:35,30.0,medium
barcelona,2019,5,KUB,race_control_message,WAVED BLUE FLAG FOR CAR 88 (KUB) TIMED AT 15:55:25,31.0,medium
barcelona,2019,5,RAI,race_control_message,WAVED BLUE FLAG FOR CAR 7 (RAI) TIMED AT 15:57:44,33.0,medium
barcelona,2019,5,GIO,race_control_message,WAVED BLUE FLAG FOR CAR 99 (GIO) TIMED AT 15:58:29,33.0,medium
barcelona,2019,5,RUS,race_control_message,WAVED BLUE FLAG FOR CAR 63 (RUS) TIMED AT 15:58:34,33.0,medium
barcelona,2019,5,KUB,race_control_message,WAVED BLUE FLAG FOR CAR 88 (KUB) TIMED AT 15:58:45,33.0,medium
barcelona,2019,5,KUB,race_control_message,WAVED BLUE FLAG FOR CAR 88 (KUB) TIMED AT 15:58:54,34.0,medium
barcelona,2019,5,KUB,race_control_message,WAVED BLUE FLAG FOR CAR 88 (KUB) TIMED AT 15:59:09,34.0,medium
barcelona,2019,5,RAI,race_control_message,WAVED BLUE FLAG FOR CAR 7 (RAI) TIMED AT 15:59:27,34.0,medium
barcelona,2019,5,KUB,race_control_message,WAVED BLUE FLAG FOR CAR 88 (KUB) TIMED AT 15:59:29,34.0,medium
barcelona,2019,5,KUB,race_control_message,WAVED BLUE FLAG FOR CAR 88 (KUB) TIMED AT 15:59:39,34.0,medium
barcelona,2019,5,RAI,race_control_message,WAVED BLUE FLAG FOR CAR 7 (RAI) TIMED AT 16:00:25,35.0,medium
barcelona,2019,5,KUB,race_control_message,WAVED BLUE FLAG FOR CAR 88 (KUB) TIMED AT 16:00:49,35.0,medium
barcelona,2019,5,NOR,race_control_message,WAVED BLUE FLAG FOR CAR 4 (NOR) TIMED AT 16:02:44,36.0,medium
barcelona,2019,5,KUB,race_control_message,WAVED BLUE FLAG FOR CAR 88 (KUB) TIMED AT 16:02:59,37.0,medium
barcelona,2019,5,NOR,race_control_message,WAVED BLUE FLAG FOR CAR 4 (NOR) TIMED AT 16:03:00,37.0,medium
barcelona,2019,5,KUB,race_control_message,WAVED BLUE FLAG FOR CAR 88 (KUB) TIMED AT 16:03:25,37.0,medium
barcelona,2019,5,STR,race_control_message,WAVED BLUE FLAG FOR CAR 18 (STR) TIMED AT 16:04:02,37.0,medium
barcelona,2019,5,KUB,race_control_message,WAVED BLUE FLAG FOR CAR 88 (KUB) TIMED AT 16:04:35,38.0,medium
barcelona,2019,5,HUL,race_control_message,WAVED BLUE FLAG FOR CAR 27 (HUL) TIMED AT 16:04:41,38.0,medium
barcelona,2019,5,PER,race_control_message,WAVED BLUE FLAG FOR CAR 11 (PER) TIMED AT 16:05:06,38.0,medium
barcelona,2019,5,RUS,race_control_message,WAVED BLUE FLAG FOR CAR 63 (RUS) TIMED AT 16:05:49,39.0,medium
barcelona,2019,5,GIO,race_control_message,WAVED BLUE FLAG FOR CAR 99 (GIO) TIMED AT 16:06:20,39.0,medium
barcelona,2019,5,RUS,race_control_message,WAVED BLUE FLAG FOR CAR 63 (RUS) TIMED AT 16:06:56,39.0,medium
barcelona,2019,5,KUB,race_control_message,WAVED BLUE FLAG FOR CAR 88 (KUB) TIMED AT 16:07:50,40.0,medium
barcelona,2019,5,RUS,race_control_message,WAVED BLUE FLAG FOR CAR 63 (RUS) TIMED AT 16:07:53,40.0,medium
barcelona,2019,5,HUL,race_control_message,WAVED BLUE FLAG FOR CAR 27 (HUL) TIMED AT 16:07:55,40.0,medium
barcelona,2019,5,RAI,race_control_message,WAVED BLUE FLAG FOR CAR 7 (RAI) TIMED AT 16:08:10,40.0,medium
barcelona,2019,5,RIC,race_control_message,WAVED BLUE FLAG FOR CAR 3 (RIC) TIMED AT 16:08:18,40.0,medium
barcelona,2019,5,RAI,race_control_message,WAVED BLUE FLAG FOR CAR 7 (RAI) TIMED AT 16:08:19,40.0,medium
barcelona,2019,5,RUS,race_control_message,WAVED BLUE FLAG FOR CAR 63 (RUS) TIMED AT 16:08:38,41.0,medium
barcelona,2019,5,RUS,race_control_message,WAVED BLUE FLAG FOR CAR 63 (RUS) TIMED AT 16:09:04,41.0,medium
barcelona,2019,5,KUB,race_control_message,WAVED BLUE FLAG FOR CAR 88 (KUB) TIMED AT 16:09:05,41.0,medium
barcelona,2019,5,NOR,race_control_message,WAVED BLUE FLAG FOR CAR 4 (NOR) TIMED AT 16:09:38,41.0,medium
barcelona,2019,5,SAI,race_control_message,WAVED BLUE FLAG FOR CAR 55 (SAI) TIMED AT 16:09:45,41.0,medium
barcelona,2019,5,STR,race_control_message,WAVED BLUE FLAG FOR CAR 18 (STR) TIMED AT 16:10:17,42.0,medium
barcelona,2019,5,RUS,race_control_message,WAVED BLUE FLAG FOR CAR 63 (RUS) TIMED AT 16:10:30,42.0,medium
barcelona,2019,5,GIO,race_control_message,WAVED BLUE FLAG FOR CAR 99 (GIO) TIMED AT 16:10:42,42.0,medium
barcelona,2019,5,RUS,race_control_message,WAVED BLUE FLAG FOR CAR 63 (RUS) TIMED AT 16:11:33,43.0,medium
barcelona,2019,5,PER,race_control_message,WAVED BLUE FLAG FOR CAR 11 (PER) TIMED AT 16:11:36,43.0,medium
barcelona,2019,5,GIO,race_control_message,WAVED BLUE FLAG FOR CAR 99 (GIO) TIMED AT 16:12:47,44.0,medium
barcelona,2019,5,KUB,race_control_message,WAVED BLUE FLAG FOR CAR 88 (KUB) TIMED AT 16:13:47,44.0,medium
barcelona,2019,5,GIO,race_control_message,WAVED BLUE FLAG FOR CAR 99 (GIO) TIMED AT 16:14:43,45.0,medium
barcelona,2019,5,RAI,race_control_message,WAVED BLUE FLAG FOR CAR 7 (RAI) TIMED AT 16:14:44,45.0,medium
barcelona,2019,5,GIO,race_control_message,WAVED BLUE FLAG FOR CAR 99 (GIO) TIMED AT 16:15:26,46.0,medium
barcelona,2019,5,GIO,race_control_message,WAVED BLUE FLAG FOR CAR 99 (GIO) TIMED AT 16:15:29,46.0,medium
barcelona,2019,5,RAI,race_control_message,WAVED BLUE FLAG FOR CAR 7 (RAI) TIMED AT 16:15:41,46.0,medium
barcelona,2019,5,RUS,race_control_message,WAVED BLUE FLAG FOR CAR 63 (RUS) TIMED AT 16:30:21,53.0,medium
barcelona,2019,5,KUB,race_control_message,WAVED BLUE FLAG FOR CAR 88 (KUB) TIMED AT 16:30:22,53.0,medium
barcelona,2019,5,RUS,race_control_message,WAVED BLUE FLAG FOR CAR 63 (RUS) TIMED AT 16:30:27,53.0,medium
barcelona,2019,5,KUB,race_control_message,WAVED BLUE FLAG FOR CAR 88 (KUB) TIMED AT 16:30:36,53.0,medium
barcelona,2019,5,RUS,race_control_message,WAVED BLUE FLAG FOR CAR 63 (RUS) TIMED AT 16:30:37,53.0,medium
barcelona,2020,6,MAG,race_control_message,WAVED BLUE FLAG FOR CAR 20 (MAG) TIMED AT 16:01:56,35.0,medium
barcelona,2020,6,OCO,race_control_message,WAVED BLUE FLAG FOR CAR 31 (OCO) TIMED AT 16:02:49,36.0,medium
barcelona,2020,6,GIO,race_control_message,WAVED BLUE FLAG FOR CAR 99 (GIO) TIMED AT 16:03:07,36.0,medium
barcelona,2020,6,OCO,race_control_message,WAVED BLUE FLAG FOR CAR 31 (OCO) TIMED AT 16:03:29,36.0,medium
barcelona,2020,6,OCO,race_control_message,WAVED BLUE FLAG FOR CAR 31 (OCO) TIMED AT 16:04:21,37.0,medium
barcelona,2020,6,RAI,race_control_message,WAVED BLUE FLAG FOR CAR 7 (RAI) TIMED AT 16:05:03,37.0,medium
barcelona,2020,6,MAG,race_control_message,WAVED BLUE FLAG FOR CAR 20 (MAG) TIMED AT 16:05:09,37.0,medium
barcelona,2020,6,RIC,race_control_message,WAVED BLUE FLAG FOR CAR 3 (RIC) TIMED AT 16:05:39,38.0,medium
barcelona,2020,6,MAG,race_control_message,WAVED BLUE FLAG FOR CAR 20 (MAG) TIMED AT 16:05:43,38.0,medium
barcelona,2020,6,LEC,race_control_message,CAR 16 (LEC) SPUN AND CONTINUED AT TURN 15,38.0,medium
barcelona,2020,6,MAG,race_control_message,WAVED BLUE FLAG FOR CAR 20 (MAG) TIMED AT 16:06:17,38.0,medium
barcelona,2020,6,GIO,race_control_message,WAVED BLUE FLAG FOR CAR 99 (GIO) TIMED AT 16:07:32,39.0,medium
barcelona,2020,6,GIO,race_control_message,WAVED BLUE FLAG FOR CAR 99 (GIO) TIMED AT 16:08:25,40.0,medium
barcelona,2020,6,RAI,race_control_message,WAVED BLUE FLAG FOR CAR 7 (RAI) TIMED AT 16:09:17,40.0,medium
barcelona,2020,6,RAI,race_control_message,WAVED BLUE FLAG FOR CAR 7 (RAI) TIMED AT 16:09:49,41.0,medium
barcelona,2020,6,RIC,race_control_message,WAVED BLUE FLAG FOR CAR 3 (RIC) TIMED AT 16:09:50,41.0,medium
barcelona,2020,6,RIC,race_control_message,WAVED BLUE FLAG FOR CAR 3 (RIC) TIMED AT 16:10:23,41.0,medium
barcelona,2020,6,VET,race_control_message,WAVED BLUE FLAG FOR CAR 5 (VET) TIMED AT 16:12:44,43.0,medium
barcelona,2020,6,KVY,race_control_message,WAVED BLUE FLAG FOR CAR 26 (KVY) TIMED AT 16:14:18,44.0,medium
barcelona,2020,6,GRO,race_control_message,WAVED BLUE FLAG FOR CAR 8 (GRO) TIMED AT 16:14:28,44.0,medium
barcelona,2020,6,RUS,race_control_message,WAVED BLUE FLAG FOR CAR 63 (RUS) TIMED AT 16:15:37,45.0,medium
barcelona,2020,6,OCO,race_control_message,WAVED BLUE FLAG FOR CAR 31 (OCO) TIMED AT 16:16:08,45.0,medium
barcelona,2020,6,ALB,race_control_message,WAVED BLUE FLAG FOR CAR 23 (ALB) TIMED AT 16:16:48,46.0,medium
barcelona,2020,6,GIO,race_control_message,WAVED BLUE FLAG FOR CAR 99 (GIO) TIMED AT 16:16:55,46.0,medium
barcelona,2020,6,MAG,race_control_message,WAVED BLUE FLAG FOR CAR 20 (MAG) TIMED AT 16:18:35,47.0,medium
barcelona,2020,6,PER,race_control_message,WAVED BLUE FLAG FOR CAR 11 (PER) TIMED AT 16:19:34,48.0,medium
barcelona,2020,6,MAG,race_control_message,WAVED BLUE FLAG FOR CAR 20 (MAG) TIMED AT 16:22:19,50.0,medium
barcelona,2020,6,ALB,race_control_message,WAVED BLUE FLAG FOR CAR 23 (ALB) TIMED AT 16:23:33,51.0,medium
barcelona,2020,6,KVY,race_control_message,WAVED BLUE FLAG FOR CAR 26 (KVY) TIMED AT 16:24:13,51.0,medium
barcelona,2020,6,SAI,race_control_message,WAVED BLUE FLAG FOR CAR 55 (SAI) TIMED AT 16:25:24,52.0,medium
barcelona,2020,6,RIC,race_control_message,WAVED BLUE FLAG FOR CAR 3 (RIC) TIMED AT 16:26:04,52.0,medium
barcelona,2020,6,STR,race_control_message,WAVED BLUE FLAG FOR CAR 18 (STR) TIMED AT 16:27:09,53.0,medium
barcelona,2020,6,VET,race_control_message,WAVED BLUE FLAG FOR CAR 5 (VET) TIMED AT 16:28:16,54.0,medium
barcelona,2020,6,KVY,race_control_message,WAVED BLUE FLAG FOR CAR 26 (KVY) TIMED AT 16:30:49,56.0,medium
barcelona,2020,6,NOR,race_control_message,WAVED BLUE FLAG FOR CAR 4 (NOR) TIMED AT 16:30:51,56.0,medium
barcelona,2020,6,PER,race_control_message,WAVED BLUE FLAG FOR CAR 11 (PER) TIMED AT 16:32:17,57.0,medium
barcelona,2020,6,GAS,race_control_message,WAVED BLUE FLAG FOR CAR 10 (GAS) TIMED AT 16:32:27,57.0,medium
barcelona,2020,6,RIC,race_control_message,WAVED BLUE FLAG FOR CAR 3 (RIC) TIMED AT 16:33:10,58.0,medium
barcelona,2020,6,ALB,race_control_message,WAVED BLUE FLAG FOR CAR 23 (ALB) TIMED AT 16:33:40,58.0,medium
barcelona,2020,6,SAI,race_control_message,WAVED BLUE FLAG FOR CAR 55 (SAI) TIMED AT 16:35:47,60.0,medium
barcelona,2020,6,VET,race_control_message,WAVED BLUE FLAG FOR CAR 5 (VET) TIMED AT 16:36:09,60.0,medium
barcelona,2020,6,NOR,race_control_message,WAVED BLUE FLAG FOR CAR 4 (NOR) TIMED AT 16:36:13,60.0,medium
barcelona,2020,6,GAS,race_control_message,WAVED BLUE FLAG FOR CAR 10 (GAS) TIMED AT 16:37:05,61.0,medium
barcelona,2020,6,SAI,race_control_message,WAVED BLUE FLAG FOR CAR 55 (SAI) TIMED AT 16:38:20,62.0,medium
barcelona,2020,6,ALB,race_control_message,WAVED BLUE FLAG FOR CAR 23 (ALB) TIMED AT 16:38:27,62.0,medium
barcelona,2020,6,VET,race_control_message,WAVED BLUE FLAG FOR CAR 5 (VET) TIMED AT 16:39:28,62.0,medium
barcelona,2020,6,GRO,race_control_message,WAVED BLUE FLAG FOR CAR 8 (GRO) TIMED AT 16:42:46,65.0,medium
barcelona,2020,6,GRO,race_control_message,WAVED BLUE FLAG FOR CAR 8 (GRO) TIMED AT 16:43:02,65.0,medium
barcelona,2020,6,GRO,race_control_message,WAVED BLUE FLAG FOR CAR 8 (GRO) TIMED AT 16:43:33,65.0,medium
barcelona,2020,6,LAT,race_control_message,WAVED BLUE FLAG FOR CAR 6 (LAT) TIMED AT 16:43:49,66.0,medium
barcelona,2021,4,MAZ,race_control_message,WAVED BLUE FLAG FOR CAR 9 (MAZ) TIMED AT 15:40:23,26.0,medium
barcelona,2021,4,MAZ,race_control_message,WAVED BLUE FLAG FOR CAR 9 (MAZ) TIMED AT 15:50:25,33.0,medium
barcelona,2021,4,MAZ,race_control_message,WAVED BLUE FLAG FOR CAR 9 (MAZ) TIMED AT 15:50:46,33.0,medium
barcelona,2021,4,MAZ,race_control_message,WAVED BLUE FLAG FOR CAR 9 (MAZ) TIMED AT 15:52:32,34.0,medium
barcelona,2021,4,MSC,race_control_message,WAVED BLUE FLAG FOR CAR 47 (MSC) TIMED AT 15:56:58,38.0,medium
barcelona,2021,4,RAI,race_control_message,WAVED BLUE FLAG FOR CAR 7 (RAI) TIMED AT 15:58:17,39.0,medium
barcelona,2021,4,RAI,race_control_message,WAVED BLUE FLAG FOR CAR 7 (RAI) TIMED AT 15:58:21,39.0,medium
barcelona,2021,4,MAZ,race_control_message,WAVED BLUE FLAG FOR CAR 9 (MAZ) TIMED AT 15:58:42,39.0,medium
barcelona,2021,4,MSC,race_control_message,WAVED BLUE FLAG FOR CAR 47 (MSC) TIMED AT 15:59:17,39.0,medium
barcelona,2021,4,GIO,race_control_message,WAVED BLUE FLAG FOR CAR 99 (GIO) TIMED AT 16:00:06,40.0,medium
barcelona,2021,4,GIO,race_control_message,WAVED BLUE FLAG FOR CAR 99 (GIO) TIMED AT 16:00:20,40.0,medium
barcelona,2021,4,GIO,race_control_message,WAVED BLUE FLAG FOR CAR 99 (GIO) TIMED AT 16:01:21,41.0,medium
barcelona,2021,4,VET,race_control_message,WAVED BLUE FLAG FOR CAR 5 (VET) TIMED AT 16:02:59,42.0,medium
barcelona,2021,4,LAT,race_control_message,WAVED BLUE FLAG FOR CAR 6 (LAT) TIMED AT 16:03:10,42.0,medium
barcelona,2021,4,RAI,race_control_message,WAVED BLUE FLAG FOR CAR 7 (RAI) TIMED AT 16:03:49,43.0,medium
barcelona,2021,4,MAZ,race_control_message,WAVED BLUE FLAG FOR CAR 9 (MAZ) TIMED AT 16:05:31,44.0,medium
barcelona,2021,4,MSC,race_control_message,WAVED BLUE FLAG FOR CAR 47 (MSC) TIMED AT 16:05:46,44.0,medium
barcelona,2021,4,STR,race_control_message,WAVED BLUE FLAG FOR CAR 18 (STR) TIMED AT 16:08:04,46.0,medium
barcelona,2021,4,RUS,race_control_message,WAVED BLUE FLAG FOR CAR 63 (RUS) TIMED AT 16:08:08,46.0,medium
barcelona,2021,4,LAT,race_control_message,WAVED BLUE FLAG FOR CAR 6 (LAT) TIMED AT 16:09:47,47.0,medium
barcelona,2021,4,VET,race_control_message,WAVED BLUE FLAG FOR CAR 5 (VET) TIMED AT 16:10:22,48.0,medium
barcelona,2021,4,GAS,race_control_message,WAVED BLUE FLAG FOR CAR 10 (GAS) TIMED AT 16:10:28,48.0,medium
barcelona,2021,4,RAI,race_control_message,WAVED BLUE FLAG FOR CAR 7 (RAI) TIMED AT 16:10:47,48.0,medium
barcelona,2021,4,MSC,race_control_message,WAVED BLUE FLAG FOR CAR 47 (MSC) TIMED AT 16:11:31,48.0,medium
barcelona,2021,4,LAT,race_control_message,WAVED BLUE FLAG FOR CAR 6 (LAT) TIMED AT 16:11:39,48.0,medium
barcelona,2021,4,ALO,race_control_message,WAVED BLUE FLAG FOR CAR 14 (ALO) TIMED AT 16:12:05,49.0,medium
barcelona,2021,4,STR,race_control_message,WAVED BLUE FLAG FOR CAR 18 (STR) TIMED AT 16:13:09,50.0,medium
barcelona,2021,4,MAZ,race_control_message,WAVED BLUE FLAG FOR CAR 9 (MAZ) TIMED AT 16:15:02,51.0,medium
barcelona,2021,4,RUS,race_control_message,WAVED BLUE FLAG FOR CAR 63 (RUS) TIMED AT 16:17:46,53.0,medium
barcelona,2021,4,ALO,race_control_message,WAVED BLUE FLAG FOR CAR 14 (ALO) TIMED AT 16:18:31,53.0,medium
barcelona,2021,4,MAZ,race_control_message,WAVED BLUE FLAG FOR CAR 9 (MAZ) TIMED AT 16:20:03,55.0,medium
barcelona,2021,4,OCO,race_control_message,WAVED BLUE FLAG FOR CAR 31 (OCO) TIMED AT 16:21:42,56.0,medium
barcelona,2021,4,OCO,race_control_message,WAVED BLUE FLAG FOR CAR 31 (OCO) TIMED AT 16:23:16,57.0,medium
barcelona,2021,4,MAZ,race_control_message,WAVED BLUE FLAG FOR CAR 9 (MAZ) TIMED AT 16:24:44,58.0,medium
barcelona,2021,4,VET,race_control_message,WAVED BLUE FLAG FOR CAR 5 (VET) TIMED AT 16:25:43,59.0,medium
barcelona,2021,4,GAS,race_control_message,WAVED BLUE FLAG FOR CAR 10 (GAS) TIMED AT 16:26:44,59.0,medium
barcelona,2021,4,MSC,race_control_message,WAVED BLUE FLAG FOR CAR 47 (MSC) TIMED AT 16:27:19,60.0,medium
barcelona,2021,4,RAI,race_control_message,WAVED BLUE FLAG FOR CAR 7 (RAI) TIMED AT 16:27:28,60.0,medium
barcelona,2021,4,RUS,race_control_message,WAVED BLUE FLAG FOR CAR 63 (RUS) TIMED AT 16:27:41,60.0,medium
barcelona,2021,4,MSC,race_control_message,WAVED BLUE FLAG FOR CAR 47 (MSC) TIMED AT 16:27:51,60.0,medium
barcelona,2021,4,RAI,race_control_message,WAVED BLUE FLAG FOR CAR 7 (RAI) TIMED AT 16:27:54,60.0,medium
barcelona,2021,4,STR,race_control_message,WAVED BLUE FLAG FOR CAR 18 (STR) TIMED AT 16:28:24,61.0,medium
barcelona,2021,4,LAT,race_control_message,WAVED BLUE FLAG FOR CAR 6 (LAT) TIMED AT 16:28:34,61.0,medium
barcelona,2021,4,MAZ,race_control_message,WAVED BLUE FLAG FOR CAR 9 (MAZ) TIMED AT 16:28:53,61.0,medium
barcelona,2021,4,ALO,race_control_message,WAVED BLUE FLAG FOR CAR 14 (ALO) TIMED AT 16:28:59,61.0,medium
barcelona,2021,4,STR,race_control_message,WAVED BLUE FLAG FOR CAR 18 (STR) TIMED AT 16:29:06,61.0,medium
barcelona,2021,4,ALO,race_control_message,WAVED BLUE FLAG FOR CAR 14 (ALO) TIMED AT 16:29:13,61.0,medium
barcelona,2021,4,MAZ,race_control_message,WAVED BLUE FLAG FOR CAR 9 (MAZ) TIMED AT 16:30:57,62.0,medium
barcelona,2021,4,OCO,race_control_message,WAVED BLUE FLAG FOR CAR 31 (OCO) TIMED AT 16:31:37,63.0,medium
barcelona,2021,4,ALO,race_control_message,WAVED BLUE FLAG FOR CAR 14 (ALO) TIMED AT 16:32:11,63.0,medium
barcelona,2021,4,MAZ,race_control_message,WAVED BLUE FLAG FOR CAR 9 (MAZ) TIMED AT 16:32:13,63.0,medium
barcelona,2021,4,GIO,race_control_message,WAVED BLUE FLAG FOR CAR 99 (GIO) TIMED AT 16:32:43,64.0,medium
barcelona,2021,4,NOR,race_control_message,WAVED BLUE FLAG FOR CAR 4 (NOR) TIMED AT 16:32:57,64.0,medium
barcelona,2021,4,MAZ,race_control_message,WAVED BLUE FLAG FOR CAR 9 (MAZ) TIMED AT 16:33:21,64.0,medium
barcelona,2021,4,OCO,race_control_message,WAVED BLUE FLAG FOR CAR 31 (OCO) TIMED AT 16:34:06,65.0,medium
barcelona,2021,4,MSC,race_control_message,WAVED BLUE FLAG FOR CAR 47 (MSC) TIMED AT 16:34:08,65.0,medium
barcelona,2021,4,RUS,race_control_message,WAVED BLUE FLAG FOR CAR 63 (RUS) TIMED AT 16:35:11,66.0,medium
barcelona,2021,4,LAT,race_control_message,WAVED BLUE FLAG FOR CAR 6 (LAT) TIMED AT 16:36:17,66.0,medium
barcelona,2021,4,MAZ,race_control_message,WAVED BLUE FLAG FOR CAR 9 (MAZ) TIMED AT 16:36:42,66.0,medium
barcelona,2022,6,MAG,race_control_message,CAR 20 (MAG) OFF TRACK AND CONTINUED AT TURN 4,1.0,medium
barcelona,2022,6,SAI,race_control_message,CAR 55 (SAI) OFF TRACK AND CONTINUED AT TURN 4,7.0,medium
barcelona,2022,6,VER,race_control_message,CAR 1 (VER) OFF TRACK AND CONTINUED AT TURN 4,9.0,medium
barcelona,2022,6,MAG,race_control_message,WAVED BLUE FLAG FOR CAR 20 (MAG) TIMED AT 15:26:58,17.0,medium
barcelona,2022,6,MAG,race_control_message,WAVED BLUE FLAG FOR CAR 20 (MAG) TIMED AT 15:40:39,26.0,medium
barcelona,2022,6,MAG,race_control_message,WAVED BLUE FLAG FOR CAR 20 (MAG) TIMED AT 15:42:58,27.0,medium
barcelona,2022,6,STR,race_control_message,WAVED BLUE FLAG FOR CAR 18 (STR) TIMED AT 15:45:02,29.0,medium
barcelona,2022,6,STR,race_control_message,WAVED BLUE FLAG FOR CAR 18 (STR) TIMED AT 15:45:06,29.0,medium
barcelona,2022,6,MAG,race_control_message,WAVED BLUE FLAG FOR CAR 20 (MAG) TIMED AT 15:46:18,29.0,medium
barcelona,2022,6,MAG,race_control_message,WAVED BLUE FLAG FOR CAR 20 (MAG) TIMED AT 15:48:30,31.0,medium
barcelona,2022,6,MAG,race_control_message,WAVED BLUE FLAG FOR CAR 20 (MAG) TIMED AT 15:49:20,31.0,medium
barcelona,2022,6,ALB,race_control_message,WAVED BLUE FLAG FOR CAR 23 (ALB) TIMED AT 15:50:14,32.0,medium
barcelona,2022,6,ALB,race_control_message,WAVED BLUE FLAG FOR CAR 23 (ALB) TIMED AT 15:51:57,33.0,medium
barcelona,2022,6,LAT,race_control_message,WAVED BLUE FLAG FOR CAR 6 (LAT) TIMED AT 15:52:25,34.0,medium
barcelona,2022,6,STR,race_control_message,WAVED BLUE FLAG FOR CAR 18 (STR) TIMED AT 15:55:16,36.0,medium
barcelona,2022,6,ALB,race_control_message,WAVED BLUE FLAG FOR CAR 23 (ALB) TIMED AT 15:59:04,38.0,medium
barcelona,2022,6,LAT,race_control_message,WAVED BLUE FLAG FOR CAR 6 (LAT) TIMED AT 16:00:32,39.0,medium
barcelona,2022,6,LAT,race_control_message,WAVED BLUE FLAG FOR CAR 6 (LAT) TIMED AT 16:02:36,41.0,medium
barcelona,2022,6,MAG,race_control_message,WAVED BLUE FLAG FOR CAR 20 (MAG) TIMED AT 16:03:03,41.0,medium
barcelona,2022,6,ALB,race_control_message,WAVED BLUE FLAG FOR CAR 23 (ALB) TIMED AT 16:03:26,41.0,medium
barcelona,2022,6,ALB,race_control_message,WAVED BLUE FLAG FOR CAR 23 (ALB) TIMED AT 16:03:54,41.0,medium
barcelona,2022,6,GAS,race_control_message,WAVED BLUE FLAG FOR CAR 10 (GAS) TIMED AT 16:04:07,42.0,medium
barcelona,2022,6,MAG,race_control_message,WAVED BLUE FLAG FOR CAR 20 (MAG) TIMED AT 16:04:31,42.0,medium
barcelona,2022,6,MAG,race_control_message,WAVED BLUE FLAG FOR CAR 20 (MAG) TIMED AT 16:05:02,42.0,medium
barcelona,2022,6,ALB,race_control_message,BLACK AND WHITE FLAG FOR CAR 23 (ALB) - TRACK LIMITS,43.0,medium
barcelona,2022,6,STR,race_control_message,WAVED BLUE FLAG FOR CAR 18 (STR) TIMED AT 16:06:38,43.0,medium
barcelona,2022,6,ALB,race_control_message,WAVED BLUE FLAG FOR CAR 23 (ALB) TIMED AT 16:07:09,44.0,medium
barcelona,2022,6,HAM,race_control_message,BLACK AND WHITE FLAG FOR CAR 44 (HAM) - TRACK LIMITS,44.0,medium
barcelona,2022,6,STR,race_control_message,WAVED BLUE FLAG FOR CAR 18 (STR) TIMED AT 16:08:53,45.0,medium
barcelona,2022,6,MAG,race_control_message,WAVED BLUE FLAG FOR CAR 20 (MAG) TIMED AT 16:11:11,46.0,medium
barcelona,2022,6,LAT,race_control_message,WAVED BLUE FLAG FOR CAR 6 (LAT) TIMED AT 16:11:40,47.0,medium
barcelona,2022,6,STR,race_control_message,WAVED BLUE FLAG FOR CAR 18 (STR) TIMED AT 16:16:44,50.0,medium
barcelona,2022,6,VET,race_control_message,WAVED BLUE FLAG FOR CAR 5 (VET) TIMED AT 16:17:39,51.0,medium
barcelona,2022,6,MAG,race_control_message,WAVED BLUE FLAG FOR CAR 20 (MAG) TIMED AT 16:18:21,51.0,medium
barcelona,2022,6,LAT,race_control_message,WAVED BLUE FLAG FOR CAR 6 (LAT) TIMED AT 16:19:24,52.0,medium
barcelona,2022,6,VET,race_control_message,WAVED BLUE FLAG FOR CAR 5 (VET) TIMED AT 16:19:31,52.0,medium
barcelona,2022,6,LAT,race_control_message,WAVED BLUE FLAG FOR CAR 6 (LAT) TIMED AT 16:19:59,52.0,medium
barcelona,2022,6,MAG,race_control_message,WAVED BLUE FLAG FOR CAR 20 (MAG) TIMED AT 16:20:09,52.0,medium
barcelona,2022,6,STR,race_control_message,WAVED BLUE FLAG FOR CAR 18 (STR) TIMED AT 16:20:49,53.0,medium
barcelona,2022,6,ALB,race_control_message,WAVED BLUE FLAG FOR CAR 23 (ALB) TIMED AT 16:21:19,53.0,medium
barcelona,2022,6,MSC,race_control_message,WAVED BLUE FLAG FOR CAR 47 (MSC) TIMED AT 16:22:21,54.0,medium
barcelona,2022,6,ALB,race_control_message,WAVED BLUE FLAG FOR CAR 23 (ALB) TIMED AT 16:24:06,55.0,medium
barcelona,2022,6,GAS,race_control_message,WAVED BLUE FLAG FOR CAR 10 (GAS) TIMED AT 16:25:04,56.0,medium
barcelona,2022,6,ALB,race_control_message,WAVED BLUE FLAG FOR CAR 23 (ALB) TIMED AT 16:25:34,56.0,medium
barcelona,2022,6,RIC,race_control_message,WAVED BLUE FLAG FOR CAR 3 (RIC) TIMED AT 16:26:13,57.0,medium
barcelona,2022,6,ALB,race_control_message,WAVED BLUE FLAG FOR CAR 23 (ALB) TIMED AT 16:26:37,57.0,medium
barcelona,2022,6,GAS,race_control_message,WAVED BLUE FLAG FOR CAR 10 (GAS) TIMED AT 16:26:51,57.0,medium
barcelona,2022,6,RIC,race_control_message,WAVED BLUE FLAG FOR CAR 3 (RIC) TIMED AT 16:28:45,58.0,medium
barcelona,2022,6,LAT,race_control_message,WAVED BLUE FLAG FOR CAR 6 (LAT) TIMED AT 16:29:15,59.0,medium
barcelona,2022,6,LAT,race_control_message,WAVED BLUE FLAG FOR CAR 6 (LAT) TIMED AT 16:31:00,60.0,medium
barcelona,2022,6,MSC,race_control_message,WAVED BLUE FLAG FOR CAR 47 (MSC) TIMED AT 16:31:11,60.0,medium
barcelona,2022,6,VET,race_control_message,WAVED BLUE FLAG FOR CAR 5 (VET) TIMED AT 16:32:04,61.0,medium
barcelona,2022,6,MAG,race_control_message,WAVED BLUE FLAG FOR CAR 20 (MAG) TIMED AT 16:32:18,61.0,medium
barcelona,2022,6,MSC,race_control_message,WAVED BLUE FLAG FOR CAR 47 (MSC) TIMED AT 16:34:01,62.0,medium
barcelona,2022,6,MAG,race_control_message,WAVED BLUE FLAG FOR CAR 20 (MAG) TIMED AT 16:34:03,62.0,medium
barcelona,2022,6,ALB,race_control_message,WAVED BLUE FLAG FOR CAR 23 (ALB) TIMED AT 16:34:17,62.0,medium
barcelona,2022,6,ALB,race_control_message,WAVED BLUE FLAG FOR CAR 23 (ALB) TIMED AT 16:36:21,64.0,medium
barcelona,2022,6,MAG,race_control_message,WAVED BLUE FLAG FOR CAR 20 (MAG) TIMED AT 16:37:02,64.0,medium
barcelona,2022,6,LAT,race_control_message,WAVED BLUE FLAG FOR CAR 6 (LAT) TIMED AT 16:38:21,65.0,medium
barcelona,2022,6,MAG,race_control_message,WAVED BLUE FLAG FOR CAR 20 (MAG) TIMED AT 16:38:38,65.0,medium
barcelona,2022,6,ALB,race_control_message,WAVED BLUE FLAG FOR CAR 23 (ALB) TIMED AT 16:39:58,66.0,medium
barcelona,2022,6,MAG,race_control_message,WAVED BLUE FLAG FOR CAR 20 (MAG) TIMED AT 16:40:04,66.0,medium
barcelona,2022,6,ALB,race_control_message,WAVED BLUE FLAG FOR CAR 23 (ALB) TIMED AT 16:40:09,66.0,medium
barcelona,2022,6,MAG,race_control_message,WAVED BLUE FLAG FOR CAR 20 (MAG) TIMED AT 16:40:40,66.0,medium
barcelona,2023,7,NOR,race_control_message,WAVED BLUE FLAG FOR CAR 4 (NOR) TIMED AT 15:54:04,38.0,medium
barcelona,2023,7,BOT,race_control_message,WAVED BLUE FLAG FOR CAR 77 (BOT) TIMED AT 15:55:55,40.0,medium
barcelona,2023,7,MAG,race_control_message,WAVED BLUE FLAG FOR CAR 20 (MAG) TIMED AT 15:57:08,41.0,medium
barcelona,2023,7,GAS,race_control_message,WAVED BLUE FLAG FOR CAR 10 (GAS) TIMED AT 15:57:48,41.0,medium
barcelona,2023,7,BOT,race_control_message,WAVED BLUE FLAG FOR CAR 77 (BOT) TIMED AT 16:02:49,45.0,medium
barcelona,2023,7,PIA,race_control_message,WAVED BLUE FLAG FOR CAR 81 (PIA) TIMED AT 16:08:29,49.0,medium
barcelona,2023,7,BOT,race_control_message,WAVED BLUE FLAG FOR CAR 77 (BOT) TIMED AT 16:15:13,54.0,medium
barcelona,2023,7,NOR,race_control_message,WAVED BLUE FLAG FOR CAR 4 (NOR) TIMED AT 16:17:08,56.0,medium
barcelona,2023,7,SAR,race_control_message,WAVED BLUE FLAG FOR CAR 2 (SAR) TIMED AT 16:17:30,56.0,medium
barcelona,2023,7,HUL,race_control_message,WAVED BLUE FLAG FOR CAR 27 (HUL) TIMED AT 16:17:31,56.0,medium
barcelona,2023,7,BOT,race_control_message,WAVED BLUE FLAG FOR CAR 77 (BOT) TIMED AT 16:18:38,57.0,medium
barcelona,2023,7,VER,race_control_message,BLACK AND WHITE FLAG FOR CAR 1 (VER) - TRACK LIMITS,59.0,medium
barcelona,2023,7,SAR,race_control_message,WAVED BLUE FLAG FOR CAR 2 (SAR) TIMED AT 16:21:15,59.0,medium
barcelona,2023,7,BOT,race_control_message,WAVED BLUE FLAG FOR CAR 77 (BOT) TIMED AT 16:21:26,59.0,medium
barcelona,2023,7,NOR,race_control_message,WAVED BLUE FLAG FOR CAR 4 (NOR) TIMED AT 16:21:47,59.0,medium
barcelona,2023,7,NOR,race_control_message,WAVED BLUE FLAG FOR CAR 4 (NOR) TIMED AT 16:22:48,60.0,medium
barcelona,2023,7,MAG,race_control_message,WAVED BLUE FLAG FOR CAR 20 (MAG) TIMED AT 16:23:22,60.0,medium
barcelona,2023,7,SAR,race_control_message,WAVED BLUE FLAG FOR CAR 2 (SAR) TIMED AT 16:23:23,60.0,medium
barcelona,2023,7,ALB,race_control_message,WAVED BLUE FLAG FOR CAR 23 (ALB) TIMED AT 16:24:48,62.0,medium
barcelona,2023,7,DEV,race_control_message,WAVED BLUE FLAG FOR CAR 21 (DEV) TIMED AT 16:25:54,62.0,medium
barcelona,2023,7,SAR,race_control_message,WAVED BLUE FLAG FOR CAR 2 (SAR) TIMED AT 16:27:26,64.0,medium
barcelona,2023,7,PIA,race_control_message,WAVED BLUE FLAG FOR CAR 81 (PIA) TIMED AT 16:27:26,64.0,medium
barcelona,2023,7,MAG,race_control_message,WAVED BLUE FLAG FOR CAR 20 (MAG) TIMED AT 16:29:24,65.0,medium
barcelona,2023,7,BOT,race_control_message,WAVED BLUE FLAG FOR CAR 77 (BOT) TIMED AT 16:29:42,65.0,medium
barcelona,2023,7,MAG,race_control_message,WAVED BLUE FLAG FOR CAR 20 (MAG) TIMED AT 16:30:21,66.0,medium
barcelona,2024,10,TSU,race_control_message,WAVED BLUE FLAG FOR CAR 22 (TSU) TIMED AT 15:52:16,37.0,medium
barcelona,2024,10,STR,race_control_message,WAVED BLUE FLAG FOR CAR 18 (STR) TIMED AT 15:54:36,39.0,medium
barcelona,2024,10,BOT,race_control_message,WAVED BLUE FLAG FOR CAR 77 (BOT) TIMED AT 15:56:52,40.0,medium
barcelona,2024,10,MAG,race_control_message,WAVED BLUE FLAG FOR CAR 20 (MAG) TIMED AT 15:57:11,41.0,medium
barcelona,2024,10,TSU,race_control_message,WAVED BLUE FLAG FOR CAR 22 (TSU) TIMED AT 15:58:02,41.0,medium
barcelona,2024,10,BOT,race_control_message,WAVED BLUE FLAG FOR CAR 77 (BOT) TIMED AT 15:59:43,42.0,medium
barcelona,2024,10,SAR,race_control_message,WAVED BLUE FLAG FOR CAR 2 (SAR) TIMED AT 15:59:59,43.0,medium
barcelona,2024,10,ZHO,race_control_message,WAVED BLUE FLAG FOR CAR 24 (ZHO) TIMED AT 16:00:01,43.0,medium
barcelona,2024,10,ALB,race_control_message,WAVED BLUE FLAG FOR CAR 23 (ALB) TIMED AT 16:00:42,43.0,medium
barcelona,2024,10,TSU,race_control_message,WAVED BLUE FLAG FOR CAR 22 (TSU) TIMED AT 16:00:50,43.0,medium
barcelona,2024,10,STR,race_control_message,WAVED BLUE FLAG FOR CAR 18 (STR) TIMED AT 16:01:08,43.0,medium
barcelona,2024,10,SAR,race_control_message,WAVED BLUE FLAG FOR CAR 2 (SAR) TIMED AT 16:01:13,44.0,medium
barcelona,2024,10,ALB,race_control_message,WAVED BLUE FLAG FOR CAR 23 (ALB) TIMED AT 16:02:03,44.0,medium
barcelona,2024,10,TSU,race_control_message,WAVED BLUE FLAG FOR CAR 22 (TSU) TIMED AT 16:02:43,45.0,medium
barcelona,2024,10,SAR,race_control_message,WAVED BLUE FLAG FOR CAR 2 (SAR) TIMED AT 16:02:43,45.0,medium
barcelona,2024,10,ALB,race_control_message,WAVED BLUE FLAG FOR CAR 23 (ALB) TIMED AT 16:03:05,45.0,medium
barcelona,2024,10,RIC,race_control_message,WAVED BLUE FLAG FOR CAR 3 (RIC) TIMED AT 16:04:50,46.0,medium
barcelona,2024,10,ALB,race_control_message,WAVED BLUE FLAG FOR CAR 23 (ALB) TIMED AT 16:05:51,47.0,medium
barcelona,2024,10,ALB,race_control_message,WAVED BLUE FLAG FOR CAR 23 (ALB) TIMED AT 16:06:22,47.0,medium
barcelona,2024,10,SAR,race_control_message,WAVED BLUE FLAG FOR CAR 2 (SAR) TIMED AT 16:07:11,48.0,medium
barcelona,2024,10,MAG,race_control_message,WAVED BLUE FLAG FOR CAR 20 (MAG) TIMED AT 16:07:39,48.0,medium
barcelona,2024,10,ALB,race_control_message,WAVED BLUE FLAG FOR CAR 23 (ALB) TIMED AT 16:07:53,48.0,medium
barcelona,2024,10,RIC,race_control_message,WAVED BLUE FLAG FOR CAR 3 (RIC) TIMED AT 16:07:55,48.0,medium
barcelona,2024,10,BOT,race_control_message,WAVED BLUE FLAG FOR CAR 77 (BOT) TIMED AT 16:08:13,49.0,medium
barcelona,2024,10,RIC,race_control_message,WAVED BLUE FLAG FOR CAR 3 (RIC) TIMED AT 16:08:30,49.0,medium
barcelona,2024,10,TSU,race_control_message,WAVED BLUE FLAG FOR CAR 22 (TSU) TIMED AT 16:08:49,49.0,medium
barcelona,2024,10,TSU,race_control_message,WAVED BLUE FLAG FOR CAR 22 (TSU) TIMED AT 16:10:27,50.0,medium
barcelona,2024,10,RIC,race_control_message,WAVED BLUE FLAG FOR CAR 3 (RIC) TIMED AT 16:10:32,50.0,medium
barcelona,2024,10,MAG,race_control_message,WAVED BLUE FLAG FOR CAR 20 (MAG) TIMED AT 16:10:39,50.0,medium
barcelona,2024,10,BOT,race_control_message,WAVED BLUE FLAG FOR CAR 77 (BOT) TIMED AT 16:11:00,51.0,medium
barcelona,2024,10,ALB,race_control_message,WAVED BLUE FLAG FOR CAR 23 (ALB) TIMED AT 16:12:11,52.0,medium
barcelona,2024,10,MAG,race_control_message,WAVED BLUE FLAG FOR CAR 20 (MAG) TIMED AT 16:12:41,52.0,medium
barcelona,2024,10,SAR,race_control_message,WAVED BLUE FLAG FOR CAR 2 (SAR) TIMED AT 16:13:04,52.0,medium
barcelona,2024,10,BOT,race_control_message,WAVED BLUE FLAG FOR CAR 77 (BOT) TIMED AT 16:13:16,53.0,medium
barcelona,2024,10,BOT,race_control_message,WAVED BLUE FLAG FOR CAR 77 (BOT) TIMED AT 16:13:21,53.0,medium
barcelona,2024,10,RIC,race_control_message,WAVED BLUE FLAG FOR CAR 3 (RIC) TIMED AT 16:13:21,53.0,medium
barcelona,2024,10,STR,race_control_message,WAVED BLUE FLAG FOR CAR 18 (STR) TIMED AT 16:13:36,53.0,medium
barcelona,2024,10,MAG,race_control_message,WAVED BLUE FLAG FOR CAR 20 (MAG) TIMED AT 16:14:37,54.0,medium
barcelona,2024,10,MAG,race_control_message,WAVED BLUE FLAG FOR CAR 20 (MAG) TIMED AT 16:14:52,54.0,medium
barcelona,2024,10,BOT,race_control_message,WAVED BLUE FLAG FOR CAR 77 (BOT) TIMED AT 16:15:16,54.0,medium
barcelona,2024,10,BOT,race_control_message,WAVED BLUE FLAG FOR CAR 77 (BOT) TIMED AT 16:15:36,54.0,medium
barcelona,2024,10,STR,race_control_message,WAVED BLUE FLAG FOR CAR 18 (STR) TIMED AT 16:16:50,55.0,medium
barcelona,2024,10,ZHO,race_control_message,WAVED BLUE FLAG FOR CAR 24 (ZHO) TIMED AT 16:17:07,55.0,medium
barcelona,2024,10,SAR,race_control_message,WAVED BLUE FLAG FOR CAR 2 (SAR) TIMED AT 16:19:01,57.0,medium
barcelona,2024,10,ALB,race_control_message,WAVED BLUE FLAG FOR CAR 23 (ALB) TIMED AT 16:19:44,57.0,medium
barcelona,2024,10,ALO,race_control_message,WAVED BLUE FLAG FOR CAR 14 (ALO) TIMED AT 16:19:55,58.0,medium
barcelona,2024,10,ZHO,race_control_message,WAVED BLUE FLAG FOR CAR 24 (ZHO) TIMED AT 16:20:37,58.0,medium
barcelona,2024,10,MAG,race_control_message,WAVED BLUE FLAG FOR CAR 20 (MAG) TIMED AT 16:21:02,58.0,medium
barcelona,2024,10,SAR,race_control_message,WAVED BLUE FLAG FOR CAR 2 (SAR) TIMED AT 16:21:31,59.0,medium
barcelona,2024,10,RIC,race_control_message,WAVED BLUE FLAG FOR CAR 3 (RIC) TIMED AT 16:21:31,59.0,medium
barcelona,2024,10,BOT,race_control_message,WAVED BLUE FLAG FOR CAR 77 (BOT) TIMED AT 16:22:29,60.0,medium
barcelona,2024,10,ALO,race_control_message,WAVED BLUE FLAG FOR CAR 14 (ALO) TIMED AT 16:23:29,60.0,medium
barcelona,2024,10,SAR,race_control_message,WAVED BLUE FLAG FOR CAR 2 (SAR) TIMED AT 16:25:07,62.0,medium
barcelona,2024,10,SAR,race_control_message,WAVED BLUE FLAG FOR CAR 2 (SAR) TIMED AT 16:25:35,62.0,medium
barcelona,2024,10,STR,race_control_message,WAVED BLUE FLAG FOR CAR 18 (STR) TIMED AT 16:26:32,63.0,medium
barcelona,2024,10,TSU,race_control_message,WAVED BLUE FLAG FOR CAR 22 (TSU) TIMED AT 16:27:41,64.0,medium
barcelona,2024,10,TSU,race_control_message,WAVED BLUE FLAG FOR CAR 22 (TSU) TIMED AT 16:28:06,64.0,medium
barcelona,2024,10,SAR,race_control_message,WAVED BLUE FLAG FOR CAR 2 (SAR) TIMED AT 16:29:58,65.0,medium
barcelona,2024,10,SAR,race_control_message,WAVED BLUE FLAG FOR CAR 2 (SAR) TIMED AT 16:30:37,66.0,medium
barcelona,2024,10,STR,race_control_message,WAVED BLUE FLAG FOR CAR 18 (STR) TIMED AT 16:30:51,66.0,medium
barcelona,2024,10,STR,race_control_message,WAVED BLUE FLAG FOR CAR 18 (STR) TIMED AT 16:31:10,66.0,medium
barcelona,2025,9,COL,race_control_message,WAVED BLUE FLAG FOR CAR 43 (COL) TIMED AT 15:47:50,33.0,medium
barcelona,2025,9,COL,race_control_message,WAVED BLUE FLAG FOR CAR 43 (COL) TIMED AT 15:47:55,33.0,medium
barcelona,2025,9,COL,race_control_message,WAVED BLUE FLAG FOR CAR 43 (COL) TIMED AT 15:49:30,35.0,medium
barcelona,2025,9,COL,race_control_message,WAVED BLUE FLAG FOR CAR 43 (COL) TIMED AT 15:51:52,36.0,medium
barcelona,2025,9,GAS,race_control_message,WAVED BLUE FLAG FOR CAR 10 (GAS) TIMED AT 15:52:19,37.0,medium
barcelona,2025,9,COL,race_control_message,WAVED BLUE FLAG FOR CAR 43 (COL) TIMED AT 15:52:24,37.0,medium
barcelona,2025,9,GAS,race_control_message,WAVED BLUE FLAG FOR CAR 10 (GAS) TIMED AT 15:52:32,37.0,medium
barcelona,2025,9,BEA,race_control_message,WAVED BLUE FLAG FOR CAR 87 (BEA) TIMED AT 15:53:48,38.0,medium
barcelona,2025,9,GAS,race_control_message,WAVED BLUE FLAG FOR CAR 10 (GAS) TIMED AT 15:54:12,38.0,medium
barcelona,2025,9,OCO,race_control_message,WAVED BLUE FLAG FOR CAR 31 (OCO) TIMED AT 15:56:31,40.0,medium
barcelona,2025,9,GAS,race_control_message,WAVED BLUE FLAG FOR CAR 10 (GAS) TIMED AT 15:57:21,41.0,medium
barcelona,2025,9,OCO,race_control_message,WAVED BLUE FLAG FOR CAR 31 (OCO) TIMED AT 15:57:45,41.0,medium
barcelona,2025,9,OCO,race_control_message,WAVED BLUE FLAG FOR CAR 31 (OCO) TIMED AT 15:58:12,41.0,medium
barcelona,2025,9,TSU,race_control_message,WAVED BLUE FLAG FOR CAR 22 (TSU) TIMED AT 15:58:56,42.0,medium
barcelona,2025,9,TSU,race_control_message,WAVED BLUE FLAG FOR CAR 22 (TSU) TIMED AT 16:00:11,43.0,medium
barcelona,2025,9,OCO,race_control_message,WAVED BLUE FLAG FOR CAR 31 (OCO) TIMED AT 16:00:44,43.0,medium
barcelona,2025,9,COL,race_control_message,WAVED BLUE FLAG FOR CAR 43 (COL) TIMED AT 16:01:08,43.0,medium
barcelona,2025,9,COL,race_control_message,WAVED BLUE FLAG FOR CAR 43 (COL) TIMED AT 16:01:17,43.0,medium
barcelona,2025,9,BOR,race_control_message,WAVED BLUE FLAG FOR CAR 5 (BOR) TIMED AT 16:01:23,44.0,medium
barcelona,2025,9,BOR,race_control_message,WAVED BLUE FLAG FOR CAR 5 (BOR) TIMED AT 16:02:34,44.0,medium
barcelona,2025,9,TSU,race_control_message,WAVED BLUE FLAG FOR CAR 22 (TSU) TIMED AT 16:02:41,45.0,medium
barcelona,2025,9,TSU,race_control_message,WAVED BLUE FLAG FOR CAR 22 (TSU) TIMED AT 16:02:46,45.0,medium
barcelona,2025,9,BOR,race_control_message,WAVED BLUE FLAG FOR CAR 5 (BOR) TIMED AT 16:05:10,46.0,medium
barcelona,2025,9,BOR,race_control_message,WAVED BLUE FLAG FOR CAR 5 (BOR) TIMED AT 16:05:26,47.0,medium
barcelona,2025,9,TSU,race_control_message,WAVED BLUE FLAG FOR CAR 22 (TSU) TIMED AT 16:07:18,48.0,medium
barcelona,2025,9,COL,race_control_message,WAVED BLUE FLAG FOR CAR 43 (COL) TIMED AT 16:09:14,49.0,medium
barcelona,2025,9,SAI,race_control_message,WAVED BLUE FLAG FOR CAR 55 (SAI) TIMED AT 16:09:27,50.0,medium
barcelona,2025,9,ALO,race_control_message,WAVED BLUE FLAG FOR CAR 14 (ALO) TIMED AT 16:10:16,50.0,medium
barcelona,2025,9,LAW,race_control_message,WAVED BLUE FLAG FOR CAR 30 (LAW) TIMED AT 16:11:01,51.0,medium
barcelona,2025,9,LAW,race_control_message,WAVED BLUE FLAG FOR CAR 30 (LAW) TIMED AT 16:11:14,51.0,medium
barcelona,2025,9,BEA,race_control_message,WAVED BLUE FLAG FOR CAR 87 (BEA) TIMED AT 16:11:35,51.0,medium
barcelona,2025,9,ALO,race_control_message,WAVED BLUE FLAG FOR CAR 14 (ALO) TIMED AT 16:11:41,51.0,medium
barcelona,2025,9,BEA,race_control_message,WAVED BLUE FLAG FOR CAR 87 (BEA) TIMED AT 16:11:44,51.0,medium
barcelona,2025,9,LAW,race_control_message,WAVED BLUE FLAG FOR CAR 30 (LAW) TIMED AT 16:12:02,51.0,medium
barcelona,2025,9,ALO,race_control_message,WAVED BLUE FLAG FOR CAR 14 (ALO) TIMED AT 16:12:04,51.0,medium
barcelona,2025,9,BEA,race_control_message,WAVED BLUE FLAG FOR CAR 87 (BEA) TIMED AT 16:12:27,52.0,medium
barcelona,2025,9,GAS,race_control_message,WAVED BLUE FLAG FOR CAR 10 (GAS) TIMED AT 16:12:30,52.0,medium
barcelona,2025,9,LAW,race_control_message,WAVED BLUE FLAG FOR CAR 30 (LAW) TIMED AT 16:12:32,52.0,medium
barcelona,2025,9,GAS,race_control_message,WAVED BLUE FLAG FOR CAR 10 (GAS) TIMED AT 16:12:39,52.0,medium
barcelona,2025,9,BEA,race_control_message,WAVED BLUE FLAG FOR CAR 87 (BEA) TIMED AT 16:12:39,52.0,medium
barcelona,2025,9,GAS,race_control_message,WAVED BLUE FLAG FOR CAR 10 (GAS) TIMED AT 16:13:32,52.0,medium
barcelona,2025,9,GAS,race_control_message,WAVED BLUE FLAG FOR CAR 10 (GAS) TIMED AT 16:14:06,53.0,medium
barcelona,2025,9,HUL,race_control_message,WAVED BLUE FLAG FOR CAR 27 (HUL) TIMED AT 16:15:24,54.0,medium
barcelona,2025,9,BOR,race_control_message,WAVED BLUE FLAG FOR CAR 5 (BOR) TIMED AT 16:16:41,55.0,medium
barcelona,2025,9,HUL,race_control_message,WAVED BLUE FLAG FOR CAR 27 (HUL) TIMED AT 16:16:51,55.0,medium
barcelona,2026,7,BOT,race_control_message,WAVED BLUE FLAG FOR CAR 77 (BOT) TIMED AT 15:25:45,16.0,medium
barcelona,2026,7,ALO,race_control_message,WAVED BLUE FLAG FOR CAR 14 (ALO) TIMED AT 15:33:17,22.0,medium
barcelona,2026,7,ALO,race_control_message,WAVED BLUE FLAG FOR CAR 14 (ALO) TIMED AT 15:33:38,22.0,medium
barcelona,2026,7,PER,race_control_message,WAVED BLUE FLAG FOR CAR 11 (PER) TIMED AT 15:34:40,23.0,medium
barcelona,2026,7,PER,race_control_message,WAVED BLUE FLAG FOR CAR 11 (PER) TIMED AT 15:35:20,23.0,medium
barcelona,2026,7,PER,race_control_message,WAVED BLUE FLAG FOR CAR 11 (PER) TIMED AT 15:36:14,24.0,medium
barcelona,2026,7,PER,race_control_message,WAVED BLUE FLAG FOR CAR 11 (PER) TIMED AT 15:36:48,24.0,medium
barcelona,2026,7,ALB,race_control_message,WAVED BLUE FLAG FOR CAR 23 (ALB) TIMED AT 15:37:06,25.0,medium
barcelona,2026,7,ALB,race_control_message,WAVED BLUE FLAG FOR CAR 23 (ALB) TIMED AT 15:37:34,25.0,medium
barcelona,2026,7,ALB,race_control_message,WAVED BLUE FLAG FOR CAR 23 (ALB) TIMED AT 15:38:20,26.0,medium
barcelona,2026,7,ALB,race_control_message,WAVED BLUE FLAG FOR CAR 23 (ALB) TIMED AT 15:38:29,26.0,medium
barcelona,2026,7,ALB,race_control_message,WAVED BLUE FLAG FOR CAR 23 (ALB) TIMED AT 15:38:43,26.0,medium
barcelona,2026,7,BEA,race_control_message,WAVED BLUE FLAG FOR CAR 87 (BEA) TIMED AT 15:39:04,26.0,medium
barcelona,2026,7,PER,race_control_message,WAVED BLUE FLAG FOR CAR 11 (PER) TIMED AT 15:39:48,27.0,medium
barcelona,2026,7,BEA,race_control_message,WAVED BLUE FLAG FOR CAR 87 (BEA) TIMED AT 15:40:21,27.0,medium
barcelona,2026,7,PER,race_control_message,WAVED BLUE FLAG FOR CAR 11 (PER) TIMED AT 15:40:23,27.0,medium
barcelona,2026,7,BEA,race_control_message,WAVED BLUE FLAG FOR CAR 87 (BEA) TIMED AT 15:40:49,27.0,medium
barcelona,2026,7,BEA,race_control_message,WAVED BLUE FLAG FOR CAR 87 (BEA) TIMED AT 15:41:04,28.0,medium
barcelona,2026,7,BEA,race_control_message,WAVED BLUE FLAG FOR CAR 87 (BEA) TIMED AT 15:41:16,28.0,medium
barcelona,2026,7,OCO,race_control_message,WAVED BLUE FLAG FOR CAR 31 (OCO) TIMED AT 15:41:29,28.0,medium
barcelona,2026,7,PER,race_control_message,WAVED BLUE FLAG FOR CAR 11 (PER) TIMED AT 15:42:36,29.0,medium
barcelona,2026,7,OCO,race_control_message,WAVED BLUE FLAG FOR CAR 31 (OCO) TIMED AT 15:42:45,29.0,medium
barcelona,2026,7,ALB,race_control_message,WAVED BLUE FLAG FOR CAR 23 (ALB) TIMED AT 15:43:01,29.0,medium
barcelona,2026,7,ALO,race_control_message,WAVED BLUE FLAG FOR CAR 14 (ALO) TIMED AT 15:43:08,29.0,medium
barcelona,2026,7,ANT,race_control_message,BLACK AND WHITE FLAG FOR CAR 12 (ANT) - TRACK LIMITS,29.0,medium
barcelona,2026,7,ALB,race_control_message,WAVED BLUE FLAG FOR CAR 23 (ALB) TIMED AT 15:43:15,29.0,medium
barcelona,2026,7,OCO,race_control_message,WAVED BLUE FLAG FOR CAR 31 (OCO) TIMED AT 15:43:22,29.0,medium
barcelona,2026,7,ALB,race_control_message,WAVED BLUE FLAG FOR CAR 23 (ALB) TIMED AT 15:44:42,30.0,medium
barcelona,2026,7,LIN,race_control_message,WAVED BLUE FLAG FOR CAR 41 (LIN) TIMED AT 15:44:44,30.0,medium
barcelona,2026,7,LIN,race_control_message,WAVED BLUE FLAG FOR CAR 41 (LIN) TIMED AT 15:45:04,30.0,medium
barcelona,2026,7,BOR,race_control_message,WAVED BLUE FLAG FOR CAR 5 (BOR) TIMED AT 15:45:11,30.0,medium
barcelona,2026,7,BOR,race_control_message,WAVED BLUE FLAG FOR CAR 5 (BOR) TIMED AT 15:45:15,31.0,medium
barcelona,2026,7,SAI,race_control_message,WAVED BLUE FLAG FOR CAR 55 (SAI) TIMED AT 15:45:51,31.0,medium
barcelona,2026,7,ALB,race_control_message,WAVED BLUE FLAG FOR CAR 23 (ALB) TIMED AT 15:46:06,31.0,medium
barcelona,2026,7,BOR,race_control_message,WAVED BLUE FLAG FOR CAR 5 (BOR) TIMED AT 15:46:53,32.0,medium
barcelona,2026,7,SAI,race_control_message,WAVED BLUE FLAG FOR CAR 55 (SAI) TIMED AT 15:46:59,32.0,medium
barcelona,2026,7,LIN,race_control_message,WAVED BLUE FLAG FOR CAR 41 (LIN) TIMED AT 15:47:32,32.0,medium
barcelona,2026,7,PER,race_control_message,WAVED BLUE FLAG FOR CAR 11 (PER) TIMED AT 15:47:34,32.0,medium
barcelona,2026,7,OCO,race_control_message,WAVED BLUE FLAG FOR CAR 31 (OCO) TIMED AT 15:47:38,32.0,medium
barcelona,2026,7,OCO,race_control_message,WAVED BLUE FLAG FOR CAR 31 (OCO) TIMED AT 15:48:02,33.0,medium
barcelona,2026,7,OCO,race_control_message,WAVED BLUE FLAG FOR CAR 31 (OCO) TIMED AT 15:48:09,33.0,medium
barcelona,2026,7,BEA,race_control_message,WAVED BLUE FLAG FOR CAR 87 (BEA) TIMED AT 15:48:50,33.0,medium
barcelona,2026,7,BOR,race_control_message,WAVED BLUE FLAG FOR CAR 5 (BOR) TIMED AT 15:49:41,34.0,medium
barcelona,2026,7,LIN,race_control_message,WAVED BLUE FLAG FOR CAR 41 (LIN) TIMED AT 15:50:42,34.0,medium
barcelona,2026,7,OCO,race_control_message,WAVED BLUE FLAG FOR CAR 31 (OCO) TIMED AT 15:51:36,35.0,medium
barcelona,2026,7,BEA,race_control_message,WAVED BLUE FLAG FOR CAR 87 (BEA) TIMED AT 15:52:12,36.0,medium
barcelona,2026,7,PER,race_control_message,WAVED BLUE FLAG FOR CAR 11 (PER) TIMED AT 15:52:30,36.0,medium
barcelona,2026,7,COL,race_control_message,WAVED BLUE FLAG FOR CAR 43 (COL) TIMED AT 15:52:30,36.0,medium
barcelona,2026,7,SAI,race_control_message,WAVED BLUE FLAG FOR CAR 55 (SAI) TIMED AT 15:52:54,36.0,medium
barcelona,2026,7,ALO,race_control_message,WAVED BLUE FLAG FOR CAR 14 (ALO) TIMED AT 15:54:04,37.0,medium
barcelona,2026,7,BEA,race_control_message,WAVED BLUE FLAG FOR CAR 87 (BEA) TIMED AT 15:54:48,37.0,medium
barcelona,2026,7,BEA,race_control_message,WAVED BLUE FLAG FOR CAR 87 (BEA) TIMED AT 15:55:22,38.0,medium
barcelona,2026,7,LAW,race_control_message,WAVED BLUE FLAG FOR CAR 30 (LAW) TIMED AT 15:55:37,38.0,medium
barcelona,2026,7,LAW,race_control_message,WAVED BLUE FLAG FOR CAR 30 (LAW) TIMED AT 15:56:04,38.0,medium
barcelona,2026,7,LAW,race_control_message,WAVED BLUE FLAG FOR CAR 30 (LAW) TIMED AT 15:56:21,39.0,medium
barcelona,2026,7,COL,race_control_message,WAVED BLUE FLAG FOR CAR 43 (COL) TIMED AT 15:56:32,39.0,medium
barcelona,2026,7,COL,race_control_message,WAVED BLUE FLAG FOR CAR 43 (COL) TIMED AT 15:56:53,39.0,medium
barcelona,2026,7,BEA,race_control_message,WAVED BLUE FLAG FOR CAR 87 (BEA) TIMED AT 15:57:00,39.0,medium
barcelona,2026,7,GAS,race_control_message,WAVED BLUE FLAG FOR CAR 10 (GAS) TIMED AT 15:57:09,39.0,medium
barcelona,2026,7,BOR,race_control_message,WAVED BLUE FLAG FOR CAR 5 (BOR) TIMED AT 15:58:29,40.0,medium
barcelona,2026,7,BEA,race_control_message,WAVED BLUE FLAG FOR CAR 87 (BEA) TIMED AT 16:01:31,42.0,medium
barcelona,2026,7,LIN,race_control_message,WAVED BLUE FLAG FOR CAR 41 (LIN) TIMED AT 16:01:39,42.0,medium
barcelona,2026,7,LIN,race_control_message,WAVED BLUE FLAG FOR CAR 41 (LIN) TIMED AT 16:01:43,42.0,medium
barcelona,2026,7,LIN,race_control_message,WAVED BLUE FLAG FOR CAR 41 (LIN) TIMED AT 16:02:01,42.0,medium
barcelona,2026,7,PER,race_control_message,WAVED BLUE FLAG FOR CAR 11 (PER) TIMED AT 16:02:25,42.0,medium
barcelona,2026,7,SAI,race_control_message,WAVED BLUE FLAG FOR CAR 55 (SAI) TIMED AT 16:03:03,43.0,medium
barcelona,2026,7,BOR,race_control_message,WAVED BLUE FLAG FOR CAR 5 (BOR) TIMED AT 16:03:06,43.0,medium
barcelona,2026,7,SAI,race_control_message,WAVED BLUE FLAG FOR CAR 55 (SAI) TIMED AT 16:03:28,43.0,medium
barcelona,2026,7,PER,race_control_message,WAVED BLUE FLAG FOR CAR 11 (PER) TIMED AT 16:03:40,43.0,medium
barcelona,2026,7,PER,race_control_message,WAVED BLUE FLAG FOR CAR 11 (PER) TIMED AT 16:04:12,44.0,medium
barcelona,2026,7,PER,race_control_message,WAVED BLUE FLAG FOR CAR 11 (PER) TIMED AT 16:04:27,44.0,medium
barcelona,2026,7,LIN,race_control_message,WAVED BLUE FLAG FOR CAR 41 (LIN) TIMED AT 16:04:44,44.0,medium
barcelona,2026,7,SAI,race_control_message,WAVED BLUE FLAG FOR CAR 55 (SAI) TIMED AT 16:05:45,45.0,medium
barcelona,2026,7,PER,race_control_message,WAVED BLUE FLAG FOR CAR 11 (PER) TIMED AT 16:07:39,46.0,medium
barcelona,2026,7,OCO,race_control_message,WAVED BLUE FLAG FOR CAR 31 (OCO) TIMED AT 16:09:27,48.0,medium
barcelona,2026,7,LAW,race_control_message,WAVED BLUE FLAG FOR CAR 30 (LAW) TIMED AT 16:10:16,48.0,medium
barcelona,2026,7,LAW,race_control_message,WAVED BLUE FLAG FOR CAR 30 (LAW) TIMED AT 16:10:48,49.0,medium
barcelona,2026,7,COL,race_control_message,WAVED BLUE FLAG FOR CAR 43 (COL) TIMED AT 16:12:13,50.0,medium
barcelona,2026,7,COL,race_control_message,WAVED BLUE FLAG FOR CAR 43 (COL) TIMED AT 16:12:33,50.0,medium
barcelona,2026,7,PER,race_control_message,WAVED BLUE FLAG FOR CAR 11 (PER) TIMED AT 16:13:03,50.0,medium
barcelona,2026,7,PER,race_control_message,WAVED BLUE FLAG FOR CAR 11 (PER) TIMED AT 16:13:37,51.0,medium
barcelona,2026,7,PER,race_control_message,WAVED BLUE FLAG FOR CAR 11 (PER) TIMED AT 16:14:14,51.0,medium
barcelona,2026,7,PER,race_control_message,WAVED BLUE FLAG FOR CAR 11 (PER) TIMED AT 16:14:24,51.0,medium
barcelona,2026,7,PER,race_control_message,WAVED BLUE FLAG FOR CAR 11 (PER) TIMED AT 16:15:13,52.0,medium
barcelona,2026,7,PER,race_control_message,WAVED BLUE FLAG FOR CAR 11 (PER) TIMED AT 16:15:57,52.0,medium
barcelona,2026,7,LAW,race_control_message,WAVED BLUE FLAG FOR CAR 30 (LAW) TIMED AT 16:16:10,53.0,medium
barcelona,2026,7,GAS,race_control_message,WAVED BLUE FLAG FOR CAR 10 (GAS) TIMED AT 16:16:43,53.0,medium
barcelona,2026,7,ALB,race_control_message,WAVED BLUE FLAG FOR CAR 23 (ALB) TIMED AT 16:17:29,54.0,medium
barcelona,2026,7,OCO,race_control_message,WAVED BLUE FLAG FOR CAR 31 (OCO) TIMED AT 16:17:33,54.0,medium
barcelona,2026,7,COL,race_control_message,WAVED BLUE FLAG FOR CAR 43 (COL) TIMED AT 16:18:16,54.0,medium
barcelona,2026,7,GAS,race_control_message,WAVED BLUE FLAG FOR CAR 10 (GAS) TIMED AT 16:18:27,54.0,medium
barcelona,2026,7,ALB,race_control_message,WAVED BLUE FLAG FOR CAR 23 (ALB) TIMED AT 16:21:43,57.0,medium
barcelona,2026,7,OCO,race_control_message,WAVED BLUE FLAG FOR CAR 31 (OCO) TIMED AT 16:21:48,57.0,medium
barcelona,2026,7,OCO,race_control_message,WAVED BLUE FLAG FOR CAR 31 (OCO) TIMED AT 16:22:03,57.0,medium
barcelona,2026,7,BEA,race_control_message,WAVED BLUE FLAG FOR CAR 87 (BEA) TIMED AT 16:22:10,57.0,medium
barcelona,2026,7,PER,race_control_message,WAVED BLUE FLAG FOR CAR 11 (PER) TIMED AT 16:22:12,57.0,medium
barcelona,2026,7,OCO,race_control_message,WAVED BLUE FLAG FOR CAR 31 (OCO) TIMED AT 16:22:21,57.0,medium
barcelona,2026,7,BEA,race_control_message,WAVED BLUE FLAG FOR CAR 87 (BEA) TIMED AT 16:22:24,57.0,medium
barcelona,2026,7,BEA,race_control_message,WAVED BLUE FLAG FOR CAR 87 (BEA) TIMED AT 16:22:41,57.0,medium
barcelona,2026,7,BEA,race_control_message,WAVED BLUE FLAG FOR CAR 87 (BEA) TIMED AT 16:23:01,58.0,medium
barcelona,2026,7,HAD,race_control_message,WAVED BLUE FLAG FOR CAR 6 (HAD) TIMED AT 16:23:22,58.0,medium
barcelona,2026,7,SAI,race_control_message,WAVED BLUE FLAG FOR CAR 55 (SAI) TIMED AT 16:28:08,61.0,medium
barcelona,2026,7,SAI,race_control_message,WAVED BLUE FLAG FOR CAR 55 (SAI) TIMED AT 16:28:18,62.0,medium
barcelona,2026,7,PER,race_control_message,WAVED BLUE FLAG FOR CAR 11 (PER) TIMED AT 16:28:30,62.0,medium
barcelona,2026,7,OCO,race_control_message,WAVED BLUE FLAG FOR CAR 31 (OCO) TIMED AT 16:29:34,63.0,medium
barcelona,2026,7,BEA,race_control_message,WAVED BLUE FLAG FOR CAR 87 (BEA) TIMED AT 16:29:44,63.0,medium
barcelona,2026,7,BOR,race_control_message,WAVED BLUE FLAG FOR CAR 5 (BOR) TIMED AT 16:29:51,63.0,medium
barcelona,2026,7,BOR,race_control_message,WAVED BLUE FLAG FOR CAR 5 (BOR) TIMED AT 16:33:58,65.0,medium
budapest,2018,12,VER,race_control_message,CAR 33 (VER) STOPPED AT TURN 6,7.0,medium
budapest,2018,12,ERI,race_control_message,WAVED BLUE FLAG FOR CAR 9 (ERI) TIMED AT 15:43:10,22.0,medium
budapest,2018,12,PER,race_control_message,WAVED BLUE FLAG FOR CAR 11 (PER) TIMED AT 15:45:20,24.0,medium
budapest,2018,12,STR,race_control_message,WAVED BLUE FLAG FOR CAR 18 (STR) TIMED AT 15:45:36,24.0,medium
budapest,2018,12,ERI,race_control_message,WAVED BLUE FLAG FOR CAR 9 (ERI) TIMED AT 15:46:33,25.0,medium
budapest,2018,12,STR,race_control_message,WAVED BLUE FLAG FOR CAR 18 (STR) TIMED AT 15:48:23,26.0,medium
budapest,2018,12,ERI,race_control_message,WAVED BLUE FLAG FOR CAR 9 (ERI) TIMED AT 15:51:43,28.0,medium
budapest,2018,12,SIR,race_control_message,WAVED BLUE FLAG FOR CAR 35 (SIR) TIMED AT 15:51:44,28.0,medium
budapest,2018,12,PER,race_control_message,WAVED BLUE FLAG FOR CAR 11 (PER) TIMED AT 15:53:39,30.0,medium
budapest,2018,12,STR,race_control_message,WAVED BLUE FLAG FOR CAR 18 (STR) TIMED AT 15:54:24,30.0,medium
budapest,2018,12,HUL,race_control_message,WAVED BLUE FLAG FOR CAR 27 (HUL) TIMED AT 15:56:42,32.0,medium
budapest,2018,12,ERI,race_control_message,WAVED BLUE FLAG FOR CAR 9 (ERI) TIMED AT 15:57:34,32.0,medium
budapest,2018,12,HAR,race_control_message,WAVED BLUE FLAG FOR CAR 28 (HAR) TIMED AT 15:57:57,33.0,medium
budapest,2018,12,STR,race_control_message,WAVED BLUE FLAG FOR CAR 18 (STR) TIMED AT 15:59:10,34.0,medium
budapest,2018,12,ERI,race_control_message,WAVED BLUE FLAG FOR CAR 9 (ERI) TIMED AT 15:59:51,34.0,medium
budapest,2018,12,GRO,race_control_message,WAVED BLUE FLAG FOR CAR 8 (GRO) TIMED AT 16:00:28,34.0,medium
budapest,2018,12,STR,race_control_message,WAVED BLUE FLAG FOR CAR 18 (STR) TIMED AT 16:01:09,35.0,medium
budapest,2018,12,SAI,race_control_message,WAVED BLUE FLAG FOR CAR 55 (SAI) TIMED AT 16:02:17,36.0,medium
budapest,2018,12,OCO,race_control_message,WAVED BLUE FLAG FOR CAR 31 (OCO) TIMED AT 16:04:06,37.0,medium
budapest,2018,12,OCO,race_control_message,WAVED BLUE FLAG FOR CAR 31 (OCO) TIMED AT 16:04:40,38.0,medium
budapest,2018,12,PER,race_control_message,WAVED BLUE FLAG FOR CAR 11 (PER) TIMED AT 16:04:42,38.0,medium
budapest,2018,12,HUL,race_control_message,WAVED BLUE FLAG FOR CAR 27 (HUL) TIMED AT 16:06:45,39.0,medium
budapest,2018,12,SIR,race_control_message,WAVED BLUE FLAG FOR CAR 35 (SIR) TIMED AT 16:06:48,39.0,medium
budapest,2018,12,ERI,race_control_message,WAVED BLUE FLAG FOR CAR 9 (ERI) TIMED AT 16:07:49,40.0,medium
budapest,2018,12,ERI,race_control_message,WAVED BLUE FLAG FOR CAR 9 (ERI) TIMED AT 16:08:09,40.0,medium
budapest,2018,12,HAR,race_control_message,WAVED BLUE FLAG FOR CAR 28 (HAR) TIMED AT 16:08:11,40.0,medium
budapest,2018,12,STR,race_control_message,WAVED BLUE FLAG FOR CAR 18 (STR) TIMED AT 16:08:17,40.0,medium
budapest,2018,12,GRO,race_control_message,WAVED BLUE FLAG FOR CAR 8 (GRO) TIMED AT 16:08:51,40.0,medium
budapest,2018,12,OCO,race_control_message,WAVED BLUE FLAG FOR CAR 31 (OCO) TIMED AT 16:09:20,41.0,medium
budapest,2018,12,PER,race_control_message,WAVED BLUE FLAG FOR CAR 11 (PER) TIMED AT 16:09:58,41.0,medium
budapest,2018,12,SAI,race_control_message,WAVED BLUE FLAG FOR CAR 55 (SAI) TIMED AT 16:10:14,41.0,medium
budapest,2018,12,HUL,race_control_message,WAVED BLUE FLAG FOR CAR 27 (HUL) TIMED AT 16:11:44,43.0,medium
budapest,2018,12,HAR,race_control_message,WAVED BLUE FLAG FOR CAR 28 (HAR) TIMED AT 16:12:47,43.0,medium
budapest,2018,12,VAN,race_control_message,WAVED BLUE FLAG FOR CAR 2 (VAN) TIMED AT 16:13:16,44.0,medium
budapest,2018,12,ALO,race_control_message,WAVED BLUE FLAG FOR CAR 14 (ALO) TIMED AT 16:14:18,44.0,medium
budapest,2018,12,PER,race_control_message,WAVED BLUE FLAG FOR CAR 11 (PER) TIMED AT 16:14:31,45.0,medium
budapest,2018,12,GRO,race_control_message,WAVED BLUE FLAG FOR CAR 8 (GRO) TIMED AT 16:14:40,45.0,medium
budapest,2018,12,OCO,race_control_message,WAVED BLUE FLAG FOR CAR 31 (OCO) TIMED AT 16:15:04,45.0,medium
budapest,2018,12,GRO,race_control_message,WAVED BLUE FLAG FOR CAR 8 (GRO) TIMED AT 16:15:07,45.0,medium
budapest,2018,12,SAI,race_control_message,WAVED BLUE FLAG FOR CAR 55 (SAI) TIMED AT 16:16:20,46.0,medium
budapest,2018,12,SAI,race_control_message,WAVED BLUE FLAG FOR CAR 55 (SAI) TIMED AT 16:17:14,47.0,medium
budapest,2018,12,SIR,race_control_message,WAVED BLUE FLAG FOR CAR 35 (SIR) TIMED AT 16:17:41,47.0,medium
budapest,2018,12,ERI,race_control_message,WAVED BLUE FLAG FOR CAR 9 (ERI) TIMED AT 16:19:03,48.0,medium
budapest,2018,12,STR,race_control_message,WAVED BLUE FLAG FOR CAR 18 (STR) TIMED AT 16:20:15,49.0,medium
budapest,2018,12,HUL,race_control_message,WAVED BLUE FLAG FOR CAR 27 (HUL) TIMED AT 16:20:46,49.0,medium
budapest,2018,12,STR,race_control_message,WAVED BLUE FLAG FOR CAR 18 (STR) TIMED AT 16:21:27,50.0,medium
budapest,2018,12,PER,race_control_message,WAVED BLUE FLAG FOR CAR 11 (PER) TIMED AT 16:21:32,50.0,medium
budapest,2018,12,HAR,race_control_message,WAVED BLUE FLAG FOR CAR 28 (HAR) TIMED AT 16:21:35,50.0,medium
budapest,2018,12,VAN,race_control_message,WAVED BLUE FLAG FOR CAR 2 (VAN) TIMED AT 16:22:11,50.0,medium
budapest,2018,12,VAN,race_control_message,WAVED BLUE FLAG FOR CAR 2 (VAN) TIMED AT 16:22:43,51.0,medium
budapest,2018,12,OCO,race_control_message,WAVED BLUE FLAG FOR CAR 31 (OCO) TIMED AT 16:22:46,51.0,medium
budapest,2018,12,VAN,race_control_message,CAR 2 (VAN) STOPPED AT TURN 1,51.0,medium
budapest,2018,12,GRO,race_control_message,WAVED BLUE FLAG FOR CAR 8 (GRO) TIMED AT 16:25:01,52.0,medium
budapest,2018,12,SIR,race_control_message,WAVED BLUE FLAG FOR CAR 35 (SIR) TIMED AT 16:25:38,52.0,medium
budapest,2018,12,SAI,race_control_message,WAVED BLUE FLAG FOR CAR 55 (SAI) TIMED AT 16:26:26,53.0,medium
budapest,2018,12,ERI,race_control_message,WAVED BLUE FLAG FOR CAR 9 (ERI) TIMED AT 16:29:18,55.0,medium
budapest,2018,12,ALO,race_control_message,WAVED BLUE FLAG FOR CAR 14 (ALO) TIMED AT 16:29:55,56.0,medium
budapest,2018,12,SIR,race_control_message,WAVED BLUE FLAG FOR CAR 35 (SIR) TIMED AT 16:30:01,56.0,medium
budapest,2018,12,ALO,race_control_message,WAVED BLUE FLAG FOR CAR 14 (ALO) TIMED AT 16:32:05,57.0,medium
budapest,2018,12,ERI,race_control_message,WAVED BLUE FLAG FOR CAR 9 (ERI) TIMED AT 16:32:06,57.0,medium
budapest,2018,12,HAR,race_control_message,WAVED BLUE FLAG FOR CAR 28 (HAR) TIMED AT 16:32:10,57.0,medium
budapest,2018,12,STR,race_control_message,WAVED BLUE FLAG FOR CAR 18 (STR) TIMED AT 16:34:06,59.0,medium
budapest,2018,12,STR,race_control_message,WAVED BLUE FLAG FOR CAR 18 (STR) TIMED AT 16:34:25,59.0,medium
budapest,2018,12,STR,race_control_message,WAVED BLUE FLAG FOR CAR 18 (STR) TIMED AT 16:35:30,60.0,medium
budapest,2018,12,GRO,race_control_message,WAVED BLUE FLAG FOR CAR 8 (GRO) TIMED AT 16:36:15,60.0,medium
budapest,2018,12,SAI,race_control_message,WAVED BLUE FLAG FOR CAR 55 (SAI) TIMED AT 16:37:53,61.0,medium
budapest,2018,12,SIR,race_control_message,WAVED BLUE FLAG FOR CAR 35 (SIR) TIMED AT 16:39:35,63.0,medium
budapest,2018,12,SIR,race_control_message,WAVED BLUE FLAG FOR CAR 35 (SIR) TIMED AT 16:39:54,63.0,medium
budapest,2018,12,STR,race_control_message,WAVED BLUE FLAG FOR CAR 18 (STR) TIMED AT 16:41:12,64.0,medium
budapest,2018,12,SIR,race_control_message,WAVED BLUE FLAG FOR CAR 35 (SIR) TIMED AT 16:42:15,65.0,medium
budapest,2018,12,ERI,race_control_message,WAVED BLUE FLAG FOR CAR 9 (ERI) TIMED AT 16:43:51,66.0,medium
budapest,2018,12,SIR,race_control_message,WAVED BLUE FLAG FOR CAR 35 (SIR) TIMED AT 16:43:54,66.0,medium
budapest,2018,12,ALO,race_control_message,WAVED BLUE FLAG FOR CAR 14 (ALO) TIMED AT 16:45:12,67.0,medium
budapest,2018,12,MAG,race_control_message,WAVED BLUE FLAG FOR CAR 20 (MAG) TIMED AT 16:47:06,68.0,medium
budapest,2018,12,PER,race_control_message,WAVED BLUE FLAG FOR CAR 11 (PER) TIMED AT 16:47:17,68.0,medium
budapest,2018,12,ALO,race_control_message,WAVED BLUE FLAG FOR CAR 14 (ALO) TIMED AT 16:48:23,69.0,medium
budapest,2018,12,ERI,race_control_message,WAVED BLUE FLAG FOR CAR 9 (ERI) TIMED AT 16:50:25,70.0,medium
budapest,2019,12,KUB,race_control_message,WAVED BLUE FLAG FOR CAR 88 (KUB) TIMED AT 15:39:19,20.0,medium
budapest,2019,12,GRO,race_control_message,WAVED BLUE FLAG FOR CAR 8 (GRO) TIMED AT 15:40:53,21.0,medium
budapest,2019,12,GRO,race_control_message,WAVED BLUE FLAG FOR CAR 8 (GRO) TIMED AT 15:41:02,21.0,medium
budapest,2019,12,PER,race_control_message,WAVED BLUE FLAG FOR CAR 11 (PER) TIMED AT 15:44:38,24.0,medium
budapest,2019,12,PER,race_control_message,WAVED BLUE FLAG FOR CAR 11 (PER) TIMED AT 15:45:01,24.0,medium
budapest,2019,12,GIO,race_control_message,WAVED BLUE FLAG FOR CAR 99 (GIO) TIMED AT 15:47:26,26.0,medium
budapest,2019,12,GIO,race_control_message,WAVED BLUE FLAG FOR CAR 99 (GIO) TIMED AT 15:47:54,26.0,medium
budapest,2019,12,STR,race_control_message,WAVED BLUE FLAG FOR CAR 18 (STR) TIMED AT 15:48:04,26.0,medium
budapest,2019,12,RUS,race_control_message,WAVED BLUE FLAG FOR CAR 63 (RUS) TIMED AT 15:48:34,27.0,medium
budapest,2019,12,GIO,race_control_message,WAVED BLUE FLAG FOR CAR 99 (GIO) TIMED AT 15:49:00,27.0,medium
budapest,2019,12,STR,race_control_message,WAVED BLUE FLAG FOR CAR 18 (STR) TIMED AT 15:54:20,31.0,medium
budapest,2019,12,GRO,race_control_message,WAVED BLUE FLAG FOR CAR 8 (GRO) TIMED AT 15:55:07,31.0,medium
budapest,2019,12,KUB,race_control_message,WAVED BLUE FLAG FOR CAR 88 (KUB) TIMED AT 15:55:32,32.0,medium
budapest,2019,12,RUS,race_control_message,WAVED BLUE FLAG FOR CAR 63 (RUS) TIMED AT 15:57:27,33.0,medium
budapest,2019,12,GRO,race_control_message,WAVED BLUE FLAG FOR CAR 8 (GRO) TIMED AT 15:57:32,33.0,medium
budapest,2019,12,ALB,race_control_message,WAVED BLUE FLAG FOR CAR 23 (ALB) TIMED AT 16:00:48,35.0,medium
budapest,2019,12,KVY,race_control_message,WAVED BLUE FLAG FOR CAR 26 (KVY) TIMED AT 16:02:09,36.0,medium
budapest,2019,12,GIO,race_control_message,WAVED BLUE FLAG FOR CAR 99 (GIO) TIMED AT 16:02:15,36.0,medium
budapest,2019,12,LEC,race_control_message,WAVED BLUE FLAG FOR CAR 16 (LEC) TIMED AT 16:02:17,37.0,medium
budapest,2019,12,PER,race_control_message,WAVED BLUE FLAG FOR CAR 11 (PER) TIMED AT 16:03:05,37.0,medium
budapest,2019,12,STR,race_control_message,WAVED BLUE FLAG FOR CAR 18 (STR) TIMED AT 16:03:47,38.0,medium
budapest,2019,12,RIC,race_control_message,WAVED BLUE FLAG FOR CAR 3 (RIC) TIMED AT 16:04:17,38.0,medium
budapest,2019,12,RUS,race_control_message,WAVED BLUE FLAG FOR CAR 63 (RUS) TIMED AT 16:04:41,38.0,medium
budapest,2019,12,MAG,race_control_message,WAVED BLUE FLAG FOR CAR 20 (MAG) TIMED AT 16:05:52,39.0,medium
budapest,2019,12,KUB,race_control_message,WAVED BLUE FLAG FOR CAR 88 (KUB) TIMED AT 16:09:35,42.0,medium
budapest,2019,12,BOT,race_control_message,WAVED BLUE FLAG FOR CAR 77 (BOT) TIMED AT 16:12:26,44.0,medium
budapest,2019,12,GIO,race_control_message,WAVED BLUE FLAG FOR CAR 99 (GIO) TIMED AT 16:13:31,45.0,medium
budapest,2019,12,NOR,race_control_message,WAVED BLUE FLAG FOR CAR 4 (NOR) TIMED AT 16:13:41,45.0,medium
budapest,2019,12,NOR,race_control_message,WAVED BLUE FLAG FOR CAR 4 (NOR) TIMED AT 16:13:56,45.0,medium
budapest,2019,12,STR,race_control_message,WAVED BLUE FLAG FOR CAR 18 (STR) TIMED AT 16:14:12,45.0,medium
budapest,2019,12,GRO,race_control_message,WAVED BLUE FLAG FOR CAR 8 (GRO) TIMED AT 16:14:20,45.0,medium
budapest,2019,12,RUS,race_control_message,WAVED BLUE FLAG FOR CAR 63 (RUS) TIMED AT 16:14:55,46.0,medium
budapest,2019,12,KUB,race_control_message,WAVED BLUE FLAG FOR CAR 88 (KUB) TIMED AT 16:16:07,47.0,medium
budapest,2019,12,RAI,race_control_message,WAVED BLUE FLAG FOR CAR 7 (RAI) TIMED AT 16:16:14,47.0,medium
budapest,2019,12,RAI,race_control_message,WAVED BLUE FLAG FOR CAR 7 (RAI) TIMED AT 16:16:28,47.0,medium
budapest,2019,12,KUB,race_control_message,WAVED BLUE FLAG FOR CAR 88 (KUB) TIMED AT 16:18:07,48.0,medium
budapest,2019,12,MAG,race_control_message,WAVED BLUE FLAG FOR CAR 20 (MAG) TIMED AT 16:19:04,49.0,medium
budapest,2019,12,GAS,race_control_message,WAVED BLUE FLAG FOR CAR 10 (GAS) TIMED AT 16:19:36,49.0,medium
budapest,2019,12,SAI,race_control_message,WAVED BLUE FLAG FOR CAR 55 (SAI) TIMED AT 16:20:31,50.0,medium
budapest,2019,12,KUB,race_control_message,WAVED BLUE FLAG FOR CAR 88 (KUB) TIMED AT 16:20:56,50.0,medium
budapest,2019,12,GRO,race_control_message,WAVED BLUE FLAG FOR CAR 8 (GRO) TIMED AT 16:21:26,51.0,medium
budapest,2019,12,KUB,race_control_message,WAVED BLUE FLAG FOR CAR 88 (KUB) TIMED AT 16:22:07,51.0,medium
budapest,2019,12,GIO,race_control_message,WAVED BLUE FLAG FOR CAR 99 (GIO) TIMED AT 16:22:46,52.0,medium
budapest,2019,12,STR,race_control_message,WAVED BLUE FLAG FOR CAR 18 (STR) TIMED AT 16:23:08,52.0,medium
budapest,2019,12,KUB,race_control_message,WAVED BLUE FLAG FOR CAR 88 (KUB) TIMED AT 16:23:32,52.0,medium
budapest,2019,12,RUS,race_control_message,WAVED BLUE FLAG FOR CAR 63 (RUS) TIMED AT 16:23:48,53.0,medium
budapest,2019,12,NOR,race_control_message,WAVED BLUE FLAG FOR CAR 4 (NOR) TIMED AT 16:24:39,53.0,medium
budapest,2019,12,GIO,race_control_message,WAVED BLUE FLAG FOR CAR 99 (GIO) TIMED AT 16:25:07,54.0,medium
budapest,2019,12,HUL,race_control_message,WAVED BLUE FLAG FOR CAR 27 (HUL) TIMED AT 16:25:25,54.0,medium
budapest,2019,12,RAI,race_control_message,WAVED BLUE FLAG FOR CAR 7 (RAI) TIMED AT 16:26:17,54.0,medium
budapest,2019,12,RUS,race_control_message,WAVED BLUE FLAG FOR CAR 63 (RUS) TIMED AT 16:27:27,55.0,medium
budapest,2019,12,GIO,race_control_message,WAVED BLUE FLAG FOR CAR 99 (GIO) TIMED AT 16:27:56,56.0,medium
budapest,2019,12,RUS,race_control_message,WAVED BLUE FLAG FOR CAR 63 (RUS) TIMED AT 16:28:13,56.0,medium
budapest,2019,12,KUB,race_control_message,WAVED BLUE FLAG FOR CAR 88 (KUB) TIMED AT 16:28:16,56.0,medium
budapest,2019,12,GAS,race_control_message,WAVED BLUE FLAG FOR CAR 10 (GAS) TIMED AT 16:28:35,56.0,medium
budapest,2019,12,GIO,race_control_message,WAVED BLUE FLAG FOR CAR 99 (GIO) TIMED AT 16:28:47,56.0,medium
budapest,2019,12,SAI,race_control_message,WAVED BLUE FLAG FOR CAR 55 (SAI) TIMED AT 16:29:16,57.0,medium
budapest,2019,12,RUS,race_control_message,WAVED BLUE FLAG FOR CAR 63 (RUS) TIMED AT 16:29:21,57.0,medium
budapest,2019,12,GIO,race_control_message,WAVED BLUE FLAG FOR CAR 99 (GIO) TIMED AT 16:29:51,57.0,medium
budapest,2019,12,RUS,race_control_message,WAVED BLUE FLAG FOR CAR 63 (RUS) TIMED AT 16:30:04,57.0,medium
budapest,2019,12,RIC,race_control_message,WAVED BLUE FLAG FOR CAR 3 (RIC) TIMED AT 16:30:05,57.0,medium
budapest,2019,12,ALB,race_control_message,WAVED BLUE FLAG FOR CAR 23 (ALB) TIMED AT 16:30:16,57.0,medium
budapest,2019,12,MAG,race_control_message,WAVED BLUE FLAG FOR CAR 20 (MAG) TIMED AT 16:30:49,58.0,medium
budapest,2019,12,STR,race_control_message,WAVED BLUE FLAG FOR CAR 18 (STR) TIMED AT 16:32:10,59.0,medium
budapest,2019,12,GIO,race_control_message,WAVED BLUE FLAG FOR CAR 99 (GIO) TIMED AT 16:32:36,59.0,medium
budapest,2019,12,RUS,race_control_message,WAVED BLUE FLAG FOR CAR 63 (RUS) TIMED AT 16:32:49,59.0,medium
budapest,2019,12,KVY,race_control_message,WAVED BLUE FLAG FOR CAR 26 (KVY) TIMED AT 16:34:34,61.0,medium
budapest,2019,12,HUL,race_control_message,WAVED BLUE FLAG FOR CAR 27 (HUL) TIMED AT 16:36:24,62.0,medium
budapest,2019,12,KUB,race_control_message,WAVED BLUE FLAG FOR CAR 88 (KUB) TIMED AT 16:36:24,62.0,medium
budapest,2019,12,PER,race_control_message,WAVED BLUE FLAG FOR CAR 11 (PER) TIMED AT 16:36:37,62.0,medium
budapest,2019,12,PER,race_control_message,WAVED BLUE FLAG FOR CAR 11 (PER) TIMED AT 16:37:11,63.0,medium
budapest,2019,12,KUB,race_control_message,WAVED BLUE FLAG FOR CAR 88 (KUB) TIMED AT 16:37:16,63.0,medium
budapest,2019,12,KVY,race_control_message,WAVED BLUE FLAG FOR CAR 26 (KVY) TIMED AT 16:37:44,63.0,medium
budapest,2019,12,KUB,race_control_message,WAVED BLUE FLAG FOR CAR 88 (KUB) TIMED AT 16:37:54,63.0,medium
budapest,2019,12,KUB,race_control_message,WAVED BLUE FLAG FOR CAR 88 (KUB) TIMED AT 16:38:14,63.0,medium
budapest,2019,12,ALB,race_control_message,WAVED BLUE FLAG FOR CAR 23 (ALB) TIMED AT 16:38:37,64.0,medium
budapest,2019,12,KUB,race_control_message,WAVED BLUE FLAG FOR CAR 88 (KUB) TIMED AT 16:39:29,64.0,medium
budapest,2019,12,PER,race_control_message,WAVED BLUE FLAG FOR CAR 11 (PER) TIMED AT 16:39:36,64.0,medium
budapest,2019,12,KUB,race_control_message,WAVED BLUE FLAG FOR CAR 88 (KUB) TIMED AT 16:43:13,67.0,medium
budapest,2019,12,GIO,race_control_message,WAVED BLUE FLAG FOR CAR 99 (GIO) TIMED AT 16:44:08,68.0,medium
budapest,2019,12,KVY,race_control_message,WAVED BLUE FLAG FOR CAR 26 (KVY) TIMED AT 16:45:54,69.0,medium
budapest,2019,12,GIO,race_control_message,WAVED BLUE FLAG FOR CAR 99 (GIO) TIMED AT 16:46:09,69.0,medium
budapest,2019,12,STR,race_control_message,WAVED BLUE FLAG FOR CAR 18 (STR) TIMED AT 16:48:04,70.0,medium
budapest,2020,3,LAT,race_control_message,CAR 6 (LAT) SPUN AND CONTINUED AT TURN 1,4.0,medium
budapest,2020,3,LAT,race_control_message,WAVED BLUE FLAG FOR CAR 6 (LAT) TIMED AT 15:29:38,12.0,medium
budapest,2020,3,LAT,race_control_message,WAVED BLUE FLAG FOR CAR 6 (LAT) TIMED AT 15:33:37,15.0,medium
budapest,2020,3,GIO,race_control_message,WAVED BLUE FLAG FOR CAR 99 (GIO) TIMED AT 15:39:31,19.0,medium
budapest,2020,3,LAT,race_control_message,WAVED BLUE FLAG FOR CAR 6 (LAT) TIMED AT 15:39:46,19.0,medium
budapest,2020,3,LAT,race_control_message,WAVED BLUE FLAG FOR CAR 6 (LAT) TIMED AT 15:40:01,19.0,medium
budapest,2020,3,RUS,race_control_message,WAVED BLUE FLAG FOR CAR 63 (RUS) TIMED AT 15:40:57,20.0,medium
budapest,2020,3,KVY,race_control_message,WAVED BLUE FLAG FOR CAR 26 (KVY) TIMED AT 15:42:57,22.0,medium
budapest,2020,3,LEC,race_control_message,WAVED BLUE FLAG FOR CAR 16 (LEC) TIMED AT 15:43:05,22.0,medium
budapest,2020,3,LAT,race_control_message,WAVED BLUE FLAG FOR CAR 6 (LAT) TIMED AT 15:45:53,24.0,medium
budapest,2020,3,NOR,race_control_message,WAVED BLUE FLAG FOR CAR 4 (NOR) TIMED AT 15:47:53,25.0,medium
budapest,2020,3,OCO,race_control_message,WAVED BLUE FLAG FOR CAR 31 (OCO) TIMED AT 15:50:13,27.0,medium
budapest,2020,3,RAI,race_control_message,WAVED BLUE FLAG FOR CAR 7 (RAI) TIMED AT 15:52:47,29.0,medium
budapest,2020,3,LAT,race_control_message,WAVED BLUE FLAG FOR CAR 6 (LAT) TIMED AT 15:54:24,30.0,medium
budapest,2020,3,LAT,race_control_message,WAVED BLUE FLAG FOR CAR 6 (LAT) TIMED AT 15:55:17,31.0,medium
budapest,2020,3,LAT,race_control_message,WAVED BLUE FLAG FOR CAR 6 (LAT) TIMED AT 15:55:20,31.0,medium
budapest,2020,3,LAT,race_control_message,WAVED BLUE FLAG FOR CAR 6 (LAT) TIMED AT 15:55:54,31.0,medium
budapest,2020,3,LAT,race_control_message,WAVED BLUE FLAG FOR CAR 6 (LAT) TIMED AT 15:56:26,31.0,medium
budapest,2020,3,LAT,race_control_message,WAVED BLUE FLAG FOR CAR 6 (LAT) TIMED AT 15:59:10,33.0,medium
budapest,2020,3,LAT,race_control_message,WAVED BLUE FLAG FOR CAR 6 (LAT) TIMED AT 16:00:21,34.0,medium
budapest,2020,3,GRO,race_control_message,WAVED BLUE FLAG FOR CAR 8 (GRO) TIMED AT 16:01:09,35.0,medium
budapest,2020,3,LAT,race_control_message,WAVED BLUE FLAG FOR CAR 6 (LAT) TIMED AT 16:01:39,35.0,medium
budapest,2020,3,LAT,race_control_message,WAVED BLUE FLAG FOR CAR 6 (LAT) TIMED AT 16:01:53,35.0,medium
budapest,2020,3,LAT,race_control_message,WAVED BLUE FLAG FOR CAR 6 (LAT) TIMED AT 16:01:59,36.0,medium
budapest,2020,3,LAT,race_control_message,WAVED BLUE FLAG FOR CAR 6 (LAT) TIMED AT 16:02:09,36.0,medium
budapest,2020,3,GIO,race_control_message,WAVED BLUE FLAG FOR CAR 99 (GIO) TIMED AT 16:05:21,38.0,medium
budapest,2020,3,LAT,race_control_message,WAVED BLUE FLAG FOR CAR 6 (LAT) TIMED AT 16:05:51,38.0,medium
budapest,2020,3,RUS,race_control_message,WAVED BLUE FLAG FOR CAR 63 (RUS) TIMED AT 16:05:57,38.0,medium
budapest,2020,3,LAT,race_control_message,WAVED BLUE FLAG FOR CAR 6 (LAT) TIMED AT 16:06:04,38.0,medium
budapest,2020,3,RAI,race_control_message,WAVED BLUE FLAG FOR CAR 7 (RAI) TIMED AT 16:07:46,40.0,medium
budapest,2020,3,RUS,race_control_message,WAVED BLUE FLAG FOR CAR 63 (RUS) TIMED AT 16:08:20,40.0,medium
budapest,2020,3,LAT,race_control_message,WAVED BLUE FLAG FOR CAR 6 (LAT) TIMED AT 16:10:17,41.0,medium
budapest,2020,3,LAT,race_control_message,WAVED BLUE FLAG FOR CAR 6 (LAT) TIMED AT 16:11:57,43.0,medium
budapest,2020,3,LAT,race_control_message,WAVED BLUE FLAG FOR CAR 6 (LAT) TIMED AT 16:12:03,43.0,medium
budapest,2020,3,LAT,race_control_message,CAR 6 (LAT) SPUN AND CONTINUED AT TURN 5,43.0,medium
budapest,2020,3,LEC,race_control_message,WAVED BLUE FLAG FOR CAR 16 (LEC) TIMED AT 16:12:21,43.0,medium
budapest,2020,3,LAT,race_control_message,WAVED BLUE FLAG FOR CAR 6 (LAT) TIMED AT 16:12:23,43.0,medium
budapest,2020,3,LAT,race_control_message,WAVED BLUE FLAG FOR CAR 6 (LAT) TIMED AT 16:13:51,44.0,medium
budapest,2020,3,LAT,race_control_message,WAVED BLUE FLAG FOR CAR 6 (LAT) TIMED AT 16:14:06,44.0,medium
budapest,2020,3,LAT,race_control_message,WAVED BLUE FLAG FOR CAR 6 (LAT) TIMED AT 16:14:15,44.0,medium
budapest,2020,3,LAT,race_control_message,WAVED BLUE FLAG FOR CAR 6 (LAT) TIMED AT 16:14:27,45.0,medium
budapest,2020,3,LAT,race_control_message,WAVED BLUE FLAG FOR CAR 6 (LAT) TIMED AT 16:14:37,45.0,medium
budapest,2020,3,MAG,race_control_message,WAVED BLUE FLAG FOR CAR 20 (MAG) TIMED AT 16:14:45,45.0,medium
budapest,2020,3,NOR,race_control_message,WAVED BLUE FLAG FOR CAR 4 (NOR) TIMED AT 16:16:51,46.0,medium
budapest,2020,3,NOR,race_control_message,WAVED BLUE FLAG FOR CAR 4 (NOR) TIMED AT 16:16:53,46.0,medium
budapest,2020,3,GRO,race_control_message,WAVED BLUE FLAG FOR CAR 8 (GRO) TIMED AT 16:19:07,48.0,medium
budapest,2020,3,GRO,race_control_message,WAVED BLUE FLAG FOR CAR 8 (GRO) TIMED AT 16:19:24,48.0,medium
budapest,2020,3,OCO,race_control_message,WAVED BLUE FLAG FOR CAR 31 (OCO) TIMED AT 16:20:23,49.0,medium
budapest,2020,3,OCO,race_control_message,WAVED BLUE FLAG FOR CAR 31 (OCO) TIMED AT 16:20:54,49.0,medium
budapest,2020,3,RAI,race_control_message,WAVED BLUE FLAG FOR CAR 7 (RAI) TIMED AT 16:22:41,51.0,medium
budapest,2020,3,RUS,race_control_message,WAVED BLUE FLAG FOR CAR 63 (RUS) TIMED AT 16:23:24,51.0,medium
budapest,2020,3,LAT,race_control_message,WAVED BLUE FLAG FOR CAR 6 (LAT) TIMED AT 16:24:00,52.0,medium
budapest,2020,3,LAT,race_control_message,WAVED BLUE FLAG FOR CAR 6 (LAT) TIMED AT 16:25:22,53.0,medium
budapest,2020,3,LAT,race_control_message,WAVED BLUE FLAG FOR CAR 6 (LAT) TIMED AT 16:25:46,53.0,medium
budapest,2020,3,KVY,race_control_message,WAVED BLUE FLAG FOR CAR 26 (KVY) TIMED AT 16:25:47,53.0,medium
budapest,2020,3,PER,race_control_message,WAVED BLUE FLAG FOR CAR 11 (PER) TIMED AT 16:26:34,54.0,medium
budapest,2020,3,GRO,race_control_message,WAVED BLUE FLAG FOR CAR 8 (GRO) TIMED AT 16:27:13,54.0,medium
budapest,2020,3,ALB,race_control_message,WAVED BLUE FLAG FOR CAR 23 (ALB) TIMED AT 16:30:05,56.0,medium
budapest,2020,3,SAI,race_control_message,WAVED BLUE FLAG FOR CAR 55 (SAI) TIMED AT 16:30:57,57.0,medium
budapest,2020,3,RUS,race_control_message,WAVED BLUE FLAG FOR CAR 63 (RUS) TIMED AT 16:31:02,57.0,medium
budapest,2020,3,LAT,race_control_message,WAVED BLUE FLAG FOR CAR 6 (LAT) TIMED AT 16:31:04,57.0,medium
budapest,2020,3,VET,race_control_message,WAVED BLUE FLAG FOR CAR 5 (VET) TIMED AT 16:31:44,58.0,medium
budapest,2020,3,GIO,race_control_message,WAVED BLUE FLAG FOR CAR 99 (GIO) TIMED AT 16:32:09,58.0,medium
budapest,2020,3,LEC,race_control_message,WAVED BLUE FLAG FOR CAR 16 (LEC) TIMED AT 16:32:17,58.0,medium
budapest,2020,3,NOR,race_control_message,WAVED BLUE FLAG FOR CAR 4 (NOR) TIMED AT 16:32:33,58.0,medium
budapest,2020,3,OCO,race_control_message,WAVED BLUE FLAG FOR CAR 31 (OCO) TIMED AT 16:33:19,59.0,medium
budapest,2020,3,KVY,race_control_message,WAVED BLUE FLAG FOR CAR 26 (KVY) TIMED AT 16:33:47,59.0,medium
budapest,2020,3,LAT,race_control_message,WAVED BLUE FLAG FOR CAR 6 (LAT) TIMED AT 16:33:56,59.0,medium
budapest,2020,3,RUS,race_control_message,WAVED BLUE FLAG FOR CAR 63 (RUS) TIMED AT 16:35:32,60.0,medium
budapest,2020,3,LAT,race_control_message,WAVED BLUE FLAG FOR CAR 6 (LAT) TIMED AT 16:36:15,61.0,medium
budapest,2020,3,LEC,race_control_message,WAVED BLUE FLAG FOR CAR 16 (LEC) TIMED AT 16:36:31,61.0,medium
budapest,2020,3,LAT,race_control_message,WAVED BLUE FLAG FOR CAR 6 (LAT) TIMED AT 16:36:35,61.0,medium
budapest,2020,3,LAT,race_control_message,WAVED BLUE FLAG FOR CAR 6 (LAT) TIMED AT 16:36:41,61.0,medium
budapest,2020,3,GIO,race_control_message,WAVED BLUE FLAG FOR CAR 99 (GIO) TIMED AT 16:37:01,62.0,medium
budapest,2020,3,LAT,race_control_message,WAVED BLUE FLAG FOR CAR 6 (LAT) TIMED AT 16:37:07,62.0,medium
budapest,2020,3,LAT,race_control_message,WAVED BLUE FLAG FOR CAR 6 (LAT) TIMED AT 16:37:20,62.0,medium
budapest,2020,3,SAI,race_control_message,WAVED BLUE FLAG FOR CAR 55 (SAI) TIMED AT 16:37:29,62.0,medium
budapest,2020,3,MAG,race_control_message,WAVED BLUE FLAG FOR CAR 20 (MAG) TIMED AT 16:39:42,64.0,medium
budapest,2020,3,MAG,race_control_message,WAVED BLUE FLAG FOR CAR 20 (MAG) TIMED AT 16:42:31,66.0,medium
budapest,2020,3,RIC,race_control_message,WAVED BLUE FLAG FOR CAR 3 (RIC) TIMED AT 16:44:00,67.0,medium
budapest,2020,3,PER,race_control_message,WAVED BLUE FLAG FOR CAR 11 (PER) TIMED AT 16:46:05,68.0,medium
budapest,2020,3,VET,race_control_message,WAVED BLUE FLAG FOR CAR 5 (VET) TIMED AT 16:46:32,68.0,medium
budapest,2020,3,RIC,race_control_message,WAVED BLUE FLAG FOR CAR 3 (RIC) TIMED AT 16:48:42,70.0,medium
budapest,2021,11,GIO,race_control_message,WAVED BLUE FLAG FOR CAR 99 (GIO) TIMED AT 16:37:36,48.0,medium
budapest,2021,11,MSC,race_control_message,WAVED BLUE FLAG FOR CAR 47 (MSC) TIMED AT 16:40:55,51.0,medium
budapest,2021,11,GIO,race_control_message,WAVED BLUE FLAG FOR CAR 99 (GIO) TIMED AT 16:41:19,51.0,medium
budapest,2021,11,GIO,race_control_message,WAVED BLUE FLAG FOR CAR 99 (GIO) TIMED AT 16:43:49,53.0,medium
budapest,2021,11,MSC,race_control_message,WAVED BLUE FLAG FOR CAR 47 (MSC) TIMED AT 16:44:05,53.0,medium
budapest,2021,11,MSC,race_control_message,WAVED BLUE FLAG FOR CAR 47 (MSC) TIMED AT 16:44:50,54.0,medium
budapest,2021,11,RAI,race_control_message,WAVED BLUE FLAG FOR CAR 7 (RAI) TIMED AT 16:46:23,55.0,medium
budapest,2021,11,RIC,race_control_message,WAVED BLUE FLAG FOR CAR 3 (RIC) TIMED AT 16:58:20,63.0,medium
budapest,2021,11,TSU,race_control_message,CAR 22 (TSU) SPUN AND CONTINUED AT TURN 2,64.0,medium
budapest,2021,11,RIC,race_control_message,WAVED BLUE FLAG FOR CAR 3 (RIC) TIMED AT 17:02:14,66.0,medium
budapest,2021,11,RIC,race_control_message,WAVED BLUE FLAG FOR CAR 3 (RIC) TIMED AT 17:02:46,67.0,medium
budapest,2022,13,HAM,race_control_message,CAR 44 (HAM) OFF TRACK AND CONTINUED AT TURN 12,16.0,medium
budapest,2022,13,HAM,race_control_message,CAR 44 (HAM) OFF TRACK AND CONTINUED AT TURN 12,25.0,medium
budapest,2022,13,ALB,race_control_message,WAVED BLUE FLAG FOR CAR 23 (ALB) TIMED AT 15:51:06,34.0,medium
budapest,2022,13,ALB,race_control_message,WAVED BLUE FLAG FOR CAR 23 (ALB) TIMED AT 15:51:17,34.0,medium
budapest,2022,13,ALB,race_control_message,WAVED BLUE FLAG FOR CAR 23 (ALB) TIMED AT 15:51:42,34.0,medium
budapest,2022,13,TSU,race_control_message,WAVED BLUE FLAG FOR CAR 22 (TSU) TIMED AT 15:52:31,35.0,medium
budapest,2022,13,MAG,race_control_message,WAVED BLUE FLAG FOR CAR 20 (MAG) TIMED AT 15:53:03,35.0,medium
budapest,2022,13,TSU,race_control_message,CAR 22 (TSU) SPUN AND CONTINUED AT TURN 7,36.0,medium
budapest,2022,13,VET,race_control_message,CAR 5 (VET) MISSED THE APEX OF TURN 7,36.0,medium
budapest,2022,13,MAG,race_control_message,WAVED BLUE FLAG FOR CAR 20 (MAG) TIMED AT 15:54:05,36.0,medium
budapest,2022,13,ALB,race_control_message,WAVED BLUE FLAG FOR CAR 23 (ALB) TIMED AT 15:54:12,36.0,medium
budapest,2022,13,LAT,race_control_message,WAVED BLUE FLAG FOR CAR 6 (LAT) TIMED AT 15:56:21,38.0,medium
budapest,2022,13,MSC,race_control_message,WAVED BLUE FLAG FOR CAR 47 (MSC) TIMED AT 15:58:15,39.0,medium
budapest,2022,13,LAT,race_control_message,WAVED BLUE FLAG FOR CAR 6 (LAT) TIMED AT 16:00:38,41.0,medium
budapest,2022,13,VER,race_control_message,CAR 1 (VER) SPUN AND CONTINUED AT TURN 13,42.0,medium
budapest,2022,13,ALB,race_control_message,WAVED BLUE FLAG FOR CAR 23 (ALB) TIMED AT 16:02:19,42.0,medium
budapest,2022,13,MSC,race_control_message,WAVED BLUE FLAG FOR CAR 47 (MSC) TIMED AT 16:02:37,42.0,medium
budapest,2022,13,MSC,race_control_message,CAR 47 (MSC) MISSED THE APEX OF TURN 7,42.0,medium
budapest,2022,13,STR,race_control_message,WAVED BLUE FLAG FOR CAR 18 (STR) TIMED AT 16:10:28,48.0,medium
budapest,2022,13,ZHO,race_control_message,WAVED BLUE FLAG FOR CAR 24 (ZHO) TIMED AT 16:11:12,48.0,medium
budapest,2022,13,TSU,race_control_message,WAVED BLUE FLAG FOR CAR 22 (TSU) TIMED AT 16:11:18,48.0,medium
budapest,2022,13,RIC,race_control_message,WAVED BLUE FLAG FOR CAR 3 (RIC) TIMED AT 16:11:24,48.0,medium
budapest,2022,13,MSC,race_control_message,WAVED BLUE FLAG FOR CAR 47 (MSC) TIMED AT 16:12:17,49.0,medium
budapest,2022,13,GAS,race_control_message,WAVED BLUE FLAG FOR CAR 10 (GAS) TIMED AT 16:12:24,49.0,medium
budapest,2022,13,VET,race_control_message,WAVED BLUE FLAG FOR CAR 5 (VET) TIMED AT 16:12:50,49.0,medium
budapest,2022,13,ZHO,race_control_message,WAVED BLUE FLAG FOR CAR 24 (ZHO) TIMED AT 16:13:05,50.0,medium
budapest,2022,13,VET,race_control_message,WAVED BLUE FLAG FOR CAR 5 (VET) TIMED AT 16:13:17,50.0,medium
budapest,2022,13,GAS,race_control_message,WAVED BLUE FLAG FOR CAR 10 (GAS) TIMED AT 16:13:47,50.0,medium
budapest,2022,13,RIC,race_control_message,WAVED BLUE FLAG FOR CAR 3 (RIC) TIMED AT 16:13:48,50.0,medium
budapest,2022,13,ZHO,race_control_message,WAVED BLUE FLAG FOR CAR 24 (ZHO) TIMED AT 16:14:29,51.0,medium
budapest,2022,13,ALB,race_control_message,WAVED BLUE FLAG FOR CAR 23 (ALB) TIMED AT 16:15:54,52.0,medium
budapest,2022,13,ZHO,race_control_message,WAVED BLUE FLAG FOR CAR 24 (ZHO) TIMED AT 16:16:27,52.0,medium
budapest,2022,13,GAS,race_control_message,WAVED BLUE FLAG FOR CAR 10 (GAS) TIMED AT 16:17:36,53.0,medium
budapest,2022,13,MAG,race_control_message,WAVED BLUE FLAG FOR CAR 20 (MAG) TIMED AT 16:18:07,53.0,medium
budapest,2022,13,TSU,race_control_message,WAVED BLUE FLAG FOR CAR 22 (TSU) TIMED AT 16:18:22,53.0,medium
budapest,2022,13,MAG,race_control_message,CAR 20 (MAG) OFF TRACK AND CONTINUED AT TURN 4,53.0,medium
budapest,2022,13,LAT,race_control_message,WAVED BLUE FLAG FOR CAR 6 (LAT) TIMED AT 16:18:34,54.0,medium
budapest,2022,13,TSU,race_control_message,WAVED BLUE FLAG FOR CAR 22 (TSU) TIMED AT 16:19:07,54.0,medium
budapest,2022,13,TSU,race_control_message,CAR 22 (TSU) MISSED THE APEX OF TURN 7,54.0,medium
budapest,2022,13,RIC,race_control_message,WAVED BLUE FLAG FOR CAR 3 (RIC) TIMED AT 16:19:31,54.0,medium
budapest,2022,13,RIC,race_control_message,WAVED BLUE FLAG FOR CAR 3 (RIC) TIMED AT 16:20:26,55.0,medium
budapest,2022,13,LAT,race_control_message,WAVED BLUE FLAG FOR CAR 6 (LAT) TIMED AT 16:20:29,55.0,medium
budapest,2022,13,MAG,race_control_message,WAVED BLUE FLAG FOR CAR 20 (MAG) TIMED AT 16:20:37,55.0,medium
budapest,2022,13,MAG,race_control_message,WAVED BLUE FLAG FOR CAR 20 (MAG) TIMED AT 16:20:47,55.0,medium
budapest,2022,13,MSC,race_control_message,WAVED BLUE FLAG FOR CAR 47 (MSC) TIMED AT 16:21:00,55.0,medium
budapest,2022,13,LAT,race_control_message,WAVED BLUE FLAG FOR CAR 6 (LAT) TIMED AT 16:21:19,56.0,medium
budapest,2022,13,RIC,race_control_message,WAVED BLUE FLAG FOR CAR 3 (RIC) TIMED AT 16:23:18,57.0,medium
budapest,2022,13,STR,race_control_message,WAVED BLUE FLAG FOR CAR 18 (STR) TIMED AT 16:23:18,57.0,medium
budapest,2022,13,TSU,race_control_message,WAVED BLUE FLAG FOR CAR 22 (TSU) TIMED AT 16:23:19,57.0,medium
budapest,2022,13,GAS,race_control_message,WAVED BLUE FLAG FOR CAR 10 (GAS) TIMED AT 16:24:13,58.0,medium
budapest,2022,13,TSU,race_control_message,WAVED BLUE FLAG FOR CAR 22 (TSU) TIMED AT 16:24:24,58.0,medium
budapest,2022,13,GAS,race_control_message,WAVED BLUE FLAG FOR CAR 10 (GAS) TIMED AT 16:24:35,58.0,medium
budapest,2022,13,TSU,race_control_message,WAVED BLUE FLAG FOR CAR 22 (TSU) TIMED AT 16:24:48,58.0,medium
budapest,2022,13,MAG,race_control_message,WAVED BLUE FLAG FOR CAR 20 (MAG) TIMED AT 16:24:56,58.0,medium
budapest,2022,13,TSU,race_control_message,WAVED BLUE FLAG FOR CAR 22 (TSU) TIMED AT 16:25:04,58.0,medium
budapest,2022,13,LAT,race_control_message,WAVED BLUE FLAG FOR CAR 6 (LAT) TIMED AT 16:25:44,59.0,medium
budapest,2022,13,ALB,race_control_message,CAR 23 (ALB) MISSED THE APEX OF TURN 7,59.0,medium
budapest,2022,13,BOT,race_control_message,WAVED BLUE FLAG FOR CAR 77 (BOT) TIMED AT 16:25:57,59.0,medium
budapest,2022,13,MSC,race_control_message,WAVED BLUE FLAG FOR CAR 47 (MSC) TIMED AT 16:27:30,60.0,medium
budapest,2022,13,LAT,race_control_message,CAR 6 (LAT) OFF TRACK AND CONTINUED AT TURN 13,61.0,medium
budapest,2022,13,LAT,race_control_message,WAVED BLUE FLAG FOR CAR 6 (LAT) TIMED AT 16:29:31,61.0,medium
budapest,2022,13,TSU,race_control_message,WAVED BLUE FLAG FOR CAR 22 (TSU) TIMED AT 16:29:38,62.0,medium
budapest,2022,13,MSC,race_control_message,WAVED BLUE FLAG FOR CAR 47 (MSC) TIMED AT 16:29:39,62.0,medium
budapest,2022,13,RIC,race_control_message,WAVED BLUE FLAG FOR CAR 3 (RIC) TIMED AT 16:30:03,62.0,medium
budapest,2022,13,TSU,race_control_message,WAVED BLUE FLAG FOR CAR 22 (TSU) TIMED AT 16:30:41,62.0,medium
budapest,2022,13,OCO,race_control_message,WAVED BLUE FLAG FOR CAR 31 (OCO) TIMED AT 16:31:41,63.0,medium
budapest,2022,13,RIC,race_control_message,WAVED BLUE FLAG FOR CAR 3 (RIC) TIMED AT 16:31:46,63.0,medium
budapest,2022,13,BOT,race_control_message,WAVED BLUE FLAG FOR CAR 77 (BOT) TIMED AT 16:32:21,64.0,medium
budapest,2022,13,BOT,race_control_message,WAVED BLUE FLAG FOR CAR 77 (BOT) TIMED AT 16:33:13,64.0,medium
budapest,2022,13,GAS,race_control_message,WAVED BLUE FLAG FOR CAR 10 (GAS) TIMED AT 16:33:55,65.0,medium
budapest,2022,13,VET,race_control_message,WAVED BLUE FLAG FOR CAR 5 (VET) TIMED AT 16:34:42,65.0,medium
budapest,2022,13,GAS,race_control_message,WAVED BLUE FLAG FOR CAR 10 (GAS) TIMED AT 16:35:00,65.0,medium
budapest,2022,13,ALO,race_control_message,WAVED BLUE FLAG FOR CAR 14 (ALO) TIMED AT 16:35:18,66.0,medium
budapest,2022,13,TSU,race_control_message,WAVED BLUE FLAG FOR CAR 22 (TSU) TIMED AT 16:36:05,66.0,medium
budapest,2022,13,STR,race_control_message,WAVED BLUE FLAG FOR CAR 18 (STR) TIMED AT 16:36:09,66.0,medium
budapest,2022,13,BOT,race_control_message,WAVED BLUE FLAG FOR CAR 77 (BOT) TIMED AT 16:36:32,67.0,medium
budapest,2022,13,STR,race_control_message,WAVED BLUE FLAG FOR CAR 18 (STR) TIMED AT 16:36:34,67.0,medium
budapest,2022,13,TSU,race_control_message,WAVED BLUE FLAG FOR CAR 22 (TSU) TIMED AT 16:37:04,67.0,medium
budapest,2022,13,STR,race_control_message,WAVED BLUE FLAG FOR CAR 18 (STR) TIMED AT 16:37:07,67.0,medium
budapest,2022,13,BOT,race_control_message,WAVED BLUE FLAG FOR CAR 77 (BOT) TIMED AT 16:37:27,67.0,medium
budapest,2022,13,TSU,race_control_message,WAVED BLUE FLAG FOR CAR 22 (TSU) TIMED AT 16:37:53,68.0,medium
budapest,2022,13,TSU,race_control_message,WAVED BLUE FLAG FOR CAR 22 (TSU) TIMED AT 16:38:19,68.0,medium
budapest,2022,13,STR,race_control_message,WAVED BLUE FLAG FOR CAR 18 (STR) TIMED AT 16:38:24,68.0,medium
budapest,2022,13,TSU,race_control_message,WAVED BLUE FLAG FOR CAR 22 (TSU) TIMED AT 16:40:51,69.0,medium
budapest,2022,13,OCO,race_control_message,WAVED BLUE FLAG FOR CAR 31 (OCO) TIMED AT 16:41:00,69.0,medium
budapest,2022,13,MAG,race_control_message,WAVED BLUE FLAG FOR CAR 20 (MAG) TIMED AT 16:41:02,69.0,medium
budapest,2022,13,STR,race_control_message,WAVED BLUE FLAG FOR CAR 18 (STR) TIMED AT 16:41:16,70.0,medium
budapest,2022,13,STR,race_control_message,WAVED BLUE FLAG FOR CAR 18 (STR) TIMED AT 16:41:47,70.0,medium
budapest,2022,13,ALO,race_control_message,WAVED BLUE FLAG FOR CAR 14 (ALO) TIMED AT 16:42:24,70.0,medium
budapest,2022,13,VET,race_control_message,WAVED BLUE FLAG FOR CAR 5 (VET) TIMED AT 16:42:37,70.0,medium
budapest,2023,11,RIC,race_control_message,WAVED BLUE FLAG FOR CAR 3 (RIC) TIMED AT 15:52:35,35.0,medium
budapest,2023,11,RIC,race_control_message,WAVED BLUE FLAG FOR CAR 3 (RIC) TIMED AT 15:52:49,36.0,medium
budapest,2023,11,MAG,race_control_message,WAVED BLUE FLAG FOR CAR 20 (MAG) TIMED AT 15:57:26,39.0,medium
budapest,2023,11,ZHO,race_control_message,WAVED BLUE FLAG FOR CAR 24 (ZHO) TIMED AT 15:58:39,40.0,medium
budapest,2023,11,ALB,race_control_message,WAVED BLUE FLAG FOR CAR 23 (ALB) TIMED AT 15:59:09,40.0,medium
budapest,2023,11,TSU,race_control_message,WAVED BLUE FLAG FOR CAR 22 (TSU) TIMED AT 16:05:03,44.0,medium
budapest,2023,11,PIA,race_control_message,BLACK AND WHITE FLAG FOR CAR 81 (PIA) - TRACK LIMITS,48.0,medium
budapest,2023,11,MAG,race_control_message,WAVED BLUE FLAG FOR CAR 20 (MAG) TIMED AT 16:09:48,48.0,medium
budapest,2023,11,SAR,race_control_message,WAVED BLUE FLAG FOR CAR 2 (SAR) TIMED AT 16:15:20,52.0,medium
budapest,2023,11,MAG,race_control_message,WAVED BLUE FLAG FOR CAR 20 (MAG) TIMED AT 16:15:27,52.0,medium
budapest,2023,11,HUL,race_control_message,WAVED BLUE FLAG FOR CAR 27 (HUL) TIMED AT 16:17:51,53.0,medium
budapest,2023,11,ZHO,race_control_message,WAVED BLUE FLAG FOR CAR 24 (ZHO) TIMED AT 16:18:46,54.0,medium
budapest,2023,11,ZHO,race_control_message,WAVED BLUE FLAG FOR CAR 24 (ZHO) TIMED AT 16:21:51,56.0,medium
budapest,2023,11,RIC,race_control_message,WAVED BLUE FLAG FOR CAR 3 (RIC) TIMED AT 16:22:04,56.0,medium
budapest,2023,11,RIC,race_control_message,WAVED BLUE FLAG FOR CAR 3 (RIC) TIMED AT 16:22:15,57.0,medium
budapest,2023,11,BOT,race_control_message,WAVED BLUE FLAG FOR CAR 77 (BOT) TIMED AT 16:24:16,58.0,medium
budapest,2023,11,MAG,race_control_message,WAVED BLUE FLAG FOR CAR 20 (MAG) TIMED AT 16:24:26,58.0,medium
budapest,2023,11,TSU,race_control_message,WAVED BLUE FLAG FOR CAR 22 (TSU) TIMED AT 16:24:47,58.0,medium
budapest,2023,11,MAG,race_control_message,WAVED BLUE FLAG FOR CAR 20 (MAG) TIMED AT 16:25:02,59.0,medium
budapest,2023,11,TSU,race_control_message,WAVED BLUE FLAG FOR CAR 22 (TSU) TIMED AT 16:25:04,59.0,medium
budapest,2023,11,ALB,race_control_message,WAVED BLUE FLAG FOR CAR 23 (ALB) TIMED AT 16:25:06,59.0,medium
budapest,2023,11,TSU,race_control_message,WAVED BLUE FLAG FOR CAR 22 (TSU) TIMED AT 16:25:41,59.0,medium
budapest,2023,11,TSU,race_control_message,WAVED BLUE FLAG FOR CAR 22 (TSU) TIMED AT 16:28:45,61.0,medium
budapest,2023,11,ZHO,race_control_message,WAVED BLUE FLAG FOR CAR 24 (ZHO) TIMED AT 16:28:55,61.0,medium
budapest,2023,11,SAR,race_control_message,WAVED BLUE FLAG FOR CAR 2 (SAR) TIMED AT 16:29:03,62.0,medium
budapest,2023,11,MAG,race_control_message,WAVED BLUE FLAG FOR CAR 20 (MAG) TIMED AT 16:29:11,62.0,medium
budapest,2023,11,MAG,race_control_message,CAR 20 (MAG) MISSED THE APEX OF TURN 7,62.0,medium
budapest,2023,11,SAR,race_control_message,WAVED BLUE FLAG FOR CAR 2 (SAR) TIMED AT 16:31:19,63.0,medium
budapest,2023,11,HUL,race_control_message,WAVED BLUE FLAG FOR CAR 27 (HUL) TIMED AT 16:31:20,63.0,medium
budapest,2023,11,HUL,race_control_message,WAVED BLUE FLAG FOR CAR 27 (HUL) TIMED AT 16:33:26,65.0,medium
budapest,2023,11,MAG,race_control_message,WAVED BLUE FLAG FOR CAR 20 (MAG) TIMED AT 16:34:21,65.0,medium
budapest,2023,11,STR,race_control_message,WAVED BLUE FLAG FOR CAR 18 (STR) TIMED AT 16:34:22,65.0,medium
budapest,2023,11,TSU,race_control_message,WAVED BLUE FLAG FOR CAR 22 (TSU) TIMED AT 16:34:24,65.0,medium
budapest,2023,11,SAR,race_control_message,WAVED BLUE FLAG FOR CAR 2 (SAR) TIMED AT 16:34:54,66.0,medium
budapest,2023,11,HUL,race_control_message,WAVED BLUE FLAG FOR CAR 27 (HUL) TIMED AT 16:35:38,66.0,medium
budapest,2023,11,MAG,race_control_message,WAVED BLUE FLAG FOR CAR 20 (MAG) TIMED AT 16:36:52,67.0,medium
budapest,2023,11,SAR,race_control_message,WAVED BLUE FLAG FOR CAR 2 (SAR) TIMED AT 16:39:01,69.0,medium
budapest,2023,11,SAR,race_control_message,WAVED BLUE FLAG FOR CAR 2 (SAR) TIMED AT 16:39:17,69.0,medium
budapest,2023,11,SAR,race_control_message,CAR 2 (SAR) SPUN AND CONTINUED AT TURN 6,69.0,medium
budapest,2023,11,RIC,race_control_message,WAVED BLUE FLAG FOR CAR 3 (RIC) TIMED AT 16:40:21,70.0,medium
budapest,2023,11,SAR,race_control_message,WAVED BLUE FLAG FOR CAR 2 (SAR) TIMED AT 16:34:54,70.0,medium
budapest,2023,11,HUL,race_control_message,WAVED BLUE FLAG FOR CAR 27 (HUL) TIMED AT 16:35:38,70.0,medium
budapest,2023,11,MAG,race_control_message,WAVED BLUE FLAG FOR CAR 20 (MAG) TIMED AT 16:36:52,70.0,medium
budapest,2023,11,SAR,race_control_message,WAVED BLUE FLAG FOR CAR 2 (SAR) TIMED AT 16:39:01,70.0,medium
budapest,2023,11,SAR,race_control_message,WAVED BLUE FLAG FOR CAR 2 (SAR) TIMED AT 16:39:17,70.0,medium
budapest,2023,11,SAR,race_control_message,CAR 2 (SAR) SPUN AND CONTINUED AT TURN 6,70.0,medium
budapest,2023,11,RIC,race_control_message,WAVED BLUE FLAG FOR CAR 3 (RIC) TIMED AT 16:40:21,70.0,medium
budapest,2024,13,OCO,race_control_message,WAVED BLUE FLAG FOR CAR 31 (OCO) TIMED AT 15:50:26,34.0,medium
budapest,2024,13,ZHO,race_control_message,WAVED BLUE FLAG FOR CAR 24 (ZHO) TIMED AT 15:55:30,38.0,medium
budapest,2024,13,ZHO,race_control_message,WAVED BLUE FLAG FOR CAR 24 (ZHO) TIMED AT 16:06:44,46.0,medium
budapest,2024,13,ZHO,race_control_message,WAVED BLUE FLAG FOR CAR 24 (ZHO) TIMED AT 16:09:42,48.0,medium
budapest,2024,13,ZHO,race_control_message,WAVED BLUE FLAG FOR CAR 24 (ZHO) TIMED AT 16:10:03,48.0,medium
budapest,2024,13,BOT,race_control_message,WAVED BLUE FLAG FOR CAR 77 (BOT) TIMED AT 16:11:38,49.0,medium
budapest,2024,13,BOT,race_control_message,WAVED BLUE FLAG FOR CAR 77 (BOT) TIMED AT 16:13:17,50.0,medium
budapest,2024,13,ZHO,race_control_message,WAVED BLUE FLAG FOR CAR 24 (ZHO) TIMED AT 16:13:37,51.0,medium
budapest,2024,13,SAR,race_control_message,WAVED BLUE FLAG FOR CAR 2 (SAR) TIMED AT 16:15:44,52.0,medium
budapest,2024,13,ZHO,race_control_message,WAVED BLUE FLAG FOR CAR 24 (ZHO) TIMED AT 16:15:57,52.0,medium
budapest,2024,13,SAR,race_control_message,WAVED BLUE FLAG FOR CAR 2 (SAR) TIMED AT 16:17:09,53.0,medium
budapest,2024,13,OCO,race_control_message,WAVED BLUE FLAG FOR CAR 31 (OCO) TIMED AT 16:17:11,53.0,medium
budapest,2024,13,OCO,race_control_message,WAVED BLUE FLAG FOR CAR 31 (OCO) TIMED AT 16:18:27,54.0,medium
budapest,2024,13,MAG,race_control_message,WAVED BLUE FLAG FOR CAR 20 (MAG) TIMED AT 16:20:03,55.0,medium
budapest,2024,13,BOT,race_control_message,WAVED BLUE FLAG FOR CAR 77 (BOT) TIMED AT 16:21:20,56.0,medium
budapest,2024,13,MAG,race_control_message,WAVED BLUE FLAG FOR CAR 20 (MAG) TIMED AT 16:21:28,56.0,medium
budapest,2024,13,BOT,race_control_message,WAVED BLUE FLAG FOR CAR 77 (BOT) TIMED AT 16:21:48,57.0,medium
budapest,2024,13,ALB,race_control_message,WAVED BLUE FLAG FOR CAR 23 (ALB) TIMED AT 16:22:05,57.0,medium
budapest,2024,13,SAR,race_control_message,WAVED BLUE FLAG FOR CAR 2 (SAR) TIMED AT 16:22:18,57.0,medium
budapest,2024,13,SAR,race_control_message,WAVED BLUE FLAG FOR CAR 2 (SAR) TIMED AT 16:22:45,57.0,medium
budapest,2024,13,SAR,race_control_message,WAVED BLUE FLAG FOR CAR 2 (SAR) TIMED AT 16:23:04,58.0,medium
budapest,2024,13,OCO,race_control_message,WAVED BLUE FLAG FOR CAR 31 (OCO) TIMED AT 16:23:16,58.0,medium
budapest,2024,13,ALB,race_control_message,WAVED BLUE FLAG FOR CAR 23 (ALB) TIMED AT 16:23:34,58.0,medium
budapest,2024,13,OCO,race_control_message,WAVED BLUE FLAG FOR CAR 31 (OCO) TIMED AT 16:23:37,58.0,medium
budapest,2024,13,OCO,race_control_message,WAVED BLUE FLAG FOR CAR 31 (OCO) TIMED AT 16:23:53,58.0,medium
budapest,2024,13,BOT,race_control_message,WAVED BLUE FLAG FOR CAR 77 (BOT) TIMED AT 16:23:56,58.0,medium
budapest,2024,13,SAR,race_control_message,WAVED BLUE FLAG FOR CAR 2 (SAR) TIMED AT 16:24:30,59.0,medium
budapest,2024,13,OCO,race_control_message,WAVED BLUE FLAG FOR CAR 31 (OCO) TIMED AT 16:24:53,59.0,medium
budapest,2024,13,HUL,race_control_message,WAVED BLUE FLAG FOR CAR 27 (HUL) TIMED AT 16:25:14,59.0,medium
budapest,2024,13,HUL,race_control_message,WAVED BLUE FLAG FOR CAR 27 (HUL) TIMED AT 16:26:41,60.0,medium
budapest,2024,13,ZHO,race_control_message,WAVED BLUE FLAG FOR CAR 24 (ZHO) TIMED AT 16:26:59,60.0,medium
budapest,2024,13,MAG,race_control_message,WAVED BLUE FLAG FOR CAR 20 (MAG) TIMED AT 16:27:20,61.0,medium
budapest,2024,13,ZHO,race_control_message,WAVED BLUE FLAG FOR CAR 24 (ZHO) TIMED AT 16:28:43,62.0,medium
budapest,2024,13,MAG,race_control_message,WAVED BLUE FLAG FOR CAR 20 (MAG) TIMED AT 16:29:37,62.0,medium
budapest,2024,13,ALB,race_control_message,WAVED BLUE FLAG FOR CAR 23 (ALB) TIMED AT 16:29:54,63.0,medium
budapest,2024,13,MAG,race_control_message,WAVED BLUE FLAG FOR CAR 20 (MAG) TIMED AT 16:30:01,63.0,medium
budapest,2024,13,RIC,race_control_message,WAVED BLUE FLAG FOR CAR 3 (RIC) TIMED AT 16:31:08,63.0,medium
budapest,2024,13,ALB,race_control_message,WAVED BLUE FLAG FOR CAR 23 (ALB) TIMED AT 16:31:34,64.0,medium
budapest,2024,13,SAR,race_control_message,WAVED BLUE FLAG FOR CAR 2 (SAR) TIMED AT 16:32:09,64.0,medium
budapest,2024,13,ALB,race_control_message,WAVED BLUE FLAG FOR CAR 23 (ALB) TIMED AT 16:32:13,64.0,medium
budapest,2024,13,RIC,race_control_message,WAVED BLUE FLAG FOR CAR 3 (RIC) TIMED AT 16:33:11,65.0,medium
budapest,2024,13,OCO,race_control_message,WAVED BLUE FLAG FOR CAR 31 (OCO) TIMED AT 16:33:56,65.0,medium
budapest,2024,13,HUL,race_control_message,WAVED BLUE FLAG FOR CAR 27 (HUL) TIMED AT 16:34:17,66.0,medium
budapest,2024,13,OCO,race_control_message,WAVED BLUE FLAG FOR CAR 31 (OCO) TIMED AT 16:34:39,66.0,medium
budapest,2024,13,HUL,race_control_message,WAVED BLUE FLAG FOR CAR 27 (HUL) TIMED AT 16:35:26,67.0,medium
budapest,2024,13,HUL,race_control_message,WAVED BLUE FLAG FOR CAR 27 (HUL) TIMED AT 16:35:42,67.0,medium
budapest,2024,13,HUL,race_control_message,WAVED BLUE FLAG FOR CAR 27 (HUL) TIMED AT 16:36:04,67.0,medium
budapest,2024,13,BOT,race_control_message,WAVED BLUE FLAG FOR CAR 77 (BOT) TIMED AT 16:39:17,69.0,medium
budapest,2024,13,BOT,race_control_message,WAVED BLUE FLAG FOR CAR 77 (BOT) TIMED AT 16:40:02,70.0,medium
budapest,2024,13,RIC,race_control_message,WAVED BLUE FLAG FOR CAR 3 (RIC) TIMED AT 16:40:29,70.0,medium
budapest,2024,13,MAG,race_control_message,WAVED BLUE FLAG FOR CAR 20 (MAG) TIMED AT 16:40:30,70.0,medium
budapest,2024,13,MAG,race_control_message,WAVED BLUE FLAG FOR CAR 20 (MAG) TIMED AT 16:41:04,70.0,medium
budapest,2025,14,COL,race_control_message,WAVED BLUE FLAG FOR CAR 43 (COL) TIMED AT 15:56:07,39.0,medium
budapest,2025,14,COL,race_control_message,WAVED BLUE FLAG FOR CAR 43 (COL) TIMED AT 15:56:20,39.0,medium
budapest,2025,14,COL,race_control_message,WAVED BLUE FLAG FOR CAR 43 (COL) TIMED AT 15:58:26,41.0,medium
budapest,2025,14,HUL,race_control_message,WAVED BLUE FLAG FOR CAR 27 (HUL) TIMED AT 16:01:01,43.0,medium
budapest,2025,14,HAM,race_control_message,WAVED BLUE FLAG FOR CAR 44 (HAM) TIMED AT 16:02:12,44.0,medium
budapest,2025,14,TSU,race_control_message,WAVED BLUE FLAG FOR CAR 22 (TSU) TIMED AT 16:04:53,46.0,medium
budapest,2025,14,COL,race_control_message,WAVED BLUE FLAG FOR CAR 43 (COL) TIMED AT 16:05:07,46.0,medium
budapest,2025,14,ALB,race_control_message,WAVED BLUE FLAG FOR CAR 23 (ALB) TIMED AT 16:07:50,48.0,medium
budapest,2025,14,ALB,race_control_message,WAVED BLUE FLAG FOR CAR 23 (ALB) TIMED AT 16:08:06,48.0,medium
budapest,2025,14,COL,race_control_message,WAVED BLUE FLAG FOR CAR 43 (COL) TIMED AT 16:08:15,48.0,medium
budapest,2025,14,BEA,race_control_message,WAVED BLUE FLAG FOR CAR 87 (BEA) TIMED AT 16:09:24,49.0,medium
budapest,2025,14,TSU,race_control_message,WAVED BLUE FLAG FOR CAR 22 (TSU) TIMED AT 16:11:02,50.0,medium
budapest,2025,14,COL,race_control_message,WAVED BLUE FLAG FOR CAR 43 (COL) TIMED AT 16:11:52,51.0,medium
budapest,2025,14,COL,race_control_message,WAVED BLUE FLAG FOR CAR 43 (COL) TIMED AT 16:11:59,51.0,medium
budapest,2025,14,HUL,race_control_message,WAVED BLUE FLAG FOR CAR 27 (HUL) TIMED AT 16:12:43,51.0,medium
budapest,2025,14,GAS,race_control_message,WAVED BLUE FLAG FOR CAR 10 (GAS) TIMED AT 16:13:44,52.0,medium
budapest,2025,14,OCO,race_control_message,WAVED BLUE FLAG FOR CAR 31 (OCO) TIMED AT 16:14:17,52.0,medium
budapest,2025,14,TSU,race_control_message,WAVED BLUE FLAG FOR CAR 22 (TSU) TIMED AT 16:14:49,53.0,medium
budapest,2025,14,TSU,race_control_message,WAVED BLUE FLAG FOR CAR 22 (TSU) TIMED AT 16:14:59,53.0,medium
budapest,2025,14,ALB,race_control_message,WAVED BLUE FLAG FOR CAR 23 (ALB) TIMED AT 16:15:24,53.0,medium
budapest,2025,14,GAS,race_control_message,WAVED BLUE FLAG FOR CAR 10 (GAS) TIMED AT 16:16:39,54.0,medium
budapest,2025,14,OCO,race_control_message,WAVED BLUE FLAG FOR CAR 31 (OCO) TIMED AT 16:17:13,55.0,medium
budapest,2025,14,HUL,race_control_message,WAVED BLUE FLAG FOR CAR 27 (HUL) TIMED AT 16:20:53,57.0,medium
budapest,2025,14,HUL,race_control_message,WAVED BLUE FLAG FOR CAR 27 (HUL) TIMED AT 16:21:11,58.0,medium
budapest,2025,14,ALB,race_control_message,WAVED BLUE FLAG FOR CAR 23 (ALB) TIMED AT 16:22:15,58.0,medium
budapest,2025,14,ALB,race_control_message,WAVED BLUE FLAG FOR CAR 23 (ALB) TIMED AT 16:22:31,59.0,medium
budapest,2025,14,ALB,race_control_message,WAVED BLUE FLAG FOR CAR 23 (ALB) TIMED AT 16:22:38,59.0,medium
budapest,2025,14,GAS,race_control_message,WAVED BLUE FLAG FOR CAR 10 (GAS) TIMED AT 16:23:53,60.0,medium
budapest,2025,14,GAS,race_control_message,WAVED BLUE FLAG FOR CAR 10 (GAS) TIMED AT 16:24:13,60.0,medium
budapest,2025,14,GAS,race_control_message,WAVED BLUE FLAG FOR CAR 10 (GAS) TIMED AT 16:24:36,60.0,medium
budapest,2025,14,OCO,race_control_message,WAVED BLUE FLAG FOR CAR 31 (OCO) TIMED AT 16:26:22,62.0,medium
budapest,2025,14,OCO,race_control_message,WAVED BLUE FLAG FOR CAR 31 (OCO) TIMED AT 16:27:42,63.0,medium
budapest,2025,14,OCO,race_control_message,WAVED BLUE FLAG FOR CAR 31 (OCO) TIMED AT 16:28:20,63.0,medium
budapest,2025,14,HAM,race_control_message,WAVED BLUE FLAG FOR CAR 44 (HAM) TIMED AT 16:29:55,64.0,medium
budapest,2025,14,HAM,race_control_message,WAVED BLUE FLAG FOR CAR 44 (HAM) TIMED AT 16:30:17,64.0,medium
budapest,2025,14,HAD,race_control_message,WAVED BLUE FLAG FOR CAR 6 (HAD) TIMED AT 16:31:21,65.0,medium
budapest,2025,14,HAD,race_control_message,WAVED BLUE FLAG FOR CAR 6 (HAD) TIMED AT 16:31:58,66.0,medium
budapest,2025,14,ANT,race_control_message,WAVED BLUE FLAG FOR CAR 12 (ANT) TIMED AT 16:32:45,66.0,medium
budapest,2025,14,HUL,race_control_message,WAVED BLUE FLAG FOR CAR 27 (HUL) TIMED AT 16:35:09,68.0,medium
budapest,2025,14,HUL,race_control_message,WAVED BLUE FLAG FOR CAR 27 (HUL) TIMED AT 16:35:42,68.0,medium
budapest,2025,14,SAI,race_control_message,WAVED BLUE FLAG FOR CAR 55 (SAI) TIMED AT 16:36:22,69.0,medium
budapest,2026,11,BEA,race_control_message,WAVED BLUE FLAG FOR CAR 87 (BEA) TIMED AT 15:15:07,9.0,medium
budapest,2026,11,STR,race_control_message,WAVED BLUE FLAG FOR CAR 18 (STR) TIMED AT 15:15:11,9.0,medium
budapest,2026,11,BOT,race_control_message,WAVED BLUE FLAG FOR CAR 77 (BOT) TIMED AT 15:15:18,9.0,medium
budapest,2026,11,ALO,race_control_message,WAVED BLUE FLAG FOR CAR 14 (ALO) TIMED AT 15:18:07,11.0,medium
budapest,2026,11,SAI,race_control_message,WAVED BLUE FLAG FOR CAR 55 (SAI) TIMED AT 15:19:25,12.0,medium
budapest,2026,11,RUS,race_control_message,WAVED BLUE FLAG FOR CAR 63 (RUS) TIMED AT 15:19:27,12.0,medium
budapest,2026,11,PER,race_control_message,WAVED BLUE FLAG FOR CAR 11 (PER) TIMED AT 15:19:30,12.0,medium
budapest,2026,11,COL,race_control_message,WAVED BLUE FLAG FOR CAR 43 (COL) TIMED AT 15:19:33,12.0,medium
budapest,2026,11,LAW,race_control_message,WAVED BLUE FLAG FOR CAR 30 (LAW) TIMED AT 15:35:33,23.0,medium
budapest,2026,11,PER,race_control_message,WAVED BLUE FLAG FOR CAR 11 (PER) TIMED AT 15:36:02,23.0,medium
budapest,2026,11,PER,race_control_message,WAVED BLUE FLAG FOR CAR 11 (PER) TIMED AT 15:36:56,24.0,medium
budapest,2026,11,BOR,race_control_message,BLACK AND WHITE FLAG FOR CAR 5 (BOR) - TRACK LIMITS,70.0,medium
imola,2020,13,MAG,race_control_message,CAR 20 (MAG) SPUN AND CONTINUED AT TURN 7,1.0,medium
imola,2020,13,GRO,race_control_message,CAR 8 (GRO) MISSED THE APEX OF TURN 13,10.0,medium
imola,2020,13,STR,race_control_message,CAR 18 (STR) MISSED THE APEX OF TURN 13,21.0,medium
imola,2020,13,STR,race_control_message,WAVED BLUE FLAG FOR CAR 18 (STR) TIMED AT 13:46:41,26.0,medium
imola,2020,13,GRO,race_control_message,WAVED BLUE FLAG FOR CAR 8 (GRO) TIMED AT 13:47:22,26.0,medium
imola,2020,13,GIO,race_control_message,WAVED BLUE FLAG FOR CAR 99 (GIO) TIMED AT 13:48:51,27.0,medium
imola,2020,13,OCO,race_control_message,WAVED BLUE FLAG FOR CAR 31 (OCO) TIMED AT 13:50:07,28.0,medium
imola,2020,13,OCO,race_control_message,CAR 31 (OCO) STOPPED AT TURN 13,30.0,medium
imola,2020,13,MAG,race_control_message,WAVED BLUE FLAG FOR CAR 20 (MAG) TIMED AT 13:54:52,32.0,medium
imola,2020,13,MAG,race_control_message,WAVED BLUE FLAG FOR CAR 20 (MAG) TIMED AT 13:55:16,32.0,medium
imola,2020,13,GRO,race_control_message,WAVED BLUE FLAG FOR CAR 8 (GRO) TIMED AT 14:06:08,40.0,medium
imola,2020,13,LAT,race_control_message,WAVED BLUE FLAG FOR CAR 6 (LAT) TIMED AT 14:09:59,43.0,medium
imola,2020,13,VET,race_control_message,WAVED BLUE FLAG FOR CAR 5 (VET) TIMED AT 14:11:20,44.0,medium
imola,2020,13,GIO,race_control_message,WAVED BLUE FLAG FOR CAR 99 (GIO) TIMED AT 14:11:46,45.0,medium
imola,2020,13,VET,race_control_message,WAVED BLUE FLAG FOR CAR 5 (VET) TIMED AT 14:13:02,46.0,medium
imola,2020,13,GRO,race_control_message,WAVED BLUE FLAG FOR CAR 8 (GRO) TIMED AT 14:17:24,49.0,medium
imola,2020,13,RUS,race_control_message,WAVED BLUE FLAG FOR CAR 63 (RUS) TIMED AT 14:18:00,49.0,medium
imola,2020,13,ALB,race_control_message,CAR 23 (ALB) SPUN AND CONTINUED AT TURN 6,58.0,medium
imola,2021,2,SAI,race_control_message,CAR 55 (SAI) OFF TRACK AND CONTINUED AT TURN 7,14.0,medium
imola,2021,2,MSC,race_control_message,WAVED BLUE FLAG FOR CAR 47 (MSC) TIMED AT 15:27:47,14.0,medium
imola,2021,2,MSC,race_control_message,WAVED BLUE FLAG FOR CAR 47 (MSC) TIMED AT 15:28:23,14.0,medium
imola,2021,2,MAZ,race_control_message,WAVED BLUE FLAG FOR CAR 9 (MAZ) TIMED AT 15:28:33,14.0,medium
imola,2021,2,MAZ,race_control_message,WAVED BLUE FLAG FOR CAR 9 (MAZ) TIMED AT 15:30:24,15.0,medium
imola,2021,2,MAZ,race_control_message,WAVED BLUE FLAG FOR CAR 9 (MAZ) TIMED AT 15:30:34,16.0,medium
imola,2021,2,GAS,race_control_message,WAVED BLUE FLAG FOR CAR 10 (GAS) TIMED AT 15:31:09,16.0,medium
imola,2021,2,MSC,race_control_message,WAVED BLUE FLAG FOR CAR 47 (MSC) TIMED AT 15:31:41,16.0,medium
imola,2021,2,MAZ,race_control_message,WAVED BLUE FLAG FOR CAR 9 (MAZ) TIMED AT 15:31:51,16.0,medium
imola,2021,2,GAS,race_control_message,WAVED BLUE FLAG FOR CAR 10 (GAS) TIMED AT 15:33:56,18.0,medium
imola,2021,2,MAZ,race_control_message,WAVED BLUE FLAG FOR CAR 9 (MAZ) TIMED AT 15:34:18,18.0,medium
imola,2021,2,ALO,race_control_message,WAVED BLUE FLAG FOR CAR 14 (ALO) TIMED AT 15:35:02,19.0,medium
imola,2021,2,MSC,race_control_message,WAVED BLUE FLAG FOR CAR 47 (MSC) TIMED AT 15:35:38,19.0,medium
imola,2021,2,MAZ,race_control_message,WAVED BLUE FLAG FOR CAR 9 (MAZ) TIMED AT 15:36:41,20.0,medium
imola,2021,2,OCO,race_control_message,WAVED BLUE FLAG FOR CAR 31 (OCO) TIMED AT 15:37:27,20.0,medium
imola,2021,2,MAZ,race_control_message,WAVED BLUE FLAG FOR CAR 9 (MAZ) TIMED AT 15:37:49,21.0,medium
imola,2021,2,MAZ,race_control_message,WAVED BLUE FLAG FOR CAR 9 (MAZ) TIMED AT 15:38:08,21.0,medium
imola,2021,2,VET,race_control_message,WAVED BLUE FLAG FOR CAR 5 (VET) TIMED AT 15:38:18,21.0,medium
imola,2021,2,ALO,race_control_message,WAVED BLUE FLAG FOR CAR 14 (ALO) TIMED AT 15:38:39,21.0,medium
imola,2021,2,ALO,race_control_message,WAVED BLUE FLAG FOR CAR 14 (ALO) TIMED AT 15:39:21,22.0,medium
imola,2021,2,MSC,race_control_message,WAVED BLUE FLAG FOR CAR 47 (MSC) TIMED AT 15:39:39,22.0,medium
imola,2021,2,MAZ,race_control_message,WAVED BLUE FLAG FOR CAR 9 (MAZ) TIMED AT 15:40:03,22.0,medium
imola,2021,2,VET,race_control_message,WAVED BLUE FLAG FOR CAR 5 (VET) TIMED AT 15:40:45,23.0,medium
imola,2021,2,OCO,race_control_message,WAVED BLUE FLAG FOR CAR 31 (OCO) TIMED AT 15:41:16,23.0,medium
imola,2021,2,MSC,race_control_message,WAVED BLUE FLAG FOR CAR 47 (MSC) TIMED AT 15:42:04,23.0,medium
imola,2021,2,MSC,race_control_message,WAVED BLUE FLAG FOR CAR 47 (MSC) TIMED AT 15:42:15,24.0,medium
imola,2021,2,MAZ,race_control_message,WAVED BLUE FLAG FOR CAR 9 (MAZ) TIMED AT 15:42:22,24.0,medium
imola,2021,2,MSC,race_control_message,WAVED BLUE FLAG FOR CAR 47 (MSC) TIMED AT 15:42:30,24.0,medium
imola,2021,2,MSC,race_control_message,WAVED BLUE FLAG FOR CAR 47 (MSC) TIMED AT 15:42:38,24.0,medium
imola,2021,2,MAZ,race_control_message,WAVED BLUE FLAG FOR CAR 9 (MAZ) TIMED AT 15:42:40,24.0,medium
imola,2021,2,MSC,race_control_message,WAVED BLUE FLAG FOR CAR 47 (MSC) TIMED AT 15:42:54,24.0,medium
imola,2021,2,MSC,race_control_message,WAVED BLUE FLAG FOR CAR 47 (MSC) TIMED AT 15:43:13,24.0,medium
imola,2021,2,VET,race_control_message,WAVED BLUE FLAG FOR CAR 5 (VET) TIMED AT 15:43:43,25.0,medium
imola,2021,2,VET,race_control_message,WAVED BLUE FLAG FOR CAR 5 (VET) TIMED AT 15:43:56,25.0,medium
imola,2021,2,MSC,race_control_message,WAVED BLUE FLAG FOR CAR 47 (MSC) TIMED AT 15:44:01,25.0,medium
imola,2021,2,TSU,race_control_message,WAVED BLUE FLAG FOR CAR 22 (TSU) TIMED AT 15:44:03,25.0,medium
imola,2021,2,VET,race_control_message,WAVED BLUE FLAG FOR CAR 5 (VET) TIMED AT 15:44:21,25.0,medium
imola,2021,2,TSU,race_control_message,WAVED BLUE FLAG FOR CAR 22 (TSU) TIMED AT 15:44:48,25.0,medium
imola,2021,2,MAZ,race_control_message,WAVED BLUE FLAG FOR CAR 9 (MAZ) TIMED AT 15:44:59,25.0,medium
imola,2021,2,MSC,race_control_message,WAVED BLUE FLAG FOR CAR 47 (MSC) TIMED AT 15:45:47,26.0,medium
imola,2021,2,MAZ,race_control_message,WAVED BLUE FLAG FOR CAR 9 (MAZ) TIMED AT 15:46:24,26.0,medium
imola,2021,2,MAZ,race_control_message,WAVED BLUE FLAG FOR CAR 9 (MAZ) TIMED AT 15:46:37,27.0,medium
imola,2021,2,GIO,race_control_message,WAVED BLUE FLAG FOR CAR 99 (GIO) TIMED AT 15:46:55,27.0,medium
imola,2021,2,GIO,race_control_message,WAVED BLUE FLAG FOR CAR 99 (GIO) TIMED AT 15:47:17,27.0,medium
imola,2021,2,GAS,race_control_message,WAVED BLUE FLAG FOR CAR 10 (GAS) TIMED AT 15:47:37,27.0,medium
imola,2021,2,ALO,race_control_message,WAVED BLUE FLAG FOR CAR 14 (ALO) TIMED AT 15:47:55,27.0,medium
imola,2021,2,GAS,race_control_message,WAVED BLUE FLAG FOR CAR 10 (GAS) TIMED AT 15:49:28,28.0,medium
imola,2021,2,MSC,race_control_message,WAVED BLUE FLAG FOR CAR 47 (MSC) TIMED AT 15:49:34,29.0,medium
imola,2021,2,RAI,race_control_message,WAVED BLUE FLAG FOR CAR 7 (RAI) TIMED AT 15:49:44,29.0,medium
imola,2021,2,VET,race_control_message,WAVED BLUE FLAG FOR CAR 5 (VET) TIMED AT 15:50:36,29.0,medium
imola,2021,2,GAS,race_control_message,WAVED BLUE FLAG FOR CAR 10 (GAS) TIMED AT 15:50:46,29.0,medium
imola,2021,2,RUS,race_control_message,WAVED BLUE FLAG FOR CAR 63 (RUS) TIMED AT 15:51:14,29.0,medium
imola,2021,2,MSC,race_control_message,WAVED BLUE FLAG FOR CAR 47 (MSC) TIMED AT 15:51:53,30.0,medium
imola,2021,2,STR,race_control_message,WAVED BLUE FLAG FOR CAR 18 (STR) TIMED AT 15:52:17,30.0,medium
imola,2021,2,BOT,race_control_message,WAVED BLUE FLAG FOR CAR 77 (BOT) TIMED AT 15:52:20,30.0,medium
imola,2021,2,OCO,race_control_message,WAVED BLUE FLAG FOR CAR 31 (OCO) TIMED AT 15:52:24,30.0,medium
imola,2021,2,RAI,race_control_message,WAVED BLUE FLAG FOR CAR 7 (RAI) TIMED AT 15:52:29,30.0,medium
imola,2021,2,RUS,race_control_message,WAVED BLUE FLAG FOR CAR 63 (RUS) TIMED AT 15:53:10,31.0,medium
imola,2021,2,MAZ,race_control_message,WAVED BLUE FLAG FOR CAR 9 (MAZ) TIMED AT 16:33:25,39.0,medium
imola,2021,2,MSC,race_control_message,WAVED BLUE FLAG FOR CAR 47 (MSC) TIMED AT 16:37:05,41.0,medium
imola,2021,2,MAZ,race_control_message,WAVED BLUE FLAG FOR CAR 9 (MAZ) TIMED AT 16:39:09,43.0,medium
imola,2021,2,TSU,race_control_message,BLACK AND WHITE FLAG FOR CAR 22 (TSU) - TRACK LIMITS,46.0,medium
imola,2021,2,MSC,race_control_message,WAVED BLUE FLAG FOR CAR 47 (MSC) TIMED AT 16:43:29,46.0,medium
imola,2021,2,MAZ,race_control_message,WAVED BLUE FLAG FOR CAR 9 (MAZ) TIMED AT 16:48:03,50.0,medium
imola,2021,2,MAZ,race_control_message,WAVED BLUE FLAG FOR CAR 9 (MAZ) TIMED AT 16:54:50,55.0,medium
imola,2021,2,MAZ,race_control_message,WAVED BLUE FLAG FOR CAR 9 (MAZ) TIMED AT 16:55:02,55.0,medium
imola,2021,2,GIO,race_control_message,WAVED BLUE FLAG FOR CAR 99 (GIO) TIMED AT 16:57:00,57.0,medium
imola,2021,2,MSC,race_control_message,WAVED BLUE FLAG FOR CAR 47 (MSC) TIMED AT 17:05:02,63.0,medium
imola,2021,2,MAZ,race_control_message,WAVED BLUE FLAG FOR CAR 9 (MAZ) TIMED AT 17:06:25,63.0,medium
imola,2022,4,VET,race_control_message,CAR 5 (VET) MISSED THE APEX OF TURN 14,14.0,medium
imola,2022,4,LAT,race_control_message,CAR 6 (LAT) MISSED THE APEX OF TURN 14,14.0,medium
imola,2022,4,MSC,race_control_message,CAR 47 (MSC) MISSED THE APEX OF TURN 14,17.0,medium
imola,2022,4,MSC,race_control_message,CAR 47 (MSC) SPUN AND CONTINUED AT TURN 14,25.0,medium
imola,2022,4,TSU,race_control_message,CAR 22 (TSU) MISSED THE APEX OF TURN 14,26.0,medium
imola,2022,4,MSC,race_control_message,WAVED BLUE FLAG FOR CAR 47 (MSC) TIMED AT 15:45:15,27.0,medium
imola,2022,4,PER,race_control_message,CAR 11 (PER) MISSED THE APEX OF TURN 14,28.0,medium
imola,2022,4,MSC,race_control_message,BLACK AND WHITE FLAG FOR CAR 47 (MSC) - TRACK LIMITS,29.0,medium
imola,2022,4,ZHO,race_control_message,WAVED BLUE FLAG FOR CAR 24 (ZHO) TIMED AT 15:50:06,30.0,medium
imola,2022,4,LAT,race_control_message,WAVED BLUE FLAG FOR CAR 6 (LAT) TIMED AT 15:50:46,31.0,medium
imola,2022,4,MSC,race_control_message,WAVED BLUE FLAG FOR CAR 47 (MSC) TIMED AT 15:52:13,32.0,medium
imola,2022,4,ZHO,race_control_message,WAVED BLUE FLAG FOR CAR 24 (ZHO) TIMED AT 15:58:04,36.0,medium
imola,2022,4,RIC,race_control_message,WAVED BLUE FLAG FOR CAR 3 (RIC) TIMED AT 15:58:56,37.0,medium
imola,2022,4,LAT,race_control_message,WAVED BLUE FLAG FOR CAR 6 (LAT) TIMED AT 15:59:11,37.0,medium
imola,2022,4,ZHO,race_control_message,WAVED BLUE FLAG FOR CAR 24 (ZHO) TIMED AT 15:59:45,37.0,medium
imola,2022,4,LAT,race_control_message,WAVED BLUE FLAG FOR CAR 6 (LAT) TIMED AT 16:00:20,38.0,medium
imola,2022,4,HAM,race_control_message,WAVED BLUE FLAG FOR CAR 44 (HAM) TIMED AT 16:03:07,40.0,medium
imola,2022,4,GAS,race_control_message,WAVED BLUE FLAG FOR CAR 10 (GAS) TIMED AT 16:04:02,41.0,medium
imola,2022,4,ALB,race_control_message,WAVED BLUE FLAG FOR CAR 23 (ALB) TIMED AT 16:04:36,41.0,medium
imola,2022,4,OCO,race_control_message,WAVED BLUE FLAG FOR CAR 31 (OCO) TIMED AT 16:06:07,42.0,medium
imola,2022,4,STR,race_control_message,WAVED BLUE FLAG FOR CAR 18 (STR) TIMED AT 16:07:13,43.0,medium
imola,2022,4,RIC,race_control_message,WAVED BLUE FLAG FOR CAR 3 (RIC) TIMED AT 16:08:03,44.0,medium
imola,2022,4,RIC,race_control_message,WAVED BLUE FLAG FOR CAR 3 (RIC) TIMED AT 16:13:45,48.0,medium
imola,2022,4,HAM,race_control_message,WAVED BLUE FLAG FOR CAR 44 (HAM) TIMED AT 16:15:16,49.0,medium
imola,2022,4,GAS,race_control_message,WAVED BLUE FLAG FOR CAR 10 (GAS) TIMED AT 16:16:03,50.0,medium
imola,2022,4,GAS,race_control_message,WAVED BLUE FLAG FOR CAR 10 (GAS) TIMED AT 16:16:42,50.0,medium
imola,2022,4,MAG,race_control_message,WAVED BLUE FLAG FOR CAR 20 (MAG) TIMED AT 16:17:34,51.0,medium
imola,2022,4,HAM,race_control_message,WAVED BLUE FLAG FOR CAR 44 (HAM) TIMED AT 16:25:47,56.0,medium
imola,2022,4,LAT,race_control_message,WAVED BLUE FLAG FOR CAR 6 (LAT) TIMED AT 16:25:54,57.0,medium
imola,2022,4,GAS,race_control_message,WAVED BLUE FLAG FOR CAR 10 (GAS) TIMED AT 16:26:27,57.0,medium
imola,2022,4,ALB,race_control_message,WAVED BLUE FLAG FOR CAR 23 (ALB) TIMED AT 16:26:56,57.0,medium
imola,2022,4,OCO,race_control_message,WAVED BLUE FLAG FOR CAR 31 (OCO) TIMED AT 16:27:22,58.0,medium
imola,2022,4,ZHO,race_control_message,WAVED BLUE FLAG FOR CAR 24 (ZHO) TIMED AT 16:27:30,58.0,medium
imola,2022,4,STR,race_control_message,WAVED BLUE FLAG FOR CAR 18 (STR) TIMED AT 16:29:38,59.0,medium
imola,2022,4,RIC,race_control_message,WAVED BLUE FLAG FOR CAR 3 (RIC) TIMED AT 16:34:54,63.0,medium
imola,2022,4,HAM,race_control_message,WAVED BLUE FLAG FOR CAR 44 (HAM) TIMED AT 16:35:25,63.0,medium
imola,2022,4,RIC,race_control_message,WAVED BLUE FLAG FOR CAR 3 (RIC) TIMED AT 16:35:44,63.0,medium
imola,2024,7,ALB,race_control_message,WAVED BLUE FLAG FOR CAR 23 (ALB) TIMED AT 15:16:41,10.0,medium
imola,2024,7,ALB,race_control_message,WAVED BLUE FLAG FOR CAR 23 (ALB) TIMED AT 15:17:01,11.0,medium
imola,2024,7,ALB,race_control_message,WAVED BLUE FLAG FOR CAR 23 (ALB) TIMED AT 15:17:56,11.0,medium
imola,2024,7,ALB,race_control_message,WAVED BLUE FLAG FOR CAR 23 (ALB) TIMED AT 15:18:08,12.0,medium
imola,2024,7,ALB,race_control_message,WAVED BLUE FLAG FOR CAR 23 (ALB) TIMED AT 15:31:32,21.0,medium
imola,2024,7,VER,race_control_message,BLACK AND WHITE FLAG FOR CAR 1 (VER) - TRACK LIMITS,24.0,medium
imola,2024,7,ALB,race_control_message,WAVED BLUE FLAG FOR CAR 23 (ALB) TIMED AT 15:38:23,26.0,medium
imola,2024,7,ALB,race_control_message,WAVED BLUE FLAG FOR CAR 23 (ALB) TIMED AT 15:39:19,27.0,medium
imola,2024,7,ALB,race_control_message,WAVED BLUE FLAG FOR CAR 23 (ALB) TIMED AT 15:43:28,30.0,medium
imola,2024,7,ALB,race_control_message,WAVED BLUE FLAG FOR CAR 23 (ALB) TIMED AT 15:46:24,32.0,medium
imola,2024,7,SAR,race_control_message,WAVED BLUE FLAG FOR CAR 2 (SAR) TIMED AT 15:47:14,33.0,medium
imola,2024,7,GAS,race_control_message,WAVED BLUE FLAG FOR CAR 10 (GAS) TIMED AT 15:50:50,35.0,medium
imola,2024,7,GAS,race_control_message,WAVED BLUE FLAG FOR CAR 10 (GAS) TIMED AT 15:51:12,36.0,medium
imola,2024,7,ZHO,race_control_message,WAVED BLUE FLAG FOR CAR 24 (ZHO) TIMED AT 15:53:07,37.0,medium
imola,2024,7,SAR,race_control_message,WAVED BLUE FLAG FOR CAR 2 (SAR) TIMED AT 15:54:14,38.0,medium
imola,2024,7,SAR,race_control_message,WAVED BLUE FLAG FOR CAR 2 (SAR) TIMED AT 15:55:43,39.0,medium
imola,2024,7,SAR,race_control_message,WAVED BLUE FLAG FOR CAR 2 (SAR) TIMED AT 15:57:00,40.0,medium
imola,2024,7,GAS,race_control_message,WAVED BLUE FLAG FOR CAR 10 (GAS) TIMED AT 15:57:59,41.0,medium
imola,2024,7,GAS,race_control_message,WAVED BLUE FLAG FOR CAR 10 (GAS) TIMED AT 15:58:49,41.0,medium
imola,2024,7,MAG,race_control_message,WAVED BLUE FLAG FOR CAR 20 (MAG) TIMED AT 16:00:58,43.0,medium
imola,2024,7,GAS,race_control_message,WAVED BLUE FLAG FOR CAR 10 (GAS) TIMED AT 16:00:59,43.0,medium
imola,2024,7,ZHO,race_control_message,WAVED BLUE FLAG FOR CAR 24 (ZHO) TIMED AT 16:01:43,43.0,medium
imola,2024,7,SAR,race_control_message,WAVED BLUE FLAG FOR CAR 2 (SAR) TIMED AT 16:03:19,45.0,medium
imola,2024,7,OCO,race_control_message,WAVED BLUE FLAG FOR CAR 31 (OCO) TIMED AT 16:04:09,45.0,medium
imola,2024,7,BOT,race_control_message,WAVED BLUE FLAG FOR CAR 77 (BOT) TIMED AT 16:04:44,46.0,medium
imola,2024,7,GAS,race_control_message,WAVED BLUE FLAG FOR CAR 10 (GAS) TIMED AT 16:05:10,46.0,medium
imola,2024,7,OCO,race_control_message,WAVED BLUE FLAG FOR CAR 31 (OCO) TIMED AT 16:07:05,47.0,medium
imola,2024,7,BOT,race_control_message,WAVED BLUE FLAG FOR CAR 77 (BOT) TIMED AT 16:07:27,48.0,medium
imola,2024,7,OCO,race_control_message,WAVED BLUE FLAG FOR CAR 31 (OCO) TIMED AT 16:07:34,48.0,medium
imola,2024,7,BOT,race_control_message,WAVED BLUE FLAG FOR CAR 77 (BOT) TIMED AT 16:08:09,48.0,medium
imola,2024,7,MAG,race_control_message,WAVED BLUE FLAG FOR CAR 20 (MAG) TIMED AT 16:08:26,48.0,medium
imola,2024,7,ZHO,race_control_message,WAVED BLUE FLAG FOR CAR 24 (ZHO) TIMED AT 16:09:00,49.0,medium
imola,2024,7,MAG,race_control_message,WAVED BLUE FLAG FOR CAR 20 (MAG) TIMED AT 16:10:31,50.0,medium
imola,2024,7,OCO,race_control_message,WAVED BLUE FLAG FOR CAR 31 (OCO) TIMED AT 16:10:56,50.0,medium
imola,2024,7,SAR,race_control_message,WAVED BLUE FLAG FOR CAR 2 (SAR) TIMED AT 16:11:03,50.0,medium
imola,2024,7,RIC,race_control_message,WAVED BLUE FLAG FOR CAR 3 (RIC) TIMED AT 16:11:08,50.0,medium
imola,2024,7,BOT,race_control_message,WAVED BLUE FLAG FOR CAR 77 (BOT) TIMED AT 16:11:43,51.0,medium
imola,2024,7,ZHO,race_control_message,WAVED BLUE FLAG FOR CAR 24 (ZHO) TIMED AT 16:12:17,51.0,medium
imola,2024,7,HUL,race_control_message,WAVED BLUE FLAG FOR CAR 27 (HUL) TIMED AT 16:12:49,52.0,medium
imola,2024,7,ALB,race_control_message,WAVED BLUE FLAG FOR CAR 23 (ALB) TIMED AT 16:13:03,52.0,medium
imola,2024,7,OCO,race_control_message,WAVED BLUE FLAG FOR CAR 31 (OCO) TIMED AT 16:13:13,52.0,medium
imola,2024,7,RIC,race_control_message,WAVED BLUE FLAG FOR CAR 3 (RIC) TIMED AT 16:13:39,52.0,medium
imola,2024,7,BOT,race_control_message,WAVED BLUE FLAG FOR CAR 77 (BOT) TIMED AT 16:14:09,53.0,medium
imola,2024,7,ALO,race_control_message,WAVED BLUE FLAG FOR CAR 14 (ALO) TIMED AT 16:14:21,53.0,medium
imola,2024,7,SAR,race_control_message,WAVED BLUE FLAG FOR CAR 2 (SAR) TIMED AT 16:14:41,53.0,medium
imola,2024,7,HUL,race_control_message,WAVED BLUE FLAG FOR CAR 27 (HUL) TIMED AT 16:14:48,53.0,medium
imola,2024,7,RIC,race_control_message,WAVED BLUE FLAG FOR CAR 3 (RIC) TIMED AT 16:15:03,53.0,medium
imola,2024,7,HUL,race_control_message,WAVED BLUE FLAG FOR CAR 27 (HUL) TIMED AT 16:16:05,54.0,medium
imola,2024,7,TSU,race_control_message,WAVED BLUE FLAG FOR CAR 22 (TSU) TIMED AT 16:16:51,55.0,medium
imola,2024,7,TSU,race_control_message,WAVED BLUE FLAG FOR CAR 22 (TSU) TIMED AT 16:17:35,55.0,medium
imola,2024,7,ALO,race_control_message,WAVED BLUE FLAG FOR CAR 14 (ALO) TIMED AT 16:19:31,57.0,medium
imola,2024,7,RIC,race_control_message,WAVED BLUE FLAG FOR CAR 3 (RIC) TIMED AT 16:19:47,57.0,medium
imola,2024,7,TSU,race_control_message,WAVED BLUE FLAG FOR CAR 22 (TSU) TIMED AT 16:19:59,57.0,medium
imola,2024,7,GAS,race_control_message,WAVED BLUE FLAG FOR CAR 10 (GAS) TIMED AT 16:20:06,57.0,medium
imola,2024,7,ZHO,race_control_message,WAVED BLUE FLAG FOR CAR 24 (ZHO) TIMED AT 16:20:44,58.0,medium
imola,2024,7,HUL,race_control_message,WAVED BLUE FLAG FOR CAR 27 (HUL) TIMED AT 16:21:07,58.0,medium
imola,2024,7,MAG,race_control_message,WAVED BLUE FLAG FOR CAR 20 (MAG) TIMED AT 16:21:20,58.0,medium
imola,2024,7,OCO,race_control_message,WAVED BLUE FLAG FOR CAR 31 (OCO) TIMED AT 16:21:32,58.0,medium
imola,2024,7,BOT,race_control_message,WAVED BLUE FLAG FOR CAR 77 (BOT) TIMED AT 16:21:55,58.0,medium
imola,2024,7,TSU,race_control_message,WAVED BLUE FLAG FOR CAR 22 (TSU) TIMED AT 16:25:14,61.0,medium
imola,2024,7,RIC,race_control_message,WAVED BLUE FLAG FOR CAR 3 (RIC) TIMED AT 16:25:41,61.0,medium
imola,2024,7,SAR,race_control_message,WAVED BLUE FLAG FOR CAR 2 (SAR) TIMED AT 16:26:19,62.0,medium
imola,2024,7,GAS,race_control_message,WAVED BLUE FLAG FOR CAR 10 (GAS) TIMED AT 16:26:52,62.0,medium
imola,2024,7,BOT,race_control_message,WAVED BLUE FLAG FOR CAR 77 (BOT) TIMED AT 16:26:58,62.0,medium
imola,2024,7,ALO,race_control_message,WAVED BLUE FLAG FOR CAR 14 (ALO) TIMED AT 16:27:01,62.0,medium
imola,2024,7,HUL,race_control_message,WAVED BLUE FLAG FOR CAR 27 (HUL) TIMED AT 16:27:06,62.0,medium
imola,2024,7,GAS,race_control_message,WAVED BLUE FLAG FOR CAR 10 (GAS) TIMED AT 16:27:08,62.0,medium
imola,2024,7,ALO,race_control_message,WAVED BLUE FLAG FOR CAR 14 (ALO) TIMED AT 16:28:49,63.0,medium
imola,2024,7,BOT,race_control_message,WAVED BLUE FLAG FOR CAR 77 (BOT) TIMED AT 16:28:58,63.0,medium
imola,2025,7,BOR,race_control_message,WAVED BLUE FLAG FOR CAR 5 (BOR) TIMED AT 16:01:55,43.0,medium
imola,2025,7,LAW,race_control_message,WAVED BLUE FLAG FOR CAR 30 (LAW) TIMED AT 16:04:26,45.0,medium
imola,2025,7,COL,race_control_message,WAVED BLUE FLAG FOR CAR 43 (COL) TIMED AT 16:04:53,45.0,medium
imola,2025,7,GAS,race_control_message,WAVED BLUE FLAG FOR CAR 10 (GAS) TIMED AT 16:06:01,46.0,medium
imola,2025,7,GAS,race_control_message,WAVED BLUE FLAG FOR CAR 10 (GAS) TIMED AT 16:06:20,46.0,medium
jeddah,2021,21,ALO,race_control_message,CAR 14 (ALO) MISSED THE APEX OF TURN 2,7.0,medium
jeddah,2021,21,TSU,race_control_message,WAVED BLUE FLAG FOR CAR 22 (TSU) TIMED AT 22:00:32,26.0,medium
jeddah,2021,21,TSU,race_control_message,WAVED BLUE FLAG FOR CAR 22 (TSU) TIMED AT 22:00:47,27.0,medium
jeddah,2021,21,RAI,race_control_message,WAVED BLUE FLAG FOR CAR 7 (RAI) TIMED AT 22:12:47,33.0,medium
jeddah,2021,21,VET,race_control_message,WAVED BLUE FLAG FOR CAR 5 (VET) TIMED AT 22:31:28,45.0,medium
jeddah,2021,21,VET,race_control_message,WAVED BLUE FLAG FOR CAR 5 (VET) TIMED AT 22:32:15,45.0,medium
jeddah,2021,21,RAI,race_control_message,WAVED BLUE FLAG FOR CAR 7 (RAI) TIMED AT 22:34:03,47.0,medium
jeddah,2022,2,NOR,race_control_message,CAR 4 (NOR) MISSED THE APEX OF TURN 2,4.0,medium
jeddah,2022,2,ALB,race_control_message,CAR 23 (ALB) MISSED THE APEX OF TURN 2,4.0,medium
jeddah,2022,2,OCO,race_control_message,CAR 31 (OCO) MISSED THE APEX OF TURN 2,12.0,medium
jeddah,2022,2,PER,race_control_message,CAR 11 (PER) MISSED THE APEX OF TURN 2,35.0,medium
jeddah,2022,2,ALO,race_control_message,WAVED BLUE FLAG FOR CAR 14 (ALO) TIMED AT 21:05:56,37.0,medium
jeddah,2022,2,ALO,race_control_message,WAVED BLUE FLAG FOR CAR 14 (ALO) TIMED AT 21:06:05,37.0,medium
jeddah,2022,2,ALO,race_control_message,WAVED BLUE FLAG FOR CAR 14 (ALO) TIMED AT 21:06:35,38.0,medium
jeddah,2022,2,LEC,race_control_message,CAR 16 (LEC) MISSED THE APEX OF TURN 2,47.0,medium
jeddah,2022,2,STR,race_control_message,WAVED BLUE FLAG FOR CAR 18 (STR) TIMED AT 21:25:47,49.0,medium
jeddah,2022,2,STR,race_control_message,WAVED BLUE FLAG FOR CAR 18 (STR) TIMED AT 21:26:19,50.0,medium
jeddah,2023,2,HAM,race_control_message,BLACK AND WHITE FLAG FOR CAR 44 (HAM) - WEAVING ON STRAIGHT,9.0,medium
jeddah,2023,2,STR,race_control_message,CAR 18 (STR) MISSED THE APEX OF TURN 5,13.0,medium
jeddah,2023,2,SAI,race_control_message,BLACK AND WHITE FLAG FOR CAR 55 (SAI) - WEAVING ON STRAIGHT,24.0,medium
jeddah,2023,2,BOT,race_control_message,WAVED BLUE FLAG FOR CAR 77 (BOT) TIMED AT 21:09:23,40.0,medium
jeddah,2023,2,BOT,race_control_message,WAVED BLUE FLAG FOR CAR 77 (BOT) TIMED AT 21:11:14,42.0,medium
jeddah,2023,2,BOT,race_control_message,WAVED BLUE FLAG FOR CAR 77 (BOT) TIMED AT 21:21:31,48.0,medium
jeddah,2023,2,BOT,race_control_message,WAVED BLUE FLAG FOR CAR 77 (BOT) TIMED AT 21:23:22,49.0,medium
jeddah,2024,2,STR,race_control_message,CAR 18 (STR) STOPPED AT TURN 23,7.0,medium
jeddah,2024,2,NOR,race_control_message,BLACK AND WHITE FLAG FOR CAR 4 (NOR) - WEAVING ON STRAIGHT,41.0,medium
jeddah,2024,2,RIC,race_control_message,WAVED BLUE FLAG FOR CAR 3 (RIC) TIMED AT 21:12:27,43.0,medium
jeddah,2024,2,SAR,race_control_message,WAVED BLUE FLAG FOR CAR 2 (SAR) TIMED AT 21:15:57,45.0,medium
jeddah,2024,2,BOT,race_control_message,WAVED BLUE FLAG FOR CAR 77 (BOT) TIMED AT 21:16:17,45.0,medium
jeddah,2024,2,TSU,race_control_message,WAVED BLUE FLAG FOR CAR 22 (TSU) TIMED AT 21:18:03,46.0,medium
jeddah,2024,2,OCO,race_control_message,WAVED BLUE FLAG FOR CAR 31 (OCO) TIMED AT 21:20:58,48.0,medium
jeddah,2024,2,RIC,race_control_message,WAVED BLUE FLAG FOR CAR 3 (RIC) TIMED AT 21:21:53,49.0,medium
jeddah,2024,2,RIC,race_control_message,WAVED BLUE FLAG FOR CAR 3 (RIC) TIMED AT 21:24:11,50.0,medium
jeddah,2025,5,BOR,race_control_message,BLACK AND WHITE FLAG FOR CAR 5 (BOR) - MOVING UNDER BRAKING,35.0,medium
jeddah,2025,5,DOO,race_control_message,WAVED BLUE FLAG FOR CAR 7 (DOO) TIMED AT 21:10:53,41.0,medium
jeddah,2025,5,DOO,race_control_message,WAVED BLUE FLAG FOR CAR 7 (DOO) TIMED AT 21:13:06,43.0,medium
jeddah,2025,5,DOO,race_control_message,WAVED BLUE FLAG FOR CAR 7 (DOO) TIMED AT 21:16:32,45.0,medium
jeddah,2025,5,DOO,race_control_message,WAVED BLUE FLAG FOR CAR 7 (DOO) TIMED AT 21:17:19,46.0,medium
jeddah,2025,5,STR,race_control_message,WAVED BLUE FLAG FOR CAR 18 (STR) TIMED AT 21:18:11,46.0,medium
jeddah,2025,5,BOR,race_control_message,WAVED BLUE FLAG FOR CAR 5 (BOR) TIMED AT 21:18:40,46.0,medium
jeddah,2025,5,BOR,race_control_message,WAVED BLUE FLAG FOR CAR 5 (BOR) TIMED AT 21:19:16,47.0,medium
jeddah,2025,5,STR,race_control_message,WAVED BLUE FLAG FOR CAR 18 (STR) TIMED AT 21:20:44,48.0,medium
jeddah,2025,5,BOR,race_control_message,WAVED BLUE FLAG FOR CAR 5 (BOR) TIMED AT 21:21:16,48.0,medium
jeddah,2025,5,STR,race_control_message,WAVED BLUE FLAG FOR CAR 18 (STR) TIMED AT 21:21:30,48.0,medium
jeddah,2025,5,BOR,race_control_message,WAVED BLUE FLAG FOR CAR 5 (BOR) TIMED AT 21:21:37,48.0,medium
jeddah,2025,5,HUL,race_control_message,WAVED BLUE FLAG FOR CAR 27 (HUL) TIMED AT 21:23:38,50.0,medium
jeddah,2025,5,HUL,race_control_message,WAVED BLUE FLAG FOR CAR 27 (HUL) TIMED AT 21:24:02,50.0,medium
lusail,2021,20,STR,race_control_message,CAR 18 (STR) OFF TRACK AND CONTINUED AT TURN 15,9.0,medium
lusail,2021,20,MSC,race_control_message,WAVED BLUE FLAG FOR CAR 47 (MSC) TIMED AT 17:38:17,24.0,medium
lusail,2021,20,MSC,race_control_message,WAVED BLUE FLAG FOR CAR 47 (MSC) TIMED AT 17:41:39,26.0,medium
lusail,2021,20,LAT,race_control_message,WAVED BLUE FLAG FOR CAR 6 (LAT) TIMED AT 17:43:18,27.0,medium
lusail,2021,20,MAZ,race_control_message,WAVED BLUE FLAG FOR CAR 9 (MAZ) TIMED AT 17:44:15,28.0,medium
lusail,2021,20,RUS,race_control_message,WAVED BLUE FLAG FOR CAR 63 (RUS) TIMED AT 17:44:46,28.0,medium
lusail,2021,20,MAZ,race_control_message,WAVED BLUE FLAG FOR CAR 9 (MAZ) TIMED AT 17:46:00,29.0,medium
lusail,2021,20,LAT,race_control_message,WAVED BLUE FLAG FOR CAR 6 (LAT) TIMED AT 17:46:40,29.0,medium
lusail,2021,20,RIC,race_control_message,WAVED BLUE FLAG FOR CAR 3 (RIC) TIMED AT 17:48:12,30.0,medium
lusail,2021,20,RUS,race_control_message,WAVED BLUE FLAG FOR CAR 63 (RUS) TIMED AT 17:48:40,31.0,medium
lusail,2021,20,GIO,race_control_message,WAVED BLUE FLAG FOR CAR 99 (GIO) TIMED AT 17:48:47,31.0,medium
lusail,2021,20,VET,race_control_message,WAVED BLUE FLAG FOR CAR 5 (VET) TIMED AT 17:50:14,32.0,medium
lusail,2021,20,RIC,race_control_message,WAVED BLUE FLAG FOR CAR 3 (RIC) TIMED AT 17:51:29,33.0,medium
lusail,2021,20,MAZ,race_control_message,WAVED BLUE FLAG FOR CAR 9 (MAZ) TIMED AT 17:52:08,33.0,medium
lusail,2021,20,MAZ,race_control_message,WAVED BLUE FLAG FOR CAR 9 (MAZ) TIMED AT 17:52:24,33.0,medium
lusail,2021,20,GIO,race_control_message,WAVED BLUE FLAG FOR CAR 99 (GIO) TIMED AT 17:52:34,33.0,medium
lusail,2021,20,BOT,race_control_message,CAR 77 (BOT) OFF TRACK AND CONTINUED AT TURN 7,34.0,medium
lusail,2021,20,LEC,race_control_message,WAVED BLUE FLAG FOR CAR 16 (LEC) TIMED AT 17:53:25,34.0,medium
lusail,2021,20,VET,race_control_message,WAVED BLUE FLAG FOR CAR 5 (VET) TIMED AT 17:56:09,36.0,medium
lusail,2021,20,MAZ,race_control_message,WAVED BLUE FLAG FOR CAR 9 (MAZ) TIMED AT 17:58:29,38.0,medium
lusail,2021,20,SAI,race_control_message,WAVED BLUE FLAG FOR CAR 55 (SAI) TIMED AT 17:58:55,38.0,medium
lusail,2021,20,MAZ,race_control_message,WAVED BLUE FLAG FOR CAR 9 (MAZ) TIMED AT 18:00:01,39.0,medium
lusail,2021,20,MAZ,race_control_message,WAVED BLUE FLAG FOR CAR 9 (MAZ) TIMED AT 18:01:48,40.0,medium
lusail,2021,20,MAZ,race_control_message,WAVED BLUE FLAG FOR CAR 9 (MAZ) TIMED AT 18:02:37,40.0,medium
lusail,2021,20,MAZ,race_control_message,WAVED BLUE FLAG FOR CAR 9 (MAZ) TIMED AT 18:03:09,41.0,medium
lusail,2021,20,MAZ,race_control_message,WAVED BLUE FLAG FOR CAR 9 (MAZ) TIMED AT 18:03:24,41.0,medium
lusail,2021,20,MAZ,race_control_message,WAVED BLUE FLAG FOR CAR 9 (MAZ) TIMED AT 18:04:57,42.0,medium
lusail,2021,20,RIC,race_control_message,WAVED BLUE FLAG FOR CAR 3 (RIC) TIMED AT 18:08:09,44.0,medium
lusail,2021,20,MAZ,race_control_message,WAVED BLUE FLAG FOR CAR 9 (MAZ) TIMED AT 18:08:10,44.0,medium
lusail,2021,20,BOT,race_control_message,WAVED BLUE FLAG FOR CAR 77 (BOT) TIMED AT 18:10:15,45.0,medium
lusail,2021,20,MAZ,race_control_message,WAVED BLUE FLAG FOR CAR 9 (MAZ) TIMED AT 18:11:01,46.0,medium
lusail,2021,20,MAZ,race_control_message,WAVED BLUE FLAG FOR CAR 9 (MAZ) TIMED AT 18:11:17,46.0,medium
lusail,2021,20,MAZ,race_control_message,WAVED BLUE FLAG FOR CAR 9 (MAZ) TIMED AT 18:13:50,48.0,medium
lusail,2021,20,GAS,race_control_message,WAVED BLUE FLAG FOR CAR 10 (GAS) TIMED AT 18:15:10,49.0,medium
lusail,2021,20,MAZ,race_control_message,WAVED BLUE FLAG FOR CAR 9 (MAZ) TIMED AT 18:15:35,49.0,medium
lusail,2021,20,VET,race_control_message,WAVED BLUE FLAG FOR CAR 5 (VET) TIMED AT 18:17:04,50.0,medium
lusail,2021,20,GAS,race_control_message,WAVED BLUE FLAG FOR CAR 10 (GAS) TIMED AT 18:21:17,53.0,medium
lusail,2021,20,MAZ,race_control_message,WAVED BLUE FLAG FOR CAR 9 (MAZ) TIMED AT 18:21:49,53.0,medium
lusail,2021,20,MSC,race_control_message,WAVED BLUE FLAG FOR CAR 47 (MSC) TIMED AT 18:24:03,55.0,medium
lusail,2021,20,GIO,race_control_message,WAVED BLUE FLAG FOR CAR 99 (GIO) TIMED AT 18:28:03,57.0,medium
lusail,2021,20,MSC,race_control_message,WAVED BLUE FLAG FOR CAR 47 (MSC) TIMED AT 18:28:46,57.0,medium
lusail,2023,17,LAW,race_control_message,BLACK AND WHITE FLAG FOR CAR 40 (LAW) - TRACK LIMITS,12.0,medium
lusail,2023,17,ALB,race_control_message,BLACK AND WHITE FLAG FOR CAR 23 (ALB) - TRACK LIMITS,22.0,medium
lusail,2023,17,PER,race_control_message,BLACK AND WHITE FLAG FOR CAR 11 (PER) - TRACK LIMITS,24.0,medium
lusail,2023,17,GAS,race_control_message,BLACK AND WHITE FLAG FOR CAR 10 (GAS) - TRACK LIMITS,30.0,medium
lusail,2023,17,ALO,race_control_message,CAR 14 (ALO) OFF TRACK AND CONTINUED AT TURN 2,34.0,medium
lusail,2023,17,STR,race_control_message,BLACK AND WHITE FLAG FOR CAR 18 (STR) - TRACK LIMITS,40.0,medium
lusail,2023,17,HUL,race_control_message,WAVED BLUE FLAG FOR CAR 27 (HUL) TIMED AT 21:06:49,41.0,medium
lusail,2023,17,HUL,race_control_message,WAVED BLUE FLAG FOR CAR 27 (HUL) TIMED AT 21:07:32,41.0,medium
lusail,2023,17,SAR,race_control_message,WAVED BLUE FLAG FOR CAR 2 (SAR) TIMED AT 21:07:41,41.0,medium
lusail,2023,17,LAW,race_control_message,WAVED BLUE FLAG FOR CAR 40 (LAW) TIMED AT 21:07:50,41.0,medium
lusail,2023,17,LAW,race_control_message,WAVED BLUE FLAG FOR CAR 40 (LAW) TIMED AT 21:09:04,42.0,medium
lusail,2023,17,MAG,race_control_message,WAVED BLUE FLAG FOR CAR 20 (MAG) TIMED AT 21:09:48,43.0,medium
lusail,2023,17,PER,race_control_message,WAVED BLUE FLAG FOR CAR 11 (PER) TIMED AT 21:14:05,46.0,medium
lusail,2023,17,LAW,race_control_message,WAVED BLUE FLAG FOR CAR 40 (LAW) TIMED AT 21:14:50,46.0,medium
lusail,2023,17,GAS,race_control_message,WAVED BLUE FLAG FOR CAR 10 (GAS) TIMED AT 21:16:57,48.0,medium
lusail,2023,17,HUL,race_control_message,WAVED BLUE FLAG FOR CAR 27 (HUL) TIMED AT 21:17:15,48.0,medium
lusail,2023,17,GAS,race_control_message,WAVED BLUE FLAG FOR CAR 10 (GAS) TIMED AT 21:17:42,48.0,medium
lusail,2023,17,LAW,race_control_message,WAVED BLUE FLAG FOR CAR 40 (LAW) TIMED AT 21:20:00,50.0,medium
lusail,2023,17,LAW,race_control_message,WAVED BLUE FLAG FOR CAR 40 (LAW) TIMED AT 21:20:26,50.0,medium
lusail,2023,17,STR,race_control_message,WAVED BLUE FLAG FOR CAR 18 (STR) TIMED AT 21:20:31,50.0,medium
lusail,2023,17,HUL,race_control_message,WAVED BLUE FLAG FOR CAR 27 (HUL) TIMED AT 21:24:03,52.0,medium
lusail,2023,17,HUL,race_control_message,WAVED BLUE FLAG FOR CAR 27 (HUL) TIMED AT 21:24:25,53.0,medium
lusail,2023,17,TSU,race_control_message,WAVED BLUE FLAG FOR CAR 22 (TSU) TIMED AT 21:27:57,55.0,medium
lusail,2023,17,RUS,race_control_message,BLACK AND WHITE FLAG FOR CAR 63 (RUS) - TRACK LIMITS,56.0,medium
lusail,2023,17,TSU,race_control_message,WAVED BLUE FLAG FOR CAR 22 (TSU) TIMED AT 21:30:00,57.0,medium
lusail,2023,17,MAG,race_control_message,WAVED BLUE FLAG FOR CAR 20 (MAG) TIMED AT 21:30:45,57.0,medium
lusail,2024,23,BOT,race_control_message,WAVED BLUE FLAG FOR CAR 77 (BOT) TIMED AT 19:47:19,29.0,medium
lusail,2024,23,BOT,race_control_message,WAVED BLUE FLAG FOR CAR 77 (BOT) TIMED AT 19:47:28,29.0,medium
lusail,2024,23,BOT,race_control_message,WAVED BLUE FLAG FOR CAR 77 (BOT) TIMED AT 19:47:56,29.0,medium
lusail,2024,23,BOT,race_control_message,WAVED BLUE FLAG FOR CAR 77 (BOT) TIMED AT 19:53:48,33.0,medium
lusail,2024,23,BOT,race_control_message,WAVED BLUE FLAG FOR CAR 77 (BOT) TIMED AT 19:53:56,34.0,medium
lusail,2024,23,ALB,race_control_message,WAVED BLUE FLAG FOR CAR 23 (ALB) TIMED AT 20:33:26,57.0,medium
lusail,2025,23,GAS,race_control_message,BLACK AND WHITE FLAG FOR CAR 10 (GAS) - REJOINING UNSAFELY,6.0,medium
lusail,2025,23,ALB,race_control_message,BLACK AND WHITE FLAG FOR CAR 23 (ALB) - TRACK LIMITS,21.0,medium
lusail,2025,23,RUS,race_control_message,BLACK AND WHITE FLAG FOR CAR 63 (RUS) - TRACK LIMITS,45.0,medium
lusail,2025,23,GAS,race_control_message,WAVED BLUE FLAG FOR CAR 10 (GAS) TIMED AT 20:22:26,53.0,medium
lusail,2025,23,GAS,race_control_message,WAVED BLUE FLAG FOR CAR 10 (GAS) TIMED AT 20:22:29,54.0,medium
lusail,2025,23,OCO,race_control_message,WAVED BLUE FLAG FOR CAR 31 (OCO) TIMED AT 20:24:04,55.0,medium
lusail,2025,23,STR,race_control_message,WAVED BLUE FLAG FOR CAR 18 (STR) TIMED AT 20:24:26,55.0,medium
lusail,2025,23,COL,race_control_message,WAVED BLUE FLAG FOR CAR 43 (COL) TIMED AT 20:24:43,55.0,medium
lusail,2025,23,COL,race_control_message,WAVED BLUE FLAG FOR CAR 43 (COL) TIMED AT 20:24:51,55.0,medium
lusail,2025,23,COL,race_control_message,WAVED BLUE FLAG FOR CAR 43 (COL) TIMED AT 20:25:01,55.0,medium
lusail,2025,23,HAD,race_control_message,WAVED BLUE FLAG FOR CAR 6 (HAD) TIMED AT 20:26:59,57.0,medium
melbourne,2018,1,SIR,race_control_message,CAR 35 (SIR) STOPPED AT TURN 13,6.0,medium
melbourne,2018,1,HAR,race_control_message,WAVED BLUE FLAG FOR CAR 28 (HAR) TIMED AT 16:47:22,23.0,medium
melbourne,2018,1,HAR,race_control_message,WAVED BLUE FLAG FOR CAR 28 (HAR) TIMED AT 16:48:12,24.0,medium
melbourne,2018,1,MAG,race_control_message,CAR 20 (MAG) STOPPED AT TURN 4,24.0,medium
melbourne,2018,1,HAR,race_control_message,WAVED BLUE FLAG FOR CAR 28 (HAR) TIMED AT 16:49:28,25.0,medium
melbourne,2018,1,GRO,race_control_message,CAR 8 (GRO) STOPPED AT TURN 2,26.0,medium
melbourne,2018,1,HAR,race_control_message,WAVED BLUE FLAG FOR CAR 28 (HAR) TIMED AT 17:29:08,49.0,medium
melbourne,2018,1,HAR,race_control_message,WAVED BLUE FLAG FOR CAR 28 (HAR) TIMED AT 17:31:15,50.0,medium
melbourne,2019,1,KUB,race_control_message,WAVED BLUE FLAG FOR CAR 88 (KUB) TIMED AT 16:27:32,10.0,medium
melbourne,2019,1,KUB,race_control_message,WAVED BLUE FLAG FOR CAR 88 (KUB) TIMED AT 16:28:13,10.0,medium
melbourne,2019,1,KUB,race_control_message,WAVED BLUE FLAG FOR CAR 88 (KUB) TIMED AT 16:29:01,11.0,medium
melbourne,2019,1,KUB,race_control_message,WAVED BLUE FLAG FOR CAR 88 (KUB) TIMED AT 16:29:18,11.0,medium
melbourne,2019,1,KUB,race_control_message,WAVED BLUE FLAG FOR CAR 88 (KUB) TIMED AT 16:31:41,13.0,medium
melbourne,2019,1,KUB,race_control_message,WAVED BLUE FLAG FOR CAR 88 (KUB) TIMED AT 16:34:25,15.0,medium
melbourne,2019,1,KUB,race_control_message,WAVED BLUE FLAG FOR CAR 88 (KUB) TIMED AT 16:35:24,15.0,medium
melbourne,2019,1,KUB,race_control_message,WAVED BLUE FLAG FOR CAR 88 (KUB) TIMED AT 16:35:54,16.0,medium
melbourne,2019,1,RIC,race_control_message,WAVED BLUE FLAG FOR CAR 3 (RIC) TIMED AT 16:38:50,18.0,medium
melbourne,2019,1,KUB,race_control_message,WAVED BLUE FLAG FOR CAR 88 (KUB) TIMED AT 16:39:24,18.0,medium
melbourne,2019,1,KUB,race_control_message,WAVED BLUE FLAG FOR CAR 88 (KUB) TIMED AT 16:44:36,21.0,medium
melbourne,2019,1,KUB,race_control_message,WAVED BLUE FLAG FOR CAR 88 (KUB) TIMED AT 16:44:57,22.0,medium
melbourne,2019,1,RUS,race_control_message,WAVED BLUE FLAG FOR CAR 63 (RUS) TIMED AT 16:45:05,22.0,medium
melbourne,2019,1,KUB,race_control_message,WAVED BLUE FLAG FOR CAR 88 (KUB) TIMED AT 16:45:28,22.0,medium
melbourne,2019,1,KUB,race_control_message,WAVED BLUE FLAG FOR CAR 88 (KUB) TIMED AT 16:47:06,23.0,medium
melbourne,2019,1,KUB,race_control_message,WAVED BLUE FLAG FOR CAR 88 (KUB) TIMED AT 16:47:44,23.0,medium
melbourne,2019,1,RIC,race_control_message,WAVED BLUE FLAG FOR CAR 3 (RIC) TIMED AT 16:53:22,27.0,medium
melbourne,2019,1,KUB,race_control_message,WAVED BLUE FLAG FOR CAR 88 (KUB) TIMED AT 16:58:04,30.0,medium
melbourne,2019,1,GRO,race_control_message,CAR 8 (GRO) STOPPED AT TURN 15,32.0,medium
melbourne,2019,1,GIO,race_control_message,WAVED BLUE FLAG FOR CAR 99 (GIO) TIMED AT 17:01:25,33.0,medium
melbourne,2019,1,RUS,race_control_message,WAVED BLUE FLAG FOR CAR 63 (RUS) TIMED AT 17:02:06,33.0,medium
melbourne,2019,1,KUB,race_control_message,WAVED BLUE FLAG FOR CAR 88 (KUB) TIMED AT 17:04:47,35.0,medium
melbourne,2019,1,ALB,race_control_message,WAVED BLUE FLAG FOR CAR 23 (ALB) TIMED AT 17:05:05,35.0,medium
melbourne,2019,1,GIO,race_control_message,WAVED BLUE FLAG FOR CAR 99 (GIO) TIMED AT 17:05:14,35.0,medium
melbourne,2019,1,KVY,race_control_message,CAR 26 (KVY) OFF TRACK AND CONTINUED AT TURN 3,38.0,medium
melbourne,2019,1,PER,race_control_message,WAVED BLUE FLAG FOR CAR 11 (PER) TIMED AT 17:09:51,38.0,medium
melbourne,2019,1,NOR,race_control_message,WAVED BLUE FLAG FOR CAR 4 (NOR) TIMED AT 17:15:32,42.0,medium
melbourne,2019,1,GIO,race_control_message,WAVED BLUE FLAG FOR CAR 99 (GIO) TIMED AT 17:15:41,43.0,medium
melbourne,2019,1,RUS,race_control_message,WAVED BLUE FLAG FOR CAR 63 (RUS) TIMED AT 17:17:22,44.0,medium
melbourne,2019,1,RUS,race_control_message,WAVED BLUE FLAG FOR CAR 63 (RUS) TIMED AT 17:19:05,45.0,medium
melbourne,2019,1,KUB,race_control_message,WAVED BLUE FLAG FOR CAR 88 (KUB) TIMED AT 17:22:20,47.0,medium
melbourne,2019,1,KUB,race_control_message,WAVED BLUE FLAG FOR CAR 88 (KUB) TIMED AT 17:24:03,48.0,medium
melbourne,2019,1,KUB,race_control_message,WAVED BLUE FLAG FOR CAR 88 (KUB) TIMED AT 17:24:20,48.0,medium
melbourne,2019,1,ALB,race_control_message,WAVED BLUE FLAG FOR CAR 23 (ALB) TIMED AT 17:26:16,50.0,medium
melbourne,2019,1,ALB,race_control_message,WAVED BLUE FLAG FOR CAR 23 (ALB) TIMED AT 17:27:21,51.0,medium
melbourne,2019,1,KUB,race_control_message,WAVED BLUE FLAG FOR CAR 88 (KUB) TIMED AT 17:27:31,51.0,medium
melbourne,2019,1,GAS,race_control_message,WAVED BLUE FLAG FOR CAR 10 (GAS) TIMED AT 17:27:47,51.0,medium
melbourne,2019,1,KUB,race_control_message,WAVED BLUE FLAG FOR CAR 88 (KUB) TIMED AT 17:28:34,51.0,medium
melbourne,2019,1,KVY,race_control_message,WAVED BLUE FLAG FOR CAR 26 (KVY) TIMED AT 17:29:06,52.0,medium
melbourne,2019,1,RUS,race_control_message,WAVED BLUE FLAG FOR CAR 63 (RUS) TIMED AT 17:29:32,52.0,medium
melbourne,2019,1,PER,race_control_message,WAVED BLUE FLAG FOR CAR 11 (PER) TIMED AT 17:29:46,52.0,medium
melbourne,2019,1,RUS,race_control_message,WAVED BLUE FLAG FOR CAR 63 (RUS) TIMED AT 17:29:57,52.0,medium
melbourne,2019,1,NOR,race_control_message,WAVED BLUE FLAG FOR CAR 4 (NOR) TIMED AT 17:30:05,52.0,medium
melbourne,2019,1,KVY,race_control_message,WAVED BLUE FLAG FOR CAR 26 (KVY) TIMED AT 17:30:19,53.0,medium
melbourne,2019,1,PER,race_control_message,WAVED BLUE FLAG FOR CAR 11 (PER) TIMED AT 17:30:20,53.0,medium
melbourne,2019,1,NOR,race_control_message,WAVED BLUE FLAG FOR CAR 4 (NOR) TIMED AT 17:30:45,53.0,medium
melbourne,2019,1,STR,race_control_message,WAVED BLUE FLAG FOR CAR 18 (STR) TIMED AT 17:32:07,54.0,medium
melbourne,2019,1,KUB,race_control_message,WAVED BLUE FLAG FOR CAR 88 (KUB) TIMED AT 17:32:32,54.0,medium
melbourne,2019,1,RAI,race_control_message,WAVED BLUE FLAG FOR CAR 7 (RAI) TIMED AT 17:33:44,55.0,medium
melbourne,2019,1,HUL,race_control_message,WAVED BLUE FLAG FOR CAR 27 (HUL) TIMED AT 17:34:32,55.0,medium
melbourne,2019,1,RUS,race_control_message,WAVED BLUE FLAG FOR CAR 63 (RUS) TIMED AT 17:35:09,56.0,medium
melbourne,2022,3,LAT,race_control_message,CAR 6 (LAT) OFF TRACK AND CONTINUED AT TURN 4,9.0,medium
melbourne,2022,3,VET,race_control_message,CAR 5 (VET) OFF TRACK AND CONTINUED AT TURN 11,11.0,medium
melbourne,2022,3,MSC,race_control_message,CAR 47 (MSC) OFF TRACK AND CONTINUED AT TURN 11,13.0,medium
melbourne,2022,3,MAG,race_control_message,CAR 20 (MAG) OFF TRACK AND CONTINUED AT TURN 9,17.0,medium
melbourne,2022,3,BOT,race_control_message,CAR 77 (BOT) OFF TRACK AND CONTINUED AT TURN 10,17.0,medium
melbourne,2022,3,MAG,race_control_message,CAR 20 (MAG) OFF TRACK AND CONTINUED AT TURN 2,52.0,medium
melbourne,2022,3,PER,race_control_message,CAR 11 (PER) OFF TRACK AND CONTINUED AT TURN 13,52.0,medium
melbourne,2022,3,LAT,race_control_message,WAVED BLUE FLAG FOR CAR 6 (LAT) TIMED AT 16:26:06,55.0,medium
melbourne,2022,3,GAS,race_control_message,CAR 10 (GAS) OFF TRACK AND CONTINUED AT TURN 13,55.0,medium
melbourne,2022,3,ALO,race_control_message,WAVED BLUE FLAG FOR CAR 14 (ALO) TIMED AT 16:26:47,55.0,medium
melbourne,2022,3,ALO,race_control_message,WAVED BLUE FLAG FOR CAR 14 (ALO) TIMED AT 16:27:11,56.0,medium
melbourne,2022,3,TSU,race_control_message,WAVED BLUE FLAG FOR CAR 22 (TSU) TIMED AT 16:27:46,56.0,medium
melbourne,2022,3,ALO,race_control_message,WAVED BLUE FLAG FOR CAR 14 (ALO) TIMED AT 16:29:04,57.0,medium
melbourne,2022,3,MAG,race_control_message,WAVED BLUE FLAG FOR CAR 20 (MAG) TIMED AT 16:29:17,57.0,medium
melbourne,2022,3,ALO,race_control_message,WAVED BLUE FLAG FOR CAR 14 (ALO) TIMED AT 16:29:34,57.0,medium
melbourne,2022,3,MSC,race_control_message,WAVED BLUE FLAG FOR CAR 47 (MSC) TIMED AT 16:30:05,58.0,medium
melbourne,2022,3,STR,race_control_message,WAVED BLUE FLAG FOR CAR 18 (STR) TIMED AT 16:30:54,58.0,medium
melbourne,2023,3,SAR,race_control_message,WAVED BLUE FLAG FOR CAR 2 (SAR) TIMED AT 16:17:17,39.0,medium
melbourne,2023,3,DEV,race_control_message,WAVED BLUE FLAG FOR CAR 21 (DEV) TIMED AT 16:23:49,43.0,medium
melbourne,2023,3,SAR,race_control_message,WAVED BLUE FLAG FOR CAR 2 (SAR) TIMED AT 16:29:30,48.0,medium
melbourne,2023,3,SAR,race_control_message,WAVED BLUE FLAG FOR CAR 2 (SAR) TIMED AT 16:29:54,48.0,medium
melbourne,2023,3,VER,race_control_message,CAR 1 (VER) OFF TRACK AND CONTINUED AT TURN 13,48.0,medium
melbourne,2023,3,SAR,race_control_message,WAVED BLUE FLAG FOR CAR 2 (SAR) TIMED AT 16:30:57,49.0,medium
melbourne,2023,3,SAR,race_control_message,WAVED BLUE FLAG FOR CAR 2 (SAR) TIMED AT 16:32:21,50.0,medium
melbourne,2023,3,SAR,race_control_message,WAVED BLUE FLAG FOR CAR 2 (SAR) TIMED AT 16:33:44,51.0,medium
melbourne,2023,3,SAR,race_control_message,WAVED BLUE FLAG FOR CAR 2 (SAR) TIMED AT 16:34:01,51.0,medium
melbourne,2023,3,SAR,race_control_message,WAVED BLUE FLAG FOR CAR 2 (SAR) TIMED AT 16:35:07,52.0,medium
melbourne,2023,3,SAR,race_control_message,WAVED BLUE FLAG FOR CAR 2 (SAR) TIMED AT 16:35:25,52.0,medium
melbourne,2023,3,HUL,race_control_message,CAR 27 (HUL) OFF TRACK AND CONTINUED AT TURN 12,52.0,medium
melbourne,2023,3,BOT,race_control_message,WAVED BLUE FLAG FOR CAR 77 (BOT) TIMED AT 16:38:20,54.0,medium
melbourne,2023,3,SAR,race_control_message,WAVED BLUE FLAG FOR CAR 2 (SAR) TIMED AT 16:54:09,56.0,medium
melbourne,2024,3,HAM,race_control_message,CAR 44 (HAM) STOPPED AT TURN 10,17.0,medium
melbourne,2024,3,RIC,race_control_message,WAVED BLUE FLAG FOR CAR 3 (RIC) TIMED AT 15:53:11,37.0,medium
melbourne,2024,3,RIC,race_control_message,WAVED BLUE FLAG FOR CAR 3 (RIC) TIMED AT 15:53:20,37.0,medium
melbourne,2024,3,OCO,race_control_message,WAVED BLUE FLAG FOR CAR 31 (OCO) TIMED AT 15:54:01,37.0,medium
melbourne,2024,3,ZHO,race_control_message,WAVED BLUE FLAG FOR CAR 24 (ZHO) TIMED AT 16:00:40,42.0,medium
melbourne,2024,3,ZHO,race_control_message,WAVED BLUE FLAG FOR CAR 24 (ZHO) TIMED AT 16:00:53,42.0,medium
melbourne,2024,3,GAS,race_control_message,WAVED BLUE FLAG FOR CAR 10 (GAS) TIMED AT 16:01:43,43.0,medium
melbourne,2024,3,BOT,race_control_message,WAVED BLUE FLAG FOR CAR 77 (BOT) TIMED AT 16:02:17,43.0,medium
melbourne,2024,3,GAS,race_control_message,WAVED BLUE FLAG FOR CAR 10 (GAS) TIMED AT 16:02:50,43.0,medium
melbourne,2024,3,ZHO,race_control_message,WAVED BLUE FLAG FOR CAR 24 (ZHO) TIMED AT 16:03:03,44.0,medium
melbourne,2024,3,GAS,race_control_message,WAVED BLUE FLAG FOR CAR 10 (GAS) TIMED AT 16:03:09,44.0,medium
melbourne,2024,3,ZHO,race_control_message,WAVED BLUE FLAG FOR CAR 24 (ZHO) TIMED AT 16:03:13,44.0,medium
melbourne,2024,3,GAS,race_control_message,WAVED BLUE FLAG FOR CAR 10 (GAS) TIMED AT 16:03:15,44.0,medium
melbourne,2024,3,BOT,race_control_message,WAVED BLUE FLAG FOR CAR 77 (BOT) TIMED AT 16:04:23,45.0,medium
melbourne,2024,3,GAS,race_control_message,WAVED BLUE FLAG FOR CAR 10 (GAS) TIMED AT 16:05:17,45.0,medium
melbourne,2024,3,GAS,race_control_message,WAVED BLUE FLAG FOR CAR 10 (GAS) TIMED AT 16:05:30,45.0,medium
melbourne,2024,3,OCO,race_control_message,WAVED BLUE FLAG FOR CAR 31 (OCO) TIMED AT 16:06:02,46.0,medium
melbourne,2024,3,GAS,race_control_message,WAVED BLUE FLAG FOR CAR 10 (GAS) TIMED AT 16:06:04,46.0,medium
melbourne,2024,3,OCO,race_control_message,WAVED BLUE FLAG FOR CAR 31 (OCO) TIMED AT 16:07:59,47.0,medium
melbourne,2024,3,ZHO,race_control_message,WAVED BLUE FLAG FOR CAR 24 (ZHO) TIMED AT 16:09:54,49.0,medium
melbourne,2024,3,ZHO,race_control_message,WAVED BLUE FLAG FOR CAR 24 (ZHO) TIMED AT 16:10:10,49.0,medium
melbourne,2024,3,BOT,race_control_message,WAVED BLUE FLAG FOR CAR 77 (BOT) TIMED AT 16:12:54,51.0,medium
melbourne,2024,3,RIC,race_control_message,WAVED BLUE FLAG FOR CAR 3 (RIC) TIMED AT 16:17:03,54.0,medium
melbourne,2024,3,RIC,race_control_message,WAVED BLUE FLAG FOR CAR 3 (RIC) TIMED AT 16:17:17,54.0,medium
melbourne,2024,3,GAS,race_control_message,WAVED BLUE FLAG FOR CAR 10 (GAS) TIMED AT 16:17:33,54.0,medium
melbourne,2024,3,GAS,race_control_message,WAVED BLUE FLAG FOR CAR 10 (GAS) TIMED AT 16:17:48,55.0,medium
melbourne,2024,3,GAS,race_control_message,WAVED BLUE FLAG FOR CAR 10 (GAS) TIMED AT 16:18:08,55.0,medium
melbourne,2024,3,ALB,race_control_message,WAVED BLUE FLAG FOR CAR 23 (ALB) TIMED AT 16:18:19,55.0,medium
melbourne,2024,3,RIC,race_control_message,WAVED BLUE FLAG FOR CAR 3 (RIC) TIMED AT 16:19:34,56.0,medium
melbourne,2024,3,MAG,race_control_message,WAVED BLUE FLAG FOR CAR 20 (MAG) TIMED AT 16:19:48,56.0,medium
melbourne,2024,3,ALB,race_control_message,WAVED BLUE FLAG FOR CAR 23 (ALB) TIMED AT 16:20:25,56.0,medium
melbourne,2024,3,RIC,race_control_message,WAVED BLUE FLAG FOR CAR 3 (RIC) TIMED AT 16:20:28,57.0,medium
melbourne,2024,3,ALB,race_control_message,WAVED BLUE FLAG FOR CAR 23 (ALB) TIMED AT 16:21:23,57.0,medium
melbourne,2024,3,ALB,race_control_message,WAVED BLUE FLAG FOR CAR 23 (ALB) TIMED AT 16:21:38,57.0,medium
melbourne,2024,3,MAG,race_control_message,WAVED BLUE FLAG FOR CAR 20 (MAG) TIMED AT 16:21:38,57.0,medium
melbourne,2024,3,RUS,race_control_message,CAR 63 (RUS) STOPPED AT TURN 6,58.0,medium
melbourne,2025,1,BEA,race_control_message,WAVED BLUE FLAG FOR CAR 87 (BEA) TIMED AT 16:07:48,29.0,medium
melbourne,2025,1,OCO,race_control_message,WAVED BLUE FLAG FOR CAR 31 (OCO) TIMED AT 16:08:36,29.0,medium
melbourne,2025,1,LAW,race_control_message,WAVED BLUE FLAG FOR CAR 30 (LAW) TIMED AT 16:13:00,32.0,medium
melbourne,2025,1,LAW,race_control_message,WAVED BLUE FLAG FOR CAR 30 (LAW) TIMED AT 16:13:37,33.0,medium
melbourne,2025,1,BEA,race_control_message,WAVED BLUE FLAG FOR CAR 87 (BEA) TIMED AT 16:14:46,34.0,medium
melbourne,2025,1,BEA,race_control_message,WAVED BLUE FLAG FOR CAR 87 (BEA) TIMED AT 16:38:56,46.0,medium
melbourne,2025,1,BEA,race_control_message,WAVED BLUE FLAG FOR CAR 87 (BEA) TIMED AT 16:39:06,46.0,medium
melbourne,2025,1,PIA,race_control_message,WAVED BLUE FLAG FOR CAR 81 (PIA) TIMED AT 16:40:09,46.0,medium
melbourne,2025,1,BEA,race_control_message,WAVED BLUE FLAG FOR CAR 87 (BEA) TIMED AT 16:40:25,47.0,medium
melbourne,2025,1,PIA,race_control_message,WAVED BLUE FLAG FOR CAR 81 (PIA) TIMED AT 16:40:33,47.0,medium
melbourne,2026,1,BOT,race_control_message,WAVED BLUE FLAG FOR CAR 77 (BOT) TIMED AT 15:23:22,14.0,medium
melbourne,2026,1,BOT,race_control_message,WAVED BLUE FLAG FOR CAR 77 (BOT) TIMED AT 15:23:30,14.0,medium
melbourne,2026,1,BOT,race_control_message,WAVED BLUE FLAG FOR CAR 77 (BOT) TIMED AT 15:23:35,14.0,medium
melbourne,2026,1,BOT,race_control_message,WAVED BLUE FLAG FOR CAR 77 (BOT) TIMED AT 15:24:20,14.0,medium
melbourne,2026,1,BOT,race_control_message,WAVED BLUE FLAG FOR CAR 77 (BOT) TIMED AT 15:25:06,15.0,medium
melbourne,2026,1,BOT,race_control_message,WAVED BLUE FLAG FOR CAR 77 (BOT) TIMED AT 15:25:26,15.0,medium
melbourne,2026,1,BOT,race_control_message,WAVED BLUE FLAG FOR CAR 77 (BOT) TIMED AT 15:26:27,16.0,medium
melbourne,2026,1,BOT,race_control_message,WAVED BLUE FLAG FOR CAR 77 (BOT) TIMED AT 15:26:41,16.0,medium
melbourne,2026,1,STR,race_control_message,WAVED BLUE FLAG FOR CAR 18 (STR) TIMED AT 15:29:51,18.0,medium
melbourne,2026,1,STR,race_control_message,WAVED BLUE FLAG FOR CAR 18 (STR) TIMED AT 15:32:43,20.0,medium
melbourne,2026,1,STR,race_control_message,WAVED BLUE FLAG FOR CAR 18 (STR) TIMED AT 15:32:55,20.0,medium
melbourne,2026,1,STR,race_control_message,WAVED BLUE FLAG FOR CAR 18 (STR) TIMED AT 15:34:33,21.0,medium
melbourne,2026,1,PER,race_control_message,WAVED BLUE FLAG FOR CAR 11 (PER) TIMED AT 15:36:03,22.0,medium
melbourne,2026,1,STR,race_control_message,WAVED BLUE FLAG FOR CAR 18 (STR) TIMED AT 15:36:20,22.0,medium
melbourne,2026,1,PER,race_control_message,WAVED BLUE FLAG FOR CAR 11 (PER) TIMED AT 15:36:26,23.0,medium
melbourne,2026,1,PER,race_control_message,WAVED BLUE FLAG FOR CAR 11 (PER) TIMED AT 15:37:36,23.0,medium
melbourne,2026,1,PER,race_control_message,WAVED BLUE FLAG FOR CAR 11 (PER) TIMED AT 15:39:46,25.0,medium
melbourne,2026,1,STR,race_control_message,WAVED BLUE FLAG FOR CAR 18 (STR) TIMED AT 15:41:46,26.0,medium
melbourne,2026,1,PER,race_control_message,WAVED BLUE FLAG FOR CAR 11 (PER) TIMED AT 15:42:24,27.0,medium
melbourne,2026,1,STR,race_control_message,WAVED BLUE FLAG FOR CAR 18 (STR) TIMED AT 15:42:46,27.0,medium
melbourne,2026,1,PER,race_control_message,WAVED BLUE FLAG FOR CAR 11 (PER) TIMED AT 15:43:59,28.0,medium
melbourne,2026,1,STR,race_control_message,WAVED BLUE FLAG FOR CAR 18 (STR) TIMED AT 15:44:39,28.0,medium
melbourne,2026,1,PER,race_control_message,WAVED BLUE FLAG FOR CAR 11 (PER) TIMED AT 15:45:10,29.0,medium
melbourne,2026,1,COL,race_control_message,WAVED BLUE FLAG FOR CAR 43 (COL) TIMED AT 15:45:59,29.0,medium
melbourne,2026,1,COL,race_control_message,WAVED BLUE FLAG FOR CAR 43 (COL) TIMED AT 15:46:03,29.0,medium
melbourne,2026,1,PER,race_control_message,WAVED BLUE FLAG FOR CAR 11 (PER) TIMED AT 15:46:11,30.0,medium
melbourne,2026,1,ALO,race_control_message,WAVED BLUE FLAG FOR CAR 14 (ALO) TIMED AT 15:48:24,31.0,medium
melbourne,2026,1,COL,race_control_message,WAVED BLUE FLAG FOR CAR 43 (COL) TIMED AT 15:48:52,31.0,medium
melbourne,2026,1,STR,race_control_message,WAVED BLUE FLAG FOR CAR 18 (STR) TIMED AT 15:49:31,32.0,medium
melbourne,2026,1,ALO,race_control_message,WAVED BLUE FLAG FOR CAR 14 (ALO) TIMED AT 15:50:29,33.0,medium
melbourne,2026,1,PER,race_control_message,WAVED BLUE FLAG FOR CAR 11 (PER) TIMED AT 15:50:29,33.0,medium
melbourne,2026,1,PER,race_control_message,WAVED BLUE FLAG FOR CAR 11 (PER) TIMED AT 15:50:39,33.0,medium
melbourne,2026,1,PER,race_control_message,WAVED BLUE FLAG FOR CAR 11 (PER) TIMED AT 15:51:22,33.0,medium
melbourne,2026,1,PER,race_control_message,WAVED BLUE FLAG FOR CAR 11 (PER) TIMED AT 15:51:34,33.0,medium
melbourne,2026,1,STR,race_control_message,WAVED BLUE FLAG FOR CAR 18 (STR) TIMED AT 15:51:47,34.0,medium
melbourne,2026,1,ALO,race_control_message,WAVED BLUE FLAG FOR CAR 14 (ALO) TIMED AT 15:53:11,34.0,medium
melbourne,2026,1,COL,race_control_message,WAVED BLUE FLAG FOR CAR 43 (COL) TIMED AT 15:53:24,35.0,medium
melbourne,2026,1,ALB,race_control_message,WAVED BLUE FLAG FOR CAR 23 (ALB) TIMED AT 15:53:36,35.0,medium
melbourne,2026,1,SAI,race_control_message,WAVED BLUE FLAG FOR CAR 55 (SAI) TIMED AT 15:54:34,35.0,medium
melbourne,2026,1,STR,race_control_message,WAVED BLUE FLAG FOR CAR 18 (STR) TIMED AT 15:55:17,36.0,medium
melbourne,2026,1,LAW,race_control_message,WAVED BLUE FLAG FOR CAR 30 (LAW) TIMED AT 15:55:32,36.0,medium
melbourne,2026,1,PER,race_control_message,WAVED BLUE FLAG FOR CAR 11 (PER) TIMED AT 15:56:10,37.0,medium
melbourne,2026,1,PER,race_control_message,WAVED BLUE FLAG FOR CAR 11 (PER) TIMED AT 15:56:26,37.0,medium
melbourne,2026,1,LAW,race_control_message,WAVED BLUE FLAG FOR CAR 30 (LAW) TIMED AT 15:56:33,37.0,medium
melbourne,2026,1,COL,race_control_message,WAVED BLUE FLAG FOR CAR 43 (COL) TIMED AT 15:57:08,37.0,medium
melbourne,2026,1,PER,race_control_message,WAVED BLUE FLAG FOR CAR 11 (PER) TIMED AT 15:57:39,38.0,medium
melbourne,2026,1,ALB,race_control_message,WAVED BLUE FLAG FOR CAR 23 (ALB) TIMED AT 16:00:04,39.0,medium
melbourne,2026,1,SAI,race_control_message,WAVED BLUE FLAG FOR CAR 55 (SAI) TIMED AT 16:01:23,40.0,medium
melbourne,2026,1,SAI,race_control_message,WAVED BLUE FLAG FOR CAR 55 (SAI) TIMED AT 16:01:42,41.0,medium
melbourne,2026,1,COL,race_control_message,WAVED BLUE FLAG FOR CAR 43 (COL) TIMED AT 16:01:57,41.0,medium
melbourne,2026,1,ALB,race_control_message,WAVED BLUE FLAG FOR CAR 23 (ALB) TIMED AT 16:02:46,41.0,medium
melbourne,2026,1,PER,race_control_message,WAVED BLUE FLAG FOR CAR 11 (PER) TIMED AT 16:03:10,42.0,medium
melbourne,2026,1,PER,race_control_message,WAVED BLUE FLAG FOR CAR 11 (PER) TIMED AT 16:04:39,43.0,medium
melbourne,2026,1,PER,race_control_message,WAVED BLUE FLAG FOR CAR 11 (PER) TIMED AT 16:07:12,45.0,medium
melbourne,2026,1,OCO,race_control_message,WAVED BLUE FLAG FOR CAR 31 (OCO) TIMED AT 16:07:53,45.0,medium
melbourne,2026,1,OCO,race_control_message,WAVED BLUE FLAG FOR CAR 31 (OCO) TIMED AT 16:08:06,45.0,medium
melbourne,2026,1,PER,race_control_message,WAVED BLUE FLAG FOR CAR 11 (PER) TIMED AT 16:08:21,45.0,medium
melbourne,2026,1,GAS,race_control_message,WAVED BLUE FLAG FOR CAR 10 (GAS) TIMED AT 16:08:37,46.0,medium
melbourne,2026,1,GAS,race_control_message,WAVED BLUE FLAG FOR CAR 10 (GAS) TIMED AT 16:08:53,46.0,medium
melbourne,2026,1,SAI,race_control_message,WAVED BLUE FLAG FOR CAR 55 (SAI) TIMED AT 16:10:34,47.0,medium
melbourne,2026,1,COL,race_control_message,WAVED BLUE FLAG FOR CAR 43 (COL) TIMED AT 16:11:10,47.0,medium
melbourne,2026,1,OCO,race_control_message,WAVED BLUE FLAG FOR CAR 31 (OCO) TIMED AT 16:11:12,47.0,medium
melbourne,2026,1,SAI,race_control_message,WAVED BLUE FLAG FOR CAR 55 (SAI) TIMED AT 16:11:24,48.0,medium
melbourne,2026,1,GAS,race_control_message,WAVED BLUE FLAG FOR CAR 10 (GAS) TIMED AT 16:11:41,48.0,medium
melbourne,2026,1,COL,race_control_message,WAVED BLUE FLAG FOR CAR 43 (COL) TIMED AT 16:12:39,48.0,medium
melbourne,2026,1,PER,race_control_message,WAVED BLUE FLAG FOR CAR 11 (PER) TIMED AT 16:13:10,49.0,medium
melbourne,2026,1,SAI,race_control_message,WAVED BLUE FLAG FOR CAR 55 (SAI) TIMED AT 16:14:14,50.0,medium
melbourne,2026,1,COL,race_control_message,WAVED BLUE FLAG FOR CAR 43 (COL) TIMED AT 16:14:48,50.0,medium
melbourne,2026,1,COL,race_control_message,WAVED BLUE FLAG FOR CAR 43 (COL) TIMED AT 16:15:16,50.0,medium
melbourne,2026,1,OCO,race_control_message,WAVED BLUE FLAG FOR CAR 31 (OCO) TIMED AT 16:16:16,51.0,medium
melbourne,2026,1,OCO,race_control_message,WAVED BLUE FLAG FOR CAR 31 (OCO) TIMED AT 16:16:31,51.0,medium
melbourne,2026,1,BOR,race_control_message,WAVED BLUE FLAG FOR CAR 5 (BOR) TIMED AT 16:16:54,52.0,medium
melbourne,2026,1,OCO,race_control_message,WAVED BLUE FLAG FOR CAR 31 (OCO) TIMED AT 16:17:14,52.0,medium
melbourne,2026,1,GAS,race_control_message,WAVED BLUE FLAG FOR CAR 10 (GAS) TIMED AT 16:17:15,52.0,medium
melbourne,2026,1,GAS,race_control_message,WAVED BLUE FLAG FOR CAR 10 (GAS) TIMED AT 16:18:19,53.0,medium
melbourne,2026,1,GAS,race_control_message,WAVED BLUE FLAG FOR CAR 10 (GAS) TIMED AT 16:18:25,53.0,medium
melbourne,2026,1,COL,race_control_message,WAVED BLUE FLAG FOR CAR 43 (COL) TIMED AT 16:19:24,53.0,medium
melbourne,2026,1,COL,race_control_message,WAVED BLUE FLAG FOR CAR 43 (COL) TIMED AT 16:19:30,53.0,medium
melbourne,2026,1,LIN,race_control_message,WAVED BLUE FLAG FOR CAR 41 (LIN) TIMED AT 16:19:57,54.0,medium
melbourne,2026,1,BOR,race_control_message,WAVED BLUE FLAG FOR CAR 5 (BOR) TIMED AT 16:20:18,54.0,medium
melbourne,2026,1,COL,race_control_message,WAVED BLUE FLAG FOR CAR 43 (COL) TIMED AT 16:21:07,55.0,medium
melbourne,2026,1,COL,race_control_message,WAVED BLUE FLAG FOR CAR 43 (COL) TIMED AT 16:21:16,55.0,medium
melbourne,2026,1,LIN,race_control_message,WAVED BLUE FLAG FOR CAR 41 (LIN) TIMED AT 16:21:21,55.0,medium
melbourne,2026,1,COL,race_control_message,WAVED BLUE FLAG FOR CAR 43 (COL) TIMED AT 16:21:49,55.0,medium
melbourne,2026,1,BEA,race_control_message,WAVED BLUE FLAG FOR CAR 87 (BEA) TIMED AT 16:24:29,57.0,medium
melbourne,2026,1,LAW,race_control_message,WAVED BLUE FLAG FOR CAR 30 (LAW) TIMED AT 16:24:47,57.0,medium
melbourne,2026,1,PER,race_control_message,WAVED BLUE FLAG FOR CAR 11 (PER) TIMED AT 16:24:53,57.0,medium
melbourne,2026,1,ALB,race_control_message,WAVED BLUE FLAG FOR CAR 23 (ALB) TIMED AT 16:25:22,58.0,medium
melbourne,2026,1,PER,race_control_message,WAVED BLUE FLAG FOR CAR 11 (PER) TIMED AT 16:25:22,58.0,medium
melbourne,2026,1,LAW,race_control_message,WAVED BLUE FLAG FOR CAR 30 (LAW) TIMED AT 16:25:50,58.0,medium
melbourne,2026,1,BEA,race_control_message,WAVED BLUE FLAG FOR CAR 87 (BEA) TIMED AT 16:26:04,58.0,medium
melbourne,2026,1,ALB,race_control_message,WAVED BLUE FLAG FOR CAR 23 (ALB) TIMED AT 16:26:06,58.0,medium
melbourne,2026,1,PER,race_control_message,WAVED BLUE FLAG FOR CAR 11 (PER) TIMED AT 16:26:18,58.0,medium
mexico_city,2018,19,ALO,race_control_message,CAR 14 (ALO) STOPPED AT TURN 11,5.0,medium
mexico_city,2018,19,ALO,race_control_message,CAR 14 (ALO) STOPPED AT TURN 11,5.0,medium
mexico_city,2018,19,ERI,race_control_message,WAVED BLUE FLAG FOR CAR 9 (ERI) TIMED AT 13:39:27,19.0,medium
mexico_city,2018,19,ERI,race_control_message,WAVED BLUE FLAG FOR CAR 9 (ERI) TIMED AT 13:39:38,20.0,medium
mexico_city,2018,19,ERI,race_control_message,WAVED BLUE FLAG FOR CAR 9 (ERI) TIMED AT 13:40:25,20.0,medium
mexico_city,2018,19,SIR,race_control_message,WAVED BLUE FLAG FOR CAR 35 (SIR) TIMED AT 13:45:12,24.0,medium
mexico_city,2018,19,ERI,race_control_message,WAVED BLUE FLAG FOR CAR 9 (ERI) TIMED AT 13:46:02,24.0,medium
mexico_city,2018,19,STR,race_control_message,WAVED BLUE FLAG FOR CAR 18 (STR) TIMED AT 13:46:06,24.0,medium
mexico_city,2018,19,ERI,race_control_message,WAVED BLUE FLAG FOR CAR 9 (ERI) TIMED AT 13:46:28,25.0,medium
mexico_city,2018,19,VAN,race_control_message,WAVED BLUE FLAG FOR CAR 2 (VAN) TIMED AT 13:46:34,25.0,medium
mexico_city,2018,19,ERI,race_control_message,WAVED BLUE FLAG FOR CAR 9 (ERI) TIMED AT 13:46:39,25.0,medium
mexico_city,2018,19,GAS,race_control_message,WAVED BLUE FLAG FOR CAR 10 (GAS) TIMED AT 13:46:52,25.0,medium
mexico_city,2018,19,OCO,race_control_message,WAVED BLUE FLAG FOR CAR 31 (OCO) TIMED AT 13:47:21,25.0,medium
mexico_city,2018,19,GRO,race_control_message,WAVED BLUE FLAG FOR CAR 8 (GRO) TIMED AT 13:48:36,26.0,medium
mexico_city,2018,19,SIR,race_control_message,WAVED BLUE FLAG FOR CAR 35 (SIR) TIMED AT 13:48:37,26.0,medium
mexico_city,2018,19,SIR,race_control_message,WAVED BLUE FLAG FOR CAR 35 (SIR) TIMED AT 13:49:00,26.0,medium
mexico_city,2018,19,SIR,race_control_message,WAVED BLUE FLAG FOR CAR 35 (SIR) TIMED AT 13:49:23,27.0,medium
mexico_city,2018,19,MAG,race_control_message,WAVED BLUE FLAG FOR CAR 20 (MAG) TIMED AT 13:49:35,27.0,medium
mexico_city,2018,19,GAS,race_control_message,WAVED BLUE FLAG FOR CAR 10 (GAS) TIMED AT 13:49:56,27.0,medium
mexico_city,2018,19,LEC,race_control_message,WAVED BLUE FLAG FOR CAR 16 (LEC) TIMED AT 13:50:04,27.0,medium
mexico_city,2018,19,ERI,race_control_message,WAVED BLUE FLAG FOR CAR 9 (ERI) TIMED AT 13:50:17,27.0,medium
mexico_city,2018,19,ERI,race_control_message,WAVED BLUE FLAG FOR CAR 9 (ERI) TIMED AT 13:50:20,28.0,medium
mexico_city,2018,19,VAN,race_control_message,WAVED BLUE FLAG FOR CAR 2 (VAN) TIMED AT 13:51:26,28.0,medium
mexico_city,2018,19,SIR,race_control_message,WAVED BLUE FLAG FOR CAR 35 (SIR) TIMED AT 13:51:46,29.0,medium
mexico_city,2018,19,OCO,race_control_message,WAVED BLUE FLAG FOR CAR 31 (OCO) TIMED AT 13:52:02,29.0,medium
mexico_city,2018,19,VAN,race_control_message,WAVED BLUE FLAG FOR CAR 2 (VAN) TIMED AT 13:52:23,29.0,medium
mexico_city,2018,19,GRO,race_control_message,WAVED BLUE FLAG FOR CAR 8 (GRO) TIMED AT 13:52:34,29.0,medium
mexico_city,2018,19,STR,race_control_message,WAVED BLUE FLAG FOR CAR 18 (STR) TIMED AT 13:52:38,29.0,medium
mexico_city,2018,19,HUL,race_control_message,WAVED BLUE FLAG FOR CAR 27 (HUL) TIMED AT 13:52:40,29.0,medium
mexico_city,2018,19,OCO,race_control_message,WAVED BLUE FLAG FOR CAR 31 (OCO) TIMED AT 13:52:42,29.0,medium
mexico_city,2018,19,GRO,race_control_message,WAVED BLUE FLAG FOR CAR 8 (GRO) TIMED AT 13:53:22,30.0,medium
mexico_city,2018,19,MAG,race_control_message,WAVED BLUE FLAG FOR CAR 20 (MAG) TIMED AT 13:53:33,30.0,medium
mexico_city,2018,19,SAI,race_control_message,WAVED BLUE FLAG FOR CAR 55 (SAI) TIMED AT 13:54:02,30.0,medium
mexico_city,2018,19,MAG,race_control_message,WAVED BLUE FLAG FOR CAR 20 (MAG) TIMED AT 13:54:08,30.0,medium
mexico_city,2018,19,SAI,race_control_message,CAR 55 (SAI) STOPPED AT TURN 13,31.0,medium
mexico_city,2018,19,MAG,race_control_message,WAVED BLUE FLAG FOR CAR 20 (MAG) TIMED AT 13:57:50,32.0,medium
mexico_city,2018,19,HAR,race_control_message,WAVED BLUE FLAG FOR CAR 28 (HAR) TIMED AT 13:58:03,33.0,medium
mexico_city,2018,19,LEC,race_control_message,WAVED BLUE FLAG FOR CAR 16 (LEC) TIMED AT 13:58:07,33.0,medium
mexico_city,2018,19,LEC,race_control_message,WAVED BLUE FLAG FOR CAR 16 (LEC) TIMED AT 13:58:14,33.0,medium
mexico_city,2018,19,SIR,race_control_message,WAVED BLUE FLAG FOR CAR 35 (SIR) TIMED AT 13:58:19,33.0,medium
mexico_city,2018,19,HAR,race_control_message,WAVED BLUE FLAG FOR CAR 28 (HAR) TIMED AT 13:58:39,33.0,medium
mexico_city,2018,19,VAN,race_control_message,WAVED BLUE FLAG FOR CAR 2 (VAN) TIMED AT 13:58:40,33.0,medium
mexico_city,2018,19,PER,race_control_message,WAVED BLUE FLAG FOR CAR 11 (PER) TIMED AT 13:59:02,33.0,medium
mexico_city,2018,19,GRO,race_control_message,WAVED BLUE FLAG FOR CAR 8 (GRO) TIMED AT 13:59:03,33.0,medium
mexico_city,2018,19,LEC,race_control_message,WAVED BLUE FLAG FOR CAR 16 (LEC) TIMED AT 13:59:13,33.0,medium
mexico_city,2018,19,ERI,race_control_message,WAVED BLUE FLAG FOR CAR 9 (ERI) TIMED AT 13:59:19,33.0,medium
mexico_city,2018,19,LEC,race_control_message,WAVED BLUE FLAG FOR CAR 16 (LEC) TIMED AT 13:59:48,34.0,medium
mexico_city,2018,19,MAG,race_control_message,WAVED BLUE FLAG FOR CAR 20 (MAG) TIMED AT 14:00:19,34.0,medium
mexico_city,2018,19,PER,race_control_message,WAVED BLUE FLAG FOR CAR 11 (PER) TIMED AT 14:01:00,35.0,medium
mexico_city,2018,19,GRO,race_control_message,WAVED BLUE FLAG FOR CAR 8 (GRO) TIMED AT 14:01:03,35.0,medium
mexico_city,2018,19,LEC,race_control_message,WAVED BLUE FLAG FOR CAR 16 (LEC) TIMED AT 14:01:14,35.0,medium
mexico_city,2018,19,LEC,race_control_message,WAVED BLUE FLAG FOR CAR 16 (LEC) TIMED AT 14:01:23,35.0,medium
mexico_city,2018,19,PER,race_control_message,WAVED BLUE FLAG FOR CAR 11 (PER) TIMED AT 14:01:50,35.0,medium
mexico_city,2018,19,VAN,race_control_message,WAVED BLUE FLAG FOR CAR 2 (VAN) TIMED AT 14:02:10,36.0,medium
mexico_city,2018,19,MAG,race_control_message,WAVED BLUE FLAG FOR CAR 20 (MAG) TIMED AT 14:02:42,36.0,medium
mexico_city,2018,19,LEC,race_control_message,WAVED BLUE FLAG FOR CAR 16 (LEC) TIMED AT 14:03:23,37.0,medium
mexico_city,2018,19,HUL,race_control_message,WAVED BLUE FLAG FOR CAR 27 (HUL) TIMED AT 14:04:14,37.0,medium
mexico_city,2018,19,PER,race_control_message,WAVED BLUE FLAG FOR CAR 11 (PER) TIMED AT 14:04:24,37.0,medium
mexico_city,2018,19,HUL,race_control_message,WAVED BLUE FLAG FOR CAR 27 (HUL) TIMED AT 14:04:27,37.0,medium
mexico_city,2018,19,HUL,race_control_message,WAVED BLUE FLAG FOR CAR 27 (HUL) TIMED AT 14:06:13,39.0,medium
mexico_city,2018,19,HUL,race_control_message,WAVED BLUE FLAG FOR CAR 27 (HUL) TIMED AT 14:06:37,39.0,medium
mexico_city,2018,19,HUL,race_control_message,WAVED BLUE FLAG FOR CAR 27 (HUL) TIMED AT 14:06:41,39.0,medium
mexico_city,2018,19,HUL,race_control_message,WAVED BLUE FLAG FOR CAR 27 (HUL) TIMED AT 14:06:51,39.0,medium
mexico_city,2018,19,HUL,race_control_message,WAVED BLUE FLAG FOR CAR 27 (HUL) TIMED AT 14:06:58,39.0,medium
mexico_city,2018,19,HUL,race_control_message,WAVED BLUE FLAG FOR CAR 27 (HUL) TIMED AT 14:07:14,39.0,medium
mexico_city,2018,19,HUL,race_control_message,WAVED BLUE FLAG FOR CAR 27 (HUL) TIMED AT 14:07:24,39.0,medium
mexico_city,2018,19,HUL,race_control_message,WAVED BLUE FLAG FOR CAR 27 (HUL) TIMED AT 14:07:32,40.0,medium
mexico_city,2018,19,HUL,race_control_message,WAVED BLUE FLAG FOR CAR 27 (HUL) TIMED AT 14:07:45,40.0,medium
mexico_city,2018,19,GAS,race_control_message,WAVED BLUE FLAG FOR CAR 10 (GAS) TIMED AT 14:16:28,46.0,medium
mexico_city,2018,19,SIR,race_control_message,WAVED BLUE FLAG FOR CAR 35 (SIR) TIMED AT 14:17:03,47.0,medium
mexico_city,2018,19,GAS,race_control_message,WAVED BLUE FLAG FOR CAR 10 (GAS) TIMED AT 14:17:21,47.0,medium
mexico_city,2018,19,STR,race_control_message,WAVED BLUE FLAG FOR CAR 18 (STR) TIMED AT 14:18:06,47.0,medium
mexico_city,2018,19,OCO,race_control_message,WAVED BLUE FLAG FOR CAR 31 (OCO) TIMED AT 14:18:51,48.0,medium
mexico_city,2018,19,HAR,race_control_message,WAVED BLUE FLAG FOR CAR 28 (HAR) TIMED AT 14:19:27,48.0,medium
mexico_city,2018,19,GRO,race_control_message,WAVED BLUE FLAG FOR CAR 8 (GRO) TIMED AT 14:22:33,50.0,medium
mexico_city,2018,19,HUL,race_control_message,WAVED BLUE FLAG FOR CAR 27 (HUL) TIMED AT 14:22:40,51.0,medium
mexico_city,2018,19,SIR,race_control_message,WAVED BLUE FLAG FOR CAR 35 (SIR) TIMED AT 14:23:18,51.0,medium
mexico_city,2018,19,MAG,race_control_message,WAVED BLUE FLAG FOR CAR 20 (MAG) TIMED AT 14:23:54,51.0,medium
mexico_city,2018,19,GRO,race_control_message,WAVED BLUE FLAG FOR CAR 8 (GRO) TIMED AT 14:25:00,52.0,medium
mexico_city,2018,19,STR,race_control_message,WAVED BLUE FLAG FOR CAR 18 (STR) TIMED AT 14:25:14,52.0,medium
mexico_city,2018,19,SIR,race_control_message,WAVED BLUE FLAG FOR CAR 35 (SIR) TIMED AT 14:25:16,52.0,medium
mexico_city,2018,19,GAS,race_control_message,WAVED BLUE FLAG FOR CAR 10 (GAS) TIMED AT 14:26:00,53.0,medium
mexico_city,2018,19,OCO,race_control_message,WAVED BLUE FLAG FOR CAR 31 (OCO) TIMED AT 14:26:20,53.0,medium
mexico_city,2018,19,MAG,race_control_message,WAVED BLUE FLAG FOR CAR 20 (MAG) TIMED AT 14:26:37,53.0,medium
mexico_city,2018,19,MAG,race_control_message,WAVED BLUE FLAG FOR CAR 20 (MAG) TIMED AT 14:27:13,54.0,medium
mexico_city,2018,19,HAR,race_control_message,WAVED BLUE FLAG FOR CAR 28 (HAR) TIMED AT 14:27:16,54.0,medium
mexico_city,2018,19,STR,race_control_message,WAVED BLUE FLAG FOR CAR 18 (STR) TIMED AT 14:27:37,54.0,medium
mexico_city,2018,19,ERI,race_control_message,WAVED BLUE FLAG FOR CAR 9 (ERI) TIMED AT 14:27:45,54.0,medium
mexico_city,2018,19,STR,race_control_message,WAVED BLUE FLAG FOR CAR 18 (STR) TIMED AT 14:28:00,55.0,medium
mexico_city,2018,19,OCO,race_control_message,WAVED BLUE FLAG FOR CAR 31 (OCO) TIMED AT 14:28:44,55.0,medium
mexico_city,2018,19,GRO,race_control_message,WAVED BLUE FLAG FOR CAR 8 (GRO) TIMED AT 14:29:16,55.0,medium
mexico_city,2018,19,GAS,race_control_message,WAVED BLUE FLAG FOR CAR 10 (GAS) TIMED AT 14:29:20,55.0,medium
mexico_city,2018,19,SIR,race_control_message,WAVED BLUE FLAG FOR CAR 35 (SIR) TIMED AT 14:29:39,56.0,medium
mexico_city,2018,19,VAN,race_control_message,WAVED BLUE FLAG FOR CAR 2 (VAN) TIMED AT 14:29:40,56.0,medium
mexico_city,2018,19,HAR,race_control_message,WAVED BLUE FLAG FOR CAR 28 (HAR) TIMED AT 14:29:57,56.0,medium
mexico_city,2018,19,LEC,race_control_message,WAVED BLUE FLAG FOR CAR 16 (LEC) TIMED AT 14:30:12,56.0,medium
mexico_city,2018,19,ERI,race_control_message,WAVED BLUE FLAG FOR CAR 9 (ERI) TIMED AT 14:30:28,56.0,medium
mexico_city,2018,19,ERI,race_control_message,WAVED BLUE FLAG FOR CAR 9 (ERI) TIMED AT 14:30:32,56.0,medium
mexico_city,2018,19,ERI,race_control_message,WAVED BLUE FLAG FOR CAR 9 (ERI) TIMED AT 14:30:54,57.0,medium
mexico_city,2018,19,MAG,race_control_message,WAVED BLUE FLAG FOR CAR 20 (MAG) TIMED AT 14:31:53,57.0,medium
mexico_city,2018,19,VAN,race_control_message,WAVED BLUE FLAG FOR CAR 2 (VAN) TIMED AT 14:32:29,58.0,medium
mexico_city,2018,19,STR,race_control_message,WAVED BLUE FLAG FOR CAR 18 (STR) TIMED AT 14:32:48,58.0,medium
mexico_city,2018,19,OCO,race_control_message,WAVED BLUE FLAG FOR CAR 31 (OCO) TIMED AT 14:33:09,58.0,medium
mexico_city,2018,19,LEC,race_control_message,WAVED BLUE FLAG FOR CAR 16 (LEC) TIMED AT 14:33:41,59.0,medium
mexico_city,2018,19,HAR,race_control_message,WAVED BLUE FLAG FOR CAR 28 (HAR) TIMED AT 14:33:58,59.0,medium
mexico_city,2018,19,LEC,race_control_message,WAVED BLUE FLAG FOR CAR 16 (LEC) TIMED AT 14:34:07,59.0,medium
mexico_city,2018,19,GAS,race_control_message,WAVED BLUE FLAG FOR CAR 10 (GAS) TIMED AT 14:35:45,60.0,medium
mexico_city,2018,19,ERI,race_control_message,WAVED BLUE FLAG FOR CAR 9 (ERI) TIMED AT 14:36:11,61.0,medium
mexico_city,2018,19,ERI,race_control_message,WAVED BLUE FLAG FOR CAR 9 (ERI) TIMED AT 14:36:30,61.0,medium
mexico_city,2018,19,HUL,race_control_message,WAVED BLUE FLAG FOR CAR 27 (HUL) TIMED AT 14:36:37,61.0,medium
mexico_city,2018,19,ERI,race_control_message,WAVED BLUE FLAG FOR CAR 9 (ERI) TIMED AT 14:36:59,61.0,medium
mexico_city,2018,19,ERI,race_control_message,WAVED BLUE FLAG FOR CAR 9 (ERI) TIMED AT 14:37:01,61.0,medium
mexico_city,2018,19,RIC,race_control_message,CAR 3 (RIC) STOPPED AT TURN 1,62.0,medium
mexico_city,2018,19,HUL,race_control_message,WAVED BLUE FLAG FOR CAR 27 (HUL) TIMED AT 14:42:35,65.0,medium
mexico_city,2018,19,HUL,race_control_message,WAVED BLUE FLAG FOR CAR 27 (HUL) TIMED AT 14:45:08,67.0,medium
mexico_city,2018,19,MAG,race_control_message,WAVED BLUE FLAG FOR CAR 20 (MAG) TIMED AT 14:47:56,69.0,medium
mexico_city,2018,19,VAN,race_control_message,WAVED BLUE FLAG FOR CAR 2 (VAN) TIMED AT 14:49:39,70.0,medium
mexico_city,2018,19,GRO,race_control_message,WAVED BLUE FLAG FOR CAR 8 (GRO) TIMED AT 14:50:49,71.0,medium
mexico_city,2019,18,GIO,race_control_message,WAVED BLUE FLAG FOR CAR 99 (GIO) TIMED AT 13:43:58,23.0,medium
mexico_city,2019,18,KUB,race_control_message,WAVED BLUE FLAG FOR CAR 88 (KUB) TIMED AT 13:44:00,23.0,medium
mexico_city,2019,18,NOR,race_control_message,WAVED BLUE FLAG FOR CAR 4 (NOR) TIMED AT 13:45:10,24.0,medium
mexico_city,2019,18,GRO,race_control_message,WAVED BLUE FLAG FOR CAR 8 (GRO) TIMED AT 13:45:52,24.0,medium
mexico_city,2019,18,RUS,race_control_message,WAVED BLUE FLAG FOR CAR 63 (RUS) TIMED AT 13:46:18,24.0,medium
mexico_city,2019,18,KUB,race_control_message,WAVED BLUE FLAG FOR CAR 88 (KUB) TIMED AT 13:46:56,25.0,medium
mexico_city,2019,18,RUS,race_control_message,WAVED BLUE FLAG FOR CAR 63 (RUS) TIMED AT 13:47:38,25.0,medium
mexico_city,2019,18,RUS,race_control_message,WAVED BLUE FLAG FOR CAR 63 (RUS) TIMED AT 13:47:45,26.0,medium
mexico_city,2019,18,NOR,race_control_message,WAVED BLUE FLAG FOR CAR 4 (NOR) TIMED AT 13:47:48,26.0,medium
mexico_city,2019,18,KUB,race_control_message,WAVED BLUE FLAG FOR CAR 88 (KUB) TIMED AT 13:48:05,26.0,medium
mexico_city,2019,18,GRO,race_control_message,WAVED BLUE FLAG FOR CAR 8 (GRO) TIMED AT 13:48:50,26.0,medium
mexico_city,2019,18,GIO,race_control_message,WAVED BLUE FLAG FOR CAR 99 (GIO) TIMED AT 13:50:24,27.0,medium
mexico_city,2019,18,MAG,race_control_message,WAVED BLUE FLAG FOR CAR 20 (MAG) TIMED AT 13:50:55,28.0,medium
mexico_city,2019,18,GRO,race_control_message,WAVED BLUE FLAG FOR CAR 8 (GRO) TIMED AT 13:51:52,29.0,medium
mexico_city,2019,18,NOR,race_control_message,WAVED BLUE FLAG FOR CAR 4 (NOR) TIMED AT 13:51:54,29.0,medium
mexico_city,2019,18,NOR,race_control_message,WAVED BLUE FLAG FOR CAR 4 (NOR) TIMED AT 13:52:14,29.0,medium
mexico_city,2019,18,GIO,race_control_message,WAVED BLUE FLAG FOR CAR 99 (GIO) TIMED AT 13:53:18,30.0,medium
mexico_city,2019,18,GRO,race_control_message,WAVED BLUE FLAG FOR CAR 8 (GRO) TIMED AT 13:53:46,30.0,medium
mexico_city,2019,18,GIO,race_control_message,WAVED BLUE FLAG FOR CAR 99 (GIO) TIMED AT 13:54:04,30.0,medium
mexico_city,2019,18,NOR,race_control_message,WAVED BLUE FLAG FOR CAR 4 (NOR) TIMED AT 13:55:49,31.0,medium
mexico_city,2019,18,GRO,race_control_message,WAVED BLUE FLAG FOR CAR 8 (GRO) TIMED AT 13:56:01,32.0,medium
mexico_city,2019,18,GIO,race_control_message,WAVED BLUE FLAG FOR CAR 99 (GIO) TIMED AT 13:58:32,33.0,medium
mexico_city,2019,18,NOR,race_control_message,WAVED BLUE FLAG FOR CAR 4 (NOR) TIMED AT 13:59:29,34.0,medium
mexico_city,2019,18,RUS,race_control_message,WAVED BLUE FLAG FOR CAR 63 (RUS) TIMED AT 14:00:16,35.0,medium
mexico_city,2019,18,RAI,race_control_message,WAVED BLUE FLAG FOR CAR 7 (RAI) TIMED AT 14:00:47,35.0,medium
mexico_city,2019,18,GAS,race_control_message,WAVED BLUE FLAG FOR CAR 10 (GAS) TIMED AT 14:01:15,35.0,medium
mexico_city,2019,18,GAS,race_control_message,WAVED BLUE FLAG FOR CAR 10 (GAS) TIMED AT 14:01:38,36.0,medium
mexico_city,2019,18,GAS,race_control_message,WAVED BLUE FLAG FOR CAR 10 (GAS) TIMED AT 14:01:47,36.0,medium
mexico_city,2019,18,SAI,race_control_message,WAVED BLUE FLAG FOR CAR 55 (SAI) TIMED AT 14:01:49,36.0,medium
mexico_city,2019,18,GAS,race_control_message,WAVED BLUE FLAG FOR CAR 10 (GAS) TIMED AT 14:01:57,36.0,medium
mexico_city,2019,18,RAI,race_control_message,WAVED BLUE FLAG FOR CAR 7 (RAI) TIMED AT 14:02:23,36.0,medium
mexico_city,2019,18,RAI,race_control_message,WAVED BLUE FLAG FOR CAR 7 (RAI) TIMED AT 14:02:26,36.0,medium
mexico_city,2019,18,NOR,race_control_message,WAVED BLUE FLAG FOR CAR 4 (NOR) TIMED AT 14:03:01,37.0,medium
mexico_city,2019,18,KUB,race_control_message,WAVED BLUE FLAG FOR CAR 88 (KUB) TIMED AT 14:03:02,37.0,medium
mexico_city,2019,18,GIO,race_control_message,WAVED BLUE FLAG FOR CAR 99 (GIO) TIMED AT 14:03:13,37.0,medium
mexico_city,2019,18,SAI,race_control_message,WAVED BLUE FLAG FOR CAR 55 (SAI) TIMED AT 14:04:25,38.0,medium
mexico_city,2019,18,NOR,race_control_message,WAVED BLUE FLAG FOR CAR 4 (NOR) TIMED AT 14:04:55,38.0,medium
mexico_city,2019,18,NOR,race_control_message,WAVED BLUE FLAG FOR CAR 4 (NOR) TIMED AT 14:04:57,38.0,medium
mexico_city,2019,18,RAI,race_control_message,WAVED BLUE FLAG FOR CAR 7 (RAI) TIMED AT 14:05:05,38.0,medium
mexico_city,2019,18,SAI,race_control_message,WAVED BLUE FLAG FOR CAR 55 (SAI) TIMED AT 14:05:05,38.0,medium
mexico_city,2019,18,NOR,race_control_message,WAVED BLUE FLAG FOR CAR 4 (NOR) TIMED AT 14:10:11,42.0,medium
mexico_city,2019,18,RUS,race_control_message,WAVED BLUE FLAG FOR CAR 63 (RUS) TIMED AT 14:13:37,44.0,medium
mexico_city,2019,18,NOR,race_control_message,WAVED BLUE FLAG FOR CAR 4 (NOR) TIMED AT 14:14:19,45.0,medium
mexico_city,2019,18,RUS,race_control_message,WAVED BLUE FLAG FOR CAR 63 (RUS) TIMED AT 14:14:36,45.0,medium
mexico_city,2019,18,KUB,race_control_message,WAVED BLUE FLAG FOR CAR 88 (KUB) TIMED AT 14:15:28,46.0,medium
mexico_city,2019,18,SAI,race_control_message,WAVED BLUE FLAG FOR CAR 55 (SAI) TIMED AT 14:16:19,46.0,medium
mexico_city,2019,18,GIO,race_control_message,WAVED BLUE FLAG FOR CAR 99 (GIO) TIMED AT 14:16:46,47.0,medium
mexico_city,2019,18,RAI,race_control_message,WAVED BLUE FLAG FOR CAR 7 (RAI) TIMED AT 14:16:49,47.0,medium
mexico_city,2019,18,KUB,race_control_message,WAVED BLUE FLAG FOR CAR 88 (KUB) TIMED AT 14:17:19,47.0,medium
mexico_city,2019,18,KUB,race_control_message,WAVED BLUE FLAG FOR CAR 88 (KUB) TIMED AT 14:17:26,47.0,medium
mexico_city,2019,18,RAI,race_control_message,WAVED BLUE FLAG FOR CAR 7 (RAI) TIMED AT 14:17:28,47.0,medium
mexico_city,2019,18,RAI,race_control_message,WAVED BLUE FLAG FOR CAR 7 (RAI) TIMED AT 14:18:04,48.0,medium
mexico_city,2019,18,GRO,race_control_message,WAVED BLUE FLAG FOR CAR 8 (GRO) TIMED AT 14:21:13,50.0,medium
mexico_city,2019,18,RUS,race_control_message,WAVED BLUE FLAG FOR CAR 63 (RUS) TIMED AT 14:22:27,51.0,medium
mexico_city,2019,18,RAI,race_control_message,WAVED BLUE FLAG FOR CAR 7 (RAI) TIMED AT 14:22:29,51.0,medium
mexico_city,2019,18,SAI,race_control_message,WAVED BLUE FLAG FOR CAR 55 (SAI) TIMED AT 14:23:25,52.0,medium
mexico_city,2019,18,GRO,race_control_message,WAVED BLUE FLAG FOR CAR 8 (GRO) TIMED AT 14:23:43,52.0,medium
mexico_city,2019,18,GRO,race_control_message,WAVED BLUE FLAG FOR CAR 8 (GRO) TIMED AT 14:23:58,52.0,medium
mexico_city,2019,18,RUS,race_control_message,WAVED BLUE FLAG FOR CAR 63 (RUS) TIMED AT 14:25:00,53.0,medium
mexico_city,2019,18,KUB,race_control_message,WAVED BLUE FLAG FOR CAR 88 (KUB) TIMED AT 14:25:14,53.0,medium
mexico_city,2019,18,GRO,race_control_message,WAVED BLUE FLAG FOR CAR 8 (GRO) TIMED AT 14:25:59,54.0,medium
mexico_city,2019,18,GRO,race_control_message,WAVED BLUE FLAG FOR CAR 8 (GRO) TIMED AT 14:26:34,54.0,medium
mexico_city,2019,18,RUS,race_control_message,WAVED BLUE FLAG FOR CAR 63 (RUS) TIMED AT 14:26:37,54.0,medium
mexico_city,2019,18,GRO,race_control_message,WAVED BLUE FLAG FOR CAR 8 (GRO) TIMED AT 14:27:15,55.0,medium
mexico_city,2019,18,RUS,race_control_message,WAVED BLUE FLAG FOR CAR 63 (RUS) TIMED AT 14:27:55,55.0,medium
mexico_city,2019,18,KUB,race_control_message,WAVED BLUE FLAG FOR CAR 88 (KUB) TIMED AT 14:29:05,56.0,medium
mexico_city,2019,18,KVY,race_control_message,WAVED BLUE FLAG FOR CAR 26 (KVY) TIMED AT 14:29:18,56.0,medium
mexico_city,2019,18,RUS,race_control_message,WAVED BLUE FLAG FOR CAR 63 (RUS) TIMED AT 14:29:28,56.0,medium
mexico_city,2019,18,KUB,race_control_message,WAVED BLUE FLAG FOR CAR 88 (KUB) TIMED AT 14:30:10,57.0,medium
mexico_city,2019,18,KUB,race_control_message,WAVED BLUE FLAG FOR CAR 88 (KUB) TIMED AT 14:30:39,57.0,medium
mexico_city,2019,18,GRO,race_control_message,WAVED BLUE FLAG FOR CAR 8 (GRO) TIMED AT 14:30:53,57.0,medium
mexico_city,2019,18,STR,race_control_message,WAVED BLUE FLAG FOR CAR 18 (STR) TIMED AT 14:31:03,57.0,medium
mexico_city,2019,18,GRO,race_control_message,WAVED BLUE FLAG FOR CAR 8 (GRO) TIMED AT 14:31:13,58.0,medium
mexico_city,2019,18,KUB,race_control_message,WAVED BLUE FLAG FOR CAR 88 (KUB) TIMED AT 14:31:17,58.0,medium
mexico_city,2019,18,KVY,race_control_message,WAVED BLUE FLAG FOR CAR 26 (KVY) TIMED AT 14:31:25,58.0,medium
mexico_city,2019,18,KVY,race_control_message,WAVED BLUE FLAG FOR CAR 26 (KVY) TIMED AT 14:32:00,58.0,medium
mexico_city,2019,18,STR,race_control_message,WAVED BLUE FLAG FOR CAR 18 (STR) TIMED AT 14:32:39,59.0,medium
mexico_city,2019,18,RUS,race_control_message,WAVED BLUE FLAG FOR CAR 63 (RUS) TIMED AT 14:33:45,59.0,medium
mexico_city,2019,18,STR,race_control_message,WAVED BLUE FLAG FOR CAR 18 (STR) TIMED AT 14:33:59,60.0,medium
mexico_city,2019,18,RUS,race_control_message,WAVED BLUE FLAG FOR CAR 63 (RUS) TIMED AT 14:33:59,60.0,medium
mexico_city,2019,18,GAS,race_control_message,WAVED BLUE FLAG FOR CAR 10 (GAS) TIMED AT 14:34:19,60.0,medium
mexico_city,2019,18,KUB,race_control_message,WAVED BLUE FLAG FOR CAR 88 (KUB) TIMED AT 14:35:48,61.0,medium
mexico_city,2019,18,STR,race_control_message,WAVED BLUE FLAG FOR CAR 18 (STR) TIMED AT 14:37:43,62.0,medium
mexico_city,2019,18,GRO,race_control_message,WAVED BLUE FLAG FOR CAR 8 (GRO) TIMED AT 14:37:51,62.0,medium
mexico_city,2019,18,MAG,race_control_message,WAVED BLUE FLAG FOR CAR 20 (MAG) TIMED AT 14:38:54,63.0,medium
mexico_city,2019,18,RUS,race_control_message,WAVED BLUE FLAG FOR CAR 63 (RUS) TIMED AT 14:39:16,64.0,medium
mexico_city,2019,18,HUL,race_control_message,WAVED BLUE FLAG FOR CAR 27 (HUL) TIMED AT 14:39:23,64.0,medium
mexico_city,2019,18,HUL,race_control_message,WAVED BLUE FLAG FOR CAR 27 (HUL) TIMED AT 14:39:51,64.0,medium
mexico_city,2019,18,HUL,race_control_message,WAVED BLUE FLAG FOR CAR 27 (HUL) TIMED AT 14:40:35,65.0,medium
mexico_city,2019,18,MAG,race_control_message,WAVED BLUE FLAG FOR CAR 20 (MAG) TIMED AT 14:45:52,69.0,medium
mexico_city,2019,18,MAG,race_control_message,WAVED BLUE FLAG FOR CAR 20 (MAG) TIMED AT 14:46:19,69.0,medium
mexico_city,2019,18,MAG,race_control_message,WAVED BLUE FLAG FOR CAR 20 (MAG) TIMED AT 14:49:15,71.0,medium
mexico_city,2019,18,KVY,race_control_message,WAVED BLUE FLAG FOR CAR 26 (KVY) TIMED AT 14:49:30,71.0,medium
mexico_city,2019,18,MAG,race_control_message,WAVED BLUE FLAG FOR CAR 20 (MAG) TIMED AT 14:49:33,71.0,medium
mexico_city,2019,18,KVY,race_control_message,WAVED BLUE FLAG FOR CAR 26 (KVY) TIMED AT 14:50:02,71.0,medium
mexico_city,2021,18,TSU,race_control_message,CAR 22 (TSU) STOPPED AT TURN 2,1.0,medium
mexico_city,2021,18,MAZ,race_control_message,WAVED BLUE FLAG FOR CAR 9 (MAZ) TIMED AT 13:29:47,18.0,medium
mexico_city,2021,18,LAT,race_control_message,WAVED BLUE FLAG FOR CAR 6 (LAT) TIMED AT 13:31:25,19.0,medium
mexico_city,2021,18,MAZ,race_control_message,WAVED BLUE FLAG FOR CAR 9 (MAZ) TIMED AT 13:32:41,20.0,medium
mexico_city,2021,18,MAZ,race_control_message,WAVED BLUE FLAG FOR CAR 9 (MAZ) TIMED AT 13:33:24,21.0,medium
mexico_city,2021,18,LAT,race_control_message,WAVED BLUE FLAG FOR CAR 6 (LAT) TIMED AT 13:35:07,22.0,medium
mexico_city,2021,18,LAT,race_control_message,WAVED BLUE FLAG FOR CAR 6 (LAT) TIMED AT 13:35:32,22.0,medium
mexico_city,2021,18,STR,race_control_message,WAVED BLUE FLAG FOR CAR 18 (STR) TIMED AT 13:37:55,24.0,medium
mexico_city,2021,18,MAZ,race_control_message,WAVED BLUE FLAG FOR CAR 9 (MAZ) TIMED AT 13:38:57,25.0,medium
mexico_city,2021,18,MAZ,race_control_message,WAVED BLUE FLAG FOR CAR 9 (MAZ) TIMED AT 13:39:55,26.0,medium
mexico_city,2021,18,OCO,race_control_message,WAVED BLUE FLAG FOR CAR 31 (OCO) TIMED AT 13:40:01,26.0,medium
mexico_city,2021,18,MAZ,race_control_message,WAVED BLUE FLAG FOR CAR 9 (MAZ) TIMED AT 13:40:51,26.0,medium
mexico_city,2021,18,RUS,race_control_message,WAVED BLUE FLAG FOR CAR 63 (RUS) TIMED AT 13:41:23,27.0,medium
mexico_city,2021,18,STR,race_control_message,WAVED BLUE FLAG FOR CAR 18 (STR) TIMED AT 13:44:47,29.0,medium
mexico_city,2021,18,VET,race_control_message,CAR 5 (VET) OFF TRACK AND CONTINUED AT TURN 12,29.0,medium
mexico_city,2021,18,LAT,race_control_message,WAVED BLUE FLAG FOR CAR 6 (LAT) TIMED AT 13:45:32,30.0,medium
mexico_city,2021,18,LAT,race_control_message,WAVED BLUE FLAG FOR CAR 6 (LAT) TIMED AT 13:46:46,31.0,medium
mexico_city,2021,18,LAT,race_control_message,WAVED BLUE FLAG FOR CAR 6 (LAT) TIMED AT 13:47:12,31.0,medium
mexico_city,2021,18,GIO,race_control_message,WAVED BLUE FLAG FOR CAR 99 (GIO) TIMED AT 13:47:14,31.0,medium
mexico_city,2021,18,STR,race_control_message,WAVED BLUE FLAG FOR CAR 18 (STR) TIMED AT 13:47:18,31.0,medium
mexico_city,2021,18,MAZ,race_control_message,WAVED BLUE FLAG FOR CAR 9 (MAZ) TIMED AT 13:47:26,31.0,medium
mexico_city,2021,18,MAZ,race_control_message,WAVED BLUE FLAG FOR CAR 9 (MAZ) TIMED AT 13:48:14,32.0,medium
mexico_city,2021,18,LAT,race_control_message,WAVED BLUE FLAG FOR CAR 6 (LAT) TIMED AT 13:48:17,32.0,medium
mexico_city,2021,18,OCO,race_control_message,WAVED BLUE FLAG FOR CAR 31 (OCO) TIMED AT 13:48:51,32.0,medium
mexico_city,2021,18,MAZ,race_control_message,WAVED BLUE FLAG FOR CAR 9 (MAZ) TIMED AT 13:49:33,33.0,medium
mexico_city,2021,18,RUS,race_control_message,WAVED BLUE FLAG FOR CAR 63 (RUS) TIMED AT 13:49:44,33.0,medium
mexico_city,2021,18,MAZ,race_control_message,WAVED BLUE FLAG FOR CAR 9 (MAZ) TIMED AT 13:49:49,33.0,medium
mexico_city,2021,18,BOT,race_control_message,WAVED BLUE FLAG FOR CAR 77 (BOT) TIMED AT 13:50:00,33.0,medium
mexico_city,2021,18,MAZ,race_control_message,WAVED BLUE FLAG FOR CAR 9 (MAZ) TIMED AT 13:52:39,35.0,medium
mexico_city,2021,18,STR,race_control_message,WAVED BLUE FLAG FOR CAR 18 (STR) TIMED AT 13:52:52,35.0,medium
mexico_city,2021,18,OCO,race_control_message,WAVED BLUE FLAG FOR CAR 31 (OCO) TIMED AT 13:53:18,35.0,medium
mexico_city,2021,18,RUS,race_control_message,WAVED BLUE FLAG FOR CAR 63 (RUS) TIMED AT 13:53:55,36.0,medium
mexico_city,2021,18,MAZ,race_control_message,WAVED BLUE FLAG FOR CAR 9 (MAZ) TIMED AT 13:56:13,38.0,medium
mexico_city,2021,18,OCO,race_control_message,WAVED BLUE FLAG FOR CAR 31 (OCO) TIMED AT 13:57:01,38.0,medium
mexico_city,2021,18,MAZ,race_control_message,WAVED BLUE FLAG FOR CAR 9 (MAZ) TIMED AT 13:57:04,38.0,medium
mexico_city,2021,18,LAT,race_control_message,WAVED BLUE FLAG FOR CAR 6 (LAT) TIMED AT 13:57:19,38.0,medium
mexico_city,2021,18,GIO,race_control_message,WAVED BLUE FLAG FOR CAR 99 (GIO) TIMED AT 13:57:22,38.0,medium
mexico_city,2021,18,RUS,race_control_message,WAVED BLUE FLAG FOR CAR 63 (RUS) TIMED AT 13:57:37,39.0,medium
mexico_city,2021,18,LAT,race_control_message,WAVED BLUE FLAG FOR CAR 6 (LAT) TIMED AT 13:58:27,39.0,medium
mexico_city,2021,18,GIO,race_control_message,WAVED BLUE FLAG FOR CAR 99 (GIO) TIMED AT 13:59:45,40.0,medium
mexico_city,2021,18,RUS,race_control_message,WAVED BLUE FLAG FOR CAR 63 (RUS) TIMED AT 14:00:47,41.0,medium
mexico_city,2021,18,OCO,race_control_message,WAVED BLUE FLAG FOR CAR 31 (OCO) TIMED AT 14:02:01,42.0,medium
mexico_city,2021,18,BOT,race_control_message,WAVED BLUE FLAG FOR CAR 77 (BOT) TIMED AT 14:02:23,42.0,medium
mexico_city,2021,18,MAZ,race_control_message,WAVED BLUE FLAG FOR CAR 9 (MAZ) TIMED AT 14:02:40,42.0,medium
mexico_city,2021,18,RIC,race_control_message,WAVED BLUE FLAG FOR CAR 3 (RIC) TIMED AT 14:04:21,44.0,medium
mexico_city,2021,18,STR,race_control_message,WAVED BLUE FLAG FOR CAR 18 (STR) TIMED AT 14:04:48,44.0,medium
mexico_city,2021,18,GIO,race_control_message,WAVED BLUE FLAG FOR CAR 99 (GIO) TIMED AT 14:05:19,44.0,medium
mexico_city,2021,18,MAZ,race_control_message,WAVED BLUE FLAG FOR CAR 9 (MAZ) TIMED AT 14:05:29,44.0,medium
mexico_city,2021,18,MAZ,race_control_message,WAVED BLUE FLAG FOR CAR 9 (MAZ) TIMED AT 14:09:07,47.0,medium
mexico_city,2021,18,GIO,race_control_message,WAVED BLUE FLAG FOR CAR 99 (GIO) TIMED AT 14:09:32,47.0,medium
mexico_city,2021,18,LAT,race_control_message,WAVED BLUE FLAG FOR CAR 6 (LAT) TIMED AT 14:10:05,48.0,medium
mexico_city,2021,18,ALO,race_control_message,WAVED BLUE FLAG FOR CAR 14 (ALO) TIMED AT 14:10:40,48.0,medium
mexico_city,2021,18,MAZ,race_control_message,WAVED BLUE FLAG FOR CAR 9 (MAZ) TIMED AT 14:11:03,49.0,medium
mexico_city,2021,18,LAT,race_control_message,WAVED BLUE FLAG FOR CAR 6 (LAT) TIMED AT 14:11:31,49.0,medium
mexico_city,2021,18,MAZ,race_control_message,WAVED BLUE FLAG FOR CAR 9 (MAZ) TIMED AT 14:12:40,50.0,medium
mexico_city,2021,18,RUS,race_control_message,WAVED BLUE FLAG FOR CAR 63 (RUS) TIMED AT 14:12:56,50.0,medium
mexico_city,2021,18,MAZ,race_control_message,WAVED BLUE FLAG FOR CAR 9 (MAZ) TIMED AT 14:13:32,50.0,medium
mexico_city,2021,18,MAZ,race_control_message,WAVED BLUE FLAG FOR CAR 9 (MAZ) TIMED AT 14:13:54,51.0,medium
mexico_city,2021,18,LAT,race_control_message,WAVED BLUE FLAG FOR CAR 6 (LAT) TIMED AT 14:14:41,51.0,medium
mexico_city,2021,18,MAZ,race_control_message,WAVED BLUE FLAG FOR CAR 9 (MAZ) TIMED AT 14:16:59,53.0,medium
mexico_city,2021,18,STR,race_control_message,WAVED BLUE FLAG FOR CAR 18 (STR) TIMED AT 14:18:16,54.0,medium
mexico_city,2021,18,STR,race_control_message,WAVED BLUE FLAG FOR CAR 18 (STR) TIMED AT 14:18:59,55.0,medium
mexico_city,2021,18,RUS,race_control_message,WAVED BLUE FLAG FOR CAR 63 (RUS) TIMED AT 14:19:06,55.0,medium
mexico_city,2021,18,RUS,race_control_message,WAVED BLUE FLAG FOR CAR 63 (RUS) TIMED AT 14:19:26,55.0,medium
mexico_city,2021,18,MAZ,race_control_message,WAVED BLUE FLAG FOR CAR 9 (MAZ) TIMED AT 14:20:27,56.0,medium
mexico_city,2021,18,RAI,race_control_message,WAVED BLUE FLAG FOR CAR 7 (RAI) TIMED AT 14:20:38,56.0,medium
mexico_city,2021,18,HAM,race_control_message,CAR 44 (HAM) OFF TRACK AND CONTINUED AT TURN 12,58.0,medium
mexico_city,2021,18,VET,race_control_message,WAVED BLUE FLAG FOR CAR 5 (VET) TIMED AT 14:24:38,59.0,medium
mexico_city,2021,18,MAZ,race_control_message,WAVED BLUE FLAG FOR CAR 9 (MAZ) TIMED AT 14:24:42,59.0,medium
mexico_city,2021,18,MAZ,race_control_message,WAVED BLUE FLAG FOR CAR 9 (MAZ) TIMED AT 14:25:55,60.0,medium
mexico_city,2021,18,RUS,race_control_message,WAVED BLUE FLAG FOR CAR 63 (RUS) TIMED AT 14:26:07,60.0,medium
mexico_city,2021,18,RUS,race_control_message,WAVED BLUE FLAG FOR CAR 63 (RUS) TIMED AT 14:26:48,60.0,medium
mexico_city,2021,18,MAZ,race_control_message,WAVED BLUE FLAG FOR CAR 9 (MAZ) TIMED AT 14:27:42,61.0,medium
mexico_city,2021,18,GAS,race_control_message,CAR 10 (GAS) OFF TRACK AND CONTINUED AT TURN 12,61.0,medium
mexico_city,2021,18,RUS,race_control_message,WAVED BLUE FLAG FOR CAR 63 (RUS) TIMED AT 14:28:39,62.0,medium
mexico_city,2021,18,NOR,race_control_message,WAVED BLUE FLAG FOR CAR 4 (NOR) TIMED AT 14:28:44,62.0,medium
mexico_city,2021,18,STR,race_control_message,WAVED BLUE FLAG FOR CAR 18 (STR) TIMED AT 14:31:19,64.0,medium
mexico_city,2021,18,ALO,race_control_message,WAVED BLUE FLAG FOR CAR 14 (ALO) TIMED AT 14:32:00,64.0,medium
mexico_city,2021,18,OCO,race_control_message,WAVED BLUE FLAG FOR CAR 31 (OCO) TIMED AT 14:32:05,64.0,medium
mexico_city,2021,18,RUS,race_control_message,WAVED BLUE FLAG FOR CAR 63 (RUS) TIMED AT 14:32:12,64.0,medium
mexico_city,2021,18,RUS,race_control_message,WAVED BLUE FLAG FOR CAR 63 (RUS) TIMED AT 14:32:49,65.0,medium
mexico_city,2021,18,ALO,race_control_message,WAVED BLUE FLAG FOR CAR 14 (ALO) TIMED AT 14:32:51,65.0,medium
mexico_city,2021,18,RUS,race_control_message,WAVED BLUE FLAG FOR CAR 63 (RUS) TIMED AT 14:32:59,65.0,medium
mexico_city,2021,18,ALO,race_control_message,WAVED BLUE FLAG FOR CAR 14 (ALO) TIMED AT 14:33:28,65.0,medium
mexico_city,2021,18,RUS,race_control_message,WAVED BLUE FLAG FOR CAR 63 (RUS) TIMED AT 14:33:45,66.0,medium
mexico_city,2021,18,BOT,race_control_message,WAVED BLUE FLAG FOR CAR 77 (BOT) TIMED AT 14:33:46,66.0,medium
mexico_city,2021,18,BOT,race_control_message,WAVED BLUE FLAG FOR CAR 77 (BOT) TIMED AT 14:36:29,68.0,medium
mexico_city,2021,18,BOT,race_control_message,WAVED BLUE FLAG FOR CAR 77 (BOT) TIMED AT 14:37:00,68.0,medium
mexico_city,2021,18,BOT,race_control_message,WAVED BLUE FLAG FOR CAR 77 (BOT) TIMED AT 14:37:51,69.0,medium
mexico_city,2021,18,SAI,race_control_message,WAVED BLUE FLAG FOR CAR 55 (SAI) TIMED AT 14:40:05,70.0,medium
mexico_city,2021,18,LEC,race_control_message,WAVED BLUE FLAG FOR CAR 16 (LEC) TIMED AT 14:41:40,71.0,medium
mexico_city,2022,20,LAT,race_control_message,WAVED BLUE FLAG FOR CAR 6 (LAT) TIMED AT 14:43:07,29.0,medium
mexico_city,2022,20,LAT,race_control_message,WAVED BLUE FLAG FOR CAR 6 (LAT) TIMED AT 14:46:05,31.0,medium
mexico_city,2022,20,LAT,race_control_message,WAVED BLUE FLAG FOR CAR 6 (LAT) TIMED AT 14:46:21,32.0,medium
mexico_city,2022,20,MSC,race_control_message,WAVED BLUE FLAG FOR CAR 47 (MSC) TIMED AT 14:48:37,33.0,medium
mexico_city,2022,20,MAG,race_control_message,WAVED BLUE FLAG FOR CAR 20 (MAG) TIMED AT 14:50:11,34.0,medium
mexico_city,2022,20,MSC,race_control_message,WAVED BLUE FLAG FOR CAR 47 (MSC) TIMED AT 14:51:55,35.0,medium
mexico_city,2022,20,MSC,race_control_message,WAVED BLUE FLAG FOR CAR 47 (MSC) TIMED AT 14:52:19,36.0,medium
mexico_city,2022,20,MAG,race_control_message,WAVED BLUE FLAG FOR CAR 20 (MAG) TIMED AT 14:53:57,37.0,medium
mexico_city,2022,20,STR,race_control_message,WAVED BLUE FLAG FOR CAR 18 (STR) TIMED AT 14:55:33,38.0,medium
mexico_city,2022,20,MSC,race_control_message,WAVED BLUE FLAG FOR CAR 47 (MSC) TIMED AT 14:56:11,39.0,medium
mexico_city,2022,20,MAG,race_control_message,WAVED BLUE FLAG FOR CAR 20 (MAG) TIMED AT 14:57:26,40.0,medium
mexico_city,2022,20,VET,race_control_message,WAVED BLUE FLAG FOR CAR 5 (VET) TIMED AT 14:59:11,41.0,medium
mexico_city,2022,20,VET,race_control_message,WAVED BLUE FLAG FOR CAR 5 (VET) TIMED AT 14:59:37,41.0,medium
mexico_city,2022,20,STR,race_control_message,WAVED BLUE FLAG FOR CAR 18 (STR) TIMED AT 14:59:55,41.0,medium
mexico_city,2022,20,LAT,race_control_message,WAVED BLUE FLAG FOR CAR 6 (LAT) TIMED AT 15:01:49,43.0,medium
mexico_city,2022,20,LAT,race_control_message,WAVED BLUE FLAG FOR CAR 6 (LAT) TIMED AT 15:03:12,44.0,medium
mexico_city,2022,20,MAG,race_control_message,WAVED BLUE FLAG FOR CAR 20 (MAG) TIMED AT 15:04:31,45.0,medium
mexico_city,2022,20,TSU,race_control_message,WAVED BLUE FLAG FOR CAR 22 (TSU) TIMED AT 15:05:02,45.0,medium
mexico_city,2022,20,ALB,race_control_message,WAVED BLUE FLAG FOR CAR 23 (ALB) TIMED AT 15:06:03,46.0,medium
mexico_city,2022,20,ALB,race_control_message,WAVED BLUE FLAG FOR CAR 23 (ALB) TIMED AT 15:06:25,46.0,medium
mexico_city,2022,20,NOR,race_control_message,WAVED BLUE FLAG FOR CAR 4 (NOR) TIMED AT 15:06:54,46.0,medium
mexico_city,2022,20,MAG,race_control_message,WAVED BLUE FLAG FOR CAR 20 (MAG) TIMED AT 15:07:28,47.0,medium
mexico_city,2022,20,VET,race_control_message,WAVED BLUE FLAG FOR CAR 5 (VET) TIMED AT 15:09:44,48.0,medium
mexico_city,2022,20,BOT,race_control_message,WAVED BLUE FLAG FOR CAR 77 (BOT) TIMED AT 15:10:41,49.0,medium
mexico_city,2022,20,OCO,race_control_message,WAVED BLUE FLAG FOR CAR 31 (OCO) TIMED AT 15:11:57,50.0,medium
mexico_city,2022,20,RIC,race_control_message,WAVED BLUE FLAG FOR CAR 3 (RIC) TIMED AT 15:13:27,51.0,medium
mexico_city,2022,20,RIC,race_control_message,WAVED BLUE FLAG FOR CAR 3 (RIC) TIMED AT 15:13:49,51.0,medium
mexico_city,2022,20,MSC,race_control_message,WAVED BLUE FLAG FOR CAR 47 (MSC) TIMED AT 15:16:57,54.0,medium
mexico_city,2022,20,NOR,race_control_message,WAVED BLUE FLAG FOR CAR 4 (NOR) TIMED AT 15:18:43,55.0,medium
mexico_city,2022,20,ALO,race_control_message,WAVED BLUE FLAG FOR CAR 14 (ALO) TIMED AT 15:19:07,55.0,medium
mexico_city,2022,20,MSC,race_control_message,WAVED BLUE FLAG FOR CAR 47 (MSC) TIMED AT 15:19:13,55.0,medium
mexico_city,2022,20,NOR,race_control_message,WAVED BLUE FLAG FOR CAR 4 (NOR) TIMED AT 15:19:20,55.0,medium
mexico_city,2022,20,LAT,race_control_message,WAVED BLUE FLAG FOR CAR 6 (LAT) TIMED AT 15:20:33,56.0,medium
mexico_city,2022,20,BOT,race_control_message,WAVED BLUE FLAG FOR CAR 77 (BOT) TIMED AT 15:20:41,56.0,medium
mexico_city,2022,20,NOR,race_control_message,WAVED BLUE FLAG FOR CAR 4 (NOR) TIMED AT 15:20:48,56.0,medium
mexico_city,2022,20,BOT,race_control_message,WAVED BLUE FLAG FOR CAR 77 (BOT) TIMED AT 15:21:15,57.0,medium
mexico_city,2022,20,BOT,race_control_message,WAVED BLUE FLAG FOR CAR 77 (BOT) TIMED AT 15:23:44,59.0,medium
mexico_city,2022,20,OCO,race_control_message,WAVED BLUE FLAG FOR CAR 31 (OCO) TIMED AT 15:24:05,59.0,medium
mexico_city,2022,20,OCO,race_control_message,WAVED BLUE FLAG FOR CAR 31 (OCO) TIMED AT 15:24:37,59.0,medium
mexico_city,2022,20,ALO,race_control_message,WAVED BLUE FLAG FOR CAR 14 (ALO) TIMED AT 15:25:15,60.0,medium
mexico_city,2022,20,ALO,race_control_message,WAVED BLUE FLAG FOR CAR 14 (ALO) TIMED AT 15:25:41,60.0,medium
mexico_city,2022,20,ALO,race_control_message,WAVED BLUE FLAG FOR CAR 14 (ALO) TIMED AT 15:27:36,61.0,medium
mexico_city,2022,20,STR,race_control_message,WAVED BLUE FLAG FOR CAR 18 (STR) TIMED AT 15:28:06,62.0,medium
mexico_city,2022,20,OCO,race_control_message,WAVED BLUE FLAG FOR CAR 31 (OCO) TIMED AT 15:28:21,62.0,medium
mexico_city,2022,20,LAT,race_control_message,WAVED BLUE FLAG FOR CAR 6 (LAT) TIMED AT 15:31:07,64.0,medium
mexico_city,2022,20,LAT,race_control_message,WAVED BLUE FLAG FOR CAR 6 (LAT) TIMED AT 15:31:13,64.0,medium
mexico_city,2022,20,ALO,race_control_message,CAR 14 (ALO) STOPPED AT TURN 1,66.0,medium
mexico_city,2022,20,VET,race_control_message,WAVED BLUE FLAG FOR CAR 5 (VET) TIMED AT 15:40:17,70.0,medium
mexico_city,2022,20,LAT,race_control_message,WAVED BLUE FLAG FOR CAR 6 (LAT) TIMED AT 15:40:52,71.0,medium
mexico_city,2022,20,STR,race_control_message,WAVED BLUE FLAG FOR CAR 18 (STR) TIMED AT 15:41:10,71.0,medium
mexico_city,2022,20,STR,race_control_message,WAVED BLUE FLAG FOR CAR 18 (STR) TIMED AT 15:41:40,71.0,medium
mexico_city,2022,20,LAT,race_control_message,WAVED BLUE FLAG FOR CAR 6 (LAT) TIMED AT 15:42:17,71.0,medium
mexico_city,2023,19,TSU,race_control_message,CAR 22 (TSU) OFF TRACK AND CONTINUED AT TURN 1,49.0,medium
mexico_city,2024,20,COL,race_control_message,WAVED BLUE FLAG FOR CAR 43 (COL) TIMED AT 15:13:52,49.0,medium
mexico_city,2024,20,OCO,race_control_message,WAVED BLUE FLAG FOR CAR 31 (OCO) TIMED AT 15:14:56,49.0,medium
mexico_city,2024,20,LAW,race_control_message,WAVED BLUE FLAG FOR CAR 30 (LAW) TIMED AT 15:18:00,52.0,medium
mexico_city,2024,20,STR,race_control_message,WAVED BLUE FLAG FOR CAR 18 (STR) TIMED AT 15:19:24,53.0,medium
mexico_city,2024,20,LAW,race_control_message,WAVED BLUE FLAG FOR CAR 30 (LAW) TIMED AT 15:23:32,56.0,medium
mexico_city,2024,20,COL,race_control_message,WAVED BLUE FLAG FOR CAR 43 (COL) TIMED AT 15:23:38,56.0,medium
mexico_city,2024,20,COL,race_control_message,WAVED BLUE FLAG FOR CAR 43 (COL) TIMED AT 15:24:01,56.0,medium
mexico_city,2024,20,LAW,race_control_message,WAVED BLUE FLAG FOR CAR 30 (LAW) TIMED AT 15:25:45,58.0,medium
mexico_city,2024,20,STR,race_control_message,WAVED BLUE FLAG FOR CAR 18 (STR) TIMED AT 15:26:10,58.0,medium
mexico_city,2024,20,STR,race_control_message,WAVED BLUE FLAG FOR CAR 18 (STR) TIMED AT 15:27:05,59.0,medium
mexico_city,2024,20,GAS,race_control_message,WAVED BLUE FLAG FOR CAR 10 (GAS) TIMED AT 15:27:34,59.0,medium
mexico_city,2024,20,GAS,race_control_message,WAVED BLUE FLAG FOR CAR 10 (GAS) TIMED AT 15:27:47,59.0,medium
mexico_city,2024,20,ZHO,race_control_message,WAVED BLUE FLAG FOR CAR 24 (ZHO) TIMED AT 15:27:48,59.0,medium
mexico_city,2024,20,ZHO,race_control_message,WAVED BLUE FLAG FOR CAR 24 (ZHO) TIMED AT 15:27:54,59.0,medium
mexico_city,2024,20,GAS,race_control_message,WAVED BLUE FLAG FOR CAR 10 (GAS) TIMED AT 15:34:56,64.0,medium
mexico_city,2024,20,GAS,race_control_message,WAVED BLUE FLAG FOR CAR 10 (GAS) TIMED AT 15:38:13,67.0,medium
mexico_city,2024,20,PER,race_control_message,WAVED BLUE FLAG FOR CAR 11 (PER) TIMED AT 15:38:38,67.0,medium
mexico_city,2024,20,PER,race_control_message,WAVED BLUE FLAG FOR CAR 11 (PER) TIMED AT 15:38:44,67.0,medium
mexico_city,2024,20,PER,race_control_message,WAVED BLUE FLAG FOR CAR 11 (PER) TIMED AT 15:39:03,67.0,medium
mexico_city,2024,20,ZHO,race_control_message,WAVED BLUE FLAG FOR CAR 24 (ZHO) TIMED AT 15:42:28,70.0,medium
mexico_city,2024,20,ZHO,race_control_message,WAVED BLUE FLAG FOR CAR 24 (ZHO) TIMED AT 15:42:38,70.0,medium
mexico_city,2024,20,ZHO,race_control_message,WAVED BLUE FLAG FOR CAR 24 (ZHO) TIMED AT 15:42:58,70.0,medium
mexico_city,2024,20,HUL,race_control_message,WAVED BLUE FLAG FOR CAR 27 (HUL) TIMED AT 15:43:52,71.0,medium
mexico_city,2024,20,LAW,race_control_message,WAVED BLUE FLAG FOR CAR 30 (LAW) TIMED AT 15:44:38,71.0,medium
mexico_city,2024,20,LAW,race_control_message,WAVED BLUE FLAG FOR CAR 30 (LAW) TIMED AT 15:45:02,71.0,medium
mexico_city,2024,20,BOT,race_control_message,WAVED BLUE FLAG FOR CAR 77 (BOT) TIMED AT 15:45:02,71.0,medium
mexico_city,2024,20,LAW,race_control_message,WAVED BLUE FLAG FOR CAR 30 (LAW) TIMED AT 15:45:09,71.0,medium
mexico_city,2024,20,LAW,race_control_message,WAVED BLUE FLAG FOR CAR 30 (LAW) TIMED AT 15:45:16,71.0,medium
mexico_city,2025,20,GAS,race_control_message,WAVED BLUE FLAG FOR CAR 10 (GAS) TIMED AT 14:53:55,37.0,medium
mexico_city,2025,20,COL,race_control_message,WAVED BLUE FLAG FOR CAR 43 (COL) TIMED AT 15:03:49,44.0,medium
mexico_city,2025,20,STR,race_control_message,WAVED BLUE FLAG FOR CAR 18 (STR) TIMED AT 15:11:53,50.0,medium
mexico_city,2025,20,STR,race_control_message,WAVED BLUE FLAG FOR CAR 18 (STR) TIMED AT 15:12:03,50.0,medium
mexico_city,2025,20,STR,race_control_message,WAVED BLUE FLAG FOR CAR 18 (STR) TIMED AT 15:12:16,51.0,medium
mexico_city,2025,20,GAS,race_control_message,WAVED BLUE FLAG FOR CAR 10 (GAS) TIMED AT 15:23:56,59.0,medium
mexico_city,2025,20,GAS,race_control_message,WAVED BLUE FLAG FOR CAR 10 (GAS) TIMED AT 15:27:52,62.0,medium
mexico_city,2025,20,ALB,race_control_message,WAVED BLUE FLAG FOR CAR 23 (ALB) TIMED AT 15:31:11,64.0,medium
mexico_city,2025,20,ALB,race_control_message,WAVED BLUE FLAG FOR CAR 23 (ALB) TIMED AT 15:31:33,65.0,medium
mexico_city,2025,20,HAD,race_control_message,WAVED BLUE FLAG FOR CAR 6 (HAD) TIMED AT 15:31:52,65.0,medium
mexico_city,2025,20,ALB,race_control_message,WAVED BLUE FLAG FOR CAR 23 (ALB) TIMED AT 15:31:57,65.0,medium
mexico_city,2025,20,COL,race_control_message,WAVED BLUE FLAG FOR CAR 43 (COL) TIMED AT 15:37:04,69.0,medium
mexico_city,2025,20,COL,race_control_message,WAVED BLUE FLAG FOR CAR 43 (COL) TIMED AT 15:37:20,69.0,medium
mexico_city,2025,20,COL,race_control_message,WAVED BLUE FLAG FOR CAR 43 (COL) TIMED AT 15:37:36,69.0,medium
mexico_city,2025,20,COL,race_control_message,WAVED BLUE FLAG FOR CAR 43 (COL) TIMED AT 15:37:49,69.0,medium
mexico_city,2025,20,GAS,race_control_message,WAVED BLUE FLAG FOR CAR 10 (GAS) TIMED AT 15:37:53,69.0,medium
monaco,2018,6,STR,race_control_message,WAVED BLUE FLAG FOR CAR 18 (STR) TIMED AT 15:25:38,10.0,medium
monaco,2018,6,STR,race_control_message,WAVED BLUE FLAG FOR CAR 18 (STR) TIMED AT 15:26:21,11.0,medium
monaco,2018,6,STR,race_control_message,WAVED BLUE FLAG FOR CAR 18 (STR) TIMED AT 15:27:08,12.0,medium
monaco,2018,6,STR,race_control_message,WAVED BLUE FLAG FOR CAR 18 (STR) TIMED AT 15:27:18,12.0,medium
monaco,2018,6,STR,race_control_message,WAVED BLUE FLAG FOR CAR 18 (STR) TIMED AT 15:27:31,12.0,medium
monaco,2018,6,STR,race_control_message,WAVED BLUE FLAG FOR CAR 18 (STR) TIMED AT 15:27:47,12.0,medium
monaco,2018,6,SIR,race_control_message,WAVED BLUE FLAG FOR CAR 35 (SIR) TIMED AT 15:32:57,16.0,medium
monaco,2018,6,STR,race_control_message,WAVED BLUE FLAG FOR CAR 18 (STR) TIMED AT 15:34:35,17.0,medium
monaco,2018,6,STR,race_control_message,WAVED BLUE FLAG FOR CAR 18 (STR) TIMED AT 15:37:05,19.0,medium
monaco,2018,6,STR,race_control_message,WAVED BLUE FLAG FOR CAR 18 (STR) TIMED AT 15:43:25,24.0,medium
monaco,2018,6,STR,race_control_message,WAVED BLUE FLAG FOR CAR 18 (STR) TIMED AT 15:44:30,25.0,medium
monaco,2018,6,STR,race_control_message,WAVED BLUE FLAG FOR CAR 18 (STR) TIMED AT 15:44:48,25.0,medium
monaco,2018,6,SIR,race_control_message,WAVED BLUE FLAG FOR CAR 35 (SIR) TIMED AT 15:50:37,29.0,medium
monaco,2018,6,STR,race_control_message,WAVED BLUE FLAG FOR CAR 18 (STR) TIMED AT 15:50:47,29.0,medium
monaco,2018,6,STR,race_control_message,WAVED BLUE FLAG FOR CAR 18 (STR) TIMED AT 15:51:44,30.0,medium
monaco,2018,6,STR,race_control_message,WAVED BLUE FLAG FOR CAR 18 (STR) TIMED AT 15:59:38,36.0,medium
monaco,2018,6,STR,race_control_message,WAVED BLUE FLAG FOR CAR 18 (STR) TIMED AT 16:10:59,45.0,medium
monaco,2018,6,SIR,race_control_message,WAVED BLUE FLAG FOR CAR 35 (SIR) TIMED AT 16:19:51,51.0,medium
monaco,2018,6,ALO,race_control_message,CAR 14 (ALO) STOPPED AT TURN 1,54.0,medium
monaco,2018,6,STR,race_control_message,WAVED BLUE FLAG FOR CAR 18 (STR) TIMED AT 16:32:42,61.0,medium
monaco,2018,6,STR,race_control_message,WAVED BLUE FLAG FOR CAR 18 (STR) TIMED AT 16:33:18,62.0,medium
monaco,2018,6,GRO,race_control_message,WAVED BLUE FLAG FOR CAR 8 (GRO) TIMED AT 16:42:16,69.0,medium
monaco,2018,6,GRO,race_control_message,WAVED BLUE FLAG FOR CAR 8 (GRO) TIMED AT 16:43:23,69.0,medium
monaco,2018,6,HAR,race_control_message,WAVED BLUE FLAG FOR CAR 28 (HAR) TIMED AT 16:47:05,72.0,medium
monaco,2018,6,LEC,race_control_message,CAR 16 (LEC) STOPPED AT TURN 11,73.0,medium
monaco,2018,6,VAN,race_control_message,WAVED BLUE FLAG FOR CAR 2 (VAN) TIMED AT 16:49:34,74.0,medium
monaco,2018,6,SIR,race_control_message,WAVED BLUE FLAG FOR CAR 35 (SIR) TIMED AT 16:51:11,75.0,medium
monaco,2019,6,LEC,race_control_message,WAVED BLUE FLAG FOR CAR 16 (LEC) TIMED AT 15:25:50,11.0,medium
monaco,2019,6,KUB,race_control_message,WAVED BLUE FLAG FOR CAR 88 (KUB) TIMED AT 16:08:05,41.0,medium
monaco,2019,6,KUB,race_control_message,WAVED BLUE FLAG FOR CAR 88 (KUB) TIMED AT 16:08:21,41.0,medium
monaco,2019,6,KUB,race_control_message,WAVED BLUE FLAG FOR CAR 88 (KUB) TIMED AT 16:08:27,42.0,medium
monaco,2019,6,KUB,race_control_message,WAVED BLUE FLAG FOR CAR 88 (KUB) TIMED AT 16:12:18,44.0,medium
monaco,2019,6,STR,race_control_message,WAVED BLUE FLAG FOR CAR 18 (STR) TIMED AT 16:13:29,45.0,medium
monaco,2019,6,KUB,race_control_message,WAVED BLUE FLAG FOR CAR 88 (KUB) TIMED AT 16:14:20,46.0,medium
monaco,2019,6,STR,race_control_message,WAVED BLUE FLAG FOR CAR 18 (STR) TIMED AT 16:16:26,48.0,medium
monaco,2019,6,RAI,race_control_message,WAVED BLUE FLAG FOR CAR 7 (RAI) TIMED AT 16:16:34,48.0,medium
monaco,2019,6,RUS,race_control_message,WAVED BLUE FLAG FOR CAR 63 (RUS) TIMED AT 16:17:00,48.0,medium
monaco,2019,6,STR,race_control_message,WAVED BLUE FLAG FOR CAR 18 (STR) TIMED AT 16:17:02,48.0,medium
monaco,2019,6,RUS,race_control_message,WAVED BLUE FLAG FOR CAR 63 (RUS) TIMED AT 16:17:07,48.0,medium
monaco,2019,6,RUS,race_control_message,WAVED BLUE FLAG FOR CAR 63 (RUS) TIMED AT 16:17:12,48.0,medium
monaco,2019,6,RUS,race_control_message,WAVED BLUE FLAG FOR CAR 63 (RUS) TIMED AT 16:17:48,49.0,medium
monaco,2019,6,KUB,race_control_message,WAVED BLUE FLAG FOR CAR 88 (KUB) TIMED AT 16:20:08,51.0,medium
monaco,2019,6,KUB,race_control_message,WAVED BLUE FLAG FOR CAR 88 (KUB) TIMED AT 16:21:00,51.0,medium
monaco,2019,6,KUB,race_control_message,WAVED BLUE FLAG FOR CAR 88 (KUB) TIMED AT 16:21:15,51.0,medium
monaco,2019,6,KUB,race_control_message,WAVED BLUE FLAG FOR CAR 88 (KUB) TIMED AT 16:21:21,51.0,medium
monaco,2019,6,GIO,race_control_message,WAVED BLUE FLAG FOR CAR 99 (GIO) TIMED AT 16:21:48,52.0,medium
monaco,2019,6,STR,race_control_message,WAVED BLUE FLAG FOR CAR 18 (STR) TIMED AT 16:22:09,52.0,medium
monaco,2019,6,KUB,race_control_message,WAVED BLUE FLAG FOR CAR 88 (KUB) TIMED AT 16:22:28,52.0,medium
monaco,2019,6,HUL,race_control_message,WAVED BLUE FLAG FOR CAR 27 (HUL) TIMED AT 16:25:28,55.0,medium
monaco,2019,6,RUS,race_control_message,WAVED BLUE FLAG FOR CAR 63 (RUS) TIMED AT 16:25:53,55.0,medium
monaco,2019,6,HUL,race_control_message,WAVED BLUE FLAG FOR CAR 27 (HUL) TIMED AT 16:25:57,55.0,medium
monaco,2019,6,PER,race_control_message,WAVED BLUE FLAG FOR CAR 11 (PER) TIMED AT 16:27:46,56.0,medium
monaco,2019,6,PER,race_control_message,WAVED BLUE FLAG FOR CAR 11 (PER) TIMED AT 16:28:00,57.0,medium
monaco,2019,6,RAI,race_control_message,WAVED BLUE FLAG FOR CAR 7 (RAI) TIMED AT 16:39:25,65.0,medium
monaco,2019,6,STR,race_control_message,WAVED BLUE FLAG FOR CAR 18 (STR) TIMED AT 16:43:02,68.0,medium
monaco,2019,6,RUS,race_control_message,WAVED BLUE FLAG FOR CAR 63 (RUS) TIMED AT 16:46:07,71.0,medium
monaco,2019,6,GIO,race_control_message,WAVED BLUE FLAG FOR CAR 99 (GIO) TIMED AT 16:48:19,72.0,medium
monaco,2019,6,GIO,race_control_message,WAVED BLUE FLAG FOR CAR 99 (GIO) TIMED AT 16:48:41,73.0,medium
monaco,2019,6,KUB,race_control_message,WAVED BLUE FLAG FOR CAR 88 (KUB) TIMED AT 16:50:50,74.0,medium
monaco,2019,6,KUB,race_control_message,WAVED BLUE FLAG FOR CAR 88 (KUB) TIMED AT 16:51:21,75.0,medium
monaco,2019,6,MAG,race_control_message,WAVED BLUE FLAG FOR CAR 20 (MAG) TIMED AT 16:52:41,76.0,medium
monaco,2019,6,MAG,race_control_message,WAVED BLUE FLAG FOR CAR 20 (MAG) TIMED AT 16:53:03,76.0,medium
monaco,2019,6,MAG,race_control_message,WAVED BLUE FLAG FOR CAR 20 (MAG) TIMED AT 16:53:17,76.0,medium
monaco,2019,6,HUL,race_control_message,WAVED BLUE FLAG FOR CAR 27 (HUL) TIMED AT 16:53:28,76.0,medium
monaco,2019,6,GIO,race_control_message,WAVED BLUE FLAG FOR CAR 99 (GIO) TIMED AT 16:53:59,77.0,medium
monaco,2019,6,GIO,race_control_message,WAVED BLUE FLAG FOR CAR 99 (GIO) TIMED AT 16:54:23,77.0,medium
monaco,2019,6,GIO,race_control_message,WAVED BLUE FLAG FOR CAR 99 (GIO) TIMED AT 16:54:51,77.0,medium
monaco,2019,6,KUB,race_control_message,WAVED BLUE FLAG FOR CAR 88 (KUB) TIMED AT 16:56:00,78.0,medium
monaco,2021,5,MAZ,race_control_message,BLACK AND WHITE FLAG FOR CAR 9 (MAZ) - TRACK LIMITS,13.0,medium
monaco,2021,5,NOR,race_control_message,BLACK AND WHITE FLAG FOR CAR 4 (NOR) - TRACK LIMITS,19.0,medium
monaco,2021,5,MAZ,race_control_message,WAVED BLUE FLAG FOR CAR 9 (MAZ) TIMED AT 15:31:23,23.0,medium
monaco,2021,5,MAZ,race_control_message,WAVED BLUE FLAG FOR CAR 9 (MAZ) TIMED AT 15:32:23,24.0,medium
monaco,2021,5,MAZ,race_control_message,WAVED BLUE FLAG FOR CAR 9 (MAZ) TIMED AT 15:33:37,25.0,medium
monaco,2021,5,MSC,race_control_message,WAVED BLUE FLAG FOR CAR 47 (MSC) TIMED AT 15:34:39,25.0,medium
monaco,2021,5,MAZ,race_control_message,WAVED BLUE FLAG FOR CAR 9 (MAZ) TIMED AT 15:34:40,25.0,medium
monaco,2021,5,MAZ,race_control_message,WAVED BLUE FLAG FOR CAR 9 (MAZ) TIMED AT 15:35:37,26.0,medium
monaco,2021,5,MSC,race_control_message,WAVED BLUE FLAG FOR CAR 47 (MSC) TIMED AT 15:35:55,26.0,medium
monaco,2021,5,MSC,race_control_message,WAVED BLUE FLAG FOR CAR 47 (MSC) TIMED AT 15:36:07,26.0,medium
monaco,2021,5,MSC,race_control_message,WAVED BLUE FLAG FOR CAR 47 (MSC) TIMED AT 15:36:44,27.0,medium
monaco,2021,5,MSC,race_control_message,WAVED BLUE FLAG FOR CAR 47 (MSC) TIMED AT 15:37:21,27.0,medium
monaco,2021,5,MSC,race_control_message,WAVED BLUE FLAG FOR CAR 47 (MSC) TIMED AT 15:37:47,28.0,medium
monaco,2021,5,MSC,race_control_message,WAVED BLUE FLAG FOR CAR 47 (MSC) TIMED AT 15:38:02,28.0,medium
monaco,2021,5,TSU,race_control_message,WAVED BLUE FLAG FOR CAR 22 (TSU) TIMED AT 15:39:06,29.0,medium
monaco,2021,5,LAT,race_control_message,WAVED BLUE FLAG FOR CAR 6 (LAT) TIMED AT 15:39:49,29.0,medium
monaco,2021,5,MSC,race_control_message,WAVED BLUE FLAG FOR CAR 47 (MSC) TIMED AT 15:40:21,30.0,medium
monaco,2021,5,RUS,race_control_message,WAVED BLUE FLAG FOR CAR 63 (RUS) TIMED AT 15:40:33,30.0,medium
monaco,2021,5,MSC,race_control_message,WAVED BLUE FLAG FOR CAR 47 (MSC) TIMED AT 15:40:36,30.0,medium
monaco,2021,5,MSC,race_control_message,WAVED BLUE FLAG FOR CAR 47 (MSC) TIMED AT 15:40:44,30.0,medium
monaco,2021,5,MSC,race_control_message,WAVED BLUE FLAG FOR CAR 47 (MSC) TIMED AT 15:41:54,31.0,medium
monaco,2021,5,MAZ,race_control_message,WAVED BLUE FLAG FOR CAR 9 (MAZ) TIMED AT 15:41:54,31.0,medium
monaco,2021,5,TSU,race_control_message,WAVED BLUE FLAG FOR CAR 22 (TSU) TIMED AT 15:42:16,31.0,medium
monaco,2021,5,LAT,race_control_message,WAVED BLUE FLAG FOR CAR 6 (LAT) TIMED AT 15:42:45,32.0,medium
monaco,2021,5,MAZ,race_control_message,WAVED BLUE FLAG FOR CAR 9 (MAZ) TIMED AT 15:42:50,32.0,medium
monaco,2021,5,MSC,race_control_message,WAVED BLUE FLAG FOR CAR 47 (MSC) TIMED AT 15:43:03,32.0,medium
monaco,2021,5,RUS,race_control_message,WAVED BLUE FLAG FOR CAR 63 (RUS) TIMED AT 15:43:33,32.0,medium
monaco,2021,5,RUS,race_control_message,WAVED BLUE FLAG FOR CAR 63 (RUS) TIMED AT 15:44:11,33.0,medium
monaco,2021,5,MSC,race_control_message,WAVED BLUE FLAG FOR CAR 47 (MSC) TIMED AT 15:44:12,33.0,medium
monaco,2021,5,RUS,race_control_message,WAVED BLUE FLAG FOR CAR 63 (RUS) TIMED AT 15:44:51,33.0,medium
monaco,2021,5,MSC,race_control_message,WAVED BLUE FLAG FOR CAR 47 (MSC) TIMED AT 15:45:14,34.0,medium
monaco,2021,5,RUS,race_control_message,WAVED BLUE FLAG FOR CAR 63 (RUS) TIMED AT 15:45:48,34.0,medium
monaco,2021,5,MAZ,race_control_message,WAVED BLUE FLAG FOR CAR 9 (MAZ) TIMED AT 15:48:25,36.0,medium
monaco,2021,5,TSU,race_control_message,WAVED BLUE FLAG FOR CAR 22 (TSU) TIMED AT 15:52:14,39.0,medium
monaco,2021,5,LAT,race_control_message,WAVED BLUE FLAG FOR CAR 6 (LAT) TIMED AT 15:52:50,39.0,medium
monaco,2021,5,MSC,race_control_message,WAVED BLUE FLAG FOR CAR 47 (MSC) TIMED AT 15:53:17,40.0,medium
monaco,2021,5,TSU,race_control_message,WAVED BLUE FLAG FOR CAR 22 (TSU) TIMED AT 15:53:44,40.0,medium
monaco,2021,5,MSC,race_control_message,WAVED BLUE FLAG FOR CAR 47 (MSC) TIMED AT 15:54:08,40.0,medium
monaco,2021,5,LAT,race_control_message,WAVED BLUE FLAG FOR CAR 6 (LAT) TIMED AT 15:54:14,41.0,medium
monaco,2021,5,MAZ,race_control_message,WAVED BLUE FLAG FOR CAR 9 (MAZ) TIMED AT 15:54:39,41.0,medium
monaco,2021,5,MSC,race_control_message,WAVED BLUE FLAG FOR CAR 47 (MSC) TIMED AT 15:54:50,41.0,medium
monaco,2021,5,MSC,race_control_message,BLACK AND WHITE FLAG FOR CAR 47 (MSC) - TRACK LIMITS,41.0,medium
monaco,2021,5,MSC,race_control_message,WAVED BLUE FLAG FOR CAR 47 (MSC) TIMED AT 15:55:19,41.0,medium
monaco,2021,5,MAZ,race_control_message,WAVED BLUE FLAG FOR CAR 9 (MAZ) TIMED AT 15:55:35,42.0,medium
monaco,2021,5,MSC,race_control_message,WAVED BLUE FLAG FOR CAR 47 (MSC) TIMED AT 15:56:15,42.0,medium
monaco,2021,5,TSU,race_control_message,WAVED BLUE FLAG FOR CAR 22 (TSU) TIMED AT 15:56:19,42.0,medium
monaco,2021,5,MAZ,race_control_message,WAVED BLUE FLAG FOR CAR 9 (MAZ) TIMED AT 15:56:31,42.0,medium
monaco,2021,5,LAT,race_control_message,WAVED BLUE FLAG FOR CAR 6 (LAT) TIMED AT 15:56:46,43.0,medium
monaco,2021,5,MAZ,race_control_message,WAVED BLUE FLAG FOR CAR 9 (MAZ) TIMED AT 15:58:35,44.0,medium
monaco,2021,5,RUS,race_control_message,WAVED BLUE FLAG FOR CAR 63 (RUS) TIMED AT 15:58:53,44.0,medium
monaco,2021,5,LAT,race_control_message,WAVED BLUE FLAG FOR CAR 6 (LAT) TIMED AT 15:59:55,45.0,medium
monaco,2021,5,MAZ,race_control_message,WAVED BLUE FLAG FOR CAR 9 (MAZ) TIMED AT 15:59:56,45.0,medium
monaco,2021,5,MAZ,race_control_message,WAVED BLUE FLAG FOR CAR 9 (MAZ) TIMED AT 16:00:30,45.0,medium
monaco,2021,5,RIC,race_control_message,WAVED BLUE FLAG FOR CAR 3 (RIC) TIMED AT 16:01:42,46.0,medium
monaco,2021,5,MAZ,race_control_message,WAVED BLUE FLAG FOR CAR 9 (MAZ) TIMED AT 16:01:50,47.0,medium
monaco,2021,5,RAI,race_control_message,WAVED BLUE FLAG FOR CAR 7 (RAI) TIMED AT 16:02:11,47.0,medium
monaco,2021,5,RIC,race_control_message,WAVED BLUE FLAG FOR CAR 3 (RIC) TIMED AT 16:02:24,47.0,medium
monaco,2021,5,RAI,race_control_message,WAVED BLUE FLAG FOR CAR 7 (RAI) TIMED AT 16:02:47,47.0,medium
monaco,2021,5,MAZ,race_control_message,WAVED BLUE FLAG FOR CAR 9 (MAZ) TIMED AT 16:02:53,47.0,medium
monaco,2021,5,TSU,race_control_message,WAVED BLUE FLAG FOR CAR 22 (TSU) TIMED AT 16:03:07,48.0,medium
monaco,2021,5,MAZ,race_control_message,WAVED BLUE FLAG FOR CAR 9 (MAZ) TIMED AT 16:03:09,48.0,medium
monaco,2021,5,MAZ,race_control_message,WAVED BLUE FLAG FOR CAR 9 (MAZ) TIMED AT 16:04:04,48.0,medium
monaco,2021,5,ALO,race_control_message,WAVED BLUE FLAG FOR CAR 14 (ALO) TIMED AT 16:04:27,49.0,medium
monaco,2021,5,ALO,race_control_message,WAVED BLUE FLAG FOR CAR 14 (ALO) TIMED AT 16:04:40,49.0,medium
monaco,2021,5,RIC,race_control_message,WAVED BLUE FLAG FOR CAR 3 (RIC) TIMED AT 16:08:06,52.0,medium
monaco,2021,5,RUS,race_control_message,WAVED BLUE FLAG FOR CAR 63 (RUS) TIMED AT 16:11:36,54.0,medium
monaco,2021,5,RUS,race_control_message,WAVED BLUE FLAG FOR CAR 63 (RUS) TIMED AT 16:14:51,57.0,medium
monaco,2021,5,RUS,race_control_message,WAVED BLUE FLAG FOR CAR 63 (RUS) TIMED AT 16:15:20,57.0,medium
monaco,2021,5,LAT,race_control_message,BLACK AND WHITE FLAG FOR CAR 6 (LAT) - TRACK LIMITS,59.0,medium
monaco,2021,5,GIO,race_control_message,WAVED BLUE FLAG FOR CAR 99 (GIO) TIMED AT 16:17:52,59.0,medium
monaco,2021,5,OCO,race_control_message,WAVED BLUE FLAG FOR CAR 31 (OCO) TIMED AT 16:18:25,60.0,medium
monaco,2021,5,GIO,race_control_message,WAVED BLUE FLAG FOR CAR 99 (GIO) TIMED AT 16:19:33,61.0,medium
monaco,2021,5,OCO,race_control_message,WAVED BLUE FLAG FOR CAR 31 (OCO) TIMED AT 16:20:07,61.0,medium
monaco,2021,5,MSC,race_control_message,WAVED BLUE FLAG FOR CAR 47 (MSC) TIMED AT 16:20:13,61.0,medium
monaco,2021,5,MAZ,race_control_message,WAVED BLUE FLAG FOR CAR 9 (MAZ) TIMED AT 16:20:24,61.0,medium
monaco,2021,5,RIC,race_control_message,WAVED BLUE FLAG FOR CAR 3 (RIC) TIMED AT 16:20:44,62.0,medium
monaco,2021,5,MAZ,race_control_message,WAVED BLUE FLAG FOR CAR 9 (MAZ) TIMED AT 16:21:17,62.0,medium
monaco,2021,5,MSC,race_control_message,WAVED BLUE FLAG FOR CAR 47 (MSC) TIMED AT 16:22:55,63.0,medium
monaco,2021,5,MAZ,race_control_message,WAVED BLUE FLAG FOR CAR 9 (MAZ) TIMED AT 16:23:49,64.0,medium
monaco,2021,5,RAI,race_control_message,WAVED BLUE FLAG FOR CAR 7 (RAI) TIMED AT 16:25:34,66.0,medium
monaco,2021,5,RAI,race_control_message,WAVED BLUE FLAG FOR CAR 7 (RAI) TIMED AT 16:25:40,66.0,medium
monaco,2021,5,STR,race_control_message,WAVED BLUE FLAG FOR CAR 18 (STR) TIMED AT 16:26:01,66.0,medium
monaco,2021,5,TSU,race_control_message,WAVED BLUE FLAG FOR CAR 22 (TSU) TIMED AT 16:26:03,66.0,medium
monaco,2021,5,GIO,race_control_message,WAVED BLUE FLAG FOR CAR 99 (GIO) TIMED AT 16:26:49,67.0,medium
monaco,2021,5,OCO,race_control_message,WAVED BLUE FLAG FOR CAR 31 (OCO) TIMED AT 16:27:13,67.0,medium
monaco,2021,5,MSC,race_control_message,WAVED BLUE FLAG FOR CAR 47 (MSC) TIMED AT 16:29:52,69.0,medium
monaco,2021,5,MSC,race_control_message,WAVED BLUE FLAG FOR CAR 47 (MSC) TIMED AT 16:30:05,69.0,medium
monaco,2021,5,MAZ,race_control_message,WAVED BLUE FLAG FOR CAR 9 (MAZ) TIMED AT 16:32:23,71.0,medium
monaco,2021,5,TSU,race_control_message,WAVED BLUE FLAG FOR CAR 22 (TSU) TIMED AT 16:34:06,72.0,medium
monaco,2021,5,LAT,race_control_message,WAVED BLUE FLAG FOR CAR 6 (LAT) TIMED AT 16:35:38,74.0,medium
monaco,2021,5,RUS,race_control_message,WAVED BLUE FLAG FOR CAR 63 (RUS) TIMED AT 16:37:15,75.0,medium
monaco,2021,5,TSU,race_control_message,BLACK AND WHITE FLAG FOR CAR 22 (TSU) - TRACK LIMITS,77.0,medium
monaco,2022,7,GAS,race_control_message,CAR 10 (GAS) MISSED THE APEX OF TURN 10,5.0,medium
monaco,2022,7,RUS,race_control_message,CAR 63 (RUS) MISSED THE APEX OF TURN 10,8.0,medium
monaco,2022,7,ZHO,race_control_message,CAR 24 (ZHO) MISSED THE APEX OF TURN 10,12.0,medium
monaco,2022,7,STR,race_control_message,CAR 18 (STR) MISSED THE APEX OF TURN 10,12.0,medium
monaco,2022,7,RUS,race_control_message,CAR 63 (RUS) MISSED THE APEX OF TURN 10,12.0,medium
monaco,2022,7,HAM,race_control_message,CAR 44 (HAM) MISSED THE APEX OF TURN 10,14.0,medium
monaco,2022,7,ALB,race_control_message,CAR 23 (ALB) MISSED THE APEX OF TURN 10,16.0,medium
monaco,2022,7,RUS,race_control_message,BLACK AND WHITE FLAG FOR CAR 63 (RUS) - TRACK LIMITS,19.0,medium
monaco,2022,7,ALB,race_control_message,BLACK AND WHITE FLAG FOR CAR 23 (ALB) - TRACK LIMITS,19.0,medium
monaco,2022,7,MSC,race_control_message,WAVED BLUE FLAG FOR CAR 47 (MSC) TIMED AT 16:37:04,19.0,medium
monaco,2022,7,ALB,race_control_message,WAVED BLUE FLAG FOR CAR 23 (ALB) TIMED AT 16:37:34,20.0,medium
monaco,2022,7,MAG,race_control_message,CAR 20 (MAG) MISSED THE APEX OF TURN 10,20.0,medium
monaco,2022,7,RIC,race_control_message,WAVED BLUE FLAG FOR CAR 3 (RIC) TIMED AT 16:39:03,21.0,medium
monaco,2022,7,ALO,race_control_message,CAR 14 (ALO) MISSED THE APEX OF TURN 10,22.0,medium
monaco,2022,7,LAT,race_control_message,WAVED BLUE FLAG FOR CAR 6 (LAT) TIMED AT 16:40:44,22.0,medium
monaco,2022,7,LAT,race_control_message,WAVED BLUE FLAG FOR CAR 6 (LAT) TIMED AT 16:41:27,22.0,medium
monaco,2022,7,LAT,race_control_message,WAVED BLUE FLAG FOR CAR 6 (LAT) TIMED AT 16:41:40,22.0,medium
monaco,2022,7,ALB,race_control_message,WAVED BLUE FLAG FOR CAR 23 (ALB) TIMED AT 16:42:52,23.0,medium
monaco,2022,7,ALB,race_control_message,WAVED BLUE FLAG FOR CAR 23 (ALB) TIMED AT 16:43:11,23.0,medium
monaco,2022,7,MSC,race_control_message,WAVED BLUE FLAG FOR CAR 47 (MSC) TIMED AT 16:43:23,23.0,medium
monaco,2022,7,MSC,race_control_message,WAVED BLUE FLAG FOR CAR 47 (MSC) TIMED AT 16:44:06,24.0,medium
monaco,2022,7,ALB,race_control_message,WAVED BLUE FLAG FOR CAR 23 (ALB) TIMED AT 16:44:23,24.0,medium
monaco,2022,7,LAT,race_control_message,WAVED BLUE FLAG FOR CAR 6 (LAT) TIMED AT 16:44:33,24.0,medium
monaco,2022,7,ZHO,race_control_message,WAVED BLUE FLAG FOR CAR 24 (ZHO) TIMED AT 16:44:49,24.0,medium
monaco,2022,7,ZHO,race_control_message,WAVED BLUE FLAG FOR CAR 24 (ZHO) TIMED AT 16:45:06,25.0,medium
monaco,2022,7,TSU,race_control_message,WAVED BLUE FLAG FOR CAR 22 (TSU) TIMED AT 16:46:59,26.0,medium
monaco,2022,7,STR,race_control_message,WAVED BLUE FLAG FOR CAR 18 (STR) TIMED AT 16:47:17,26.0,medium
monaco,2022,7,TSU,race_control_message,WAVED BLUE FLAG FOR CAR 22 (TSU) TIMED AT 16:47:18,26.0,medium
monaco,2022,7,STR,race_control_message,WAVED BLUE FLAG FOR CAR 18 (STR) TIMED AT 16:47:37,26.0,medium
monaco,2022,7,STR,race_control_message,WAVED BLUE FLAG FOR CAR 18 (STR) TIMED AT 17:15:39,31.0,medium
monaco,2022,7,ZHO,race_control_message,WAVED BLUE FLAG FOR CAR 24 (ZHO) TIMED AT 17:15:42,31.0,medium
monaco,2022,7,STR,race_control_message,WAVED BLUE FLAG FOR CAR 18 (STR) TIMED AT 17:15:50,31.0,medium
monaco,2022,7,ZHO,race_control_message,WAVED BLUE FLAG FOR CAR 24 (ZHO) TIMED AT 17:15:51,31.0,medium
monaco,2022,7,ZHO,race_control_message,WAVED BLUE FLAG FOR CAR 24 (ZHO) TIMED AT 17:15:53,31.0,medium
monaco,2022,7,ALB,race_control_message,WAVED BLUE FLAG FOR CAR 23 (ALB) TIMED AT 17:16:05,31.0,medium
monaco,2022,7,ALB,race_control_message,WAVED BLUE FLAG FOR CAR 23 (ALB) TIMED AT 17:16:09,31.0,medium
monaco,2022,7,ALB,race_control_message,WAVED BLUE FLAG FOR CAR 23 (ALB) TIMED AT 17:16:11,31.0,medium
monaco,2022,7,LAT,race_control_message,WAVED BLUE FLAG FOR CAR 6 (LAT) TIMED AT 17:16:12,31.0,medium
monaco,2022,7,ALB,race_control_message,WAVED BLUE FLAG FOR CAR 23 (ALB) TIMED AT 17:16:12,31.0,medium
monaco,2022,7,LAT,race_control_message,WAVED BLUE FLAG FOR CAR 6 (LAT) TIMED AT 17:16:13,31.0,medium
monaco,2022,7,ALB,race_control_message,WAVED BLUE FLAG FOR CAR 23 (ALB) TIMED AT 17:16:13,31.0,medium
monaco,2022,7,LAT,race_control_message,WAVED BLUE FLAG FOR CAR 6 (LAT) TIMED AT 17:16:14,31.0,medium
monaco,2022,7,ALB,race_control_message,WAVED BLUE FLAG FOR CAR 23 (ALB) TIMED AT 17:16:14,31.0,medium
monaco,2022,7,ALB,race_control_message,WAVED BLUE FLAG FOR CAR 23 (ALB) TIMED AT 17:16:15,31.0,medium
monaco,2022,7,LAT,race_control_message,WAVED BLUE FLAG FOR CAR 6 (LAT) TIMED AT 17:16:16,31.0,medium
monaco,2022,7,ALB,race_control_message,WAVED BLUE FLAG FOR CAR 23 (ALB) TIMED AT 17:16:16,31.0,medium
monaco,2022,7,LAT,race_control_message,WAVED BLUE FLAG FOR CAR 6 (LAT) TIMED AT 17:16:17,31.0,medium
monaco,2022,7,ALB,race_control_message,WAVED BLUE FLAG FOR CAR 23 (ALB) TIMED AT 17:16:54,31.0,medium
monaco,2022,7,TSU,race_control_message,CAR 22 (TSU) MISSED THE APEX OF TURN 10,45.0,medium
monaco,2022,7,SAI,race_control_message,CAR 55 (SAI) MISSED THE APEX OF TURN 10,48.0,medium
monaco,2022,7,ZHO,race_control_message,CAR 24 (ZHO) MISSED THE APEX OF TURN 10,50.0,medium
monaco,2022,7,ALB,race_control_message,WAVED BLUE FLAG FOR CAR 23 (ALB) TIMED AT 17:42:46,50.0,medium
monaco,2022,7,ALB,race_control_message,WAVED BLUE FLAG FOR CAR 23 (ALB) TIMED AT 17:42:51,50.0,medium
monaco,2022,7,ALB,race_control_message,WAVED BLUE FLAG FOR CAR 23 (ALB) TIMED AT 17:43:11,50.0,medium
monaco,2022,7,ALB,race_control_message,CAR 23 (ALB) MISSED THE APEX OF TURN 10,51.0,medium
monaco,2022,7,TSU,race_control_message,WAVED BLUE FLAG FOR CAR 22 (TSU) TIMED AT 17:52:23,58.0,medium
monaco,2022,7,TSU,race_control_message,WAVED BLUE FLAG FOR CAR 22 (TSU) TIMED AT 17:53:06,58.0,medium
monaco,2022,7,ZHO,race_control_message,WAVED BLUE FLAG FOR CAR 24 (ZHO) TIMED AT 17:56:04,60.0,medium
monaco,2022,7,ZHO,race_control_message,WAVED BLUE FLAG FOR CAR 24 (ZHO) TIMED AT 17:56:19,61.0,medium
monaco,2022,7,LAT,race_control_message,WAVED BLUE FLAG FOR CAR 6 (LAT) TIMED AT 17:57:18,61.0,medium
monaco,2022,7,ZHO,race_control_message,WAVED BLUE FLAG FOR CAR 24 (ZHO) TIMED AT 18:01:24,64.0,medium
monaco,2023,6,SAI,race_control_message,BLACK AND WHITE FLAG FOR CAR 55 (SAI) - CAUSING A COLLISION,17.0,medium
monaco,2023,6,ALB,race_control_message,WAVED BLUE FLAG FOR CAR 23 (ALB) TIMED AT 15:28:38,20.0,medium
monaco,2023,6,ZHO,race_control_message,WAVED BLUE FLAG FOR CAR 24 (ZHO) TIMED AT 15:39:07,28.0,medium
monaco,2023,6,ZHO,race_control_message,WAVED BLUE FLAG FOR CAR 24 (ZHO) TIMED AT 15:39:27,29.0,medium
monaco,2023,6,HUL,race_control_message,WAVED BLUE FLAG FOR CAR 27 (HUL) TIMED AT 15:41:10,30.0,medium
monaco,2023,6,PER,race_control_message,WAVED BLUE FLAG FOR CAR 11 (PER) TIMED AT 15:42:18,31.0,medium
monaco,2023,6,STR,race_control_message,WAVED BLUE FLAG FOR CAR 18 (STR) TIMED AT 15:43:02,31.0,medium
monaco,2023,6,MAG,race_control_message,WAVED BLUE FLAG FOR CAR 20 (MAG) TIMED AT 15:44:25,32.0,medium
monaco,2023,6,ALB,race_control_message,WAVED BLUE FLAG FOR CAR 23 (ALB) TIMED AT 15:45:54,34.0,medium
monaco,2023,6,ZHO,race_control_message,WAVED BLUE FLAG FOR CAR 24 (ZHO) TIMED AT 15:46:12,34.0,medium
monaco,2023,6,BOT,race_control_message,WAVED BLUE FLAG FOR CAR 77 (BOT) TIMED AT 15:46:57,34.0,medium
monaco,2023,6,HUL,race_control_message,WAVED BLUE FLAG FOR CAR 27 (HUL) TIMED AT 15:47:05,34.0,medium
monaco,2023,6,PER,race_control_message,WAVED BLUE FLAG FOR CAR 11 (PER) TIMED AT 15:47:18,35.0,medium
monaco,2023,6,PER,race_control_message,WAVED BLUE FLAG FOR CAR 11 (PER) TIMED AT 15:47:31,35.0,medium
monaco,2023,6,BOT,race_control_message,WAVED BLUE FLAG FOR CAR 77 (BOT) TIMED AT 15:47:32,35.0,medium
monaco,2023,6,DEV,race_control_message,WAVED BLUE FLAG FOR CAR 21 (DEV) TIMED AT 15:48:20,35.0,medium
monaco,2023,6,STR,race_control_message,WAVED BLUE FLAG FOR CAR 18 (STR) TIMED AT 15:49:02,36.0,medium
monaco,2023,6,MAG,race_control_message,WAVED BLUE FLAG FOR CAR 20 (MAG) TIMED AT 15:49:58,37.0,medium
monaco,2023,6,BOT,race_control_message,WAVED BLUE FLAG FOR CAR 77 (BOT) TIMED AT 15:52:42,39.0,medium
monaco,2023,6,SAR,race_control_message,WAVED BLUE FLAG FOR CAR 2 (SAR) TIMED AT 15:53:32,39.0,medium
monaco,2023,6,DEV,race_control_message,WAVED BLUE FLAG FOR CAR 21 (DEV) TIMED AT 15:53:48,40.0,medium
monaco,2023,6,STR,race_control_message,BLACK AND WHITE FLAG FOR CAR 18 (STR) - CAUSING A COLLISION,41.0,medium
monaco,2023,6,SAR,race_control_message,WAVED BLUE FLAG FOR CAR 2 (SAR) TIMED AT 15:55:03,41.0,medium
monaco,2023,6,SAR,race_control_message,WAVED BLUE FLAG FOR CAR 2 (SAR) TIMED AT 15:55:21,41.0,medium
monaco,2023,6,SAR,race_control_message,WAVED BLUE FLAG FOR CAR 2 (SAR) TIMED AT 16:00:56,45.0,medium
monaco,2023,6,PIA,race_control_message,WAVED BLUE FLAG FOR CAR 81 (PIA) TIMED AT 16:06:15,49.0,medium
monaco,2023,6,ALB,race_control_message,WAVED BLUE FLAG FOR CAR 23 (ALB) TIMED AT 16:07:32,50.0,medium
monaco,2023,6,SAR,race_control_message,WAVED BLUE FLAG FOR CAR 2 (SAR) TIMED AT 16:07:57,51.0,medium
monaco,2023,6,ZHO,race_control_message,WAVED BLUE FLAG FOR CAR 24 (ZHO) TIMED AT 16:08:09,51.0,medium
monaco,2023,6,PER,race_control_message,WAVED BLUE FLAG FOR CAR 11 (PER) TIMED AT 16:08:20,51.0,medium
monaco,2023,6,PER,race_control_message,WAVED BLUE FLAG FOR CAR 11 (PER) TIMED AT 16:09:02,52.0,medium
monaco,2023,6,PER,race_control_message,WAVED BLUE FLAG FOR CAR 11 (PER) TIMED AT 16:09:16,52.0,medium
monaco,2023,6,PER,race_control_message,WAVED BLUE FLAG FOR CAR 11 (PER) TIMED AT 16:09:28,52.0,medium
monaco,2023,6,HUL,race_control_message,WAVED BLUE FLAG FOR CAR 27 (HUL) TIMED AT 16:09:51,52.0,medium
monaco,2023,6,ALB,race_control_message,WAVED BLUE FLAG FOR CAR 23 (ALB) TIMED AT 16:10:20,52.0,medium
monaco,2023,6,ZHO,race_control_message,WAVED BLUE FLAG FOR CAR 24 (ZHO) TIMED AT 16:10:36,53.0,medium
monaco,2023,6,ALB,race_control_message,WAVED BLUE FLAG FOR CAR 23 (ALB) TIMED AT 16:10:39,53.0,medium
monaco,2023,6,PER,race_control_message,WAVED BLUE FLAG FOR CAR 11 (PER) TIMED AT 16:10:41,53.0,medium
monaco,2023,6,ALB,race_control_message,WAVED BLUE FLAG FOR CAR 23 (ALB) TIMED AT 16:10:44,53.0,medium
monaco,2023,6,ALB,race_control_message,WAVED BLUE FLAG FOR CAR 23 (ALB) TIMED AT 16:11:14,53.0,medium
monaco,2023,6,ZHO,race_control_message,WAVED BLUE FLAG FOR CAR 24 (ZHO) TIMED AT 16:11:18,53.0,medium
monaco,2023,6,ALB,race_control_message,WAVED BLUE FLAG FOR CAR 23 (ALB) TIMED AT 16:11:41,53.0,medium
monaco,2023,6,ZHO,race_control_message,WAVED BLUE FLAG FOR CAR 24 (ZHO) TIMED AT 16:12:35,54.0,medium
monaco,2023,6,MAG,race_control_message,WAVED BLUE FLAG FOR CAR 20 (MAG) TIMED AT 16:13:01,54.0,medium
monaco,2023,6,HUL,race_control_message,WAVED BLUE FLAG FOR CAR 27 (HUL) TIMED AT 16:13:22,54.0,medium
monaco,2023,6,ALB,race_control_message,BLACK AND WHITE FLAG FOR CAR 23 (ALB) - TRACK LIMITS,55.0,medium
monaco,2023,6,BOT,race_control_message,WAVED BLUE FLAG FOR CAR 77 (BOT) TIMED AT 16:13:33,55.0,medium
monaco,2023,6,HUL,race_control_message,WAVED BLUE FLAG FOR CAR 27 (HUL) TIMED AT 16:13:44,55.0,medium
monaco,2023,6,HUL,race_control_message,WAVED BLUE FLAG FOR CAR 27 (HUL) TIMED AT 16:14:07,55.0,medium
monaco,2023,6,DEV,race_control_message,WAVED BLUE FLAG FOR CAR 21 (DEV) TIMED AT 16:14:20,55.0,medium
monaco,2023,6,ZHO,race_control_message,WAVED BLUE FLAG FOR CAR 24 (ZHO) TIMED AT 16:14:43,55.0,medium
monaco,2023,6,BOT,race_control_message,WAVED BLUE FLAG FOR CAR 77 (BOT) TIMED AT 16:15:10,55.0,medium
monaco,2023,6,SAR,race_control_message,WAVED BLUE FLAG FOR CAR 2 (SAR) TIMED AT 16:15:11,55.0,medium
monaco,2023,6,MAG,race_control_message,WAVED BLUE FLAG FOR CAR 20 (MAG) TIMED AT 16:16:40,56.0,medium
monaco,2023,6,MAG,race_control_message,WAVED BLUE FLAG FOR CAR 20 (MAG) TIMED AT 16:17:11,56.0,medium
monaco,2023,6,ALB,race_control_message,WAVED BLUE FLAG FOR CAR 23 (ALB) TIMED AT 16:18:00,57.0,medium
monaco,2023,6,MAG,race_control_message,WAVED BLUE FLAG FOR CAR 20 (MAG) TIMED AT 16:18:05,57.0,medium
monaco,2023,6,ALB,race_control_message,WAVED BLUE FLAG FOR CAR 23 (ALB) TIMED AT 16:18:12,57.0,medium
monaco,2023,6,MAG,race_control_message,WAVED BLUE FLAG FOR CAR 20 (MAG) TIMED AT 16:18:25,57.0,medium
monaco,2023,6,MAG,race_control_message,WAVED BLUE FLAG FOR CAR 20 (MAG) TIMED AT 16:18:40,57.0,medium
monaco,2023,6,ALB,race_control_message,WAVED BLUE FLAG FOR CAR 23 (ALB) TIMED AT 16:18:50,57.0,medium
monaco,2023,6,MAG,race_control_message,BLACK AND WHITE FLAG FOR CAR 20 (MAG) - TRACK LIMITS,58.0,medium
monaco,2023,6,DEV,race_control_message,WAVED BLUE FLAG FOR CAR 21 (DEV) TIMED AT 16:20:08,58.0,medium
monaco,2023,6,ALO,race_control_message,BLACK AND WHITE FLAG FOR CAR 14 (ALO) - TRACK LIMITS,59.0,medium
monaco,2023,6,ZHO,race_control_message,WAVED BLUE FLAG FOR CAR 24 (ZHO) TIMED AT 16:21:14,59.0,medium
monaco,2023,6,MAG,race_control_message,WAVED BLUE FLAG FOR CAR 20 (MAG) TIMED AT 16:22:07,59.0,medium
monaco,2023,6,SAR,race_control_message,WAVED BLUE FLAG FOR CAR 2 (SAR) TIMED AT 16:30:57,64.0,medium
monaco,2023,6,SAR,race_control_message,WAVED BLUE FLAG FOR CAR 2 (SAR) TIMED AT 16:31:13,65.0,medium
monaco,2023,6,TSU,race_control_message,WAVED BLUE FLAG FOR CAR 22 (TSU) TIMED AT 16:31:57,65.0,medium
monaco,2023,6,ZHO,race_control_message,WAVED BLUE FLAG FOR CAR 24 (ZHO) TIMED AT 16:32:19,65.0,medium
monaco,2023,6,ZHO,race_control_message,WAVED BLUE FLAG FOR CAR 24 (ZHO) TIMED AT 16:32:54,66.0,medium
monaco,2023,6,ZHO,race_control_message,WAVED BLUE FLAG FOR CAR 24 (ZHO) TIMED AT 16:33:10,66.0,medium
monaco,2023,6,PER,race_control_message,BLACK AND WHITE FLAG FOR CAR 11 (PER) - TRACK LIMITS,66.0,medium
monaco,2023,6,SAR,race_control_message,WAVED BLUE FLAG FOR CAR 2 (SAR) TIMED AT 16:34:52,67.0,medium
monaco,2023,6,GAS,race_control_message,BLACK AND WHITE FLAG FOR CAR 10 (GAS) - TRACK LIMITS,68.0,medium
monaco,2023,6,DEV,race_control_message,WAVED BLUE FLAG FOR CAR 21 (DEV) TIMED AT 16:36:13,68.0,medium
monaco,2023,6,MAG,race_control_message,WAVED BLUE FLAG FOR CAR 20 (MAG) TIMED AT 16:36:47,68.0,medium
monaco,2023,6,SAR,race_control_message,WAVED BLUE FLAG FOR CAR 2 (SAR) TIMED AT 16:37:41,69.0,medium
monaco,2023,6,DEV,race_control_message,WAVED BLUE FLAG FOR CAR 21 (DEV) TIMED AT 16:37:41,69.0,medium
monaco,2023,6,DEV,race_control_message,WAVED BLUE FLAG FOR CAR 21 (DEV) TIMED AT 16:38:07,69.0,medium
monaco,2023,6,SAR,race_control_message,WAVED BLUE FLAG FOR CAR 2 (SAR) TIMED AT 16:38:15,69.0,medium
monaco,2023,6,TSU,race_control_message,WAVED BLUE FLAG FOR CAR 22 (TSU) TIMED AT 16:39:07,70.0,medium
monaco,2023,6,TSU,race_control_message,WAVED BLUE FLAG FOR CAR 22 (TSU) TIMED AT 16:39:19,70.0,medium
monaco,2023,6,MAG,race_control_message,WAVED BLUE FLAG FOR CAR 20 (MAG) TIMED AT 16:39:19,70.0,medium
monaco,2023,6,TSU,race_control_message,WAVED BLUE FLAG FOR CAR 22 (TSU) TIMED AT 16:39:25,70.0,medium
monaco,2023,6,MAG,race_control_message,WAVED BLUE FLAG FOR CAR 20 (MAG) TIMED AT 16:40:26,71.0,medium
monaco,2023,6,MAG,race_control_message,WAVED BLUE FLAG FOR CAR 20 (MAG) TIMED AT 16:41:10,71.0,medium
monaco,2023,6,MAG,race_control_message,WAVED BLUE FLAG FOR CAR 20 (MAG) TIMED AT 16:41:34,71.0,medium
monaco,2023,6,MAG,race_control_message,WAVED BLUE FLAG FOR CAR 20 (MAG) TIMED AT 16:41:52,72.0,medium
monaco,2023,6,HUL,race_control_message,WAVED BLUE FLAG FOR CAR 27 (HUL) TIMED AT 16:42:24,72.0,medium
monaco,2023,6,HUL,race_control_message,WAVED BLUE FLAG FOR CAR 27 (HUL) TIMED AT 16:43:10,72.0,medium
monaco,2023,6,SAR,race_control_message,WAVED BLUE FLAG FOR CAR 2 (SAR) TIMED AT 16:43:16,72.0,medium
monaco,2023,6,BOT,race_control_message,WAVED BLUE FLAG FOR CAR 77 (BOT) TIMED AT 16:43:34,73.0,medium
monaco,2023,6,MAG,race_control_message,WAVED BLUE FLAG FOR CAR 20 (MAG) TIMED AT 16:43:49,73.0,medium
monaco,2023,6,PER,race_control_message,WAVED BLUE FLAG FOR CAR 11 (PER) TIMED AT 16:43:50,73.0,medium
monaco,2023,6,MAG,race_control_message,WAVED BLUE FLAG FOR CAR 20 (MAG) TIMED AT 16:43:59,73.0,medium
monaco,2023,6,MAG,race_control_message,WAVED BLUE FLAG FOR CAR 20 (MAG) TIMED AT 16:44:34,73.0,medium
monaco,2023,6,HUL,race_control_message,WAVED BLUE FLAG FOR CAR 27 (HUL) TIMED AT 16:44:51,74.0,medium
monaco,2023,6,MAG,race_control_message,WAVED BLUE FLAG FOR CAR 20 (MAG) TIMED AT 16:45:11,74.0,medium
monaco,2023,6,SAR,race_control_message,WAVED BLUE FLAG FOR CAR 2 (SAR) TIMED AT 16:45:12,74.0,medium
monaco,2023,6,SAR,race_control_message,WAVED BLUE FLAG FOR CAR 2 (SAR) TIMED AT 16:45:51,74.0,medium
monaco,2023,6,SAR,race_control_message,WAVED BLUE FLAG FOR CAR 2 (SAR) TIMED AT 16:45:59,74.0,medium
monaco,2023,6,MAG,race_control_message,WAVED BLUE FLAG FOR CAR 20 (MAG) TIMED AT 16:46:14,74.0,medium
monaco,2023,6,MAG,race_control_message,WAVED BLUE FLAG FOR CAR 20 (MAG) TIMED AT 16:46:24,75.0,medium
monaco,2023,6,MAG,race_control_message,WAVED BLUE FLAG FOR CAR 20 (MAG) TIMED AT 16:46:37,75.0,medium
monaco,2023,6,MAG,race_control_message,WAVED BLUE FLAG FOR CAR 20 (MAG) TIMED AT 16:46:41,75.0,medium
monaco,2023,6,MAG,race_control_message,WAVED BLUE FLAG FOR CAR 20 (MAG) TIMED AT 16:47:10,75.0,medium
monaco,2023,6,HUL,race_control_message,WAVED BLUE FLAG FOR CAR 27 (HUL) TIMED AT 16:48:12,76.0,medium
monaco,2023,6,HUL,race_control_message,WAVED BLUE FLAG FOR CAR 27 (HUL) TIMED AT 16:48:38,76.0,medium
monaco,2023,6,PER,race_control_message,WAVED BLUE FLAG FOR CAR 11 (PER) TIMED AT 16:50:02,77.0,medium
monaco,2023,6,HUL,race_control_message,WAVED BLUE FLAG FOR CAR 27 (HUL) TIMED AT 16:50:12,77.0,medium
monaco,2023,6,PER,race_control_message,WAVED BLUE FLAG FOR CAR 11 (PER) TIMED AT 16:50:17,77.0,medium
monaco,2023,6,HUL,race_control_message,WAVED BLUE FLAG FOR CAR 27 (HUL) TIMED AT 16:50:21,77.0,medium
monaco,2023,6,TSU,race_control_message,WAVED BLUE FLAG FOR CAR 22 (TSU) TIMED AT 16:50:36,78.0,medium
monaco,2023,6,TSU,race_control_message,WAVED BLUE FLAG FOR CAR 22 (TSU) TIMED AT 16:51:07,78.0,medium
monaco,2023,6,SAR,race_control_message,WAVED BLUE FLAG FOR CAR 2 (SAR) TIMED AT 16:51:53,78.0,medium
monaco,2023,6,SAR,race_control_message,WAVED BLUE FLAG FOR CAR 2 (SAR) TIMED AT 16:52:01,78.0,medium
monaco,2024,8,BOT,race_control_message,WAVED BLUE FLAG FOR CAR 77 (BOT) TIMED AT 16:37:27,40.0,medium
monaco,2024,8,BOT,race_control_message,WAVED BLUE FLAG FOR CAR 77 (BOT) TIMED AT 16:37:37,41.0,medium
monaco,2024,8,BOT,race_control_message,WAVED BLUE FLAG FOR CAR 77 (BOT) TIMED AT 16:37:45,41.0,medium
monaco,2024,8,ZHO,race_control_message,WAVED BLUE FLAG FOR CAR 24 (ZHO) TIMED AT 16:38:22,41.0,medium
monaco,2024,8,ZHO,race_control_message,WAVED BLUE FLAG FOR CAR 24 (ZHO) TIMED AT 16:38:29,41.0,medium
monaco,2024,8,SAR,race_control_message,WAVED BLUE FLAG FOR CAR 2 (SAR) TIMED AT 16:38:35,41.0,medium
monaco,2024,8,ZHO,race_control_message,WAVED BLUE FLAG FOR CAR 24 (ZHO) TIMED AT 16:38:48,41.0,medium
monaco,2024,8,RIC,race_control_message,WAVED BLUE FLAG FOR CAR 3 (RIC) TIMED AT 16:38:54,42.0,medium
monaco,2024,8,SAR,race_control_message,WAVED BLUE FLAG FOR CAR 2 (SAR) TIMED AT 16:38:56,42.0,medium
monaco,2024,8,ALO,race_control_message,WAVED BLUE FLAG FOR CAR 14 (ALO) TIMED AT 16:39:32,42.0,medium
monaco,2024,8,RIC,race_control_message,WAVED BLUE FLAG FOR CAR 3 (RIC) TIMED AT 16:39:35,42.0,medium
monaco,2024,8,ALO,race_control_message,WAVED BLUE FLAG FOR CAR 14 (ALO) TIMED AT 16:39:57,42.0,medium
monaco,2024,8,STR,race_control_message,WAVED BLUE FLAG FOR CAR 18 (STR) TIMED AT 16:41:37,44.0,medium
monaco,2024,8,ZHO,race_control_message,WAVED BLUE FLAG FOR CAR 24 (ZHO) TIMED AT 16:49:00,49.0,medium
monaco,2024,8,ZHO,race_control_message,WAVED BLUE FLAG FOR CAR 24 (ZHO) TIMED AT 16:49:14,49.0,medium
monaco,2024,8,SAR,race_control_message,WAVED BLUE FLAG FOR CAR 2 (SAR) TIMED AT 16:49:29,50.0,medium
monaco,2024,8,BOT,race_control_message,WAVED BLUE FLAG FOR CAR 77 (BOT) TIMED AT 16:49:32,50.0,medium
monaco,2024,8,ZHO,race_control_message,WAVED BLUE FLAG FOR CAR 24 (ZHO) TIMED AT 16:49:37,50.0,medium
monaco,2024,8,SAR,race_control_message,WAVED BLUE FLAG FOR CAR 2 (SAR) TIMED AT 16:49:43,50.0,medium
monaco,2024,8,SAR,race_control_message,WAVED BLUE FLAG FOR CAR 2 (SAR) TIMED AT 16:49:59,50.0,medium
monaco,2024,8,GAS,race_control_message,WAVED BLUE FLAG FOR CAR 10 (GAS) TIMED AT 16:51:35,51.0,medium
monaco,2024,8,GAS,race_control_message,WAVED BLUE FLAG FOR CAR 10 (GAS) TIMED AT 16:52:00,52.0,medium
monaco,2024,8,GAS,race_control_message,WAVED BLUE FLAG FOR CAR 10 (GAS) TIMED AT 16:52:22,52.0,medium
monaco,2024,8,RIC,race_control_message,WAVED BLUE FLAG FOR CAR 3 (RIC) TIMED AT 16:53:05,52.0,medium
monaco,2024,8,ALO,race_control_message,WAVED BLUE FLAG FOR CAR 14 (ALO) TIMED AT 16:53:32,53.0,medium
monaco,2024,8,STR,race_control_message,WAVED BLUE FLAG FOR CAR 18 (STR) TIMED AT 16:55:33,54.0,medium
monaco,2024,8,ALB,race_control_message,WAVED BLUE FLAG FOR CAR 23 (ALB) TIMED AT 16:55:33,54.0,medium
monaco,2024,8,ZHO,race_control_message,WAVED BLUE FLAG FOR CAR 24 (ZHO) TIMED AT 16:55:54,55.0,medium
monaco,2024,8,ALB,race_control_message,WAVED BLUE FLAG FOR CAR 23 (ALB) TIMED AT 16:55:58,55.0,medium
monaco,2024,8,SAR,race_control_message,WAVED BLUE FLAG FOR CAR 2 (SAR) TIMED AT 16:56:00,55.0,medium
monaco,2024,8,STR,race_control_message,WAVED BLUE FLAG FOR CAR 18 (STR) TIMED AT 16:56:05,55.0,medium
monaco,2024,8,ZHO,race_control_message,WAVED BLUE FLAG FOR CAR 24 (ZHO) TIMED AT 16:56:23,55.0,medium
monaco,2024,8,TSU,race_control_message,WAVED BLUE FLAG FOR CAR 22 (TSU) TIMED AT 16:56:34,55.0,medium
monaco,2024,8,SAR,race_control_message,WAVED BLUE FLAG FOR CAR 2 (SAR) TIMED AT 16:56:35,55.0,medium
monaco,2024,8,TSU,race_control_message,WAVED BLUE FLAG FOR CAR 22 (TSU) TIMED AT 16:56:42,55.0,medium
monaco,2024,8,TSU,race_control_message,WAVED BLUE FLAG FOR CAR 22 (TSU) TIMED AT 16:56:50,55.0,medium
monaco,2024,8,BOT,race_control_message,WAVED BLUE FLAG FOR CAR 77 (BOT) TIMED AT 16:58:46,57.0,medium
monaco,2024,8,RIC,race_control_message,WAVED BLUE FLAG FOR CAR 3 (RIC) TIMED AT 16:59:03,57.0,medium
monaco,2024,8,ALO,race_control_message,WAVED BLUE FLAG FOR CAR 14 (ALO) TIMED AT 16:59:14,57.0,medium
monaco,2024,8,RIC,race_control_message,WAVED BLUE FLAG FOR CAR 3 (RIC) TIMED AT 17:00:07,58.0,medium
monaco,2024,8,ALO,race_control_message,WAVED BLUE FLAG FOR CAR 14 (ALO) TIMED AT 17:00:29,58.0,medium
monaco,2024,8,GAS,race_control_message,WAVED BLUE FLAG FOR CAR 10 (GAS) TIMED AT 17:03:02,60.0,medium
monaco,2024,8,GAS,race_control_message,WAVED BLUE FLAG FOR CAR 10 (GAS) TIMED AT 17:03:38,61.0,medium
monaco,2024,8,GAS,race_control_message,WAVED BLUE FLAG FOR CAR 10 (GAS) TIMED AT 17:05:23,62.0,medium
monaco,2024,8,ALB,race_control_message,WAVED BLUE FLAG FOR CAR 23 (ALB) TIMED AT 17:07:30,64.0,medium
monaco,2024,8,TSU,race_control_message,WAVED BLUE FLAG FOR CAR 22 (TSU) TIMED AT 17:07:49,64.0,medium
monaco,2024,8,ALB,race_control_message,WAVED BLUE FLAG FOR CAR 23 (ALB) TIMED AT 17:08:12,64.0,medium
monaco,2024,8,TSU,race_control_message,WAVED BLUE FLAG FOR CAR 22 (TSU) TIMED AT 17:08:28,64.0,medium
monaco,2024,8,SAR,race_control_message,WAVED BLUE FLAG FOR CAR 2 (SAR) TIMED AT 17:13:29,68.0,medium
monaco,2024,8,SAR,race_control_message,WAVED BLUE FLAG FOR CAR 2 (SAR) TIMED AT 17:13:39,68.0,medium
monaco,2024,8,ZHO,race_control_message,WAVED BLUE FLAG FOR CAR 24 (ZHO) TIMED AT 17:13:48,69.0,medium
monaco,2024,8,SAR,race_control_message,WAVED BLUE FLAG FOR CAR 2 (SAR) TIMED AT 17:14:44,69.0,medium
monaco,2024,8,ZHO,race_control_message,WAVED BLUE FLAG FOR CAR 24 (ZHO) TIMED AT 17:15:02,70.0,medium
monaco,2024,8,SAR,race_control_message,WAVED BLUE FLAG FOR CAR 2 (SAR) TIMED AT 17:15:03,70.0,medium
monaco,2024,8,SAR,race_control_message,WAVED BLUE FLAG FOR CAR 2 (SAR) TIMED AT 17:15:10,70.0,medium
monaco,2024,8,ZHO,race_control_message,WAVED BLUE FLAG FOR CAR 24 (ZHO) TIMED AT 17:15:18,70.0,medium
monaco,2024,8,ZHO,race_control_message,WAVED BLUE FLAG FOR CAR 24 (ZHO) TIMED AT 17:18:22,72.0,medium
monaco,2024,8,ZHO,race_control_message,WAVED BLUE FLAG FOR CAR 24 (ZHO) TIMED AT 17:18:39,72.0,medium
monaco,2024,8,ZHO,race_control_message,WAVED BLUE FLAG FOR CAR 24 (ZHO) TIMED AT 17:19:37,73.0,medium
monaco,2024,8,ZHO,race_control_message,WAVED BLUE FLAG FOR CAR 24 (ZHO) TIMED AT 17:20:15,74.0,medium
monaco,2024,8,STR,race_control_message,WAVED BLUE FLAG FOR CAR 18 (STR) TIMED AT 17:21:35,75.0,medium
monaco,2024,8,BOT,race_control_message,WAVED BLUE FLAG FOR CAR 77 (BOT) TIMED AT 17:22:08,75.0,medium
monaco,2024,8,RIC,race_control_message,WAVED BLUE FLAG FOR CAR 3 (RIC) TIMED AT 17:22:42,76.0,medium
monaco,2024,8,ALO,race_control_message,WAVED BLUE FLAG FOR CAR 14 (ALO) TIMED AT 17:23:10,76.0,medium
monaco,2024,8,STR,race_control_message,WAVED BLUE FLAG FOR CAR 18 (STR) TIMED AT 17:26:30,78.0,medium
monaco,2025,8,BEA,race_control_message,WAVED BLUE FLAG FOR CAR 87 (BEA) TIMED AT 15:37:55,26.0,medium
monaco,2025,8,STR,race_control_message,WAVED BLUE FLAG FOR CAR 18 (STR) TIMED AT 15:38:50,27.0,medium
monaco,2025,8,COL,race_control_message,WAVED BLUE FLAG FOR CAR 43 (COL) TIMED AT 15:39:42,28.0,medium
monaco,2025,8,HUL,race_control_message,WAVED BLUE FLAG FOR CAR 27 (HUL) TIMED AT 15:40:23,28.0,medium
monaco,2025,8,BOR,race_control_message,WAVED BLUE FLAG FOR CAR 5 (BOR) TIMED AT 15:40:39,28.0,medium
monaco,2025,8,BOR,race_control_message,WAVED BLUE FLAG FOR CAR 5 (BOR) TIMED AT 15:40:49,29.0,medium
monaco,2025,8,COL,race_control_message,WAVED BLUE FLAG FOR CAR 43 (COL) TIMED AT 15:41:00,29.0,medium
monaco,2025,8,COL,race_control_message,WAVED BLUE FLAG FOR CAR 43 (COL) TIMED AT 15:41:09,29.0,medium
monaco,2025,8,BEA,race_control_message,WAVED BLUE FLAG FOR CAR 87 (BEA) TIMED AT 15:41:54,29.0,medium
monaco,2025,8,STR,race_control_message,WAVED BLUE FLAG FOR CAR 18 (STR) TIMED AT 15:42:15,30.0,medium
monaco,2025,8,HUL,race_control_message,WAVED BLUE FLAG FOR CAR 27 (HUL) TIMED AT 15:42:44,30.0,medium
monaco,2025,8,BEA,race_control_message,WAVED BLUE FLAG FOR CAR 87 (BEA) TIMED AT 15:43:10,30.0,medium
monaco,2025,8,TSU,race_control_message,WAVED BLUE FLAG FOR CAR 22 (TSU) TIMED AT 15:43:19,31.0,medium
monaco,2025,8,ANT,race_control_message,WAVED BLUE FLAG FOR CAR 12 (ANT) TIMED AT 15:43:40,31.0,medium
monaco,2025,8,STR,race_control_message,WAVED BLUE FLAG FOR CAR 18 (STR) TIMED AT 15:43:54,31.0,medium
monaco,2025,8,RUS,race_control_message,WAVED BLUE FLAG FOR CAR 63 (RUS) TIMED AT 15:44:05,31.0,medium
monaco,2025,8,HUL,race_control_message,WAVED BLUE FLAG FOR CAR 27 (HUL) TIMED AT 15:44:26,31.0,medium
monaco,2025,8,TSU,race_control_message,WAVED BLUE FLAG FOR CAR 22 (TSU) TIMED AT 15:44:43,32.0,medium
monaco,2025,8,BEA,race_control_message,WAVED BLUE FLAG FOR CAR 87 (BEA) TIMED AT 15:44:46,32.0,medium
monaco,2025,8,BEA,race_control_message,WAVED BLUE FLAG FOR CAR 87 (BEA) TIMED AT 15:44:51,32.0,medium
monaco,2025,8,ANT,race_control_message,WAVED BLUE FLAG FOR CAR 12 (ANT) TIMED AT 15:45:00,32.0,medium
monaco,2025,8,STR,race_control_message,WAVED BLUE FLAG FOR CAR 18 (STR) TIMED AT 15:45:03,32.0,medium
monaco,2025,8,HUL,race_control_message,WAVED BLUE FLAG FOR CAR 27 (HUL) TIMED AT 15:45:25,32.0,medium
monaco,2025,8,BOR,race_control_message,WAVED BLUE FLAG FOR CAR 5 (BOR) TIMED AT 15:45:36,32.0,medium
monaco,2025,8,HUL,race_control_message,WAVED BLUE FLAG FOR CAR 27 (HUL) TIMED AT 15:45:37,32.0,medium
monaco,2025,8,RUS,race_control_message,WAVED BLUE FLAG FOR CAR 63 (RUS) TIMED AT 15:45:38,32.0,medium
monaco,2025,8,BEA,race_control_message,WAVED BLUE FLAG FOR CAR 87 (BEA) TIMED AT 15:45:49,33.0,medium
monaco,2025,8,TSU,race_control_message,WAVED BLUE FLAG FOR CAR 22 (TSU) TIMED AT 15:46:03,33.0,medium
monaco,2025,8,STR,race_control_message,WAVED BLUE FLAG FOR CAR 18 (STR) TIMED AT 15:46:05,33.0,medium
monaco,2025,8,SAI,race_control_message,WAVED BLUE FLAG FOR CAR 55 (SAI) TIMED AT 15:46:16,33.0,medium
monaco,2025,8,HUL,race_control_message,WAVED BLUE FLAG FOR CAR 27 (HUL) TIMED AT 15:46:22,33.0,medium
monaco,2025,8,ANT,race_control_message,WAVED BLUE FLAG FOR CAR 12 (ANT) TIMED AT 15:46:36,33.0,medium
monaco,2025,8,TSU,race_control_message,WAVED BLUE FLAG FOR CAR 22 (TSU) TIMED AT 15:46:44,33.0,medium
monaco,2025,8,COL,race_control_message,WAVED BLUE FLAG FOR CAR 43 (COL) TIMED AT 15:46:44,33.0,medium
monaco,2025,8,ANT,race_control_message,WAVED BLUE FLAG FOR CAR 12 (ANT) TIMED AT 15:47:00,33.0,medium
monaco,2025,8,ALB,race_control_message,WAVED BLUE FLAG FOR CAR 23 (ALB) TIMED AT 15:47:12,34.0,medium
monaco,2025,8,BOR,race_control_message,WAVED BLUE FLAG FOR CAR 5 (BOR) TIMED AT 15:47:14,34.0,medium
monaco,2025,8,RUS,race_control_message,WAVED BLUE FLAG FOR CAR 63 (RUS) TIMED AT 15:47:19,34.0,medium
monaco,2025,8,SAI,race_control_message,WAVED BLUE FLAG FOR CAR 55 (SAI) TIMED AT 15:47:41,34.0,medium
monaco,2025,8,LAW,race_control_message,WAVED BLUE FLAG FOR CAR 30 (LAW) TIMED AT 15:47:42,34.0,medium
monaco,2025,8,RUS,race_control_message,WAVED BLUE FLAG FOR CAR 63 (RUS) TIMED AT 15:47:49,34.0,medium
monaco,2025,8,LAW,race_control_message,WAVED BLUE FLAG FOR CAR 30 (LAW) TIMED AT 15:47:49,34.0,medium
monaco,2025,8,SAI,race_control_message,WAVED BLUE FLAG FOR CAR 55 (SAI) TIMED AT 15:47:52,34.0,medium
monaco,2025,8,SAI,race_control_message,WAVED BLUE FLAG FOR CAR 55 (SAI) TIMED AT 15:48:08,34.0,medium
monaco,2025,8,ALB,race_control_message,WAVED BLUE FLAG FOR CAR 23 (ALB) TIMED AT 15:48:19,35.0,medium
monaco,2025,8,BEA,race_control_message,WAVED BLUE FLAG FOR CAR 87 (BEA) TIMED AT 15:48:22,35.0,medium
monaco,2025,8,ALB,race_control_message,WAVED BLUE FLAG FOR CAR 23 (ALB) TIMED AT 15:48:46,35.0,medium
monaco,2025,8,STR,race_control_message,WAVED BLUE FLAG FOR CAR 18 (STR) TIMED AT 15:48:55,35.0,medium
monaco,2025,8,STR,race_control_message,WAVED BLUE FLAG FOR CAR 18 (STR) TIMED AT 15:49:09,35.0,medium
monaco,2025,8,STR,race_control_message,WAVED BLUE FLAG FOR CAR 18 (STR) TIMED AT 15:49:19,35.0,medium
monaco,2025,8,HUL,race_control_message,WAVED BLUE FLAG FOR CAR 27 (HUL) TIMED AT 15:50:11,36.0,medium
monaco,2025,8,HUL,race_control_message,WAVED BLUE FLAG FOR CAR 27 (HUL) TIMED AT 15:50:24,36.0,medium
monaco,2025,8,TSU,race_control_message,WAVED BLUE FLAG FOR CAR 22 (TSU) TIMED AT 15:50:41,36.0,medium
monaco,2025,8,LAW,race_control_message,WAVED BLUE FLAG FOR CAR 30 (LAW) TIMED AT 15:51:05,37.0,medium
monaco,2025,8,ANT,race_control_message,WAVED BLUE FLAG FOR CAR 12 (ANT) TIMED AT 15:51:07,37.0,medium
monaco,2025,8,LAW,race_control_message,WAVED BLUE FLAG FOR CAR 30 (LAW) TIMED AT 15:51:22,37.0,medium
monaco,2025,8,RUS,race_control_message,WAVED BLUE FLAG FOR CAR 63 (RUS) TIMED AT 15:51:28,37.0,medium
monaco,2025,8,LAW,race_control_message,WAVED BLUE FLAG FOR CAR 30 (LAW) TIMED AT 15:51:33,37.0,medium
monaco,2025,8,LAW,race_control_message,WAVED BLUE FLAG FOR CAR 30 (LAW) TIMED AT 15:51:49,37.0,medium
monaco,2025,8,SAI,race_control_message,WAVED BLUE FLAG FOR CAR 55 (SAI) TIMED AT 15:51:52,37.0,medium
monaco,2025,8,OCO,race_control_message,WAVED BLUE FLAG FOR CAR 31 (OCO) TIMED AT 15:55:14,40.0,medium
monaco,2025,8,OCO,race_control_message,WAVED BLUE FLAG FOR CAR 31 (OCO) TIMED AT 15:56:54,41.0,medium
monaco,2025,8,OCO,race_control_message,WAVED BLUE FLAG FOR CAR 31 (OCO) TIMED AT 15:57:07,42.0,medium
monaco,2025,8,HAD,race_control_message,WAVED BLUE FLAG FOR CAR 6 (HAD) TIMED AT 15:58:04,42.0,medium
monaco,2025,8,HAD,race_control_message,WAVED BLUE FLAG FOR CAR 6 (HAD) TIMED AT 15:59:23,43.0,medium
monaco,2025,8,HAD,race_control_message,WAVED BLUE FLAG FOR CAR 6 (HAD) TIMED AT 15:59:36,44.0,medium
monaco,2025,8,OCO,race_control_message,WAVED BLUE FLAG FOR CAR 31 (OCO) TIMED AT 16:01:52,45.0,medium
monaco,2025,8,OCO,race_control_message,WAVED BLUE FLAG FOR CAR 31 (OCO) TIMED AT 16:02:15,46.0,medium
monaco,2025,8,HAD,race_control_message,WAVED BLUE FLAG FOR CAR 6 (HAD) TIMED AT 16:03:06,46.0,medium
monaco,2025,8,BOR,race_control_message,WAVED BLUE FLAG FOR CAR 5 (BOR) TIMED AT 16:04:52,48.0,medium
monaco,2025,8,COL,race_control_message,WAVED BLUE FLAG FOR CAR 43 (COL) TIMED AT 16:05:12,48.0,medium
monaco,2025,8,BEA,race_control_message,WAVED BLUE FLAG FOR CAR 87 (BEA) TIMED AT 16:05:30,48.0,medium
monaco,2025,8,STR,race_control_message,WAVED BLUE FLAG FOR CAR 18 (STR) TIMED AT 16:05:52,49.0,medium
monaco,2025,8,TSU,race_control_message,WAVED BLUE FLAG FOR CAR 22 (TSU) TIMED AT 16:06:03,49.0,medium
monaco,2025,8,ANT,race_control_message,WAVED BLUE FLAG FOR CAR 12 (ANT) TIMED AT 16:06:25,49.0,medium
monaco,2025,8,BOR,race_control_message,WAVED BLUE FLAG FOR CAR 5 (BOR) TIMED AT 16:06:38,49.0,medium
monaco,2025,8,RUS,race_control_message,WAVED BLUE FLAG FOR CAR 63 (RUS) TIMED AT 16:06:47,49.0,medium
monaco,2025,8,COL,race_control_message,WAVED BLUE FLAG FOR CAR 43 (COL) TIMED AT 16:06:51,49.0,medium
monaco,2025,8,ALB,race_control_message,WAVED BLUE FLAG FOR CAR 23 (ALB) TIMED AT 16:07:00,50.0,medium
monaco,2025,8,HUL,race_control_message,WAVED BLUE FLAG FOR CAR 27 (HUL) TIMED AT 16:08:36,51.0,medium
monaco,2025,8,OCO,race_control_message,WAVED BLUE FLAG FOR CAR 31 (OCO) TIMED AT 16:09:48,52.0,medium
monaco,2025,8,BOR,race_control_message,WAVED BLUE FLAG FOR CAR 5 (BOR) TIMED AT 16:10:08,52.0,medium
monaco,2025,8,COL,race_control_message,WAVED BLUE FLAG FOR CAR 43 (COL) TIMED AT 16:10:31,52.0,medium
monaco,2025,8,HAD,race_control_message,WAVED BLUE FLAG FOR CAR 6 (HAD) TIMED AT 16:10:36,52.0,medium
monaco,2025,8,BEA,race_control_message,WAVED BLUE FLAG FOR CAR 87 (BEA) TIMED AT 16:10:46,52.0,medium
monaco,2025,8,STR,race_control_message,WAVED BLUE FLAG FOR CAR 18 (STR) TIMED AT 16:11:08,53.0,medium
monaco,2025,8,HUL,race_control_message,WAVED BLUE FLAG FOR CAR 27 (HUL) TIMED AT 16:11:28,53.0,medium
monaco,2025,8,TSU,race_control_message,WAVED BLUE FLAG FOR CAR 22 (TSU) TIMED AT 16:11:42,53.0,medium
monaco,2025,8,BOR,race_control_message,WAVED BLUE FLAG FOR CAR 5 (BOR) TIMED AT 16:11:45,53.0,medium
monaco,2025,8,HUL,race_control_message,WAVED BLUE FLAG FOR CAR 27 (HUL) TIMED AT 16:11:51,53.0,medium
monaco,2025,8,COL,race_control_message,WAVED BLUE FLAG FOR CAR 43 (COL) TIMED AT 16:11:54,53.0,medium
monaco,2025,8,ANT,race_control_message,WAVED BLUE FLAG FOR CAR 12 (ANT) TIMED AT 16:12:04,53.0,medium
monaco,2025,8,BEA,race_control_message,WAVED BLUE FLAG FOR CAR 87 (BEA) TIMED AT 16:12:07,53.0,medium
monaco,2025,8,BOR,race_control_message,WAVED BLUE FLAG FOR CAR 5 (BOR) TIMED AT 16:12:09,53.0,medium
monaco,2025,8,ALB,race_control_message,WAVED BLUE FLAG FOR CAR 23 (ALB) TIMED AT 16:12:17,54.0,medium
monaco,2025,8,COL,race_control_message,WAVED BLUE FLAG FOR CAR 43 (COL) TIMED AT 16:12:22,54.0,medium
monaco,2025,8,STR,race_control_message,WAVED BLUE FLAG FOR CAR 18 (STR) TIMED AT 16:12:23,54.0,medium
monaco,2025,8,BEA,race_control_message,WAVED BLUE FLAG FOR CAR 87 (BEA) TIMED AT 16:12:28,54.0,medium
monaco,2025,8,TSU,race_control_message,WAVED BLUE FLAG FOR CAR 22 (TSU) TIMED AT 16:12:40,54.0,medium
monaco,2025,8,STR,race_control_message,WAVED BLUE FLAG FOR CAR 18 (STR) TIMED AT 16:12:42,54.0,medium
monaco,2025,8,ANT,race_control_message,WAVED BLUE FLAG FOR CAR 12 (ANT) TIMED AT 16:12:51,54.0,medium
monaco,2025,8,OCO,race_control_message,WAVED BLUE FLAG FOR CAR 31 (OCO) TIMED AT 16:12:52,54.0,medium
monaco,2025,8,OCO,race_control_message,WAVED BLUE FLAG FOR CAR 31 (OCO) TIMED AT 16:13:03,54.0,medium
monaco,2025,8,TSU,race_control_message,WAVED BLUE FLAG FOR CAR 22 (TSU) TIMED AT 16:13:04,54.0,medium
monaco,2025,8,TSU,race_control_message,WAVED BLUE FLAG FOR CAR 22 (TSU) TIMED AT 16:13:13,54.0,medium
monaco,2025,8,ALB,race_control_message,WAVED BLUE FLAG FOR CAR 23 (ALB) TIMED AT 16:13:14,54.0,medium
monaco,2025,8,ALB,race_control_message,WAVED BLUE FLAG FOR CAR 23 (ALB) TIMED AT 16:13:23,54.0,medium
monaco,2025,8,ANT,race_control_message,WAVED BLUE FLAG FOR CAR 12 (ANT) TIMED AT 16:13:26,54.0,medium
monaco,2025,8,HUL,race_control_message,WAVED BLUE FLAG FOR CAR 27 (HUL) TIMED AT 16:13:39,55.0,medium
monaco,2025,8,BOR,race_control_message,WAVED BLUE FLAG FOR CAR 5 (BOR) TIMED AT 16:13:58,55.0,medium
monaco,2025,8,ALB,race_control_message,WAVED BLUE FLAG FOR CAR 23 (ALB) TIMED AT 16:14:09,55.0,medium
monaco,2025,8,COL,race_control_message,WAVED BLUE FLAG FOR CAR 43 (COL) TIMED AT 16:14:15,55.0,medium
monaco,2025,8,HAD,race_control_message,WAVED BLUE FLAG FOR CAR 6 (HAD) TIMED AT 16:14:30,55.0,medium
monaco,2025,8,BEA,race_control_message,WAVED BLUE FLAG FOR CAR 87 (BEA) TIMED AT 16:14:37,55.0,medium
monaco,2025,8,STR,race_control_message,WAVED BLUE FLAG FOR CAR 18 (STR) TIMED AT 16:14:52,56.0,medium
monaco,2025,8,RUS,race_control_message,WAVED BLUE FLAG FOR CAR 63 (RUS) TIMED AT 16:14:53,56.0,medium
monaco,2025,8,SAI,race_control_message,WAVED BLUE FLAG FOR CAR 55 (SAI) TIMED AT 16:14:59,56.0,medium
monaco,2025,8,TSU,race_control_message,WAVED BLUE FLAG FOR CAR 22 (TSU) TIMED AT 16:15:03,56.0,medium
monaco,2025,8,ANT,race_control_message,WAVED BLUE FLAG FOR CAR 12 (ANT) TIMED AT 16:15:20,56.0,medium
monaco,2025,8,ALB,race_control_message,WAVED BLUE FLAG FOR CAR 23 (ALB) TIMED AT 16:17:05,57.0,medium
monaco,2025,8,ALB,race_control_message,WAVED BLUE FLAG FOR CAR 23 (ALB) TIMED AT 16:17:22,58.0,medium
monaco,2025,8,RUS,race_control_message,WAVED BLUE FLAG FOR CAR 63 (RUS) TIMED AT 16:18:00,58.0,medium
monaco,2025,8,SAI,race_control_message,WAVED BLUE FLAG FOR CAR 55 (SAI) TIMED AT 16:21:16,61.0,medium
monaco,2025,8,SAI,race_control_message,WAVED BLUE FLAG FOR CAR 55 (SAI) TIMED AT 16:21:21,61.0,medium
monaco,2025,8,SAI,race_control_message,WAVED BLUE FLAG FOR CAR 55 (SAI) TIMED AT 16:21:27,61.0,medium
monaco,2025,8,HUL,race_control_message,WAVED BLUE FLAG FOR CAR 27 (HUL) TIMED AT 16:25:42,64.0,medium
monaco,2025,8,HUL,race_control_message,WAVED BLUE FLAG FOR CAR 27 (HUL) TIMED AT 16:25:48,64.0,medium
monaco,2025,8,HUL,race_control_message,WAVED BLUE FLAG FOR CAR 27 (HUL) TIMED AT 16:25:56,64.0,medium
monaco,2025,8,HUL,race_control_message,WAVED BLUE FLAG FOR CAR 27 (HUL) TIMED AT 16:27:50,66.0,medium
monaco,2025,8,HUL,race_control_message,WAVED BLUE FLAG FOR CAR 27 (HUL) TIMED AT 16:28:00,66.0,medium
monaco,2025,8,BOR,race_control_message,WAVED BLUE FLAG FOR CAR 5 (BOR) TIMED AT 16:28:01,66.0,medium
monaco,2025,8,LAW,race_control_message,WAVED BLUE FLAG FOR CAR 30 (LAW) TIMED AT 16:28:09,66.0,medium
monaco,2025,8,HUL,race_control_message,WAVED BLUE FLAG FOR CAR 27 (HUL) TIMED AT 16:28:14,66.0,medium
monaco,2025,8,LAW,race_control_message,WAVED BLUE FLAG FOR CAR 30 (LAW) TIMED AT 16:28:20,66.0,medium
monaco,2025,8,LAW,race_control_message,WAVED BLUE FLAG FOR CAR 30 (LAW) TIMED AT 16:28:39,67.0,medium
monaco,2025,8,BOR,race_control_message,WAVED BLUE FLAG FOR CAR 5 (BOR) TIMED AT 16:29:13,67.0,medium
monaco,2025,8,BOR,race_control_message,WAVED BLUE FLAG FOR CAR 5 (BOR) TIMED AT 16:29:32,67.0,medium
monaco,2025,8,OCO,race_control_message,WAVED BLUE FLAG FOR CAR 31 (OCO) TIMED AT 16:29:56,68.0,medium
monaco,2025,8,HAD,race_control_message,WAVED BLUE FLAG FOR CAR 6 (HAD) TIMED AT 16:30:34,68.0,medium
monaco,2025,8,HAD,race_control_message,WAVED BLUE FLAG FOR CAR 6 (HAD) TIMED AT 16:30:47,68.0,medium
monaco,2025,8,COL,race_control_message,WAVED BLUE FLAG FOR CAR 43 (COL) TIMED AT 16:32:15,69.0,medium
monaco,2025,8,COL,race_control_message,WAVED BLUE FLAG FOR CAR 43 (COL) TIMED AT 16:32:23,70.0,medium
monaco,2025,8,BEA,race_control_message,WAVED BLUE FLAG FOR CAR 87 (BEA) TIMED AT 16:33:13,70.0,medium
monaco,2025,8,BEA,race_control_message,WAVED BLUE FLAG FOR CAR 87 (BEA) TIMED AT 16:33:21,70.0,medium
monaco,2025,8,BEA,race_control_message,WAVED BLUE FLAG FOR CAR 87 (BEA) TIMED AT 16:33:31,70.0,medium
monaco,2025,8,TSU,race_control_message,WAVED BLUE FLAG FOR CAR 22 (TSU) TIMED AT 16:34:58,72.0,medium
monaco,2026,6,BEA,race_control_message,WAVED BLUE FLAG FOR CAR 87 (BEA) TIMED AT 15:16:01,10.0,medium
monaco,2026,6,BOR,race_control_message,WAVED BLUE FLAG FOR CAR 5 (BOR) TIMED AT 15:16:10,11.0,medium
monaco,2026,6,BOR,race_control_message,WAVED BLUE FLAG FOR CAR 5 (BOR) TIMED AT 15:16:19,11.0,medium
monaco,2026,6,BOT,race_control_message,WAVED BLUE FLAG FOR CAR 77 (BOT) TIMED AT 15:16:32,11.0,medium
monaco,2026,6,BEA,race_control_message,WAVED BLUE FLAG FOR CAR 87 (BEA) TIMED AT 15:17:09,11.0,medium
monaco,2026,6,BOR,race_control_message,WAVED BLUE FLAG FOR CAR 5 (BOR) TIMED AT 15:17:19,11.0,medium
monaco,2026,6,BOT,race_control_message,WAVED BLUE FLAG FOR CAR 77 (BOT) TIMED AT 15:17:33,12.0,medium
monaco,2026,6,BEA,race_control_message,WAVED BLUE FLAG FOR CAR 87 (BEA) TIMED AT 15:18:08,12.0,medium
monaco,2026,6,PER,race_control_message,WAVED BLUE FLAG FOR CAR 11 (PER) TIMED AT 15:18:27,12.0,medium
monaco,2026,6,BOR,race_control_message,WAVED BLUE FLAG FOR CAR 5 (BOR) TIMED AT 15:18:28,12.0,medium
monaco,2026,6,BOT,race_control_message,WAVED BLUE FLAG FOR CAR 77 (BOT) TIMED AT 15:18:41,13.0,medium
monaco,2026,6,BEA,race_control_message,WAVED BLUE FLAG FOR CAR 87 (BEA) TIMED AT 15:19:30,13.0,medium
monaco,2026,6,BEA,race_control_message,WAVED BLUE FLAG FOR CAR 87 (BEA) TIMED AT 15:19:45,13.0,medium
monaco,2026,6,PER,race_control_message,WAVED BLUE FLAG FOR CAR 11 (PER) TIMED AT 15:19:48,13.0,medium
monaco,2026,6,BOR,race_control_message,WAVED BLUE FLAG FOR CAR 5 (BOR) TIMED AT 15:19:58,14.0,medium
monaco,2026,6,BOR,race_control_message,WAVED BLUE FLAG FOR CAR 5 (BOR) TIMED AT 15:20:12,14.0,medium
monaco,2026,6,BOT,race_control_message,WAVED BLUE FLAG FOR CAR 77 (BOT) TIMED AT 15:20:32,14.0,medium
monaco,2026,6,BOT,race_control_message,WAVED BLUE FLAG FOR CAR 77 (BOT) TIMED AT 15:20:55,14.0,medium
monaco,2026,6,STR,race_control_message,WAVED BLUE FLAG FOR CAR 18 (STR) TIMED AT 15:22:06,15.0,medium
monaco,2026,6,PER,race_control_message,WAVED BLUE FLAG FOR CAR 11 (PER) TIMED AT 15:22:27,15.0,medium
monaco,2026,6,STR,race_control_message,WAVED BLUE FLAG FOR CAR 18 (STR) TIMED AT 15:23:01,16.0,medium
monaco,2026,6,BEA,race_control_message,WAVED BLUE FLAG FOR CAR 87 (BEA) TIMED AT 15:23:58,17.0,medium
monaco,2026,6,ALO,race_control_message,WAVED BLUE FLAG FOR CAR 14 (ALO) TIMED AT 15:24:03,17.0,medium
monaco,2026,6,ALO,race_control_message,WAVED BLUE FLAG FOR CAR 14 (ALO) TIMED AT 15:24:15,17.0,medium
monaco,2026,6,BOR,race_control_message,WAVED BLUE FLAG FOR CAR 5 (BOR) TIMED AT 15:24:16,17.0,medium
monaco,2026,6,BOT,race_control_message,WAVED BLUE FLAG FOR CAR 77 (BOT) TIMED AT 15:24:31,17.0,medium
monaco,2026,6,STR,race_control_message,WAVED BLUE FLAG FOR CAR 18 (STR) TIMED AT 15:24:45,17.0,medium
monaco,2026,6,ALO,race_control_message,WAVED BLUE FLAG FOR CAR 14 (ALO) TIMED AT 15:25:01,17.0,medium
monaco,2026,6,BEA,race_control_message,WAVED BLUE FLAG FOR CAR 87 (BEA) TIMED AT 15:25:49,18.0,medium
monaco,2026,6,BEA,race_control_message,WAVED BLUE FLAG FOR CAR 87 (BEA) TIMED AT 15:25:55,18.0,medium
monaco,2026,6,ALO,race_control_message,WAVED BLUE FLAG FOR CAR 14 (ALO) TIMED AT 15:27:20,19.0,medium
monaco,2026,6,ALO,race_control_message,WAVED BLUE FLAG FOR CAR 14 (ALO) TIMED AT 15:27:26,19.0,medium
monaco,2026,6,OCO,race_control_message,WAVED BLUE FLAG FOR CAR 31 (OCO) TIMED AT 15:36:41,27.0,medium
monaco,2026,6,OCO,race_control_message,WAVED BLUE FLAG FOR CAR 31 (OCO) TIMED AT 15:36:50,27.0,medium
monaco,2026,6,HUL,race_control_message,WAVED BLUE FLAG FOR CAR 27 (HUL) TIMED AT 15:40:14,29.0,medium
monaco,2026,6,LIN,race_control_message,WAVED BLUE FLAG FOR CAR 41 (LIN) TIMED AT 15:40:32,30.0,medium
monaco,2026,6,COL,race_control_message,WAVED BLUE FLAG FOR CAR 43 (COL) TIMED AT 15:41:14,30.0,medium
monaco,2026,6,COL,race_control_message,WAVED BLUE FLAG FOR CAR 43 (COL) TIMED AT 15:41:23,30.0,medium
monaco,2026,6,SAI,race_control_message,WAVED BLUE FLAG FOR CAR 55 (SAI) TIMED AT 15:42:09,31.0,medium
monaco,2026,6,SAI,race_control_message,WAVED BLUE FLAG FOR CAR 55 (SAI) TIMED AT 15:42:27,31.0,medium
monaco,2026,6,ALB,race_control_message,WAVED BLUE FLAG FOR CAR 23 (ALB) TIMED AT 15:43:56,32.0,medium
monaco,2026,6,LAW,race_control_message,WAVED BLUE FLAG FOR CAR 30 (LAW) TIMED AT 15:45:59,34.0,medium
monaco,2026,6,LAW,race_control_message,WAVED BLUE FLAG FOR CAR 30 (LAW) TIMED AT 15:46:10,34.0,medium
monaco,2026,6,HAD,race_control_message,WAVED BLUE FLAG FOR CAR 6 (HAD) TIMED AT 15:46:27,34.0,medium
monaco,2026,6,PER,race_control_message,WAVED BLUE FLAG FOR CAR 11 (PER) TIMED AT 15:48:53,36.0,medium
monaco,2026,6,OCO,race_control_message,WAVED BLUE FLAG FOR CAR 31 (OCO) TIMED AT 15:52:58,39.0,medium
monaco,2026,6,HUL,race_control_message,WAVED BLUE FLAG FOR CAR 27 (HUL) TIMED AT 15:53:26,39.0,medium
monaco,2026,6,ALB,race_control_message,WAVED BLUE FLAG FOR CAR 23 (ALB) TIMED AT 15:53:28,39.0,medium
monaco,2026,6,LIN,race_control_message,WAVED BLUE FLAG FOR CAR 41 (LIN) TIMED AT 15:53:37,40.0,medium
monaco,2026,6,SAI,race_control_message,WAVED BLUE FLAG FOR CAR 55 (SAI) TIMED AT 15:53:56,40.0,medium
monaco,2026,6,BOR,race_control_message,WAVED BLUE FLAG FOR CAR 5 (BOR) TIMED AT 15:54:07,40.0,medium
monaco,2026,6,BOR,race_control_message,WAVED BLUE FLAG FOR CAR 5 (BOR) TIMED AT 15:54:15,40.0,medium
monaco,2026,6,BOR,race_control_message,WAVED BLUE FLAG FOR CAR 5 (BOR) TIMED AT 15:54:25,40.0,medium
monaco,2026,6,COL,race_control_message,WAVED BLUE FLAG FOR CAR 43 (COL) TIMED AT 15:54:27,40.0,medium
monaco,2026,6,BOR,race_control_message,WAVED BLUE FLAG FOR CAR 5 (BOR) TIMED AT 15:54:29,40.0,medium
monaco,2026,6,PER,race_control_message,WAVED BLUE FLAG FOR CAR 11 (PER) TIMED AT 15:55:23,41.0,medium
monaco,2026,6,PER,race_control_message,WAVED BLUE FLAG FOR CAR 11 (PER) TIMED AT 15:55:29,41.0,medium
monaco,2026,6,STR,race_control_message,WAVED BLUE FLAG FOR CAR 18 (STR) TIMED AT 15:55:30,41.0,medium
monaco,2026,6,STR,race_control_message,WAVED BLUE FLAG FOR CAR 18 (STR) TIMED AT 15:55:47,41.0,medium
monaco,2026,6,OCO,race_control_message,WAVED BLUE FLAG FOR CAR 31 (OCO) TIMED AT 15:55:59,41.0,medium
monaco,2026,6,OCO,race_control_message,WAVED BLUE FLAG FOR CAR 31 (OCO) TIMED AT 15:56:05,41.0,medium
monaco,2026,6,HUL,race_control_message,WAVED BLUE FLAG FOR CAR 27 (HUL) TIMED AT 15:56:22,42.0,medium
monaco,2026,6,LIN,race_control_message,WAVED BLUE FLAG FOR CAR 41 (LIN) TIMED AT 15:56:35,42.0,medium
monaco,2026,6,SAI,race_control_message,WAVED BLUE FLAG FOR CAR 55 (SAI) TIMED AT 15:56:50,42.0,medium
monaco,2026,6,LAW,race_control_message,WAVED BLUE FLAG FOR CAR 30 (LAW) TIMED AT 15:58:02,43.0,medium
monaco,2026,6,BOR,race_control_message,WAVED BLUE FLAG FOR CAR 5 (BOR) TIMED AT 15:58:29,43.0,medium
monaco,2026,6,PER,race_control_message,WAVED BLUE FLAG FOR CAR 11 (PER) TIMED AT 15:58:53,44.0,medium
monaco,2026,6,ALB,race_control_message,WAVED BLUE FLAG FOR CAR 23 (ALB) TIMED AT 15:59:41,44.0,medium
monaco,2026,6,BOR,race_control_message,WAVED BLUE FLAG FOR CAR 5 (BOR) TIMED AT 16:01:02,45.0,medium
monaco,2026,6,PER,race_control_message,WAVED BLUE FLAG FOR CAR 11 (PER) TIMED AT 16:01:12,45.0,medium
monaco,2026,6,PER,race_control_message,WAVED BLUE FLAG FOR CAR 11 (PER) TIMED AT 16:01:20,46.0,medium
monaco,2026,6,STR,race_control_message,BLACK AND WHITE FLAG FOR CAR 18 (STR) - TRACK LIMITS,47.0,medium
monaco,2026,6,STR,race_control_message,WAVED BLUE FLAG FOR CAR 18 (STR) TIMED AT 16:05:24,49.0,medium
monaco,2026,6,HAD,race_control_message,WAVED BLUE FLAG FOR CAR 6 (HAD) TIMED AT 16:05:30,49.0,medium
monaco,2026,6,HAD,race_control_message,WAVED BLUE FLAG FOR CAR 6 (HAD) TIMED AT 16:05:37,49.0,medium
monaco,2026,6,HAD,race_control_message,WAVED BLUE FLAG FOR CAR 6 (HAD) TIMED AT 16:05:47,49.0,medium
monaco,2026,6,GAS,race_control_message,WAVED BLUE FLAG FOR CAR 10 (GAS) TIMED AT 16:06:33,50.0,medium
monaco,2026,6,STR,race_control_message,WAVED BLUE FLAG FOR CAR 18 (STR) TIMED AT 16:06:46,50.0,medium
monaco,2026,6,STR,race_control_message,WAVED BLUE FLAG FOR CAR 18 (STR) TIMED AT 16:07:13,50.0,medium
monaco,2026,6,ALO,race_control_message,WAVED BLUE FLAG FOR CAR 14 (ALO) TIMED AT 16:07:44,51.0,medium
monaco,2026,6,BOR,race_control_message,WAVED BLUE FLAG FOR CAR 5 (BOR) TIMED AT 16:08:29,51.0,medium
monaco,2026,6,ALO,race_control_message,WAVED BLUE FLAG FOR CAR 14 (ALO) TIMED AT 16:08:32,51.0,medium
monaco,2026,6,COL,race_control_message,WAVED BLUE FLAG FOR CAR 43 (COL) TIMED AT 16:08:37,51.0,medium
monaco,2026,6,GAS,race_control_message,WAVED BLUE FLAG FOR CAR 10 (GAS) TIMED AT 16:09:07,52.0,medium
monaco,2026,6,PER,race_control_message,WAVED BLUE FLAG FOR CAR 11 (PER) TIMED AT 16:09:07,52.0,medium
monaco,2026,6,COL,race_control_message,WAVED BLUE FLAG FOR CAR 43 (COL) TIMED AT 16:09:18,52.0,medium
monaco,2026,6,OCO,race_control_message,WAVED BLUE FLAG FOR CAR 31 (OCO) TIMED AT 16:09:32,52.0,medium
monaco,2026,6,OCO,race_control_message,WAVED BLUE FLAG FOR CAR 31 (OCO) TIMED AT 16:09:51,52.0,medium
monaco,2026,6,HUL,race_control_message,WAVED BLUE FLAG FOR CAR 27 (HUL) TIMED AT 16:09:54,52.0,medium
monaco,2026,6,ALB,race_control_message,WAVED BLUE FLAG FOR CAR 23 (ALB) TIMED AT 16:10:07,52.0,medium
monaco,2026,6,HUL,race_control_message,WAVED BLUE FLAG FOR CAR 27 (HUL) TIMED AT 16:10:17,53.0,medium
monaco,2026,6,ALO,race_control_message,WAVED BLUE FLAG FOR CAR 14 (ALO) TIMED AT 16:10:20,53.0,medium
monaco,2026,6,PER,race_control_message,WAVED BLUE FLAG FOR CAR 11 (PER) TIMED AT 16:10:24,53.0,medium
monaco,2026,6,ALB,race_control_message,WAVED BLUE FLAG FOR CAR 23 (ALB) TIMED AT 16:10:35,53.0,medium
monaco,2026,6,PER,race_control_message,WAVED BLUE FLAG FOR CAR 11 (PER) TIMED AT 16:11:06,53.0,medium
monaco,2026,6,LIN,race_control_message,WAVED BLUE FLAG FOR CAR 41 (LIN) TIMED AT 16:11:57,54.0,medium
monaco,2026,6,COL,race_control_message,WAVED BLUE FLAG FOR CAR 43 (COL) TIMED AT 16:12:04,54.0,medium
monaco,2026,6,LIN,race_control_message,WAVED BLUE FLAG FOR CAR 41 (LIN) TIMED AT 16:12:18,54.0,medium
monaco,2026,6,OCO,race_control_message,WAVED BLUE FLAG FOR CAR 31 (OCO) TIMED AT 16:12:47,55.0,medium
monaco,2026,6,OCO,race_control_message,WAVED BLUE FLAG FOR CAR 31 (OCO) TIMED AT 16:12:56,55.0,medium
monaco,2026,6,RUS,race_control_message,WAVED BLUE FLAG FOR CAR 63 (RUS) TIMED AT 16:13:07,55.0,medium
monaco,2026,6,HUL,race_control_message,WAVED BLUE FLAG FOR CAR 27 (HUL) TIMED AT 16:13:11,55.0,medium
monaco,2026,6,RUS,race_control_message,WAVED BLUE FLAG FOR CAR 63 (RUS) TIMED AT 16:13:17,55.0,medium
monaco,2026,6,ALB,race_control_message,WAVED BLUE FLAG FOR CAR 23 (ALB) TIMED AT 16:13:33,55.0,medium
monaco,2026,6,STR,race_control_message,WAVED BLUE FLAG FOR CAR 18 (STR) TIMED AT 16:13:35,55.0,medium
monaco,2026,6,STR,race_control_message,WAVED BLUE FLAG FOR CAR 18 (STR) TIMED AT 16:14:14,56.0,medium
monaco,2026,6,STR,race_control_message,WAVED BLUE FLAG FOR CAR 18 (STR) TIMED AT 16:14:43,56.0,medium
monaco,2026,6,SAI,race_control_message,WAVED BLUE FLAG FOR CAR 55 (SAI) TIMED AT 16:15:09,56.0,medium
monaco,2026,6,ALO,race_control_message,WAVED BLUE FLAG FOR CAR 14 (ALO) TIMED AT 16:16:09,57.0,medium
monaco,2026,6,BOR,race_control_message,WAVED BLUE FLAG FOR CAR 5 (BOR) TIMED AT 16:16:30,58.0,medium
monaco,2026,6,ALO,race_control_message,WAVED BLUE FLAG FOR CAR 14 (ALO) TIMED AT 16:16:38,58.0,medium
monaco,2026,6,PER,race_control_message,WAVED BLUE FLAG FOR CAR 11 (PER) TIMED AT 16:16:48,58.0,medium
monaco,2026,6,COL,race_control_message,WAVED BLUE FLAG FOR CAR 43 (COL) TIMED AT 16:17:07,58.0,medium
monaco,2026,6,ALO,race_control_message,WAVED BLUE FLAG FOR CAR 14 (ALO) TIMED AT 16:17:24,58.0,medium
monaco,2026,6,OCO,race_control_message,WAVED BLUE FLAG FOR CAR 31 (OCO) TIMED AT 16:17:26,58.0,medium
monaco,2026,6,COL,race_control_message,WAVED BLUE FLAG FOR CAR 43 (COL) TIMED AT 16:17:28,58.0,medium
monaco,2026,6,OCO,race_control_message,WAVED BLUE FLAG FOR CAR 31 (OCO) TIMED AT 16:17:44,59.0,medium
monaco,2026,6,OCO,race_control_message,WAVED BLUE FLAG FOR CAR 31 (OCO) TIMED AT 16:17:51,59.0,medium
monaco,2026,6,LIN,race_control_message,WAVED BLUE FLAG FOR CAR 41 (LIN) TIMED AT 16:17:58,59.0,medium
monaco,2026,6,COL,race_control_message,WAVED BLUE FLAG FOR CAR 43 (COL) TIMED AT 16:18:07,59.0,medium
monaco,2026,6,LIN,race_control_message,WAVED BLUE FLAG FOR CAR 41 (LIN) TIMED AT 16:18:08,59.0,medium
monaco,2026,6,STR,race_control_message,WAVED BLUE FLAG FOR CAR 18 (STR) TIMED AT 16:18:16,59.0,medium
monaco,2026,6,STR,race_control_message,WAVED BLUE FLAG FOR CAR 18 (STR) TIMED AT 16:18:30,59.0,medium
monaco,2026,6,OCO,race_control_message,WAVED BLUE FLAG FOR CAR 31 (OCO) TIMED AT 16:18:35,59.0,medium
monaco,2026,6,HUL,race_control_message,WAVED BLUE FLAG FOR CAR 27 (HUL) TIMED AT 16:19:18,60.0,medium
monaco,2026,6,SAI,race_control_message,WAVED BLUE FLAG FOR CAR 55 (SAI) TIMED AT 16:19:52,60.0,medium
monaco,2026,6,COL,race_control_message,WAVED BLUE FLAG FOR CAR 43 (COL) TIMED AT 16:30:56,66.0,medium
montr_al,2018,7,ERI,race_control_message,WAVED BLUE FLAG FOR CAR 9 (ERI) TIMED AT 14:48:40,26.0,medium
montr_al,2018,7,VAN,race_control_message,WAVED BLUE FLAG FOR CAR 2 (VAN) TIMED AT 14:48:58,27.0,medium
montr_al,2018,7,SIR,race_control_message,WAVED BLUE FLAG FOR CAR 35 (SIR) TIMED AT 14:49:36,27.0,medium
montr_al,2018,7,ERI,race_control_message,WAVED BLUE FLAG FOR CAR 9 (ERI) TIMED AT 14:49:40,27.0,medium
montr_al,2018,7,VAN,race_control_message,WAVED BLUE FLAG FOR CAR 2 (VAN) TIMED AT 14:50:33,28.0,medium
montr_al,2018,7,MAG,race_control_message,WAVED BLUE FLAG FOR CAR 20 (MAG) TIMED AT 14:54:11,31.0,medium
montr_al,2018,7,SIR,race_control_message,WAVED BLUE FLAG FOR CAR 35 (SIR) TIMED AT 14:54:45,31.0,medium
montr_al,2018,7,PER,race_control_message,WAVED BLUE FLAG FOR CAR 11 (PER) TIMED AT 14:55:53,32.0,medium
montr_al,2018,7,SIR,race_control_message,WAVED BLUE FLAG FOR CAR 35 (SIR) TIMED AT 14:56:04,32.0,medium
montr_al,2018,7,SIR,race_control_message,WAVED BLUE FLAG FOR CAR 35 (SIR) TIMED AT 14:56:49,33.0,medium
montr_al,2018,7,MAG,race_control_message,WAVED BLUE FLAG FOR CAR 20 (MAG) TIMED AT 14:57:29,33.0,medium
montr_al,2018,7,GAS,race_control_message,WAVED BLUE FLAG FOR CAR 10 (GAS) TIMED AT 14:57:50,34.0,medium
montr_al,2018,7,LEC,race_control_message,WAVED BLUE FLAG FOR CAR 16 (LEC) TIMED AT 14:58:36,34.0,medium
montr_al,2018,7,ERI,race_control_message,WAVED BLUE FLAG FOR CAR 9 (ERI) TIMED AT 15:02:59,38.0,medium
montr_al,2018,7,VAN,race_control_message,WAVED BLUE FLAG FOR CAR 2 (VAN) TIMED AT 15:04:24,39.0,medium
montr_al,2018,7,ERI,race_control_message,WAVED BLUE FLAG FOR CAR 9 (ERI) TIMED AT 15:04:33,39.0,medium
montr_al,2018,7,ERI,race_control_message,WAVED BLUE FLAG FOR CAR 9 (ERI) TIMED AT 15:05:17,39.0,medium
montr_al,2018,7,MAG,race_control_message,WAVED BLUE FLAG FOR CAR 20 (MAG) TIMED AT 15:06:07,40.0,medium
montr_al,2018,7,VAN,race_control_message,WAVED BLUE FLAG FOR CAR 2 (VAN) TIMED AT 15:07:14,41.0,medium
montr_al,2018,7,ALO,race_control_message,WAVED BLUE FLAG FOR CAR 14 (ALO) TIMED AT 15:08:33,42.0,medium
montr_al,2018,7,MAG,race_control_message,WAVED BLUE FLAG FOR CAR 20 (MAG) TIMED AT 15:08:57,42.0,medium
montr_al,2018,7,ALO,race_control_message,WAVED BLUE FLAG FOR CAR 14 (ALO) TIMED AT 15:09:12,42.0,medium
montr_al,2018,7,ALO,race_control_message,WAVED BLUE FLAG FOR CAR 14 (ALO) TIMED AT 15:09:17,43.0,medium
montr_al,2018,7,VAN,race_control_message,WAVED BLUE FLAG FOR CAR 2 (VAN) TIMED AT 15:09:41,43.0,medium
montr_al,2018,7,VAN,race_control_message,WAVED BLUE FLAG FOR CAR 2 (VAN) TIMED AT 15:10:04,43.0,medium
montr_al,2018,7,PER,race_control_message,WAVED BLUE FLAG FOR CAR 11 (PER) TIMED AT 15:10:28,44.0,medium
montr_al,2018,7,VAN,race_control_message,WAVED BLUE FLAG FOR CAR 2 (VAN) TIMED AT 15:10:43,44.0,medium
montr_al,2018,7,MAG,race_control_message,WAVED BLUE FLAG FOR CAR 20 (MAG) TIMED AT 15:11:37,44.0,medium
montr_al,2018,7,GAS,race_control_message,WAVED BLUE FLAG FOR CAR 10 (GAS) TIMED AT 15:12:02,45.0,medium
montr_al,2018,7,LEC,race_control_message,WAVED BLUE FLAG FOR CAR 16 (LEC) TIMED AT 15:13:50,46.0,medium
montr_al,2018,7,PER,race_control_message,WAVED BLUE FLAG FOR CAR 11 (PER) TIMED AT 15:14:19,47.0,medium
montr_al,2018,7,GAS,race_control_message,WAVED BLUE FLAG FOR CAR 10 (GAS) TIMED AT 15:14:40,47.0,medium
montr_al,2018,7,MAG,race_control_message,WAVED BLUE FLAG FOR CAR 20 (MAG) TIMED AT 15:15:39,48.0,medium
montr_al,2018,7,LEC,race_control_message,WAVED BLUE FLAG FOR CAR 16 (LEC) TIMED AT 15:17:01,49.0,medium
montr_al,2018,7,GAS,race_control_message,WAVED BLUE FLAG FOR CAR 10 (GAS) TIMED AT 15:18:30,50.0,medium
montr_al,2018,7,MAG,race_control_message,WAVED BLUE FLAG FOR CAR 20 (MAG) TIMED AT 15:19:14,51.0,medium
montr_al,2018,7,GRO,race_control_message,WAVED BLUE FLAG FOR CAR 8 (GRO) TIMED AT 15:19:19,51.0,medium
montr_al,2018,7,OCO,race_control_message,WAVED BLUE FLAG FOR CAR 31 (OCO) TIMED AT 15:20:09,51.0,medium
montr_al,2018,7,LEC,race_control_message,WAVED BLUE FLAG FOR CAR 16 (LEC) TIMED AT 15:20:48,52.0,medium
montr_al,2018,7,SAI,race_control_message,WAVED BLUE FLAG FOR CAR 55 (SAI) TIMED AT 15:22:32,53.0,medium
montr_al,2018,7,OCO,race_control_message,WAVED BLUE FLAG FOR CAR 31 (OCO) TIMED AT 15:23:03,54.0,medium
montr_al,2018,7,GAS,race_control_message,WAVED BLUE FLAG FOR CAR 10 (GAS) TIMED AT 15:23:25,54.0,medium
montr_al,2018,7,HUL,race_control_message,WAVED BLUE FLAG FOR CAR 27 (HUL) TIMED AT 15:23:52,54.0,medium
montr_al,2018,7,GRO,race_control_message,WAVED BLUE FLAG FOR CAR 8 (GRO) TIMED AT 15:24:10,55.0,medium
montr_al,2018,7,SAI,race_control_message,WAVED BLUE FLAG FOR CAR 55 (SAI) TIMED AT 15:24:36,55.0,medium
montr_al,2018,7,SAI,race_control_message,WAVED BLUE FLAG FOR CAR 55 (SAI) TIMED AT 15:25:33,56.0,medium
montr_al,2018,7,GAS,race_control_message,WAVED BLUE FLAG FOR CAR 10 (GAS) TIMED AT 15:26:34,57.0,medium
montr_al,2018,7,LEC,race_control_message,WAVED BLUE FLAG FOR CAR 16 (LEC) TIMED AT 15:26:52,57.0,medium
montr_al,2018,7,OCO,race_control_message,WAVED BLUE FLAG FOR CAR 31 (OCO) TIMED AT 15:27:34,57.0,medium
montr_al,2018,7,HUL,race_control_message,WAVED BLUE FLAG FOR CAR 27 (HUL) TIMED AT 15:27:34,57.0,medium
montr_al,2018,7,SAI,race_control_message,WAVED BLUE FLAG FOR CAR 55 (SAI) TIMED AT 15:29:30,59.0,medium
montr_al,2018,7,SIR,race_control_message,WAVED BLUE FLAG FOR CAR 35 (SIR) TIMED AT 15:29:35,59.0,medium
montr_al,2018,7,LEC,race_control_message,WAVED BLUE FLAG FOR CAR 16 (LEC) TIMED AT 15:30:01,59.0,medium
montr_al,2018,7,HUL,race_control_message,WAVED BLUE FLAG FOR CAR 27 (HUL) TIMED AT 15:30:28,60.0,medium
montr_al,2018,7,VAN,race_control_message,WAVED BLUE FLAG FOR CAR 2 (VAN) TIMED AT 15:32:54,62.0,medium
montr_al,2018,7,SIR,race_control_message,WAVED BLUE FLAG FOR CAR 35 (SIR) TIMED AT 15:33:37,62.0,medium
montr_al,2018,7,SIR,race_control_message,WAVED BLUE FLAG FOR CAR 35 (SIR) TIMED AT 15:35:20,64.0,medium
montr_al,2018,7,OCO,race_control_message,WAVED BLUE FLAG FOR CAR 31 (OCO) TIMED AT 15:35:44,64.0,medium
montr_al,2018,7,OCO,race_control_message,WAVED BLUE FLAG FOR CAR 31 (OCO) TIMED AT 15:36:17,64.0,medium
montr_al,2018,7,ERI,race_control_message,WAVED BLUE FLAG FOR CAR 9 (ERI) TIMED AT 15:36:38,65.0,medium
montr_al,2018,7,SAI,race_control_message,WAVED BLUE FLAG FOR CAR 55 (SAI) TIMED AT 15:37:07,65.0,medium
montr_al,2018,7,SAI,race_control_message,WAVED BLUE FLAG FOR CAR 55 (SAI) TIMED AT 15:37:24,65.0,medium
montr_al,2018,7,VAN,race_control_message,WAVED BLUE FLAG FOR CAR 2 (VAN) TIMED AT 15:38:54,66.0,medium
montr_al,2018,7,OCO,race_control_message,WAVED BLUE FLAG FOR CAR 31 (OCO) TIMED AT 15:39:05,67.0,medium
montr_al,2018,7,SIR,race_control_message,WAVED BLUE FLAG FOR CAR 35 (SIR) TIMED AT 15:39:24,67.0,medium
montr_al,2018,7,HUL,race_control_message,WAVED BLUE FLAG FOR CAR 27 (HUL) TIMED AT 15:39:25,67.0,medium
montr_al,2018,7,ERI,race_control_message,WAVED BLUE FLAG FOR CAR 9 (ERI) TIMED AT 15:40:20,68.0,medium
montr_al,2018,7,SIR,race_control_message,WAVED BLUE FLAG FOR CAR 35 (SIR) TIMED AT 15:40:24,68.0,medium
montr_al,2018,7,SIR,race_control_message,WAVED BLUE FLAG FOR CAR 35 (SIR) TIMED AT 15:41:17,68.0,medium
montr_al,2018,7,SIR,race_control_message,WAVED BLUE FLAG FOR CAR 35 (SIR) TIMED AT 15:41:31,69.0,medium
montr_al,2018,7,SIR,race_control_message,WAVED BLUE FLAG FOR CAR 35 (SIR) TIMED AT 15:42:10,69.0,medium
montr_al,2018,7,SAI,race_control_message,WAVED BLUE FLAG FOR CAR 55 (SAI) TIMED AT 15:42:20,69.0,medium
montr_al,2019,7,NOR,race_control_message,CAR 4 (NOR) OFF TRACK AND CONTINUED AT TURN 8,8.0,medium
montr_al,2019,7,NOR,race_control_message,CAR 4 (NOR) OFF TRACK AND CONTINUED AT TURN 13,9.0,medium
montr_al,2019,7,KUB,race_control_message,WAVED BLUE FLAG FOR CAR 88 (KUB) TIMED AT 14:27:58,12.0,medium
montr_al,2019,7,KUB,race_control_message,WAVED BLUE FLAG FOR CAR 88 (KUB) TIMED AT 14:28:45,13.0,medium
montr_al,2019,7,KUB,race_control_message,WAVED BLUE FLAG FOR CAR 88 (KUB) TIMED AT 14:30:11,14.0,medium
montr_al,2019,7,ALB,race_control_message,WAVED BLUE FLAG FOR CAR 23 (ALB) TIMED AT 14:31:33,15.0,medium
montr_al,2019,7,ALB,race_control_message,WAVED BLUE FLAG FOR CAR 23 (ALB) TIMED AT 14:32:18,15.0,medium
montr_al,2019,7,ALB,race_control_message,WAVED BLUE FLAG FOR CAR 23 (ALB) TIMED AT 14:34:14,17.0,medium
montr_al,2019,7,RUS,race_control_message,WAVED BLUE FLAG FOR CAR 63 (RUS) TIMED AT 14:35:29,18.0,medium
montr_al,2019,7,RUS,race_control_message,WAVED BLUE FLAG FOR CAR 63 (RUS) TIMED AT 14:36:08,18.0,medium
montr_al,2019,7,KUB,race_control_message,WAVED BLUE FLAG FOR CAR 88 (KUB) TIMED AT 14:37:16,19.0,medium
montr_al,2019,7,RUS,race_control_message,WAVED BLUE FLAG FOR CAR 63 (RUS) TIMED AT 14:37:29,20.0,medium
montr_al,2019,7,MAG,race_control_message,WAVED BLUE FLAG FOR CAR 20 (MAG) TIMED AT 14:40:49,22.0,medium
montr_al,2019,7,MAG,race_control_message,WAVED BLUE FLAG FOR CAR 20 (MAG) TIMED AT 14:41:14,22.0,medium
montr_al,2019,7,MAG,race_control_message,WAVED BLUE FLAG FOR CAR 20 (MAG) TIMED AT 14:41:59,23.0,medium
montr_al,2019,7,KUB,race_control_message,WAVED BLUE FLAG FOR CAR 88 (KUB) TIMED AT 14:44:25,25.0,medium
montr_al,2019,7,KUB,race_control_message,WAVED BLUE FLAG FOR CAR 88 (KUB) TIMED AT 14:46:38,27.0,medium
montr_al,2019,7,RUS,race_control_message,WAVED BLUE FLAG FOR CAR 63 (RUS) TIMED AT 14:46:48,27.0,medium
montr_al,2019,7,RUS,race_control_message,WAVED BLUE FLAG FOR CAR 63 (RUS) TIMED AT 14:46:57,27.0,medium
montr_al,2019,7,RUS,race_control_message,CAR 63 (RUS) OFF TRACK AND CONTINUED AT TURN 13,27.0,medium
montr_al,2019,7,ALB,race_control_message,WAVED BLUE FLAG FOR CAR 23 (ALB) TIMED AT 14:47:15,27.0,medium
montr_al,2019,7,KUB,race_control_message,WAVED BLUE FLAG FOR CAR 88 (KUB) TIMED AT 14:47:43,27.0,medium
montr_al,2019,7,GIO,race_control_message,CAR 99 (GIO) SPUN AND CONTINUED AT TURN 2,28.0,medium
montr_al,2019,7,ALB,race_control_message,WAVED BLUE FLAG FOR CAR 23 (ALB) TIMED AT 14:47:56,28.0,medium
montr_al,2019,7,KUB,race_control_message,WAVED BLUE FLAG FOR CAR 88 (KUB) TIMED AT 14:48:43,28.0,medium
montr_al,2019,7,MAG,race_control_message,WAVED BLUE FLAG FOR CAR 20 (MAG) TIMED AT 14:49:38,29.0,medium
montr_al,2019,7,MAG,race_control_message,WAVED BLUE FLAG FOR CAR 20 (MAG) TIMED AT 14:51:20,30.0,medium
montr_al,2019,7,SAI,race_control_message,CAR 55 (SAI) OFF TRACK AND CONTINUED AT TURN 13,30.0,medium
montr_al,2019,7,MAG,race_control_message,WAVED BLUE FLAG FOR CAR 20 (MAG) TIMED AT 14:53:11,32.0,medium
montr_al,2019,7,HUL,race_control_message,CAR 27 (HUL) OFF TRACK AND CONTINUED AT TURN 8,32.0,medium
montr_al,2019,7,KUB,race_control_message,WAVED BLUE FLAG FOR CAR 88 (KUB) TIMED AT 14:54:17,33.0,medium
montr_al,2019,7,GIO,race_control_message,WAVED BLUE FLAG FOR CAR 99 (GIO) TIMED AT 14:57:06,35.0,medium
montr_al,2019,7,GRO,race_control_message,WAVED BLUE FLAG FOR CAR 8 (GRO) TIMED AT 14:58:36,36.0,medium
montr_al,2019,7,RUS,race_control_message,WAVED BLUE FLAG FOR CAR 63 (RUS) TIMED AT 14:59:13,36.0,medium
montr_al,2019,7,KUB,race_control_message,WAVED BLUE FLAG FOR CAR 88 (KUB) TIMED AT 15:00:19,37.0,medium
montr_al,2019,7,RUS,race_control_message,WAVED BLUE FLAG FOR CAR 63 (RUS) TIMED AT 15:01:38,38.0,medium
montr_al,2019,7,RAI,race_control_message,WAVED BLUE FLAG FOR CAR 7 (RAI) TIMED AT 15:01:57,39.0,medium
montr_al,2019,7,RAI,race_control_message,WAVED BLUE FLAG FOR CAR 7 (RAI) TIMED AT 15:02:32,39.0,medium
montr_al,2019,7,KUB,race_control_message,WAVED BLUE FLAG FOR CAR 88 (KUB) TIMED AT 15:02:49,39.0,medium
montr_al,2019,7,GIO,race_control_message,WAVED BLUE FLAG FOR CAR 99 (GIO) TIMED AT 15:03:14,40.0,medium
montr_al,2019,7,ALB,race_control_message,WAVED BLUE FLAG FOR CAR 23 (ALB) TIMED AT 15:04:11,40.0,medium
montr_al,2019,7,ALB,race_control_message,WAVED BLUE FLAG FOR CAR 23 (ALB) TIMED AT 15:04:30,41.0,medium
montr_al,2019,7,MAG,race_control_message,WAVED BLUE FLAG FOR CAR 20 (MAG) TIMED AT 15:04:37,41.0,medium
montr_al,2019,7,KUB,race_control_message,WAVED BLUE FLAG FOR CAR 88 (KUB) TIMED AT 15:04:50,41.0,medium
montr_al,2019,7,RUS,race_control_message,WAVED BLUE FLAG FOR CAR 63 (RUS) TIMED AT 15:05:01,41.0,medium
montr_al,2019,7,KUB,race_control_message,WAVED BLUE FLAG FOR CAR 88 (KUB) TIMED AT 15:05:26,41.0,medium
montr_al,2019,7,RUS,race_control_message,WAVED BLUE FLAG FOR CAR 63 (RUS) TIMED AT 15:05:32,41.0,medium
montr_al,2019,7,ALB,race_control_message,WAVED BLUE FLAG FOR CAR 23 (ALB) TIMED AT 15:06:12,42.0,medium
montr_al,2019,7,PER,race_control_message,WAVED BLUE FLAG FOR CAR 11 (PER) TIMED AT 15:07:50,43.0,medium
montr_al,2019,7,KUB,race_control_message,WAVED BLUE FLAG FOR CAR 88 (KUB) TIMED AT 15:08:17,44.0,medium
montr_al,2019,7,GIO,race_control_message,WAVED BLUE FLAG FOR CAR 99 (GIO) TIMED AT 15:09:30,45.0,medium
montr_al,2019,7,KUB,race_control_message,WAVED BLUE FLAG FOR CAR 88 (KUB) TIMED AT 15:10:20,45.0,medium
montr_al,2019,7,RAI,race_control_message,WAVED BLUE FLAG FOR CAR 7 (RAI) TIMED AT 15:10:39,45.0,medium
montr_al,2019,7,MAG,race_control_message,WAVED BLUE FLAG FOR CAR 20 (MAG) TIMED AT 15:12:36,47.0,medium
montr_al,2019,7,GRO,race_control_message,WAVED BLUE FLAG FOR CAR 8 (GRO) TIMED AT 15:12:53,47.0,medium
montr_al,2019,7,KVY,race_control_message,WAVED BLUE FLAG FOR CAR 26 (KVY) TIMED AT 15:13:25,48.0,medium
montr_al,2019,7,KVY,race_control_message,WAVED BLUE FLAG FOR CAR 26 (KVY) TIMED AT 15:14:53,49.0,medium
montr_al,2019,7,GIO,race_control_message,WAVED BLUE FLAG FOR CAR 99 (GIO) TIMED AT 15:15:13,49.0,medium
montr_al,2019,7,ALB,race_control_message,WAVED BLUE FLAG FOR CAR 23 (ALB) TIMED AT 15:15:16,49.0,medium
montr_al,2019,7,PER,race_control_message,WAVED BLUE FLAG FOR CAR 11 (PER) TIMED AT 15:15:35,49.0,medium
montr_al,2019,7,KVY,race_control_message,WAVED BLUE FLAG FOR CAR 26 (KVY) TIMED AT 15:15:38,49.0,medium
montr_al,2019,7,KUB,race_control_message,WAVED BLUE FLAG FOR CAR 88 (KUB) TIMED AT 15:15:47,49.0,medium
montr_al,2019,7,STR,race_control_message,WAVED BLUE FLAG FOR CAR 18 (STR) TIMED AT 15:16:45,50.0,medium
montr_al,2019,7,MAG,race_control_message,WAVED BLUE FLAG FOR CAR 20 (MAG) TIMED AT 15:16:51,50.0,medium
montr_al,2019,7,MAG,race_control_message,WAVED BLUE FLAG FOR CAR 20 (MAG) TIMED AT 15:18:31,52.0,medium
montr_al,2019,7,KUB,race_control_message,WAVED BLUE FLAG FOR CAR 88 (KUB) TIMED AT 15:20:22,53.0,medium
montr_al,2019,7,MAG,race_control_message,WAVED BLUE FLAG FOR CAR 20 (MAG) TIMED AT 15:20:28,53.0,medium
montr_al,2019,7,SAI,race_control_message,WAVED BLUE FLAG FOR CAR 55 (SAI) TIMED AT 15:21:00,54.0,medium
montr_al,2019,7,RUS,race_control_message,WAVED BLUE FLAG FOR CAR 63 (RUS) TIMED AT 15:22:00,54.0,medium
montr_al,2019,7,KVY,race_control_message,WAVED BLUE FLAG FOR CAR 26 (KVY) TIMED AT 15:22:17,55.0,medium
montr_al,2019,7,RUS,race_control_message,WAVED BLUE FLAG FOR CAR 63 (RUS) TIMED AT 15:22:25,55.0,medium
montr_al,2019,7,RUS,race_control_message,WAVED BLUE FLAG FOR CAR 63 (RUS) TIMED AT 15:22:29,55.0,medium
montr_al,2019,7,STR,race_control_message,WAVED BLUE FLAG FOR CAR 18 (STR) TIMED AT 15:24:14,56.0,medium
montr_al,2019,7,GRO,race_control_message,WAVED BLUE FLAG FOR CAR 8 (GRO) TIMED AT 15:25:08,57.0,medium
montr_al,2019,7,ALB,race_control_message,WAVED BLUE FLAG FOR CAR 23 (ALB) TIMED AT 15:25:10,57.0,medium
montr_al,2019,7,RUS,race_control_message,WAVED BLUE FLAG FOR CAR 63 (RUS) TIMED AT 15:25:16,57.0,medium
montr_al,2019,7,MAG,race_control_message,WAVED BLUE FLAG FOR CAR 20 (MAG) TIMED AT 15:25:20,57.0,medium
montr_al,2019,7,RAI,race_control_message,WAVED BLUE FLAG FOR CAR 7 (RAI) TIMED AT 15:25:21,57.0,medium
montr_al,2019,7,RUS,race_control_message,WAVED BLUE FLAG FOR CAR 63 (RUS) TIMED AT 15:25:40,57.0,medium
montr_al,2019,7,ALB,race_control_message,WAVED BLUE FLAG FOR CAR 23 (ALB) TIMED AT 15:25:42,57.0,medium
montr_al,2019,7,RUS,race_control_message,WAVED BLUE FLAG FOR CAR 63 (RUS) TIMED AT 15:26:21,58.0,medium
montr_al,2019,7,SAI,race_control_message,WAVED BLUE FLAG FOR CAR 55 (SAI) TIMED AT 15:26:53,58.0,medium
montr_al,2019,7,KUB,race_control_message,WAVED BLUE FLAG FOR CAR 88 (KUB) TIMED AT 15:27:12,59.0,medium
montr_al,2019,7,SAI,race_control_message,WAVED BLUE FLAG FOR CAR 55 (SAI) TIMED AT 15:27:17,59.0,medium
montr_al,2019,7,KUB,race_control_message,WAVED BLUE FLAG FOR CAR 88 (KUB) TIMED AT 15:27:59,59.0,medium
montr_al,2019,7,GIO,race_control_message,WAVED BLUE FLAG FOR CAR 99 (GIO) TIMED AT 15:28:12,59.0,medium
montr_al,2019,7,ALB,race_control_message,WAVED BLUE FLAG FOR CAR 23 (ALB) TIMED AT 15:28:31,60.0,medium
montr_al,2019,7,ALB,race_control_message,CAR 23 (ALB) OFF TRACK AND CONTINUED AT TURN 8,60.0,medium
montr_al,2019,7,ALB,race_control_message,WAVED BLUE FLAG FOR CAR 23 (ALB) TIMED AT 15:30:10,61.0,medium
montr_al,2019,7,MAG,race_control_message,WAVED BLUE FLAG FOR CAR 20 (MAG) TIMED AT 15:30:30,61.0,medium
montr_al,2019,7,ALB,race_control_message,WAVED BLUE FLAG FOR CAR 23 (ALB) TIMED AT 15:30:59,62.0,medium
montr_al,2019,7,KUB,race_control_message,WAVED BLUE FLAG FOR CAR 88 (KUB) TIMED AT 15:31:19,62.0,medium
montr_al,2019,7,RAI,race_control_message,WAVED BLUE FLAG FOR CAR 7 (RAI) TIMED AT 15:31:44,62.0,medium
montr_al,2019,7,ALB,race_control_message,WAVED BLUE FLAG FOR CAR 23 (ALB) TIMED AT 15:31:59,62.0,medium
montr_al,2019,7,RAI,race_control_message,WAVED BLUE FLAG FOR CAR 7 (RAI) TIMED AT 15:33:00,63.0,medium
montr_al,2019,7,GAS,race_control_message,WAVED BLUE FLAG FOR CAR 10 (GAS) TIMED AT 15:33:22,63.0,medium
montr_al,2019,7,GAS,race_control_message,WAVED BLUE FLAG FOR CAR 10 (GAS) TIMED AT 15:33:57,64.0,medium
montr_al,2019,7,PER,race_control_message,WAVED BLUE FLAG FOR CAR 11 (PER) TIMED AT 15:34:32,64.0,medium
montr_al,2019,7,RUS,race_control_message,WAVED BLUE FLAG FOR CAR 63 (RUS) TIMED AT 15:35:52,65.0,medium
montr_al,2019,7,RUS,race_control_message,WAVED BLUE FLAG FOR CAR 63 (RUS) TIMED AT 15:36:41,66.0,medium
montr_al,2019,7,HUL,race_control_message,WAVED BLUE FLAG FOR CAR 27 (HUL) TIMED AT 15:37:53,67.0,medium
montr_al,2019,7,GAS,race_control_message,WAVED BLUE FLAG FOR CAR 10 (GAS) TIMED AT 15:38:07,67.0,medium
montr_al,2019,7,RIC,race_control_message,WAVED BLUE FLAG FOR CAR 3 (RIC) TIMED AT 15:39:52,69.0,medium
montr_al,2019,7,MAG,race_control_message,WAVED BLUE FLAG FOR CAR 20 (MAG) TIMED AT 15:40:29,69.0,medium
montr_al,2019,7,HUL,race_control_message,WAVED BLUE FLAG FOR CAR 27 (HUL) TIMED AT 15:42:11,70.0,medium
montr_al,2019,7,RUS,race_control_message,WAVED BLUE FLAG FOR CAR 63 (RUS) TIMED AT 15:42:43,70.0,medium
montr_al,2022,9,BOT,race_control_message,CAR 77 (BOT) OFF TRACK AND CONTINUED AT TURN 14,2.0,medium
montr_al,2022,9,BOT,race_control_message,BLACK AND WHITE FLAG FOR CAR 77 (BOT) - FAILING TO FOLLOW RACE DIRECTORS INSTRUCTIONS,6.0,medium
montr_al,2022,9,LAT,race_control_message,CAR 6 (LAT) MISSED THE APEX OF TURN 14,8.0,medium
montr_al,2022,9,TSU,race_control_message,CAR 22 (TSU) MISSED THE APEX OF TURN 14,11.0,medium
montr_al,2022,9,LAT,race_control_message,WAVED BLUE FLAG FOR CAR 6 (LAT) TIMED AT 14:44:11,31.0,medium
montr_al,2022,9,LAT,race_control_message,WAVED BLUE FLAG FOR CAR 6 (LAT) TIMED AT 14:47:38,34.0,medium
montr_al,2022,9,GAS,race_control_message,CAR 10 (GAS) MISSED THE APEX OF TURN 14,34.0,medium
montr_al,2022,9,LAT,race_control_message,WAVED BLUE FLAG FOR CAR 6 (LAT) TIMED AT 14:51:13,36.0,medium
montr_al,2022,9,NOR,race_control_message,WAVED BLUE FLAG FOR CAR 4 (NOR) TIMED AT 14:52:01,37.0,medium
montr_al,2022,9,ALB,race_control_message,WAVED BLUE FLAG FOR CAR 23 (ALB) TIMED AT 14:52:41,37.0,medium
montr_al,2022,9,LAT,race_control_message,WAVED BLUE FLAG FOR CAR 6 (LAT) TIMED AT 14:55:01,39.0,medium
montr_al,2022,9,LAT,race_control_message,WAVED BLUE FLAG FOR CAR 6 (LAT) TIMED AT 14:55:10,39.0,medium
montr_al,2022,9,MAG,race_control_message,WAVED BLUE FLAG FOR CAR 20 (MAG) TIMED AT 14:56:17,40.0,medium
montr_al,2022,9,NOR,race_control_message,WAVED BLUE FLAG FOR CAR 4 (NOR) TIMED AT 14:56:59,41.0,medium
montr_al,2022,9,ALB,race_control_message,WAVED BLUE FLAG FOR CAR 23 (ALB) TIMED AT 14:57:28,41.0,medium
montr_al,2022,9,GAS,race_control_message,WAVED BLUE FLAG FOR CAR 10 (GAS) TIMED AT 14:57:35,41.0,medium
montr_al,2022,9,MAG,race_control_message,WAVED BLUE FLAG FOR CAR 20 (MAG) TIMED AT 15:01:26,44.0,medium
montr_al,2022,9,ALB,race_control_message,WAVED BLUE FLAG FOR CAR 23 (ALB) TIMED AT 15:04:59,47.0,medium
montr_al,2022,9,MAG,race_control_message,WAVED BLUE FLAG FOR CAR 20 (MAG) TIMED AT 15:07:14,49.0,medium
montr_al,2022,9,LAT,race_control_message,WAVED BLUE FLAG FOR CAR 6 (LAT) TIMED AT 15:07:22,49.0,medium
montr_al,2022,9,NOR,race_control_message,CAR 4 (NOR) MISSED THE APEX OF TURN 14,50.0,medium
montr_al,2022,9,LEC,race_control_message,CAR 16 (LEC) MISSED THE APEX OF TURN 14,60.0,medium
montr_al,2022,9,GAS,race_control_message,CAR 10 (GAS) MISSED THE APEX OF TURN 14,68.0,medium
montr_al,2023,8,MAG,race_control_message,WAVED BLUE FLAG FOR CAR 20 (MAG) TIMED AT 14:52:57,36.0,medium
montr_al,2023,8,MAG,race_control_message,WAVED BLUE FLAG FOR CAR 20 (MAG) TIMED AT 14:58:04,40.0,medium
montr_al,2023,8,MAG,race_control_message,WAVED BLUE FLAG FOR CAR 20 (MAG) TIMED AT 15:00:39,42.0,medium
montr_al,2023,8,DEV,race_control_message,WAVED BLUE FLAG FOR CAR 21 (DEV) TIMED AT 15:01:07,42.0,medium
montr_al,2023,8,DEV,race_control_message,WAVED BLUE FLAG FOR CAR 21 (DEV) TIMED AT 15:01:37,43.0,medium
montr_al,2023,8,MAG,race_control_message,WAVED BLUE FLAG FOR CAR 20 (MAG) TIMED AT 15:03:17,44.0,medium
montr_al,2023,8,DEV,race_control_message,WAVED BLUE FLAG FOR CAR 21 (DEV) TIMED AT 15:03:52,44.0,medium
montr_al,2023,8,MAG,race_control_message,WAVED BLUE FLAG FOR CAR 20 (MAG) TIMED AT 15:17:51,55.0,medium
montr_al,2023,8,MAG,race_control_message,WAVED BLUE FLAG FOR CAR 20 (MAG) TIMED AT 15:22:44,59.0,medium
montr_al,2023,8,ZHO,race_control_message,WAVED BLUE FLAG FOR CAR 24 (ZHO) TIMED AT 15:25:57,62.0,medium
montr_al,2023,8,HUL,race_control_message,WAVED BLUE FLAG FOR CAR 27 (HUL) TIMED AT 15:26:50,62.0,medium
montr_al,2023,8,ZHO,race_control_message,WAVED BLUE FLAG FOR CAR 24 (ZHO) TIMED AT 15:31:30,66.0,medium
montr_al,2023,8,HUL,race_control_message,WAVED BLUE FLAG FOR CAR 27 (HUL) TIMED AT 15:32:07,67.0,medium
montr_al,2023,8,ZHO,race_control_message,WAVED BLUE FLAG FOR CAR 24 (ZHO) TIMED AT 15:33:02,67.0,medium
montr_al,2023,8,ZHO,race_control_message,WAVED BLUE FLAG FOR CAR 24 (ZHO) TIMED AT 15:33:22,68.0,medium
montr_al,2023,8,HUL,race_control_message,WAVED BLUE FLAG FOR CAR 27 (HUL) TIMED AT 15:33:40,68.0,medium
montr_al,2023,8,PIA,race_control_message,BLACK AND WHITE FLAG FOR CAR 81 (PIA) - FAILING TO FOLLOW RACE DIRECTORS INSTRUCTIONS – ESCAPE ROAD INSTRUCTIONS,70.0,medium
montr_al,2024,9,SAR,race_control_message,WAVED BLUE FLAG FOR CAR 2 (SAR) TIMED AT 14:37:52,24.0,medium
montr_al,2024,9,ZHO,race_control_message,WAVED BLUE FLAG FOR CAR 24 (ZHO) TIMED AT 14:38:33,24.0,medium
montr_al,2024,9,LEC,race_control_message,WAVED BLUE FLAG FOR CAR 16 (LEC) TIMED AT 14:59:27,36.0,medium
montr_al,2024,9,LEC,race_control_message,WAVED BLUE FLAG FOR CAR 16 (LEC) TIMED AT 14:59:46,36.0,medium
montr_al,2024,9,LEC,race_control_message,WAVED BLUE FLAG FOR CAR 16 (LEC) TIMED AT 14:59:56,37.0,medium
montr_al,2024,9,LEC,race_control_message,WAVED BLUE FLAG FOR CAR 16 (LEC) TIMED AT 15:00:02,37.0,medium
montr_al,2024,9,LEC,race_control_message,WAVED BLUE FLAG FOR CAR 16 (LEC) TIMED AT 15:08:02,42.0,medium
montr_al,2024,9,LEC,race_control_message,WAVED BLUE FLAG FOR CAR 16 (LEC) TIMED AT 15:08:17,42.0,medium
montr_al,2024,9,ZHO,race_control_message,WAVED BLUE FLAG FOR CAR 24 (ZHO) TIMED AT 15:13:24,46.0,medium
montr_al,2024,9,ZHO,race_control_message,WAVED BLUE FLAG FOR CAR 24 (ZHO) TIMED AT 15:15:00,47.0,medium
montr_al,2024,9,ZHO,race_control_message,WAVED BLUE FLAG FOR CAR 24 (ZHO) TIMED AT 15:15:10,47.0,medium
montr_al,2024,9,ZHO,race_control_message,WAVED BLUE FLAG FOR CAR 24 (ZHO) TIMED AT 15:15:36,47.0,medium
montr_al,2024,9,ZHO,race_control_message,WAVED BLUE FLAG FOR CAR 24 (ZHO) TIMED AT 15:15:51,48.0,medium
montr_al,2024,9,ZHO,race_control_message,WAVED BLUE FLAG FOR CAR 24 (ZHO) TIMED AT 15:16:20,48.0,medium
montr_al,2024,9,ZHO,race_control_message,WAVED BLUE FLAG FOR CAR 24 (ZHO) TIMED AT 15:16:45,48.0,medium
montr_al,2024,9,ZHO,race_control_message,WAVED BLUE FLAG FOR CAR 24 (ZHO) TIMED AT 15:17:06,49.0,medium
montr_al,2024,9,MAG,race_control_message,BLACK AND WHITE FLAG FOR CAR 20 (MAG) - TRACK LIMITS,63.0,medium
montr_al,2025,10,LAW,race_control_message,WAVED BLUE FLAG FOR CAR 30 (LAW) TIMED AT 14:53:07,40.0,medium
montr_al,2025,10,LAW,race_control_message,WAVED BLUE FLAG FOR CAR 30 (LAW) TIMED AT 14:54:15,41.0,medium
montr_al,2025,10,LAW,race_control_message,WAVED BLUE FLAG FOR CAR 30 (LAW) TIMED AT 14:57:24,43.0,medium
montr_al,2025,10,LAW,race_control_message,WAVED BLUE FLAG FOR CAR 30 (LAW) TIMED AT 14:59:04,44.0,medium
montr_al,2025,10,LAW,race_control_message,WAVED BLUE FLAG FOR CAR 30 (LAW) TIMED AT 14:59:24,45.0,medium
montr_al,2025,10,LAW,race_control_message,WAVED BLUE FLAG FOR CAR 30 (LAW) TIMED AT 15:01:26,46.0,medium
montr_al,2025,10,LAW,race_control_message,WAVED BLUE FLAG FOR CAR 30 (LAW) TIMED AT 15:02:22,47.0,medium
montr_al,2025,10,ALB,race_control_message,WAVED BLUE FLAG FOR CAR 23 (ALB) TIMED AT 15:02:59,47.0,medium
montr_al,2025,10,LAW,race_control_message,WAVED BLUE FLAG FOR CAR 30 (LAW) TIMED AT 15:03:06,47.0,medium
montr_al,2025,10,LAW,race_control_message,WAVED BLUE FLAG FOR CAR 30 (LAW) TIMED AT 15:03:14,48.0,medium
montr_al,2025,10,ALB,race_control_message,WAVED BLUE FLAG FOR CAR 23 (ALB) TIMED AT 15:03:44,48.0,medium
montr_al,2025,10,ALB,race_control_message,WAVED BLUE FLAG FOR CAR 23 (ALB) TIMED AT 15:03:52,48.0,medium
montr_al,2025,10,ALB,race_control_message,WAVED BLUE FLAG FOR CAR 23 (ALB) TIMED AT 15:04:01,48.0,medium
montr_al,2025,10,LAW,race_control_message,WAVED BLUE FLAG FOR CAR 30 (LAW) TIMED AT 15:05:32,49.0,medium
montr_al,2025,10,BOR,race_control_message,WAVED BLUE FLAG FOR CAR 5 (BOR) TIMED AT 15:07:45,51.0,medium
montr_al,2025,10,GAS,race_control_message,WAVED BLUE FLAG FOR CAR 10 (GAS) TIMED AT 15:10:37,53.0,medium
montr_al,2025,10,LAW,race_control_message,WAVED BLUE FLAG FOR CAR 30 (LAW) TIMED AT 15:11:10,54.0,medium
montr_al,2025,10,GAS,race_control_message,WAVED BLUE FLAG FOR CAR 10 (GAS) TIMED AT 15:11:37,54.0,medium
montr_al,2025,10,GAS,race_control_message,WAVED BLUE FLAG FOR CAR 10 (GAS) TIMED AT 15:12:31,55.0,medium
montr_al,2025,10,HAD,race_control_message,WAVED BLUE FLAG FOR CAR 6 (HAD) TIMED AT 15:12:52,55.0,medium
montr_al,2025,10,HAD,race_control_message,WAVED BLUE FLAG FOR CAR 6 (HAD) TIMED AT 15:13:08,55.0,medium
montr_al,2025,10,HAD,race_control_message,WAVED BLUE FLAG FOR CAR 6 (HAD) TIMED AT 15:13:43,56.0,medium
montr_al,2025,10,HAD,race_control_message,WAVED BLUE FLAG FOR CAR 6 (HAD) TIMED AT 15:14:10,56.0,medium
montr_al,2025,10,BEA,race_control_message,WAVED BLUE FLAG FOR CAR 87 (BEA) TIMED AT 15:14:42,57.0,medium
montr_al,2025,10,HAD,race_control_message,WAVED BLUE FLAG FOR CAR 6 (HAD) TIMED AT 15:14:44,57.0,medium
montr_al,2025,10,BEA,race_control_message,WAVED BLUE FLAG FOR CAR 87 (BEA) TIMED AT 15:15:11,57.0,medium
montr_al,2025,10,COL,race_control_message,WAVED BLUE FLAG FOR CAR 43 (COL) TIMED AT 15:15:21,57.0,medium
montr_al,2025,10,COL,race_control_message,WAVED BLUE FLAG FOR CAR 43 (COL) TIMED AT 15:15:40,57.0,medium
montr_al,2025,10,BEA,race_control_message,WAVED BLUE FLAG FOR CAR 87 (BEA) TIMED AT 15:15:44,57.0,medium
montr_al,2025,10,BEA,race_control_message,WAVED BLUE FLAG FOR CAR 87 (BEA) TIMED AT 15:15:52,58.0,medium
montr_al,2025,10,COL,race_control_message,WAVED BLUE FLAG FOR CAR 43 (COL) TIMED AT 15:16:15,58.0,medium
montr_al,2025,10,BEA,race_control_message,WAVED BLUE FLAG FOR CAR 87 (BEA) TIMED AT 15:16:15,58.0,medium
montr_al,2025,10,COL,race_control_message,WAVED BLUE FLAG FOR CAR 43 (COL) TIMED AT 15:16:24,58.0,medium
montr_al,2025,10,BEA,race_control_message,WAVED BLUE FLAG FOR CAR 87 (BEA) TIMED AT 15:16:26,58.0,medium
montr_al,2025,10,COL,race_control_message,WAVED BLUE FLAG FOR CAR 43 (COL) TIMED AT 15:16:55,58.0,medium
montr_al,2025,10,OCO,race_control_message,WAVED BLUE FLAG FOR CAR 31 (OCO) TIMED AT 15:17:11,59.0,medium
montr_al,2025,10,OCO,race_control_message,WAVED BLUE FLAG FOR CAR 31 (OCO) TIMED AT 15:17:19,59.0,medium
montr_al,2025,10,BOR,race_control_message,WAVED BLUE FLAG FOR CAR 5 (BOR) TIMED AT 15:17:59,59.0,medium
montr_al,2025,10,TSU,race_control_message,WAVED BLUE FLAG FOR CAR 22 (TSU) TIMED AT 15:21:32,62.0,medium
montr_al,2025,10,TSU,race_control_message,WAVED BLUE FLAG FOR CAR 22 (TSU) TIMED AT 15:21:55,62.0,medium
montr_al,2025,10,HAD,race_control_message,WAVED BLUE FLAG FOR CAR 6 (HAD) TIMED AT 15:22:30,63.0,medium
montr_al,2025,10,COL,race_control_message,WAVED BLUE FLAG FOR CAR 43 (COL) TIMED AT 15:23:03,63.0,medium
montr_al,2026,5,BOT,race_control_message,WAVED BLUE FLAG FOR CAR 77 (BOT) TIMED AT 16:22:15,10.0,medium
montr_al,2026,5,BOT,race_control_message,WAVED BLUE FLAG FOR CAR 77 (BOT) TIMED AT 16:23:22,11.0,medium
montr_al,2026,5,BOT,race_control_message,WAVED BLUE FLAG FOR CAR 77 (BOT) TIMED AT 16:23:35,11.0,medium
montr_al,2026,5,BOT,race_control_message,WAVED BLUE FLAG FOR CAR 77 (BOT) TIMED AT 16:26:26,13.0,medium
montr_al,2026,5,PIA,race_control_message,WAVED BLUE FLAG FOR CAR 81 (PIA) TIMED AT 16:27:23,14.0,medium
montr_al,2026,5,PIA,race_control_message,WAVED BLUE FLAG FOR CAR 81 (PIA) TIMED AT 16:27:38,14.0,medium
montr_al,2026,5,BOT,race_control_message,WAVED BLUE FLAG FOR CAR 77 (BOT) TIMED AT 16:27:43,14.0,medium
montr_al,2026,5,BOT,race_control_message,WAVED BLUE FLAG FOR CAR 77 (BOT) TIMED AT 16:27:59,15.0,medium
montr_al,2026,5,PIA,race_control_message,WAVED BLUE FLAG FOR CAR 81 (PIA) TIMED AT 16:29:48,16.0,medium
montr_al,2026,5,PIA,race_control_message,WAVED BLUE FLAG FOR CAR 81 (PIA) TIMED AT 16:29:58,16.0,medium
montr_al,2026,5,PIA,race_control_message,WAVED BLUE FLAG FOR CAR 81 (PIA) TIMED AT 16:30:10,16.0,medium
montr_al,2026,5,OCO,race_control_message,WAVED BLUE FLAG FOR CAR 31 (OCO) TIMED AT 16:32:38,18.0,medium
montr_al,2026,5,STR,race_control_message,WAVED BLUE FLAG FOR CAR 18 (STR) TIMED AT 16:33:02,19.0,medium
montr_al,2026,5,BOT,race_control_message,WAVED BLUE FLAG FOR CAR 77 (BOT) TIMED AT 16:34:07,19.0,medium
montr_al,2026,5,ALO,race_control_message,WAVED BLUE FLAG FOR CAR 14 (ALO) TIMED AT 16:34:42,20.0,medium
montr_al,2026,5,STR,race_control_message,WAVED BLUE FLAG FOR CAR 18 (STR) TIMED AT 16:35:52,21.0,medium
montr_al,2026,5,STR,race_control_message,WAVED BLUE FLAG FOR CAR 18 (STR) TIMED AT 16:36:00,21.0,medium
montr_al,2026,5,ALO,race_control_message,WAVED BLUE FLAG FOR CAR 14 (ALO) TIMED AT 16:36:19,21.0,medium
montr_al,2026,5,BOT,race_control_message,WAVED BLUE FLAG FOR CAR 77 (BOT) TIMED AT 16:36:36,21.0,medium
montr_al,2026,5,PER,race_control_message,WAVED BLUE FLAG FOR CAR 11 (PER) TIMED AT 16:37:02,22.0,medium
montr_al,2026,5,BOT,race_control_message,WAVED BLUE FLAG FOR CAR 77 (BOT) TIMED AT 16:37:03,22.0,medium
montr_al,2026,5,PER,race_control_message,WAVED BLUE FLAG FOR CAR 11 (PER) TIMED AT 16:37:10,22.0,medium
montr_al,2026,5,ALO,race_control_message,WAVED BLUE FLAG FOR CAR 14 (ALO) TIMED AT 16:37:15,22.0,medium
montr_al,2026,5,BOT,race_control_message,WAVED BLUE FLAG FOR CAR 77 (BOT) TIMED AT 16:37:30,22.0,medium
montr_al,2026,5,BOT,race_control_message,WAVED BLUE FLAG FOR CAR 77 (BOT) TIMED AT 16:37:45,22.0,medium
montr_al,2026,5,STR,race_control_message,WAVED BLUE FLAG FOR CAR 18 (STR) TIMED AT 16:38:52,23.0,medium
montr_al,2026,5,STR,race_control_message,WAVED BLUE FLAG FOR CAR 18 (STR) TIMED AT 16:38:59,23.0,medium
montr_al,2026,5,NOR,race_control_message,WAVED BLUE FLAG FOR CAR 1 (NOR) TIMED AT 16:39:03,23.0,medium
montr_al,2026,5,STR,race_control_message,WAVED BLUE FLAG FOR CAR 18 (STR) TIMED AT 16:39:42,24.0,medium
montr_al,2026,5,BOT,race_control_message,WAVED BLUE FLAG FOR CAR 77 (BOT) TIMED AT 16:39:49,24.0,medium
montr_al,2026,5,PIA,race_control_message,WAVED BLUE FLAG FOR CAR 81 (PIA) TIMED AT 16:40:28,24.0,medium
montr_al,2026,5,ALO,race_control_message,WAVED BLUE FLAG FOR CAR 14 (ALO) TIMED AT 16:40:41,25.0,medium
montr_al,2026,5,BOT,race_control_message,WAVED BLUE FLAG FOR CAR 77 (BOT) TIMED AT 16:41:19,25.0,medium
montr_al,2026,5,BOT,race_control_message,WAVED BLUE FLAG FOR CAR 77 (BOT) TIMED AT 16:42:11,26.0,medium
montr_al,2026,5,BOT,race_control_message,WAVED BLUE FLAG FOR CAR 77 (BOT) TIMED AT 16:42:31,26.0,medium
montr_al,2026,5,BOT,race_control_message,WAVED BLUE FLAG FOR CAR 77 (BOT) TIMED AT 16:43:04,26.0,medium
montr_al,2026,5,STR,race_control_message,WAVED BLUE FLAG FOR CAR 18 (STR) TIMED AT 16:45:06,28.0,medium
montr_al,2026,5,STR,race_control_message,WAVED BLUE FLAG FOR CAR 18 (STR) TIMED AT 16:46:58,29.0,medium
montr_al,2026,5,STR,race_control_message,WAVED BLUE FLAG FOR CAR 18 (STR) TIMED AT 16:47:11,30.0,medium
montr_al,2026,5,STR,race_control_message,WAVED BLUE FLAG FOR CAR 18 (STR) TIMED AT 16:47:19,30.0,medium
montr_al,2026,5,OCO,race_control_message,WAVED BLUE FLAG FOR CAR 31 (OCO) TIMED AT 16:47:46,30.0,medium
montr_al,2026,5,PER,race_control_message,WAVED BLUE FLAG FOR CAR 11 (PER) TIMED AT 16:51:45,32.0,medium
montr_al,2026,5,PIA,race_control_message,WAVED BLUE FLAG FOR CAR 81 (PIA) TIMED AT 16:51:45,32.0,medium
montr_al,2026,5,OCO,race_control_message,WAVED BLUE FLAG FOR CAR 31 (OCO) TIMED AT 16:52:30,33.0,medium
montr_al,2026,5,BEA,race_control_message,WAVED BLUE FLAG FOR CAR 87 (BEA) TIMED AT 16:52:55,33.0,medium
montr_al,2026,5,BEA,race_control_message,WAVED BLUE FLAG FOR CAR 87 (BEA) TIMED AT 16:53:12,33.0,medium
montr_al,2026,5,BEA,race_control_message,WAVED BLUE FLAG FOR CAR 87 (BEA) TIMED AT 16:53:23,34.0,medium
montr_al,2026,5,STR,race_control_message,WAVED BLUE FLAG FOR CAR 18 (STR) TIMED AT 16:53:30,34.0,medium
montr_al,2026,5,PIA,race_control_message,WAVED BLUE FLAG FOR CAR 81 (PIA) TIMED AT 16:53:49,34.0,medium
montr_al,2026,5,PIA,race_control_message,WAVED BLUE FLAG FOR CAR 81 (PIA) TIMED AT 16:54:07,34.0,medium
montr_al,2026,5,STR,race_control_message,WAVED BLUE FLAG FOR CAR 18 (STR) TIMED AT 16:54:15,34.0,medium
montr_al,2026,5,SAI,race_control_message,WAVED BLUE FLAG FOR CAR 55 (SAI) TIMED AT 16:54:31,34.0,medium
montr_al,2026,5,PER,race_control_message,WAVED BLUE FLAG FOR CAR 11 (PER) TIMED AT 16:54:44,35.0,medium
montr_al,2026,5,PER,race_control_message,WAVED BLUE FLAG FOR CAR 11 (PER) TIMED AT 16:55:11,35.0,medium
montr_al,2026,5,OCO,race_control_message,WAVED BLUE FLAG FOR CAR 31 (OCO) TIMED AT 16:55:34,35.0,medium
montr_al,2026,5,STR,race_control_message,WAVED BLUE FLAG FOR CAR 18 (STR) TIMED AT 16:55:48,36.0,medium
montr_al,2026,5,STR,race_control_message,WAVED BLUE FLAG FOR CAR 18 (STR) TIMED AT 16:56:07,36.0,medium
montr_al,2026,5,OCO,race_control_message,WAVED BLUE FLAG FOR CAR 31 (OCO) TIMED AT 16:56:11,36.0,medium
montr_al,2026,5,STR,race_control_message,WAVED BLUE FLAG FOR CAR 18 (STR) TIMED AT 16:56:56,36.0,medium
montr_al,2026,5,BEA,race_control_message,WAVED BLUE FLAG FOR CAR 87 (BEA) TIMED AT 16:58:00,37.0,medium
montr_al,2026,5,BEA,race_control_message,WAVED BLUE FLAG FOR CAR 87 (BEA) TIMED AT 16:58:19,38.0,medium
montr_al,2026,5,STR,race_control_message,WAVED BLUE FLAG FOR CAR 18 (STR) TIMED AT 16:58:29,38.0,medium
montr_al,2026,5,SAI,race_control_message,WAVED BLUE FLAG FOR CAR 55 (SAI) TIMED AT 16:58:51,38.0,medium
montr_al,2026,5,SAI,race_control_message,WAVED BLUE FLAG FOR CAR 55 (SAI) TIMED AT 16:59:04,38.0,medium
montr_al,2026,5,STR,race_control_message,WAVED BLUE FLAG FOR CAR 18 (STR) TIMED AT 16:59:33,38.0,medium
montr_al,2026,5,STR,race_control_message,WAVED BLUE FLAG FOR CAR 18 (STR) TIMED AT 16:59:45,39.0,medium
montr_al,2026,5,BOT,race_control_message,WAVED BLUE FLAG FOR CAR 77 (BOT) TIMED AT 17:00:36,39.0,medium
montr_al,2026,5,BOT,race_control_message,WAVED BLUE FLAG FOR CAR 77 (BOT) TIMED AT 17:00:43,39.0,medium
montr_al,2026,5,OCO,race_control_message,WAVED BLUE FLAG FOR CAR 31 (OCO) TIMED AT 17:02:13,41.0,medium
montr_al,2026,5,SAI,race_control_message,WAVED BLUE FLAG FOR CAR 55 (SAI) TIMED AT 17:02:19,41.0,medium
montr_al,2026,5,PER,race_control_message,WAVED BLUE FLAG FOR CAR 11 (PER) TIMED AT 17:02:20,41.0,medium
montr_al,2026,5,BEA,race_control_message,WAVED BLUE FLAG FOR CAR 87 (BEA) TIMED AT 17:03:15,41.0,medium
montr_al,2026,5,BEA,race_control_message,WAVED BLUE FLAG FOR CAR 87 (BEA) TIMED AT 17:03:23,41.0,medium
montr_al,2026,5,STR,race_control_message,WAVED BLUE FLAG FOR CAR 18 (STR) TIMED AT 17:03:51,42.0,medium
montr_al,2026,5,STR,race_control_message,WAVED BLUE FLAG FOR CAR 18 (STR) TIMED AT 17:03:55,42.0,medium
montr_al,2026,5,PER,race_control_message,WAVED BLUE FLAG FOR CAR 11 (PER) TIMED AT 17:04:19,42.0,medium
montr_al,2026,5,PER,race_control_message,WAVED BLUE FLAG FOR CAR 11 (PER) TIMED AT 17:04:31,42.0,medium
montr_al,2026,5,OCO,race_control_message,WAVED BLUE FLAG FOR CAR 31 (OCO) TIMED AT 17:05:04,43.0,medium
montr_al,2026,5,OCO,race_control_message,WAVED BLUE FLAG FOR CAR 31 (OCO) TIMED AT 17:06:37,44.0,medium
montr_al,2026,5,STR,race_control_message,WAVED BLUE FLAG FOR CAR 18 (STR) TIMED AT 17:06:47,44.0,medium
montr_al,2026,5,GAS,race_control_message,WAVED BLUE FLAG FOR CAR 10 (GAS) TIMED AT 17:07:03,44.0,medium
montr_al,2026,5,GAS,race_control_message,WAVED BLUE FLAG FOR CAR 10 (GAS) TIMED AT 17:07:11,45.0,medium
montr_al,2026,5,BOT,race_control_message,WAVED BLUE FLAG FOR CAR 77 (BOT) TIMED AT 17:08:05,45.0,medium
montr_al,2026,5,SAI,race_control_message,WAVED BLUE FLAG FOR CAR 55 (SAI) TIMED AT 17:08:17,45.0,medium
montr_al,2026,5,SAI,race_control_message,WAVED BLUE FLAG FOR CAR 55 (SAI) TIMED AT 17:08:29,46.0,medium
montr_al,2026,5,SAI,race_control_message,WAVED BLUE FLAG FOR CAR 55 (SAI) TIMED AT 17:08:38,46.0,medium
montr_al,2026,5,LAW,race_control_message,WAVED BLUE FLAG FOR CAR 30 (LAW) TIMED AT 17:09:52,46.0,medium
montr_al,2026,5,BOT,race_control_message,WAVED BLUE FLAG FOR CAR 77 (BOT) TIMED AT 17:09:54,46.0,medium
montr_al,2026,5,BOT,race_control_message,WAVED BLUE FLAG FOR CAR 77 (BOT) TIMED AT 17:10:30,47.0,medium
montr_al,2026,5,LAW,race_control_message,WAVED BLUE FLAG FOR CAR 30 (LAW) TIMED AT 17:10:36,47.0,medium
montr_al,2026,5,LAW,race_control_message,WAVED BLUE FLAG FOR CAR 30 (LAW) TIMED AT 17:10:54,47.0,medium
montr_al,2026,5,OCO,race_control_message,WAVED BLUE FLAG FOR CAR 31 (OCO) TIMED AT 17:11:46,48.0,medium
montr_al,2026,5,GAS,race_control_message,WAVED BLUE FLAG FOR CAR 10 (GAS) TIMED AT 17:11:46,48.0,medium
montr_al,2026,5,GAS,race_control_message,WAVED BLUE FLAG FOR CAR 10 (GAS) TIMED AT 17:11:56,48.0,medium
montr_al,2026,5,OCO,race_control_message,WAVED BLUE FLAG FOR CAR 31 (OCO) TIMED AT 17:12:41,49.0,medium
montr_al,2026,5,GAS,race_control_message,WAVED BLUE FLAG FOR CAR 10 (GAS) TIMED AT 17:12:42,49.0,medium
montr_al,2026,5,BOT,race_control_message,WAVED BLUE FLAG FOR CAR 77 (BOT) TIMED AT 17:12:46,49.0,medium
montr_al,2026,5,BOT,race_control_message,WAVED BLUE FLAG FOR CAR 77 (BOT) TIMED AT 17:13:01,49.0,medium
montr_al,2026,5,LAW,race_control_message,WAVED BLUE FLAG FOR CAR 30 (LAW) TIMED AT 17:13:24,49.0,medium
montr_al,2026,5,BOT,race_control_message,WAVED BLUE FLAG FOR CAR 77 (BOT) TIMED AT 17:13:30,49.0,medium
montr_al,2026,5,STR,race_control_message,WAVED BLUE FLAG FOR CAR 18 (STR) TIMED AT 17:13:31,49.0,medium
montr_al,2026,5,LAW,race_control_message,WAVED BLUE FLAG FOR CAR 30 (LAW) TIMED AT 17:13:36,49.0,medium
montr_al,2026,5,LAW,race_control_message,WAVED BLUE FLAG FOR CAR 30 (LAW) TIMED AT 17:13:57,50.0,medium
montr_al,2026,5,LAW,race_control_message,WAVED BLUE FLAG FOR CAR 30 (LAW) TIMED AT 17:14:11,50.0,medium
montr_al,2026,5,BOT,race_control_message,WAVED BLUE FLAG FOR CAR 77 (BOT) TIMED AT 17:14:12,50.0,medium
montr_al,2026,5,OCO,race_control_message,WAVED BLUE FLAG FOR CAR 31 (OCO) TIMED AT 17:14:33,50.0,medium
montr_al,2026,5,STR,race_control_message,WAVED BLUE FLAG FOR CAR 18 (STR) TIMED AT 17:16:01,51.0,medium
montr_al,2026,5,BOT,race_control_message,WAVED BLUE FLAG FOR CAR 77 (BOT) TIMED AT 17:16:55,52.0,medium
montr_al,2026,5,BOT,race_control_message,WAVED BLUE FLAG FOR CAR 77 (BOT) TIMED AT 17:19:40,54.0,medium
montr_al,2026,5,STR,race_control_message,WAVED BLUE FLAG FOR CAR 18 (STR) TIMED AT 17:21:46,55.0,medium
montr_al,2026,5,BOT,race_control_message,WAVED BLUE FLAG FOR CAR 77 (BOT) TIMED AT 17:21:56,56.0,medium
montr_al,2026,5,BOT,race_control_message,WAVED BLUE FLAG FOR CAR 77 (BOT) TIMED AT 17:22:18,56.0,medium
montr_al,2026,5,COL,race_control_message,WAVED BLUE FLAG FOR CAR 43 (COL) TIMED AT 17:23:14,57.0,medium
montr_al,2026,5,OCO,race_control_message,WAVED BLUE FLAG FOR CAR 31 (OCO) TIMED AT 17:24:01,57.0,medium
montr_al,2026,5,BOT,race_control_message,WAVED BLUE FLAG FOR CAR 77 (BOT) TIMED AT 17:24:06,57.0,medium
montr_al,2026,5,OCO,race_control_message,WAVED BLUE FLAG FOR CAR 31 (OCO) TIMED AT 17:24:07,57.0,medium
montr_al,2026,5,STR,race_control_message,WAVED BLUE FLAG FOR CAR 18 (STR) TIMED AT 17:24:50,58.0,medium
montr_al,2026,5,STR,race_control_message,WAVED BLUE FLAG FOR CAR 18 (STR) TIMED AT 17:26:25,59.0,medium
montr_al,2026,5,BEA,race_control_message,WAVED BLUE FLAG FOR CAR 87 (BEA) TIMED AT 17:26:31,59.0,medium
montr_al,2026,5,BEA,race_control_message,WAVED BLUE FLAG FOR CAR 87 (BEA) TIMED AT 17:26:37,59.0,medium
montr_al,2026,5,BOT,race_control_message,WAVED BLUE FLAG FOR CAR 77 (BOT) TIMED AT 17:26:58,60.0,medium
montr_al,2026,5,STR,race_control_message,WAVED BLUE FLAG FOR CAR 18 (STR) TIMED AT 17:27:32,60.0,medium
montr_al,2026,5,PIA,race_control_message,WAVED BLUE FLAG FOR CAR 81 (PIA) TIMED AT 17:28:44,61.0,medium
montr_al,2026,5,PIA,race_control_message,WAVED BLUE FLAG FOR CAR 81 (PIA) TIMED AT 17:28:56,61.0,medium
montr_al,2026,5,COL,race_control_message,WAVED BLUE FLAG FOR CAR 43 (COL) TIMED AT 17:29:33,62.0,medium
montr_al,2026,5,COL,race_control_message,WAVED BLUE FLAG FOR CAR 43 (COL) TIMED AT 17:29:42,62.0,medium
montr_al,2026,5,SAI,race_control_message,WAVED BLUE FLAG FOR CAR 55 (SAI) TIMED AT 17:30:07,62.0,medium
montr_al,2026,5,BOT,race_control_message,WAVED BLUE FLAG FOR CAR 77 (BOT) TIMED AT 17:30:31,62.0,medium
montr_al,2026,5,BOR,race_control_message,WAVED BLUE FLAG FOR CAR 5 (BOR) TIMED AT 17:30:38,63.0,medium
montr_al,2026,5,HUL,race_control_message,WAVED BLUE FLAG FOR CAR 27 (HUL) TIMED AT 17:31:53,64.0,medium
montr_al,2026,5,HAD,race_control_message,WAVED BLUE FLAG FOR CAR 6 (HAD) TIMED AT 17:31:57,64.0,medium
montr_al,2026,5,HUL,race_control_message,WAVED BLUE FLAG FOR CAR 27 (HUL) TIMED AT 17:32:01,64.0,medium
montr_al,2026,5,HUL,race_control_message,WAVED BLUE FLAG FOR CAR 27 (HUL) TIMED AT 17:32:26,64.0,medium
montr_al,2026,5,STR,race_control_message,WAVED BLUE FLAG FOR CAR 18 (STR) TIMED AT 17:34:59,66.0,medium
montr_al,2026,5,BOR,race_control_message,WAVED BLUE FLAG FOR CAR 5 (BOR) TIMED AT 17:35:11,66.0,medium
montr_al,2026,5,STR,race_control_message,WAVED BLUE FLAG FOR CAR 18 (STR) TIMED AT 17:35:49,67.0,medium
montr_al,2026,5,HUL,race_control_message,WAVED BLUE FLAG FOR CAR 27 (HUL) TIMED AT 17:37:06,68.0,medium
montr_al,2026,5,HUL,race_control_message,WAVED BLUE FLAG FOR CAR 27 (HUL) TIMED AT 17:37:11,68.0,medium
montr_al,2026,5,PIA,race_control_message,WAVED BLUE FLAG FOR CAR 81 (PIA) TIMED AT 17:37:17,68.0,medium
montr_al,2026,5,PIA,race_control_message,WAVED BLUE FLAG FOR CAR 81 (PIA) TIMED AT 17:37:25,68.0,medium
montr_al,2026,5,STR,race_control_message,WAVED BLUE FLAG FOR CAR 18 (STR) TIMED AT 17:37:37,68.0,medium
montr_al,2026,5,PIA,race_control_message,WAVED BLUE FLAG FOR CAR 81 (PIA) TIMED AT 17:37:45,68.0,medium
montr_al,2026,5,STR,race_control_message,WAVED BLUE FLAG FOR CAR 18 (STR) TIMED AT 17:37:53,68.0,medium
monza,2019,14,VET,race_control_message,CAR 5 (VET) SPUN AND CONTINUED AT TURN 9,7.0,medium
monza,2019,14,GRO,race_control_message,CAR 8 (GRO) SPUN AND CONTINUED AT TURN 10,8.0,medium
monza,2019,14,ALB,race_control_message,CAR 23 (ALB) MISSED THE APEX OF TURN 5,8.0,medium
monza,2019,14,GRO,race_control_message,WAVED BLUE FLAG FOR CAR 8 (GRO) TIMED AT 15:40:38,20.0,medium
monza,2019,14,GRO,race_control_message,WAVED BLUE FLAG FOR CAR 8 (GRO) TIMED AT 15:41:25,20.0,medium
monza,2019,14,RAI,race_control_message,WAVED BLUE FLAG FOR CAR 7 (RAI) TIMED AT 15:43:10,22.0,medium
monza,2019,14,LEC,race_control_message,WAVED BLUE FLAG FOR CAR 16 (LEC) TIMED AT 15:45:31,23.0,medium
monza,2019,14,HAM,race_control_message,CAR 44 (HAM) MISSED THE APEX OF TURN 5,23.0,medium
monza,2019,14,HUL,race_control_message,CAR 27 (HUL) MISSED THE APEX OF TURN 5,23.0,medium
monza,2019,14,GRO,race_control_message,WAVED BLUE FLAG FOR CAR 8 (GRO) TIMED AT 15:51:49,28.0,medium
monza,2019,14,GRO,race_control_message,WAVED BLUE FLAG FOR CAR 8 (GRO) TIMED AT 15:55:23,30.0,medium
monza,2019,14,KVY,race_control_message,CAR 26 (KVY) STOPPED AT TURN 2,31.0,medium
monza,2019,14,RAI,race_control_message,WAVED BLUE FLAG FOR CAR 7 (RAI) TIMED AT 15:58:05,31.0,medium
monza,2019,14,RAI,race_control_message,WAVED BLUE FLAG FOR CAR 7 (RAI) TIMED AT 15:58:21,32.0,medium
monza,2019,14,VET,race_control_message,WAVED BLUE FLAG FOR CAR 5 (VET) TIMED AT 16:00:09,33.0,medium
monza,2019,14,RUS,race_control_message,WAVED BLUE FLAG FOR CAR 63 (RUS) TIMED AT 16:00:38,33.0,medium
monza,2019,14,KUB,race_control_message,WAVED BLUE FLAG FOR CAR 88 (KUB) TIMED AT 16:00:50,33.0,medium
monza,2019,14,RUS,race_control_message,WAVED BLUE FLAG FOR CAR 63 (RUS) TIMED AT 16:02:15,34.0,medium
monza,2019,14,MAG,race_control_message,CAR 20 (MAG) MISSED THE APEX OF TURN 5,35.0,medium
monza,2019,14,VET,race_control_message,WAVED BLUE FLAG FOR CAR 5 (VET) TIMED AT 16:03:44,35.0,medium
monza,2019,14,GRO,race_control_message,WAVED BLUE FLAG FOR CAR 8 (GRO) TIMED AT 16:12:02,41.0,medium
monza,2019,14,KUB,race_control_message,WAVED BLUE FLAG FOR CAR 88 (KUB) TIMED AT 16:12:30,42.0,medium
monza,2019,14,STR,race_control_message,WAVED BLUE FLAG FOR CAR 18 (STR) TIMED AT 16:12:35,42.0,medium
monza,2019,14,STR,race_control_message,WAVED BLUE FLAG FOR CAR 18 (STR) TIMED AT 16:13:14,42.0,medium
monza,2019,14,STR,race_control_message,WAVED BLUE FLAG FOR CAR 18 (STR) TIMED AT 16:13:28,42.0,medium
monza,2019,14,GRO,race_control_message,WAVED BLUE FLAG FOR CAR 8 (GRO) TIMED AT 16:14:21,43.0,medium
monza,2019,14,KUB,race_control_message,WAVED BLUE FLAG FOR CAR 88 (KUB) TIMED AT 16:14:37,43.0,medium
monza,2019,14,KUB,race_control_message,WAVED BLUE FLAG FOR CAR 88 (KUB) TIMED AT 16:17:49,46.0,medium
monza,2019,14,VET,race_control_message,WAVED BLUE FLAG FOR CAR 5 (VET) TIMED AT 16:18:29,46.0,medium
monza,2019,14,KUB,race_control_message,WAVED BLUE FLAG FOR CAR 88 (KUB) TIMED AT 16:18:51,46.0,medium
monza,2019,14,KUB,race_control_message,WAVED BLUE FLAG FOR CAR 88 (KUB) TIMED AT 16:19:19,47.0,medium
monza,2019,14,GAS,race_control_message,WAVED BLUE FLAG FOR CAR 10 (GAS) TIMED AT 16:21:23,48.0,medium
monza,2019,14,GRO,race_control_message,WAVED BLUE FLAG FOR CAR 8 (GRO) TIMED AT 16:21:37,48.0,medium
monza,2019,14,GRO,race_control_message,WAVED BLUE FLAG FOR CAR 8 (GRO) TIMED AT 16:21:45,48.0,medium
monza,2019,14,RAI,race_control_message,WAVED BLUE FLAG FOR CAR 7 (RAI) TIMED AT 16:21:50,48.0,medium
monza,2019,14,GAS,race_control_message,WAVED BLUE FLAG FOR CAR 10 (GAS) TIMED AT 16:22:01,49.0,medium
monza,2019,14,RAI,race_control_message,WAVED BLUE FLAG FOR CAR 7 (RAI) TIMED AT 16:22:21,49.0,medium
monza,2019,14,NOR,race_control_message,WAVED BLUE FLAG FOR CAR 4 (NOR) TIMED AT 16:24:11,50.0,medium
monza,2019,14,NOR,race_control_message,WAVED BLUE FLAG FOR CAR 4 (NOR) TIMED AT 16:24:46,51.0,medium
monza,2019,14,GIO,race_control_message,WAVED BLUE FLAG FOR CAR 99 (GIO) TIMED AT 16:27:32,53.0,medium
monza,2020,8,RUS,race_control_message,CAR 63 (RUS) MISSED THE APEX OF TURN 2,33.0,medium
monza,2020,8,GRO,race_control_message,CAR 8 (GRO) MISSED THE APEX OF TURN 2,35.0,medium
monza,2020,8,ALB,race_control_message,CAR 23 (ALB) MISSED THE APEX OF TURN 2,40.0,medium
monza,2021,14,RUS,race_control_message,CAR 63 (RUS) MISSED THE APEX OF TURN 2,21.0,medium
monza,2021,14,VER,race_control_message,CAR 33 (VER) MISSED THE APEX OF TURN 2,21.0,medium
monza,2021,14,MSC,race_control_message,CAR 47 (MSC) SPUN AND CONTINUED AT TURN 4,32.0,medium
monza,2021,14,LEC,race_control_message,CAR 16 (LEC) MISSED THE APEX OF TURN 2,33.0,medium
monza,2021,14,MAZ,race_control_message,CAR 9 (MAZ) MISSED THE APEX OF TURN 2,40.0,medium
monza,2021,14,STR,race_control_message,CAR 18 (STR) MISSED THE APEX OF TURN 2,43.0,medium
monza,2021,14,MAZ,race_control_message,CAR 9 (MAZ) STOPPED AT TURN 10,44.0,medium
monza,2022,16,DEV,race_control_message,BLACK AND WHITE FLAG FOR CAR 45 (DEV) - TRACK LIMITS,19.0,medium
monza,2022,16,MAG,race_control_message,WAVED BLUE FLAG FOR CAR 20 (MAG) TIMED AT 15:42:52,28.0,medium
monza,2022,16,MAG,race_control_message,WAVED BLUE FLAG FOR CAR 20 (MAG) TIMED AT 15:48:08,31.0,medium
monza,2022,16,STR,race_control_message,WAVED BLUE FLAG FOR CAR 18 (STR) TIMED AT 15:56:17,37.0,medium
monza,2022,16,MSC,race_control_message,WAVED BLUE FLAG FOR CAR 47 (MSC) TIMED AT 15:57:29,38.0,medium
monza,2022,16,LAT,race_control_message,WAVED BLUE FLAG FOR CAR 6 (LAT) TIMED AT 15:59:19,39.0,medium
monza,2022,16,MAG,race_control_message,WAVED BLUE FLAG FOR CAR 20 (MAG) TIMED AT 16:00:23,40.0,medium
monza,2022,16,TSU,race_control_message,WAVED BLUE FLAG FOR CAR 22 (TSU) TIMED AT 16:02:04,41.0,medium
monza,2022,16,OCO,race_control_message,WAVED BLUE FLAG FOR CAR 31 (OCO) TIMED AT 16:05:32,43.0,medium
monza,2022,16,MAG,race_control_message,WAVED BLUE FLAG FOR CAR 20 (MAG) TIMED AT 16:06:08,44.0,medium
monza,2022,16,ZHO,race_control_message,WAVED BLUE FLAG FOR CAR 24 (ZHO) TIMED AT 16:06:41,44.0,medium
monza,2022,16,ZHO,race_control_message,WAVED BLUE FLAG FOR CAR 24 (ZHO) TIMED AT 16:06:54,44.0,medium
monza,2022,16,DEV,race_control_message,WAVED BLUE FLAG FOR CAR 45 (DEV) TIMED AT 16:07:10,45.0,medium
monza,2022,16,LAT,race_control_message,WAVED BLUE FLAG FOR CAR 6 (LAT) TIMED AT 16:08:01,45.0,medium
monza,2022,16,GAS,race_control_message,WAVED BLUE FLAG FOR CAR 10 (GAS) TIMED AT 16:08:11,45.0,medium
monza,2022,16,RIC,race_control_message,WAVED BLUE FLAG FOR CAR 3 (RIC) TIMED AT 16:09:31,46.0,medium
monza,2022,16,MAG,race_control_message,WAVED BLUE FLAG FOR CAR 20 (MAG) TIMED AT 16:11:29,48.0,medium
monza,2023,14,MAG,race_control_message,WAVED BLUE FLAG FOR CAR 20 (MAG) TIMED AT 16:20:03,40.0,medium
monza,2023,14,MAG,race_control_message,WAVED BLUE FLAG FOR CAR 20 (MAG) TIMED AT 16:20:22,40.0,medium
monza,2023,14,OCO,race_control_message,WAVED BLUE FLAG FOR CAR 31 (OCO) TIMED AT 16:21:07,40.0,medium
monza,2024,16,GAS,race_control_message,WAVED BLUE FLAG FOR CAR 10 (GAS) TIMED AT 15:47:42,32.0,medium
monza,2024,16,GAS,race_control_message,WAVED BLUE FLAG FOR CAR 10 (GAS) TIMED AT 15:53:48,36.0,medium
monza,2024,16,ZHO,race_control_message,WAVED BLUE FLAG FOR CAR 24 (ZHO) TIMED AT 15:54:03,36.0,medium
monza,2024,16,HUL,race_control_message,WAVED BLUE FLAG FOR CAR 27 (HUL) TIMED AT 15:56:29,38.0,medium
monza,2024,16,ZHO,race_control_message,WAVED BLUE FLAG FOR CAR 24 (ZHO) TIMED AT 15:57:56,39.0,medium
monza,2024,16,BOT,race_control_message,WAVED BLUE FLAG FOR CAR 77 (BOT) TIMED AT 15:58:23,39.0,medium
monza,2024,16,BOT,race_control_message,WAVED BLUE FLAG FOR CAR 77 (BOT) TIMED AT 16:01:44,42.0,medium
monza,2024,16,ZHO,race_control_message,WAVED BLUE FLAG FOR CAR 24 (ZHO) TIMED AT 16:03:49,43.0,medium
monza,2024,16,BOT,race_control_message,WAVED BLUE FLAG FOR CAR 77 (BOT) TIMED AT 16:03:49,43.0,medium
monza,2024,16,OCO,race_control_message,WAVED BLUE FLAG FOR CAR 31 (OCO) TIMED AT 16:04:05,43.0,medium
monza,2024,16,ZHO,race_control_message,WAVED BLUE FLAG FOR CAR 24 (ZHO) TIMED AT 16:04:25,44.0,medium
monza,2024,16,GAS,race_control_message,WAVED BLUE FLAG FOR CAR 10 (GAS) TIMED AT 16:04:57,44.0,medium
monza,2024,16,ZHO,race_control_message,WAVED BLUE FLAG FOR CAR 24 (ZHO) TIMED AT 16:05:56,45.0,medium
monza,2024,16,GAS,race_control_message,WAVED BLUE FLAG FOR CAR 10 (GAS) TIMED AT 16:07:56,46.0,medium
monza,2024,16,HUL,race_control_message,WAVED BLUE FLAG FOR CAR 27 (HUL) TIMED AT 16:11:08,48.0,medium
monza,2024,16,ZHO,race_control_message,WAVED BLUE FLAG FOR CAR 24 (ZHO) TIMED AT 16:11:18,49.0,medium
monza,2024,16,STR,race_control_message,WAVED BLUE FLAG FOR CAR 18 (STR) TIMED AT 16:12:03,49.0,medium
monza,2024,16,BOT,race_control_message,WAVED BLUE FLAG FOR CAR 77 (BOT) TIMED AT 16:12:21,49.0,medium
monza,2024,16,OCO,race_control_message,WAVED BLUE FLAG FOR CAR 31 (OCO) TIMED AT 16:13:07,50.0,medium
monza,2024,16,STR,race_control_message,WAVED BLUE FLAG FOR CAR 18 (STR) TIMED AT 16:13:34,50.0,medium
monza,2024,16,STR,race_control_message,WAVED BLUE FLAG FOR CAR 18 (STR) TIMED AT 16:14:19,51.0,medium
monza,2024,16,OCO,race_control_message,WAVED BLUE FLAG FOR CAR 31 (OCO) TIMED AT 16:14:57,51.0,medium
monza,2024,16,STR,race_control_message,WAVED BLUE FLAG FOR CAR 18 (STR) TIMED AT 16:16:14,52.0,medium
monza,2024,16,STR,race_control_message,WAVED BLUE FLAG FOR CAR 18 (STR) TIMED AT 16:16:39,52.0,medium
monza,2024,16,ZHO,race_control_message,WAVED BLUE FLAG FOR CAR 24 (ZHO) TIMED AT 16:17:53,53.0,medium
monza,2024,16,ZHO,race_control_message,WAVED BLUE FLAG FOR CAR 24 (ZHO) TIMED AT 16:18:35,53.0,medium
monza,2025,16,ANT,race_control_message,BLACK AND WHITE FLAG FOR CAR 12 (ANT) - TRACK LIMITS,30.0,medium
monza,2025,16,GAS,race_control_message,BLACK AND WHITE FLAG FOR CAR 10 (GAS) - TRACK LIMITS,36.0,medium
monza,2025,16,COL,race_control_message,WAVED BLUE FLAG FOR CAR 43 (COL) TIMED AT 15:57:53,40.0,medium
monza,2025,16,COL,race_control_message,WAVED BLUE FLAG FOR CAR 43 (COL) TIMED AT 16:12:45,50.0,medium
monza,2025,16,OCO,race_control_message,WAVED BLUE FLAG FOR CAR 31 (OCO) TIMED AT 16:15:48,53.0,medium
monza,2026,13,PER,race_control_message,WAVED BLUE FLAG FOR CAR 11 (PER) TIMED AT 16:19:41,29.0,medium
monza,2026,13,BOT,race_control_message,WAVED BLUE FLAG FOR CAR 77 (BOT) TIMED AT 16:19:41,29.0,medium
monza,2026,13,BOT,race_control_message,WAVED BLUE FLAG FOR CAR 77 (BOT) TIMED AT 16:19:53,29.0,medium
monza,2026,13,BOT,race_control_message,WAVED BLUE FLAG FOR CAR 77 (BOT) TIMED AT 16:22:09,31.0,medium
monza,2026,13,BOT,race_control_message,WAVED BLUE FLAG FOR CAR 77 (BOT) TIMED AT 16:22:33,31.0,medium
monza,2026,13,PER,race_control_message,WAVED BLUE FLAG FOR CAR 11 (PER) TIMED AT 16:23:05,31.0,medium
monza,2026,13,PER,race_control_message,WAVED BLUE FLAG FOR CAR 11 (PER) TIMED AT 16:23:59,32.0,medium
monza,2026,13,PER,race_control_message,WAVED BLUE FLAG FOR CAR 11 (PER) TIMED AT 16:25:33,33.0,medium
monza,2026,13,PER,race_control_message,WAVED BLUE FLAG FOR CAR 11 (PER) TIMED AT 16:26:08,33.0,medium
monza,2026,13,BOT,race_control_message,WAVED BLUE FLAG FOR CAR 77 (BOT) TIMED AT 16:26:26,34.0,medium
monza,2026,13,PER,race_control_message,WAVED BLUE FLAG FOR CAR 11 (PER) TIMED AT 16:27:07,34.0,medium
monza,2026,13,BOT,race_control_message,WAVED BLUE FLAG FOR CAR 77 (BOT) TIMED AT 16:31:19,37.0,medium
monza,2026,13,PER,race_control_message,WAVED BLUE FLAG FOR CAR 11 (PER) TIMED AT 16:32:59,38.0,medium
monza,2026,13,BOT,race_control_message,WAVED BLUE FLAG FOR CAR 77 (BOT) TIMED AT 16:33:30,39.0,medium
monza,2026,13,BOT,race_control_message,WAVED BLUE FLAG FOR CAR 77 (BOT) TIMED AT 16:37:55,42.0,medium
monza,2026,13,BOT,race_control_message,WAVED BLUE FLAG FOR CAR 77 (BOT) TIMED AT 16:38:06,42.0,medium
monza,2026,13,PER,race_control_message,WAVED BLUE FLAG FOR CAR 11 (PER) TIMED AT 16:39:44,43.0,medium
monza,2026,13,PER,race_control_message,WAVED BLUE FLAG FOR CAR 11 (PER) TIMED AT 16:39:49,43.0,medium
monza,2026,13,PER,race_control_message,WAVED BLUE FLAG FOR CAR 11 (PER) TIMED AT 16:40:03,43.0,medium
monza,2026,13,BOT,race_control_message,WAVED BLUE FLAG FOR CAR 77 (BOT) TIMED AT 16:46:59,48.0,medium
monza,2026,13,BOT,race_control_message,WAVED BLUE FLAG FOR CAR 77 (BOT) TIMED AT 16:47:11,48.0,medium
monza,2026,13,BOT,race_control_message,WAVED BLUE FLAG FOR CAR 77 (BOT) TIMED AT 16:47:20,48.0,medium
monza,2026,13,ALB,race_control_message,WAVED BLUE FLAG FOR CAR 23 (ALB) TIMED AT 16:47:59,49.0,medium
monza,2026,13,ALB,race_control_message,WAVED BLUE FLAG FOR CAR 23 (ALB) TIMED AT 16:48:07,49.0,medium
monza,2026,13,PER,race_control_message,WAVED BLUE FLAG FOR CAR 11 (PER) TIMED AT 16:49:28,50.0,medium
monza,2026,13,BOT,race_control_message,WAVED BLUE FLAG FOR CAR 77 (BOT) TIMED AT 16:51:31,51.0,medium
monza,2026,13,OCO,race_control_message,WAVED BLUE FLAG FOR CAR 31 (OCO) TIMED AT 16:51:49,51.0,medium
monza,2026,13,OCO,race_control_message,WAVED BLUE FLAG FOR CAR 31 (OCO) TIMED AT 16:52:07,52.0,medium
monza,2026,13,PER,race_control_message,WAVED BLUE FLAG FOR CAR 11 (PER) TIMED AT 16:54:08,53.0,medium
s_o_paulo,2018,20,ERI,race_control_message,CAR 9 (ERI) SPUN AND CONTINUED AT TURN 8,21.0,medium
s_o_paulo,2018,20,ALO,race_control_message,WAVED BLUE FLAG FOR CAR 14 (ALO) TIMED AT 15:41:24,23.0,medium
s_o_paulo,2018,20,STR,race_control_message,WAVED BLUE FLAG FOR CAR 18 (STR) TIMED AT 15:44:29,26.0,medium
s_o_paulo,2018,20,ALO,race_control_message,WAVED BLUE FLAG FOR CAR 14 (ALO) TIMED AT 15:47:13,28.0,medium
s_o_paulo,2018,20,SIR,race_control_message,WAVED BLUE FLAG FOR CAR 35 (SIR) TIMED AT 15:47:40,28.0,medium
s_o_paulo,2018,20,ALO,race_control_message,WAVED BLUE FLAG FOR CAR 14 (ALO) TIMED AT 15:48:27,29.0,medium
s_o_paulo,2018,20,STR,race_control_message,WAVED BLUE FLAG FOR CAR 18 (STR) TIMED AT 15:51:06,31.0,medium
s_o_paulo,2018,20,STR,race_control_message,WAVED BLUE FLAG FOR CAR 18 (STR) TIMED AT 15:52:50,32.0,medium
s_o_paulo,2018,20,ALO,race_control_message,WAVED BLUE FLAG FOR CAR 14 (ALO) TIMED AT 15:54:01,33.0,medium
s_o_paulo,2018,20,SIR,race_control_message,WAVED BLUE FLAG FOR CAR 35 (SIR) TIMED AT 15:55:34,35.0,medium
s_o_paulo,2018,20,VAN,race_control_message,WAVED BLUE FLAG FOR CAR 2 (VAN) TIMED AT 15:55:43,35.0,medium
s_o_paulo,2018,20,SAI,race_control_message,WAVED BLUE FLAG FOR CAR 55 (SAI) TIMED AT 15:55:59,35.0,medium
s_o_paulo,2018,20,VAN,race_control_message,WAVED BLUE FLAG FOR CAR 2 (VAN) TIMED AT 15:57:16,36.0,medium
s_o_paulo,2018,20,ALO,race_control_message,WAVED BLUE FLAG FOR CAR 14 (ALO) TIMED AT 15:59:30,38.0,medium
s_o_paulo,2018,20,ALO,race_control_message,WAVED BLUE FLAG FOR CAR 14 (ALO) TIMED AT 16:00:44,39.0,medium
s_o_paulo,2018,20,ALO,race_control_message,WAVED BLUE FLAG FOR CAR 14 (ALO) TIMED AT 16:00:46,39.0,medium
s_o_paulo,2018,20,ALO,race_control_message,WAVED BLUE FLAG FOR CAR 14 (ALO) TIMED AT 16:00:49,39.0,medium
s_o_paulo,2018,20,STR,race_control_message,WAVED BLUE FLAG FOR CAR 18 (STR) TIMED AT 16:00:50,39.0,medium
s_o_paulo,2018,20,VAN,race_control_message,WAVED BLUE FLAG FOR CAR 2 (VAN) TIMED AT 16:02:00,40.0,medium
s_o_paulo,2018,20,ALO,race_control_message,WAVED BLUE FLAG FOR CAR 14 (ALO) TIMED AT 16:02:19,40.0,medium
s_o_paulo,2018,20,VAN,race_control_message,WAVED BLUE FLAG FOR CAR 2 (VAN) TIMED AT 16:02:30,40.0,medium
s_o_paulo,2018,20,SIR,race_control_message,WAVED BLUE FLAG FOR CAR 35 (SIR) TIMED AT 16:02:41,40.0,medium
s_o_paulo,2018,20,VAN,race_control_message,WAVED BLUE FLAG FOR CAR 2 (VAN) TIMED AT 16:02:54,40.0,medium
s_o_paulo,2018,20,SIR,race_control_message,WAVED BLUE FLAG FOR CAR 35 (SIR) TIMED AT 16:03:07,41.0,medium
s_o_paulo,2018,20,SIR,race_control_message,WAVED BLUE FLAG FOR CAR 35 (SIR) TIMED AT 16:03:15,41.0,medium
s_o_paulo,2018,20,OCO,race_control_message,WAVED BLUE FLAG FOR CAR 31 (OCO) TIMED AT 16:04:32,42.0,medium
s_o_paulo,2018,20,OCO,race_control_message,WAVED BLUE FLAG FOR CAR 31 (OCO) TIMED AT 16:04:42,42.0,medium
s_o_paulo,2018,20,STR,race_control_message,WAVED BLUE FLAG FOR CAR 18 (STR) TIMED AT 16:06:12,43.0,medium
s_o_paulo,2018,20,STR,race_control_message,WAVED BLUE FLAG FOR CAR 18 (STR) TIMED AT 16:06:43,44.0,medium
s_o_paulo,2018,20,OCO,race_control_message,WAVED BLUE FLAG FOR CAR 31 (OCO) TIMED AT 16:06:45,44.0,medium
s_o_paulo,2018,20,SIR,race_control_message,WAVED BLUE FLAG FOR CAR 35 (SIR) TIMED AT 16:06:59,44.0,medium
s_o_paulo,2018,20,STR,race_control_message,WAVED BLUE FLAG FOR CAR 18 (STR) TIMED AT 16:07:02,44.0,medium
s_o_paulo,2018,20,SIR,race_control_message,WAVED BLUE FLAG FOR CAR 35 (SIR) TIMED AT 16:07:34,44.0,medium
s_o_paulo,2018,20,SIR,race_control_message,WAVED BLUE FLAG FOR CAR 35 (SIR) TIMED AT 16:08:11,45.0,medium
s_o_paulo,2018,20,GAS,race_control_message,WAVED BLUE FLAG FOR CAR 10 (GAS) TIMED AT 16:14:38,50.0,medium
s_o_paulo,2018,20,ALO,race_control_message,WAVED BLUE FLAG FOR CAR 14 (ALO) TIMED AT 16:16:31,52.0,medium
s_o_paulo,2018,20,GAS,race_control_message,WAVED BLUE FLAG FOR CAR 10 (GAS) TIMED AT 16:16:46,52.0,medium
s_o_paulo,2018,20,GAS,race_control_message,WAVED BLUE FLAG FOR CAR 10 (GAS) TIMED AT 16:17:19,52.0,medium
s_o_paulo,2018,20,VAN,race_control_message,WAVED BLUE FLAG FOR CAR 2 (VAN) TIMED AT 16:18:05,53.0,medium
s_o_paulo,2018,20,GAS,race_control_message,WAVED BLUE FLAG FOR CAR 10 (GAS) TIMED AT 16:18:55,54.0,medium
s_o_paulo,2018,20,STR,race_control_message,WAVED BLUE FLAG FOR CAR 18 (STR) TIMED AT 16:18:58,54.0,medium
s_o_paulo,2018,20,ALO,race_control_message,WAVED BLUE FLAG FOR CAR 14 (ALO) TIMED AT 16:19:38,54.0,medium
s_o_paulo,2018,20,STR,race_control_message,WAVED BLUE FLAG FOR CAR 18 (STR) TIMED AT 16:19:43,54.0,medium
s_o_paulo,2018,20,VAN,race_control_message,WAVED BLUE FLAG FOR CAR 2 (VAN) TIMED AT 16:19:46,54.0,medium
s_o_paulo,2018,20,STR,race_control_message,WAVED BLUE FLAG FOR CAR 18 (STR) TIMED AT 16:19:56,54.0,medium
s_o_paulo,2018,20,SIR,race_control_message,WAVED BLUE FLAG FOR CAR 35 (SIR) TIMED AT 16:20:31,55.0,medium
s_o_paulo,2018,20,SIR,race_control_message,WAVED BLUE FLAG FOR CAR 35 (SIR) TIMED AT 16:21:05,55.0,medium
s_o_paulo,2018,20,VAN,race_control_message,WAVED BLUE FLAG FOR CAR 2 (VAN) TIMED AT 16:21:24,56.0,medium
s_o_paulo,2018,20,STR,race_control_message,WAVED BLUE FLAG FOR CAR 18 (STR) TIMED AT 16:22:00,56.0,medium
s_o_paulo,2018,20,VAN,race_control_message,WAVED BLUE FLAG FOR CAR 2 (VAN) TIMED AT 16:22:22,56.0,medium
s_o_paulo,2018,20,STR,race_control_message,WAVED BLUE FLAG FOR CAR 18 (STR) TIMED AT 16:23:04,57.0,medium
s_o_paulo,2018,20,SIR,race_control_message,WAVED BLUE FLAG FOR CAR 35 (SIR) TIMED AT 16:23:40,57.0,medium
s_o_paulo,2018,20,VAN,race_control_message,WAVED BLUE FLAG FOR CAR 2 (VAN) TIMED AT 16:24:41,58.0,medium
s_o_paulo,2018,20,SIR,race_control_message,WAVED BLUE FLAG FOR CAR 35 (SIR) TIMED AT 16:25:30,59.0,medium
s_o_paulo,2018,20,SAI,race_control_message,WAVED BLUE FLAG FOR CAR 55 (SAI) TIMED AT 16:29:12,62.0,medium
s_o_paulo,2018,20,HAR,race_control_message,WAVED BLUE FLAG FOR CAR 28 (HAR) TIMED AT 16:29:31,62.0,medium
s_o_paulo,2018,20,GAS,race_control_message,WAVED BLUE FLAG FOR CAR 10 (GAS) TIMED AT 16:30:19,63.0,medium
s_o_paulo,2018,20,GAS,race_control_message,WAVED BLUE FLAG FOR CAR 10 (GAS) TIMED AT 16:30:39,63.0,medium
s_o_paulo,2018,20,STR,race_control_message,WAVED BLUE FLAG FOR CAR 18 (STR) TIMED AT 16:31:41,64.0,medium
s_o_paulo,2018,20,ALO,race_control_message,WAVED BLUE FLAG FOR CAR 14 (ALO) TIMED AT 16:32:57,65.0,medium
s_o_paulo,2018,20,SAI,race_control_message,WAVED BLUE FLAG FOR CAR 55 (SAI) TIMED AT 16:33:12,65.0,medium
s_o_paulo,2018,20,STR,race_control_message,WAVED BLUE FLAG FOR CAR 18 (STR) TIMED AT 16:33:18,65.0,medium
s_o_paulo,2018,20,ALO,race_control_message,WAVED BLUE FLAG FOR CAR 14 (ALO) TIMED AT 16:33:21,66.0,medium
s_o_paulo,2018,20,STR,race_control_message,WAVED BLUE FLAG FOR CAR 18 (STR) TIMED AT 16:33:31,66.0,medium
s_o_paulo,2018,20,HAR,race_control_message,WAVED BLUE FLAG FOR CAR 28 (HAR) TIMED AT 16:33:50,66.0,medium
s_o_paulo,2018,20,ALO,race_control_message,WAVED BLUE FLAG FOR CAR 14 (ALO) TIMED AT 16:33:55,66.0,medium
s_o_paulo,2018,20,STR,race_control_message,WAVED BLUE FLAG FOR CAR 18 (STR) TIMED AT 16:33:57,66.0,medium
s_o_paulo,2018,20,GAS,race_control_message,WAVED BLUE FLAG FOR CAR 10 (GAS) TIMED AT 16:34:29,66.0,medium
s_o_paulo,2018,20,SIR,race_control_message,WAVED BLUE FLAG FOR CAR 35 (SIR) TIMED AT 16:34:57,67.0,medium
s_o_paulo,2018,20,PER,race_control_message,WAVED BLUE FLAG FOR CAR 11 (PER) TIMED AT 16:35:27,67.0,medium
s_o_paulo,2018,20,ALO,race_control_message,WAVED BLUE FLAG FOR CAR 14 (ALO) TIMED AT 16:35:31,67.0,medium
s_o_paulo,2018,20,PER,race_control_message,WAVED BLUE FLAG FOR CAR 11 (PER) TIMED AT 16:35:43,68.0,medium
s_o_paulo,2018,20,SAI,race_control_message,WAVED BLUE FLAG FOR CAR 55 (SAI) TIMED AT 16:35:58,68.0,medium
s_o_paulo,2018,20,PER,race_control_message,WAVED BLUE FLAG FOR CAR 11 (PER) TIMED AT 16:36:00,68.0,medium
s_o_paulo,2018,20,HAR,race_control_message,WAVED BLUE FLAG FOR CAR 28 (HAR) TIMED AT 16:36:15,68.0,medium
s_o_paulo,2018,20,PER,race_control_message,WAVED BLUE FLAG FOR CAR 11 (PER) TIMED AT 16:36:15,68.0,medium
s_o_paulo,2018,20,SAI,race_control_message,WAVED BLUE FLAG FOR CAR 55 (SAI) TIMED AT 16:36:23,68.0,medium
s_o_paulo,2018,20,SIR,race_control_message,WAVED BLUE FLAG FOR CAR 35 (SIR) TIMED AT 16:36:33,68.0,medium
s_o_paulo,2018,20,GAS,race_control_message,WAVED BLUE FLAG FOR CAR 10 (GAS) TIMED AT 16:36:51,68.0,medium
s_o_paulo,2018,20,HAR,race_control_message,WAVED BLUE FLAG FOR CAR 28 (HAR) TIMED AT 16:36:58,69.0,medium
s_o_paulo,2018,20,PER,race_control_message,WAVED BLUE FLAG FOR CAR 11 (PER) TIMED AT 16:37:14,69.0,medium
s_o_paulo,2018,20,GAS,race_control_message,WAVED BLUE FLAG FOR CAR 10 (GAS) TIMED AT 16:37:47,69.0,medium
s_o_paulo,2019,20,RUS,race_control_message,WAVED BLUE FLAG FOR CAR 63 (RUS) TIMED AT 14:38:19,21.0,medium
s_o_paulo,2019,20,KUB,race_control_message,WAVED BLUE FLAG FOR CAR 88 (KUB) TIMED AT 14:39:26,22.0,medium
s_o_paulo,2019,20,RUS,race_control_message,WAVED BLUE FLAG FOR CAR 63 (RUS) TIMED AT 14:45:06,26.0,medium
s_o_paulo,2019,20,KUB,race_control_message,WAVED BLUE FLAG FOR CAR 88 (KUB) TIMED AT 14:45:28,27.0,medium
s_o_paulo,2019,20,RUS,race_control_message,WAVED BLUE FLAG FOR CAR 63 (RUS) TIMED AT 14:45:46,27.0,medium
s_o_paulo,2019,20,KUB,race_control_message,WAVED BLUE FLAG FOR CAR 88 (KUB) TIMED AT 14:47:51,29.0,medium
s_o_paulo,2019,20,RUS,race_control_message,WAVED BLUE FLAG FOR CAR 63 (RUS) TIMED AT 14:49:03,30.0,medium
s_o_paulo,2019,20,KUB,race_control_message,WAVED BLUE FLAG FOR CAR 88 (KUB) TIMED AT 14:49:23,30.0,medium
s_o_paulo,2019,20,RUS,race_control_message,WAVED BLUE FLAG FOR CAR 63 (RUS) TIMED AT 14:51:23,32.0,medium
s_o_paulo,2019,20,HUL,race_control_message,WAVED BLUE FLAG FOR CAR 27 (HUL) TIMED AT 14:53:53,34.0,medium
s_o_paulo,2019,20,KUB,race_control_message,WAVED BLUE FLAG FOR CAR 88 (KUB) TIMED AT 14:54:15,34.0,medium
s_o_paulo,2019,20,HUL,race_control_message,WAVED BLUE FLAG FOR CAR 27 (HUL) TIMED AT 14:55:34,35.0,medium
s_o_paulo,2019,20,KUB,race_control_message,WAVED BLUE FLAG FOR CAR 88 (KUB) TIMED AT 14:56:21,36.0,medium
s_o_paulo,2019,20,STR,race_control_message,WAVED BLUE FLAG FOR CAR 18 (STR) TIMED AT 14:56:25,36.0,medium
s_o_paulo,2019,20,MAG,race_control_message,WAVED BLUE FLAG FOR CAR 20 (MAG) TIMED AT 14:56:40,36.0,medium
s_o_paulo,2019,20,STR,race_control_message,WAVED BLUE FLAG FOR CAR 18 (STR) TIMED AT 14:58:04,37.0,medium
s_o_paulo,2019,20,KUB,race_control_message,WAVED BLUE FLAG FOR CAR 88 (KUB) TIMED AT 14:58:10,37.0,medium
s_o_paulo,2019,20,RUS,race_control_message,WAVED BLUE FLAG FOR CAR 63 (RUS) TIMED AT 14:58:19,37.0,medium
s_o_paulo,2019,20,KUB,race_control_message,WAVED BLUE FLAG FOR CAR 88 (KUB) TIMED AT 15:00:15,39.0,medium
s_o_paulo,2019,20,SAI,race_control_message,WAVED BLUE FLAG FOR CAR 55 (SAI) TIMED AT 15:00:21,39.0,medium
s_o_paulo,2019,20,KUB,race_control_message,WAVED BLUE FLAG FOR CAR 88 (KUB) TIMED AT 15:01:05,40.0,medium
s_o_paulo,2019,20,KVY,race_control_message,WAVED BLUE FLAG FOR CAR 26 (KVY) TIMED AT 15:02:46,41.0,medium
s_o_paulo,2019,20,SAI,race_control_message,WAVED BLUE FLAG FOR CAR 55 (SAI) TIMED AT 15:02:50,41.0,medium
s_o_paulo,2019,20,HUL,race_control_message,WAVED BLUE FLAG FOR CAR 27 (HUL) TIMED AT 15:03:05,41.0,medium
s_o_paulo,2019,20,NOR,race_control_message,WAVED BLUE FLAG FOR CAR 4 (NOR) TIMED AT 15:03:36,42.0,medium
s_o_paulo,2019,20,KUB,race_control_message,WAVED BLUE FLAG FOR CAR 88 (KUB) TIMED AT 15:04:04,42.0,medium
s_o_paulo,2019,20,KVY,race_control_message,WAVED BLUE FLAG FOR CAR 26 (KVY) TIMED AT 15:04:19,42.0,medium
s_o_paulo,2019,20,GRO,race_control_message,WAVED BLUE FLAG FOR CAR 8 (GRO) TIMED AT 15:04:51,43.0,medium
s_o_paulo,2019,20,NOR,race_control_message,WAVED BLUE FLAG FOR CAR 4 (NOR) TIMED AT 15:04:59,43.0,medium
s_o_paulo,2019,20,KUB,race_control_message,WAVED BLUE FLAG FOR CAR 88 (KUB) TIMED AT 15:05:13,43.0,medium
s_o_paulo,2019,20,RUS,race_control_message,WAVED BLUE FLAG FOR CAR 63 (RUS) TIMED AT 15:05:34,43.0,medium
s_o_paulo,2019,20,RIC,race_control_message,WAVED BLUE FLAG FOR CAR 3 (RIC) TIMED AT 15:06:31,44.0,medium
s_o_paulo,2019,20,MAG,race_control_message,WAVED BLUE FLAG FOR CAR 20 (MAG) TIMED AT 15:07:36,45.0,medium
s_o_paulo,2019,20,HUL,race_control_message,WAVED BLUE FLAG FOR CAR 27 (HUL) TIMED AT 15:08:14,45.0,medium
s_o_paulo,2019,20,STR,race_control_message,WAVED BLUE FLAG FOR CAR 18 (STR) TIMED AT 15:08:25,45.0,medium
s_o_paulo,2019,20,HUL,race_control_message,WAVED BLUE FLAG FOR CAR 27 (HUL) TIMED AT 15:09:14,46.0,medium
s_o_paulo,2019,20,RUS,race_control_message,WAVED BLUE FLAG FOR CAR 63 (RUS) TIMED AT 15:10:05,47.0,medium
s_o_paulo,2019,20,STR,race_control_message,WAVED BLUE FLAG FOR CAR 18 (STR) TIMED AT 15:10:41,47.0,medium
s_o_paulo,2019,20,KUB,race_control_message,WAVED BLUE FLAG FOR CAR 88 (KUB) TIMED AT 15:11:03,48.0,medium
s_o_paulo,2019,20,STR,race_control_message,WAVED BLUE FLAG FOR CAR 18 (STR) TIMED AT 15:11:23,48.0,medium
s_o_paulo,2019,20,KUB,race_control_message,WAVED BLUE FLAG FOR CAR 88 (KUB) TIMED AT 15:11:38,48.0,medium
s_o_paulo,2019,20,SAI,race_control_message,WAVED BLUE FLAG FOR CAR 55 (SAI) TIMED AT 15:12:04,48.0,medium
s_o_paulo,2019,20,RAI,race_control_message,WAVED BLUE FLAG FOR CAR 7 (RAI) TIMED AT 15:12:28,49.0,medium
s_o_paulo,2019,20,SAI,race_control_message,WAVED BLUE FLAG FOR CAR 55 (SAI) TIMED AT 15:12:48,49.0,medium
s_o_paulo,2019,20,SAI,race_control_message,WAVED BLUE FLAG FOR CAR 55 (SAI) TIMED AT 15:13:02,49.0,medium
s_o_paulo,2019,20,NOR,race_control_message,WAVED BLUE FLAG FOR CAR 4 (NOR) TIMED AT 15:13:29,50.0,medium
s_o_paulo,2019,20,KVY,race_control_message,WAVED BLUE FLAG FOR CAR 26 (KVY) TIMED AT 15:13:43,50.0,medium
s_o_paulo,2019,20,NOR,race_control_message,WAVED BLUE FLAG FOR CAR 4 (NOR) TIMED AT 15:13:57,50.0,medium
s_o_paulo,2019,20,GRO,race_control_message,WAVED BLUE FLAG FOR CAR 8 (GRO) TIMED AT 15:14:57,51.0,medium
s_o_paulo,2019,20,GAS,race_control_message,WAVED BLUE FLAG FOR CAR 10 (GAS) TIMED AT 15:15:29,51.0,medium
s_o_paulo,2019,20,MAG,race_control_message,WAVED BLUE FLAG FOR CAR 20 (MAG) TIMED AT 15:16:17,52.0,medium
s_o_paulo,2019,20,HUL,race_control_message,WAVED BLUE FLAG FOR CAR 27 (HUL) TIMED AT 15:16:38,52.0,medium
s_o_paulo,2019,20,KVY,race_control_message,WAVED BLUE FLAG FOR CAR 26 (KVY) TIMED AT 15:17:16,53.0,medium
s_o_paulo,2019,20,KVY,race_control_message,WAVED BLUE FLAG FOR CAR 26 (KVY) TIMED AT 15:18:14,54.0,medium
s_o_paulo,2019,20,KUB,race_control_message,WAVED BLUE FLAG FOR CAR 88 (KUB) TIMED AT 15:29:14,60.0,medium
s_o_paulo,2019,20,KUB,race_control_message,WAVED BLUE FLAG FOR CAR 88 (KUB) TIMED AT 15:29:17,60.0,medium
s_o_paulo,2019,20,KUB,race_control_message,WAVED BLUE FLAG FOR CAR 88 (KUB) TIMED AT 15:43:51,69.0,medium
s_o_paulo,2019,20,KUB,race_control_message,WAVED BLUE FLAG FOR CAR 88 (KUB) TIMED AT 15:43:57,70.0,medium
s_o_paulo,2019,20,KUB,race_control_message,WAVED BLUE FLAG FOR CAR 88 (KUB) TIMED AT 15:44:55,70.0,medium
s_o_paulo,2021,19,MSC,race_control_message,WAVED BLUE FLAG FOR CAR 47 (MSC) TIMED AT 14:35:27,23.0,medium
s_o_paulo,2021,19,MSC,race_control_message,WAVED BLUE FLAG FOR CAR 47 (MSC) TIMED AT 14:37:13,25.0,medium
s_o_paulo,2021,19,MSC,race_control_message,WAVED BLUE FLAG FOR CAR 47 (MSC) TIMED AT 14:38:04,25.0,medium
s_o_paulo,2021,19,MSC,race_control_message,WAVED BLUE FLAG FOR CAR 47 (MSC) TIMED AT 14:38:25,26.0,medium
s_o_paulo,2021,19,MSC,race_control_message,WAVED BLUE FLAG FOR CAR 47 (MSC) TIMED AT 14:43:14,29.0,medium
s_o_paulo,2021,19,MSC,race_control_message,WAVED BLUE FLAG FOR CAR 47 (MSC) TIMED AT 14:43:29,30.0,medium
s_o_paulo,2021,19,MSC,race_control_message,WAVED BLUE FLAG FOR CAR 47 (MSC) TIMED AT 14:45:35,31.0,medium
s_o_paulo,2021,19,MSC,race_control_message,WAVED BLUE FLAG FOR CAR 47 (MSC) TIMED AT 14:45:57,31.0,medium
s_o_paulo,2021,19,MSC,race_control_message,WAVED BLUE FLAG FOR CAR 47 (MSC) TIMED AT 14:49:38,34.0,medium
s_o_paulo,2021,19,MSC,race_control_message,WAVED BLUE FLAG FOR CAR 47 (MSC) TIMED AT 14:52:52,37.0,medium
s_o_paulo,2021,19,MSC,race_control_message,WAVED BLUE FLAG FOR CAR 47 (MSC) TIMED AT 14:54:09,38.0,medium
s_o_paulo,2021,19,LAT,race_control_message,WAVED BLUE FLAG FOR CAR 6 (LAT) TIMED AT 14:56:53,40.0,medium
s_o_paulo,2021,19,MAZ,race_control_message,WAVED BLUE FLAG FOR CAR 9 (MAZ) TIMED AT 14:57:32,41.0,medium
s_o_paulo,2021,19,LAT,race_control_message,WAVED BLUE FLAG FOR CAR 6 (LAT) TIMED AT 14:57:34,41.0,medium
s_o_paulo,2021,19,TSU,race_control_message,WAVED BLUE FLAG FOR CAR 22 (TSU) TIMED AT 14:58:55,42.0,medium
s_o_paulo,2021,19,MAZ,race_control_message,WAVED BLUE FLAG FOR CAR 9 (MAZ) TIMED AT 15:00:06,43.0,medium
s_o_paulo,2021,19,LAT,race_control_message,WAVED BLUE FLAG FOR CAR 6 (LAT) TIMED AT 15:00:18,43.0,medium
s_o_paulo,2021,19,LAT,race_control_message,WAVED BLUE FLAG FOR CAR 6 (LAT) TIMED AT 15:01:04,44.0,medium
s_o_paulo,2021,19,GIO,race_control_message,WAVED BLUE FLAG FOR CAR 99 (GIO) TIMED AT 15:01:27,44.0,medium
s_o_paulo,2021,19,GIO,race_control_message,WAVED BLUE FLAG FOR CAR 99 (GIO) TIMED AT 15:01:52,44.0,medium
s_o_paulo,2021,19,RUS,race_control_message,WAVED BLUE FLAG FOR CAR 63 (RUS) TIMED AT 15:02:01,44.0,medium
s_o_paulo,2021,19,MAZ,race_control_message,WAVED BLUE FLAG FOR CAR 9 (MAZ) TIMED AT 15:02:26,45.0,medium
s_o_paulo,2021,19,TSU,race_control_message,WAVED BLUE FLAG FOR CAR 22 (TSU) TIMED AT 15:02:38,45.0,medium
s_o_paulo,2021,19,RUS,race_control_message,WAVED BLUE FLAG FOR CAR 63 (RUS) TIMED AT 15:02:49,45.0,medium
s_o_paulo,2021,19,LAT,race_control_message,WAVED BLUE FLAG FOR CAR 6 (LAT) TIMED AT 15:03:09,45.0,medium
s_o_paulo,2021,19,TSU,race_control_message,WAVED BLUE FLAG FOR CAR 22 (TSU) TIMED AT 15:03:29,45.0,medium
s_o_paulo,2021,19,MAZ,race_control_message,WAVED BLUE FLAG FOR CAR 9 (MAZ) TIMED AT 15:03:39,46.0,medium
s_o_paulo,2021,19,GIO,race_control_message,WAVED BLUE FLAG FOR CAR 99 (GIO) TIMED AT 15:05:07,47.0,medium
s_o_paulo,2021,19,RUS,race_control_message,WAVED BLUE FLAG FOR CAR 63 (RUS) TIMED AT 15:06:20,48.0,medium
s_o_paulo,2021,19,GIO,race_control_message,WAVED BLUE FLAG FOR CAR 99 (GIO) TIMED AT 15:06:53,48.0,medium
s_o_paulo,2021,19,TSU,race_control_message,WAVED BLUE FLAG FOR CAR 22 (TSU) TIMED AT 15:06:53,48.0,medium
s_o_paulo,2021,19,LAT,race_control_message,WAVED BLUE FLAG FOR CAR 6 (LAT) TIMED AT 15:07:59,49.0,medium
s_o_paulo,2021,19,RUS,race_control_message,WAVED BLUE FLAG FOR CAR 63 (RUS) TIMED AT 15:08:01,49.0,medium
s_o_paulo,2021,19,MAZ,race_control_message,WAVED BLUE FLAG FOR CAR 9 (MAZ) TIMED AT 15:08:07,49.0,medium
s_o_paulo,2021,19,TSU,race_control_message,WAVED BLUE FLAG FOR CAR 22 (TSU) TIMED AT 15:11:17,52.0,medium
s_o_paulo,2021,19,MSC,race_control_message,WAVED BLUE FLAG FOR CAR 47 (MSC) TIMED AT 15:11:25,52.0,medium
s_o_paulo,2021,19,RAI,race_control_message,WAVED BLUE FLAG FOR CAR 7 (RAI) TIMED AT 15:13:02,53.0,medium
s_o_paulo,2021,19,MAZ,race_control_message,WAVED BLUE FLAG FOR CAR 9 (MAZ) TIMED AT 15:13:09,53.0,medium
s_o_paulo,2021,19,MSC,race_control_message,WAVED BLUE FLAG FOR CAR 47 (MSC) TIMED AT 15:13:54,54.0,medium
s_o_paulo,2021,19,MAZ,race_control_message,WAVED BLUE FLAG FOR CAR 9 (MAZ) TIMED AT 15:14:56,55.0,medium
s_o_paulo,2021,19,MAZ,race_control_message,WAVED BLUE FLAG FOR CAR 9 (MAZ) TIMED AT 15:15:51,56.0,medium
s_o_paulo,2021,19,NOR,race_control_message,WAVED BLUE FLAG FOR CAR 4 (NOR) TIMED AT 15:16:23,56.0,medium
s_o_paulo,2021,19,MSC,race_control_message,WAVED BLUE FLAG FOR CAR 47 (MSC) TIMED AT 15:16:46,56.0,medium
s_o_paulo,2021,19,VET,race_control_message,WAVED BLUE FLAG FOR CAR 5 (VET) TIMED AT 15:17:28,57.0,medium
s_o_paulo,2021,19,MSC,race_control_message,WAVED BLUE FLAG FOR CAR 47 (MSC) TIMED AT 15:17:56,57.0,medium
s_o_paulo,2021,19,MSC,race_control_message,WAVED BLUE FLAG FOR CAR 47 (MSC) TIMED AT 15:18:08,57.0,medium
s_o_paulo,2021,19,MSC,race_control_message,WAVED BLUE FLAG FOR CAR 47 (MSC) TIMED AT 15:19:56,59.0,medium
s_o_paulo,2021,19,VER,race_control_message,BLACK AND WHITE FLAG FOR CAR 33 (VER) - WEAVING ON STRAIGHT,59.0,medium
s_o_paulo,2021,19,MAZ,race_control_message,WAVED BLUE FLAG FOR CAR 9 (MAZ) TIMED AT 15:21:38,60.0,medium
s_o_paulo,2021,19,MAZ,race_control_message,WAVED BLUE FLAG FOR CAR 9 (MAZ) TIMED AT 15:22:01,61.0,medium
s_o_paulo,2021,19,LAT,race_control_message,WAVED BLUE FLAG FOR CAR 6 (LAT) TIMED AT 15:22:28,61.0,medium
s_o_paulo,2021,19,OCO,race_control_message,WAVED BLUE FLAG FOR CAR 31 (OCO) TIMED AT 15:22:51,61.0,medium
s_o_paulo,2021,19,ALO,race_control_message,WAVED BLUE FLAG FOR CAR 14 (ALO) TIMED AT 15:23:41,62.0,medium
s_o_paulo,2021,19,OCO,race_control_message,WAVED BLUE FLAG FOR CAR 31 (OCO) TIMED AT 15:23:43,62.0,medium
s_o_paulo,2021,19,LAT,race_control_message,WAVED BLUE FLAG FOR CAR 6 (LAT) TIMED AT 15:24:23,63.0,medium
s_o_paulo,2021,19,GAS,race_control_message,WAVED BLUE FLAG FOR CAR 10 (GAS) TIMED AT 15:24:39,63.0,medium
s_o_paulo,2021,19,NOR,race_control_message,WAVED BLUE FLAG FOR CAR 4 (NOR) TIMED AT 15:25:29,64.0,medium
s_o_paulo,2021,19,TSU,race_control_message,WAVED BLUE FLAG FOR CAR 22 (TSU) TIMED AT 15:26:00,64.0,medium
s_o_paulo,2021,19,MSC,race_control_message,WAVED BLUE FLAG FOR CAR 47 (MSC) TIMED AT 15:26:02,64.0,medium
s_o_paulo,2021,19,ALO,race_control_message,WAVED BLUE FLAG FOR CAR 14 (ALO) TIMED AT 15:26:11,64.0,medium
s_o_paulo,2021,19,MAZ,race_control_message,WAVED BLUE FLAG FOR CAR 9 (MAZ) TIMED AT 15:26:50,65.0,medium
s_o_paulo,2021,19,MAZ,race_control_message,WAVED BLUE FLAG FOR CAR 9 (MAZ) TIMED AT 15:27:19,65.0,medium
s_o_paulo,2021,19,NOR,race_control_message,WAVED BLUE FLAG FOR CAR 4 (NOR) TIMED AT 15:27:37,65.0,medium
s_o_paulo,2021,19,MAZ,race_control_message,WAVED BLUE FLAG FOR CAR 9 (MAZ) TIMED AT 15:27:42,65.0,medium
s_o_paulo,2021,19,NOR,race_control_message,WAVED BLUE FLAG FOR CAR 4 (NOR) TIMED AT 15:27:49,65.0,medium
s_o_paulo,2021,19,TSU,race_control_message,WAVED BLUE FLAG FOR CAR 22 (TSU) TIMED AT 15:28:02,66.0,medium
s_o_paulo,2021,19,GIO,race_control_message,WAVED BLUE FLAG FOR CAR 99 (GIO) TIMED AT 15:29:22,67.0,medium
s_o_paulo,2021,19,MAZ,race_control_message,WAVED BLUE FLAG FOR CAR 9 (MAZ) TIMED AT 15:29:55,67.0,medium
s_o_paulo,2021,19,RUS,race_control_message,WAVED BLUE FLAG FOR CAR 63 (RUS) TIMED AT 15:30:24,68.0,medium
s_o_paulo,2021,19,OCO,race_control_message,WAVED BLUE FLAG FOR CAR 31 (OCO) TIMED AT 15:31:19,68.0,medium
s_o_paulo,2021,19,GIO,race_control_message,WAVED BLUE FLAG FOR CAR 99 (GIO) TIMED AT 15:31:24,68.0,medium
s_o_paulo,2021,19,MAZ,race_control_message,WAVED BLUE FLAG FOR CAR 9 (MAZ) TIMED AT 15:32:28,69.0,medium
s_o_paulo,2021,19,RUS,race_control_message,WAVED BLUE FLAG FOR CAR 63 (RUS) TIMED AT 15:32:35,69.0,medium
s_o_paulo,2021,19,OCO,race_control_message,WAVED BLUE FLAG FOR CAR 31 (OCO) TIMED AT 15:32:43,69.0,medium
s_o_paulo,2021,19,ALO,race_control_message,WAVED BLUE FLAG FOR CAR 14 (ALO) TIMED AT 15:35:00,71.0,medium
s_o_paulo,2022,21,LAT,race_control_message,WAVED BLUE FLAG FOR CAR 6 (LAT) TIMED AT 15:58:46,41.0,medium
s_o_paulo,2022,21,TSU,race_control_message,WAVED BLUE FLAG FOR CAR 22 (TSU) TIMED AT 15:59:27,42.0,medium
s_o_paulo,2022,21,ZHO,race_control_message,WAVED BLUE FLAG FOR CAR 24 (ZHO) TIMED AT 16:04:45,46.0,medium
s_o_paulo,2022,21,ZHO,race_control_message,WAVED BLUE FLAG FOR CAR 24 (ZHO) TIMED AT 16:05:34,47.0,medium
s_o_paulo,2022,21,ALB,race_control_message,WAVED BLUE FLAG FOR CAR 23 (ALB) TIMED AT 16:06:14,47.0,medium
s_o_paulo,2022,21,MSC,race_control_message,WAVED BLUE FLAG FOR CAR 47 (MSC) TIMED AT 16:07:02,48.0,medium
s_o_paulo,2022,21,TSU,race_control_message,WAVED BLUE FLAG FOR CAR 22 (TSU) TIMED AT 16:11:36,51.0,medium
s_o_paulo,2022,21,TSU,race_control_message,WAVED BLUE FLAG FOR CAR 22 (TSU) TIMED AT 16:26:28,59.0,medium
s_o_paulo,2022,21,TSU,race_control_message,WAVED BLUE FLAG FOR CAR 22 (TSU) TIMED AT 16:26:33,60.0,medium
s_o_paulo,2022,21,TSU,race_control_message,WAVED BLUE FLAG FOR CAR 22 (TSU) TIMED AT 16:26:37,60.0,medium
s_o_paulo,2022,21,TSU,race_control_message,WAVED BLUE FLAG FOR CAR 22 (TSU) TIMED AT 16:30:34,63.0,medium
s_o_paulo,2022,21,TSU,race_control_message,WAVED BLUE FLAG FOR CAR 22 (TSU) TIMED AT 16:31:41,64.0,medium
s_o_paulo,2022,21,TSU,race_control_message,WAVED BLUE FLAG FOR CAR 22 (TSU) TIMED AT 16:31:44,64.0,medium
s_o_paulo,2022,21,TSU,race_control_message,WAVED BLUE FLAG FOR CAR 22 (TSU) TIMED AT 16:31:51,64.0,medium
s_o_paulo,2023,20,RIC,race_control_message,WAVED BLUE FLAG FOR CAR 3 (RIC) TIMED AT 14:48:24,15.0,medium
s_o_paulo,2023,20,PIA,race_control_message,WAVED BLUE FLAG FOR CAR 81 (PIA) TIMED AT 14:49:46,16.0,medium
s_o_paulo,2023,20,RIC,race_control_message,WAVED BLUE FLAG FOR CAR 3 (RIC) TIMED AT 14:52:14,18.0,medium
s_o_paulo,2023,20,PIA,race_control_message,WAVED BLUE FLAG FOR CAR 81 (PIA) TIMED AT 15:02:08,26.0,medium
s_o_paulo,2023,20,RIC,race_control_message,WAVED BLUE FLAG FOR CAR 3 (RIC) TIMED AT 15:03:20,27.0,medium
s_o_paulo,2023,20,RIC,race_control_message,WAVED BLUE FLAG FOR CAR 3 (RIC) TIMED AT 15:05:47,28.0,medium
s_o_paulo,2023,20,RIC,race_control_message,WAVED BLUE FLAG FOR CAR 3 (RIC) TIMED AT 15:14:25,35.0,medium
s_o_paulo,2023,20,PIA,race_control_message,WAVED BLUE FLAG FOR CAR 81 (PIA) TIMED AT 15:15:05,36.0,medium
s_o_paulo,2023,20,RIC,race_control_message,WAVED BLUE FLAG FOR CAR 3 (RIC) TIMED AT 15:16:57,37.0,medium
s_o_paulo,2023,20,PIA,race_control_message,WAVED BLUE FLAG FOR CAR 81 (PIA) TIMED AT 15:18:12,38.0,medium
s_o_paulo,2023,20,PIA,race_control_message,WAVED BLUE FLAG FOR CAR 81 (PIA) TIMED AT 15:37:35,54.0,medium
s_o_paulo,2023,20,PIA,race_control_message,WAVED BLUE FLAG FOR CAR 81 (PIA) TIMED AT 15:37:55,54.0,medium
s_o_paulo,2023,20,PIA,race_control_message,WAVED BLUE FLAG FOR CAR 81 (PIA) TIMED AT 15:38:26,54.0,medium
s_o_paulo,2023,20,PIA,race_control_message,WAVED BLUE FLAG FOR CAR 81 (PIA) TIMED AT 15:41:39,57.0,medium
s_o_paulo,2023,20,RIC,race_control_message,WAVED BLUE FLAG FOR CAR 3 (RIC) TIMED AT 15:42:06,57.0,medium
s_o_paulo,2023,20,RIC,race_control_message,WAVED BLUE FLAG FOR CAR 3 (RIC) TIMED AT 15:42:55,58.0,medium
s_o_paulo,2023,20,PIA,race_control_message,WAVED BLUE FLAG FOR CAR 81 (PIA) TIMED AT 15:43:32,58.0,medium
s_o_paulo,2023,20,RUS,race_control_message,WAVED BLUE FLAG FOR CAR 63 (RUS) TIMED AT 15:43:42,58.0,medium
s_o_paulo,2023,20,SAR,race_control_message,WAVED BLUE FLAG FOR CAR 2 (SAR) TIMED AT 15:45:13,59.0,medium
s_o_paulo,2023,20,PIA,race_control_message,WAVED BLUE FLAG FOR CAR 81 (PIA) TIMED AT 15:50:19,63.0,medium
s_o_paulo,2023,20,PIA,race_control_message,WAVED BLUE FLAG FOR CAR 81 (PIA) TIMED AT 15:51:36,65.0,medium
s_o_paulo,2023,20,SAR,race_control_message,WAVED BLUE FLAG FOR CAR 2 (SAR) TIMED AT 15:51:53,65.0,medium
s_o_paulo,2023,20,OCO,race_control_message,WAVED BLUE FLAG FOR CAR 31 (OCO) TIMED AT 15:53:41,66.0,medium
s_o_paulo,2023,20,OCO,race_control_message,WAVED BLUE FLAG FOR CAR 31 (OCO) TIMED AT 15:58:48,70.0,medium
s_o_paulo,2024,21,ZHO,race_control_message,WAVED BLUE FLAG FOR CAR 24 (ZHO) TIMED AT 13:32:27,30.0,medium
s_o_paulo,2025,21,HAM,race_control_message,WAVED BLUE FLAG FOR CAR 44 (HAM) TIMED AT 14:50:23,35.0,medium
s_o_paulo,2025,21,HAM,race_control_message,WAVED BLUE FLAG FOR CAR 44 (HAM) TIMED AT 14:54:07,38.0,medium
sakhir,2018,2,SIR,race_control_message,WAVED BLUE FLAG FOR CAR 35 (SIR) TIMED AT 19:02:07,30.0,medium
sakhir,2018,2,STR,race_control_message,WAVED BLUE FLAG FOR CAR 18 (STR) TIMED AT 19:03:20,31.0,medium
sakhir,2018,2,SIR,race_control_message,WAVED BLUE FLAG FOR CAR 35 (SIR) TIMED AT 19:04:25,32.0,medium
sakhir,2018,2,SAI,race_control_message,WAVED BLUE FLAG FOR CAR 55 (SAI) TIMED AT 19:08:37,34.0,medium
sakhir,2018,2,LEC,race_control_message,WAVED BLUE FLAG FOR CAR 16 (LEC) TIMED AT 19:09:00,34.0,medium
sakhir,2018,2,SAI,race_control_message,WAVED BLUE FLAG FOR CAR 55 (SAI) TIMED AT 19:09:13,35.0,medium
sakhir,2018,2,LEC,race_control_message,WAVED BLUE FLAG FOR CAR 16 (LEC) TIMED AT 19:10:16,35.0,medium
sakhir,2018,2,GRO,race_control_message,WAVED BLUE FLAG FOR CAR 8 (GRO) TIMED AT 19:11:24,36.0,medium
sakhir,2018,2,SIR,race_control_message,WAVED BLUE FLAG FOR CAR 35 (SIR) TIMED AT 19:13:44,37.0,medium
sakhir,2018,2,SAI,race_control_message,WAVED BLUE FLAG FOR CAR 55 (SAI) TIMED AT 19:17:11,40.0,medium
sakhir,2018,2,VAN,race_control_message,WAVED BLUE FLAG FOR CAR 2 (VAN) TIMED AT 19:17:56,40.0,medium
sakhir,2018,2,HAR,race_control_message,WAVED BLUE FLAG FOR CAR 28 (HAR) TIMED AT 19:18:41,41.0,medium
sakhir,2018,2,GRO,race_control_message,WAVED BLUE FLAG FOR CAR 8 (GRO) TIMED AT 19:22:00,43.0,medium
sakhir,2018,2,HAR,race_control_message,WAVED BLUE FLAG FOR CAR 28 (HAR) TIMED AT 19:22:39,43.0,medium
sakhir,2018,2,ERI,race_control_message,WAVED BLUE FLAG FOR CAR 9 (ERI) TIMED AT 19:25:38,45.0,medium
sakhir,2018,2,PER,race_control_message,WAVED BLUE FLAG FOR CAR 11 (PER) TIMED AT 19:26:44,46.0,medium
sakhir,2018,2,GRO,race_control_message,WAVED BLUE FLAG FOR CAR 8 (GRO) TIMED AT 19:27:47,46.0,medium
sakhir,2018,2,VAN,race_control_message,WAVED BLUE FLAG FOR CAR 2 (VAN) TIMED AT 19:29:36,47.0,medium
sakhir,2018,2,ERI,race_control_message,WAVED BLUE FLAG FOR CAR 9 (ERI) TIMED AT 19:31:26,49.0,medium
sakhir,2018,2,OCO,race_control_message,WAVED BLUE FLAG FOR CAR 31 (OCO) TIMED AT 19:31:27,49.0,medium
sakhir,2018,2,SAI,race_control_message,WAVED BLUE FLAG FOR CAR 55 (SAI) TIMED AT 19:33:12,50.0,medium
sakhir,2018,2,ERI,race_control_message,WAVED BLUE FLAG FOR CAR 9 (ERI) TIMED AT 19:39:14,54.0,medium
sakhir,2018,2,VAN,race_control_message,WAVED BLUE FLAG FOR CAR 2 (VAN) TIMED AT 19:41:08,55.0,medium
sakhir,2018,2,ALO,race_control_message,WAVED BLUE FLAG FOR CAR 14 (ALO) TIMED AT 19:45:23,57.0,medium
sakhir,2019,2,KVY,race_control_message,CAR 26 (KVY) SPUN AND CONTINUED AT TURN 11,13.0,medium
sakhir,2019,2,SAI,race_control_message,WAVED BLUE FLAG FOR CAR 55 (SAI) TIMED AT 18:52:29,24.0,medium
sakhir,2019,2,STR,race_control_message,WAVED BLUE FLAG FOR CAR 18 (STR) TIMED AT 18:53:00,25.0,medium
sakhir,2019,2,KUB,race_control_message,WAVED BLUE FLAG FOR CAR 88 (KUB) TIMED AT 18:56:56,27.0,medium
sakhir,2019,2,RUS,race_control_message,WAVED BLUE FLAG FOR CAR 63 (RUS) TIMED AT 18:57:47,28.0,medium
sakhir,2019,2,STR,race_control_message,WAVED BLUE FLAG FOR CAR 18 (STR) TIMED AT 19:04:28,32.0,medium
sakhir,2019,2,SAI,race_control_message,WAVED BLUE FLAG FOR CAR 55 (SAI) TIMED AT 19:09:21,35.0,medium
sakhir,2019,2,STR,race_control_message,WAVED BLUE FLAG FOR CAR 18 (STR) TIMED AT 19:09:59,35.0,medium
sakhir,2019,2,RUS,race_control_message,WAVED BLUE FLAG FOR CAR 63 (RUS) TIMED AT 19:10:26,36.0,medium
sakhir,2019,2,VET,race_control_message,CAR 5 (VET) SPUN AND CONTINUED AT TURN 4,38.0,medium
sakhir,2019,2,STR,race_control_message,WAVED BLUE FLAG FOR CAR 18 (STR) TIMED AT 19:14:53,38.0,medium
sakhir,2019,2,KUB,race_control_message,WAVED BLUE FLAG FOR CAR 88 (KUB) TIMED AT 19:15:05,38.0,medium
sakhir,2019,2,RUS,race_control_message,WAVED BLUE FLAG FOR CAR 63 (RUS) TIMED AT 19:15:10,38.0,medium
sakhir,2019,2,SAI,race_control_message,WAVED BLUE FLAG FOR CAR 55 (SAI) TIMED AT 19:15:13,38.0,medium
sakhir,2019,2,KUB,race_control_message,WAVED BLUE FLAG FOR CAR 88 (KUB) TIMED AT 19:16:28,39.0,medium
sakhir,2019,2,SAI,race_control_message,WAVED BLUE FLAG FOR CAR 55 (SAI) TIMED AT 19:20:02,41.0,medium
sakhir,2019,2,GIO,race_control_message,WAVED BLUE FLAG FOR CAR 99 (GIO) TIMED AT 19:20:24,42.0,medium
sakhir,2019,2,RUS,race_control_message,WAVED BLUE FLAG FOR CAR 63 (RUS) TIMED AT 19:20:47,42.0,medium
sakhir,2019,2,RUS,race_control_message,WAVED BLUE FLAG FOR CAR 63 (RUS) TIMED AT 19:22:53,43.0,medium
sakhir,2019,2,STR,race_control_message,WAVED BLUE FLAG FOR CAR 18 (STR) TIMED AT 19:22:54,43.0,medium
sakhir,2019,2,PER,race_control_message,WAVED BLUE FLAG FOR CAR 11 (PER) TIMED AT 19:25:16,45.0,medium
sakhir,2019,2,STR,race_control_message,WAVED BLUE FLAG FOR CAR 18 (STR) TIMED AT 19:26:08,45.0,medium
sakhir,2019,2,PER,race_control_message,WAVED BLUE FLAG FOR CAR 11 (PER) TIMED AT 19:28:13,47.0,medium
sakhir,2019,2,KUB,race_control_message,WAVED BLUE FLAG FOR CAR 88 (KUB) TIMED AT 19:28:17,47.0,medium
sakhir,2019,2,KUB,race_control_message,WAVED BLUE FLAG FOR CAR 88 (KUB) TIMED AT 19:28:49,47.0,medium
sakhir,2019,2,KUB,race_control_message,WAVED BLUE FLAG FOR CAR 88 (KUB) TIMED AT 19:30:06,48.0,medium
sakhir,2019,2,KUB,race_control_message,WAVED BLUE FLAG FOR CAR 88 (KUB) TIMED AT 19:30:43,48.0,medium
sakhir,2019,2,GIO,race_control_message,WAVED BLUE FLAG FOR CAR 99 (GIO) TIMED AT 19:31:56,49.0,medium
sakhir,2019,2,KUB,race_control_message,WAVED BLUE FLAG FOR CAR 88 (KUB) TIMED AT 19:32:18,49.0,medium
sakhir,2019,2,KVY,race_control_message,WAVED BLUE FLAG FOR CAR 26 (KVY) TIMED AT 19:34:39,50.0,medium
sakhir,2019,2,RUS,race_control_message,WAVED BLUE FLAG FOR CAR 63 (RUS) TIMED AT 19:35:52,51.0,medium
sakhir,2019,2,GIO,race_control_message,WAVED BLUE FLAG FOR CAR 99 (GIO) TIMED AT 19:37:20,52.0,medium
sakhir,2019,2,RUS,race_control_message,WAVED BLUE FLAG FOR CAR 63 (RUS) TIMED AT 19:37:25,52.0,medium
sakhir,2019,2,KUB,race_control_message,WAVED BLUE FLAG FOR CAR 88 (KUB) TIMED AT 19:37:37,52.0,medium
sakhir,2019,2,MAG,race_control_message,WAVED BLUE FLAG FOR CAR 20 (MAG) TIMED AT 19:38:18,53.0,medium
sakhir,2019,2,GIO,race_control_message,WAVED BLUE FLAG FOR CAR 99 (GIO) TIMED AT 19:38:22,53.0,medium
sakhir,2019,2,KUB,race_control_message,WAVED BLUE FLAG FOR CAR 88 (KUB) TIMED AT 19:38:24,53.0,medium
sakhir,2019,2,RUS,race_control_message,WAVED BLUE FLAG FOR CAR 63 (RUS) TIMED AT 19:39:19,53.0,medium
sakhir,2019,2,KUB,race_control_message,WAVED BLUE FLAG FOR CAR 88 (KUB) TIMED AT 19:40:07,54.0,medium
sakhir,2019,2,RUS,race_control_message,WAVED BLUE FLAG FOR CAR 63 (RUS) TIMED AT 19:40:25,54.0,medium
sakhir,2019,2,KUB,race_control_message,WAVED BLUE FLAG FOR CAR 88 (KUB) TIMED AT 19:40:25,54.0,medium
sakhir,2019,2,SAI,race_control_message,WAVED BLUE FLAG FOR CAR 55 (SAI) TIMED AT 19:41:57,55.0,medium
sakhir,2020,15,MAG,race_control_message,WAVED BLUE FLAG FOR CAR 20 (MAG) TIMED AT 19:28:31,31.0,medium
sakhir,2020,15,MAG,race_control_message,WAVED BLUE FLAG FOR CAR 20 (MAG) TIMED AT 19:32:59,33.0,medium
sakhir,2020,15,MAG,race_control_message,WAVED BLUE FLAG FOR CAR 20 (MAG) TIMED AT 19:42:51,39.0,medium
sakhir,2020,15,MAG,race_control_message,WAVED BLUE FLAG FOR CAR 20 (MAG) TIMED AT 19:44:04,40.0,medium
sakhir,2020,15,KVY,race_control_message,WAVED BLUE FLAG FOR CAR 26 (KVY) TIMED AT 19:48:37,43.0,medium
sakhir,2020,15,KVY,race_control_message,WAVED BLUE FLAG FOR CAR 26 (KVY) TIMED AT 19:50:43,45.0,medium
sakhir,2020,15,GIO,race_control_message,WAVED BLUE FLAG FOR CAR 99 (GIO) TIMED AT 19:51:06,45.0,medium
sakhir,2020,15,GIO,race_control_message,WAVED BLUE FLAG FOR CAR 99 (GIO) TIMED AT 19:52:51,46.0,medium
sakhir,2020,15,RAI,race_control_message,WAVED BLUE FLAG FOR CAR 7 (RAI) TIMED AT 19:54:19,47.0,medium
sakhir,2020,15,MAG,race_control_message,WAVED BLUE FLAG FOR CAR 20 (MAG) TIMED AT 19:54:30,47.0,medium
sakhir,2020,15,LAT,race_control_message,WAVED BLUE FLAG FOR CAR 6 (LAT) TIMED AT 19:55:05,47.0,medium
sakhir,2020,15,MAG,race_control_message,WAVED BLUE FLAG FOR CAR 20 (MAG) TIMED AT 19:57:22,49.0,medium
sakhir,2020,15,VET,race_control_message,WAVED BLUE FLAG FOR CAR 5 (VET) TIMED AT 19:57:32,49.0,medium
sakhir,2020,15,RUS,race_control_message,WAVED BLUE FLAG FOR CAR 63 (RUS) TIMED AT 19:58:01,49.0,medium
sakhir,2020,15,RAI,race_control_message,WAVED BLUE FLAG FOR CAR 7 (RAI) TIMED AT 19:59:28,50.0,medium
sakhir,2020,15,GIO,race_control_message,WAVED BLUE FLAG FOR CAR 99 (GIO) TIMED AT 20:00:44,51.0,medium
sakhir,2020,15,LAT,race_control_message,WAVED BLUE FLAG FOR CAR 6 (LAT) TIMED AT 20:00:58,51.0,medium
sakhir,2020,15,MAG,race_control_message,WAVED BLUE FLAG FOR CAR 20 (MAG) TIMED AT 20:03:37,53.0,medium
sakhir,2020,15,KVY,race_control_message,WAVED BLUE FLAG FOR CAR 26 (KVY) TIMED AT 20:04:29,53.0,medium
sakhir,2020,15,RAI,race_control_message,WAVED BLUE FLAG FOR CAR 7 (RAI) TIMED AT 20:04:37,53.0,medium
sakhir,2020,15,LEC,race_control_message,WAVED BLUE FLAG FOR CAR 16 (LEC) TIMED AT 20:05:03,54.0,medium
sakhir,2020,15,LAT,race_control_message,WAVED BLUE FLAG FOR CAR 6 (LAT) TIMED AT 20:05:33,54.0,medium
sakhir,2020,16,RAI,race_control_message,WAVED BLUE FLAG FOR CAR 7 (RAI) TIMED AT 20:39:24,25.0,medium
sakhir,2020,16,FIT,race_control_message,WAVED BLUE FLAG FOR CAR 51 (FIT) TIMED AT 20:44:52,31.0,medium
sakhir,2020,16,FIT,race_control_message,WAVED BLUE FLAG FOR CAR 51 (FIT) TIMED AT 20:45:47,32.0,medium
sakhir,2020,16,FIT,race_control_message,WAVED BLUE FLAG FOR CAR 51 (FIT) TIMED AT 20:55:21,41.0,medium
sakhir,2020,16,FIT,race_control_message,WAVED BLUE FLAG FOR CAR 51 (FIT) TIMED AT 20:55:41,42.0,medium
sakhir,2020,16,FIT,race_control_message,WAVED BLUE FLAG FOR CAR 51 (FIT) TIMED AT 20:58:40,45.0,medium
sakhir,2020,16,AIT,race_control_message,WAVED BLUE FLAG FOR CAR 89 (AIT) TIMED AT 21:00:36,47.0,medium
sakhir,2020,16,FIT,race_control_message,WAVED BLUE FLAG FOR CAR 51 (FIT) TIMED AT 21:01:13,47.0,medium
sakhir,2020,16,MAG,race_control_message,WAVED BLUE FLAG FOR CAR 20 (MAG) TIMED AT 21:03:07,49.0,medium
sakhir,2020,16,FIT,race_control_message,WAVED BLUE FLAG FOR CAR 51 (FIT) TIMED AT 21:03:28,50.0,medium
sakhir,2020,16,AIT,race_control_message,WAVED BLUE FLAG FOR CAR 89 (AIT) TIMED AT 21:04:22,50.0,medium
sakhir,2020,16,GIO,race_control_message,WAVED BLUE FLAG FOR CAR 99 (GIO) TIMED AT 21:05:40,52.0,medium
sakhir,2020,16,LAT,race_control_message,WAVED BLUE FLAG FOR CAR 6 (LAT) TIMED AT 21:06:07,52.0,medium
sakhir,2020,16,MAG,race_control_message,WAVED BLUE FLAG FOR CAR 20 (MAG) TIMED AT 21:06:22,52.0,medium
sakhir,2020,16,FIT,race_control_message,WAVED BLUE FLAG FOR CAR 51 (FIT) TIMED AT 21:06:58,53.0,medium
sakhir,2020,16,FIT,race_control_message,WAVED BLUE FLAG FOR CAR 51 (FIT) TIMED AT 21:07:38,54.0,medium
sakhir,2020,16,LAT,race_control_message,CAR 6 (LAT) STOPPED AT TURN 9,55.0,medium
sakhir,2020,16,RAI,race_control_message,WAVED BLUE FLAG FOR CAR 7 (RAI) TIMED AT 21:10:18,56.0,medium
sakhir,2020,16,NOR,race_control_message,WAVED BLUE FLAG FOR CAR 4 (NOR) TIMED AT 21:11:39,58.0,medium
sakhir,2020,16,GAS,race_control_message,WAVED BLUE FLAG FOR CAR 10 (GAS) TIMED AT 21:14:35,61.0,medium
sakhir,2020,16,AIT,race_control_message,WAVED BLUE FLAG FOR CAR 89 (AIT) TIMED AT 21:15:04,61.0,medium
sakhir,2021,1,MSC,race_control_message,WAVED BLUE FLAG FOR CAR 47 (MSC) TIMED AT 18:57:23,30.0,medium
sakhir,2021,1,LAT,race_control_message,WAVED BLUE FLAG FOR CAR 6 (LAT) TIMED AT 19:03:40,34.0,medium
sakhir,2021,1,GAS,race_control_message,WAVED BLUE FLAG FOR CAR 10 (GAS) TIMED AT 19:05:20,35.0,medium
sakhir,2021,1,MSC,race_control_message,WAVED BLUE FLAG FOR CAR 47 (MSC) TIMED AT 19:09:48,38.0,medium
sakhir,2021,1,LAT,race_control_message,WAVED BLUE FLAG FOR CAR 6 (LAT) TIMED AT 19:11:58,39.0,medium
sakhir,2021,1,MSC,race_control_message,WAVED BLUE FLAG FOR CAR 47 (MSC) TIMED AT 19:17:30,43.0,medium
sakhir,2021,1,RUS,race_control_message,WAVED BLUE FLAG FOR CAR 63 (RUS) TIMED AT 19:18:10,43.0,medium
sakhir,2021,1,RUS,race_control_message,WAVED BLUE FLAG FOR CAR 63 (RUS) TIMED AT 19:21:32,45.0,medium
sakhir,2021,1,MSC,race_control_message,WAVED BLUE FLAG FOR CAR 47 (MSC) TIMED AT 19:22:02,46.0,medium
sakhir,2021,1,OCO,race_control_message,WAVED BLUE FLAG FOR CAR 31 (OCO) TIMED AT 19:22:50,46.0,medium
sakhir,2021,1,LAT,race_control_message,WAVED BLUE FLAG FOR CAR 6 (LAT) TIMED AT 19:23:10,46.0,medium
sakhir,2021,1,VET,race_control_message,WAVED BLUE FLAG FOR CAR 5 (VET) TIMED AT 19:24:09,47.0,medium
sakhir,2021,1,OCO,race_control_message,WAVED BLUE FLAG FOR CAR 31 (OCO) TIMED AT 19:24:40,47.0,medium
sakhir,2021,1,VET,race_control_message,WAVED BLUE FLAG FOR CAR 5 (VET) TIMED AT 19:25:08,48.0,medium
sakhir,2021,1,OCO,race_control_message,WAVED BLUE FLAG FOR CAR 31 (OCO) TIMED AT 19:25:30,48.0,medium
sakhir,2021,1,MSC,race_control_message,WAVED BLUE FLAG FOR CAR 47 (MSC) TIMED AT 19:25:48,48.0,medium
sakhir,2021,1,LAT,race_control_message,WAVED BLUE FLAG FOR CAR 6 (LAT) TIMED AT 19:26:27,48.0,medium
sakhir,2021,1,LAT,race_control_message,WAVED BLUE FLAG FOR CAR 6 (LAT) TIMED AT 19:27:33,49.0,medium
sakhir,2021,1,MSC,race_control_message,WAVED BLUE FLAG FOR CAR 47 (MSC) TIMED AT 19:30:02,51.0,medium
sakhir,2021,1,LAT,race_control_message,WAVED BLUE FLAG FOR CAR 6 (LAT) TIMED AT 19:30:35,51.0,medium
sakhir,2021,1,MSC,race_control_message,WAVED BLUE FLAG FOR CAR 47 (MSC) TIMED AT 19:31:26,52.0,medium
sakhir,2021,1,LAT,race_control_message,WAVED BLUE FLAG FOR CAR 6 (LAT) TIMED AT 19:32:04,52.0,medium
sakhir,2021,1,VET,race_control_message,WAVED BLUE FLAG FOR CAR 5 (VET) TIMED AT 19:32:28,52.0,medium
sakhir,2021,1,LAT,race_control_message,WAVED BLUE FLAG FOR CAR 6 (LAT) TIMED AT 19:32:29,52.0,medium
sakhir,2021,1,GIO,race_control_message,WAVED BLUE FLAG FOR CAR 99 (GIO) TIMED AT 19:33:01,53.0,medium
sakhir,2021,1,RUS,race_control_message,WAVED BLUE FLAG FOR CAR 63 (RUS) TIMED AT 19:35:41,54.0,medium
sakhir,2022,1,HUL,race_control_message,CAR 27 (HUL) OFF TRACK AND CONTINUED AT TURN 1,9.0,medium
sakhir,2022,1,HUL,race_control_message,WAVED BLUE FLAG FOR CAR 27 (HUL) TIMED AT 18:49:59,29.0,medium
sakhir,2022,1,ALB,race_control_message,CAR 23 (ALB) OFF TRACK AND CONTINUED AT TURN 10,29.0,medium
sakhir,2022,1,HUL,race_control_message,WAVED BLUE FLAG FOR CAR 27 (HUL) TIMED AT 18:52:12,30.0,medium
sakhir,2022,1,LAT,race_control_message,WAVED BLUE FLAG FOR CAR 6 (LAT) TIMED AT 18:52:28,30.0,medium
sakhir,2022,1,NOR,race_control_message,WAVED BLUE FLAG FOR CAR 4 (NOR) TIMED AT 18:54:21,31.0,medium
sakhir,2022,1,RIC,race_control_message,WAVED BLUE FLAG FOR CAR 3 (RIC) TIMED AT 18:54:26,31.0,medium
sakhir,2022,1,NOR,race_control_message,WAVED BLUE FLAG FOR CAR 4 (NOR) TIMED AT 18:57:40,33.0,medium
sakhir,2022,1,LAT,race_control_message,WAVED BLUE FLAG FOR CAR 6 (LAT) TIMED AT 18:58:52,34.0,medium
sakhir,2022,1,LAT,race_control_message,WAVED BLUE FLAG FOR CAR 6 (LAT) TIMED AT 18:59:21,34.0,medium
sakhir,2022,1,HUL,race_control_message,WAVED BLUE FLAG FOR CAR 27 (HUL) TIMED AT 19:00:41,35.0,medium
sakhir,2022,1,HUL,race_control_message,WAVED BLUE FLAG FOR CAR 27 (HUL) TIMED AT 19:00:58,35.0,medium
sakhir,2022,1,NOR,race_control_message,WAVED BLUE FLAG FOR CAR 4 (NOR) TIMED AT 19:01:05,35.0,medium
sakhir,2022,1,RIC,race_control_message,WAVED BLUE FLAG FOR CAR 3 (RIC) TIMED AT 19:01:22,35.0,medium
sakhir,2022,1,RIC,race_control_message,WAVED BLUE FLAG FOR CAR 3 (RIC) TIMED AT 19:01:53,36.0,medium
sakhir,2022,1,NOR,race_control_message,WAVED BLUE FLAG FOR CAR 4 (NOR) TIMED AT 19:01:55,36.0,medium
sakhir,2022,1,ALB,race_control_message,WAVED BLUE FLAG FOR CAR 23 (ALB) TIMED AT 19:03:40,37.0,medium
sakhir,2022,1,ALB,race_control_message,WAVED BLUE FLAG FOR CAR 23 (ALB) TIMED AT 19:03:56,37.0,medium
sakhir,2022,1,LAT,race_control_message,WAVED BLUE FLAG FOR CAR 6 (LAT) TIMED AT 19:06:00,38.0,medium
sakhir,2022,1,HUL,race_control_message,WAVED BLUE FLAG FOR CAR 27 (HUL) TIMED AT 19:06:46,39.0,medium
sakhir,2022,1,NOR,race_control_message,WAVED BLUE FLAG FOR CAR 4 (NOR) TIMED AT 19:09:32,40.0,medium
sakhir,2022,1,NOR,race_control_message,WAVED BLUE FLAG FOR CAR 4 (NOR) TIMED AT 19:10:34,41.0,medium
sakhir,2022,1,NOR,race_control_message,WAVED BLUE FLAG FOR CAR 4 (NOR) TIMED AT 19:13:57,43.0,medium
sakhir,2022,1,RIC,race_control_message,WAVED BLUE FLAG FOR CAR 3 (RIC) TIMED AT 19:14:13,43.0,medium
sakhir,2022,1,HUL,race_control_message,WAVED BLUE FLAG FOR CAR 27 (HUL) TIMED AT 19:15:00,44.0,medium
sakhir,2022,1,LAT,race_control_message,WAVED BLUE FLAG FOR CAR 6 (LAT) TIMED AT 19:16:39,45.0,medium
sakhir,2022,1,RIC,race_control_message,WAVED BLUE FLAG FOR CAR 3 (RIC) TIMED AT 19:17:12,45.0,medium
sakhir,2022,1,ALB,race_control_message,WAVED BLUE FLAG FOR CAR 23 (ALB) TIMED AT 19:18:02,46.0,medium
sakhir,2023,1,RUS,race_control_message,CAR 63 (RUS) OFF TRACK AND CONTINUED AT TURN 10,9.0,medium
sakhir,2023,1,OCO,race_control_message,WAVED BLUE FLAG FOR CAR 31 (OCO) TIMED AT 18:51:39,30.0,medium
sakhir,2023,1,NOR,race_control_message,WAVED BLUE FLAG FOR CAR 4 (NOR) TIMED AT 19:03:18,37.0,medium
sakhir,2023,1,NOR,race_control_message,WAVED BLUE FLAG FOR CAR 4 (NOR) TIMED AT 19:07:05,39.0,medium
sakhir,2023,1,HUL,race_control_message,WAVED BLUE FLAG FOR CAR 27 (HUL) TIMED AT 19:12:29,42.0,medium
sakhir,2023,1,OCO,race_control_message,WAVED BLUE FLAG FOR CAR 31 (OCO) TIMED AT 19:13:53,43.0,medium
sakhir,2023,1,DEV,race_control_message,WAVED BLUE FLAG FOR CAR 21 (DEV) TIMED AT 19:23:01,48.0,medium
sakhir,2023,1,NOR,race_control_message,WAVED BLUE FLAG FOR CAR 4 (NOR) TIMED AT 19:24:20,49.0,medium
sakhir,2023,1,HUL,race_control_message,BLACK AND WHITE FLAG FOR CAR 27 (HUL) - TRACK LIMITS,49.0,medium
sakhir,2023,1,ZHO,race_control_message,WAVED BLUE FLAG FOR CAR 24 (ZHO) TIMED AT 19:27:17,51.0,medium
sakhir,2023,1,ZHO,race_control_message,WAVED BLUE FLAG FOR CAR 24 (ZHO) TIMED AT 19:27:24,51.0,medium
sakhir,2023,1,STR,race_control_message,CAR 18 (STR) OFF TRACK AND CONTINUED AT TURN 10,52.0,medium
sakhir,2023,1,DEV,race_control_message,WAVED BLUE FLAG FOR CAR 21 (DEV) TIMED AT 19:29:55,53.0,medium
sakhir,2023,1,NOR,race_control_message,BLACK AND WHITE FLAG FOR CAR 4 (NOR) - TRACK LIMITS,55.0,medium
sakhir,2023,1,MAG,race_control_message,WAVED BLUE FLAG FOR CAR 20 (MAG) TIMED AT 19:33:50,55.0,medium
sakhir,2023,1,SAR,race_control_message,WAVED BLUE FLAG FOR CAR 2 (SAR) TIMED AT 19:36:51,57.0,medium
sakhir,2024,1,STR,race_control_message,CAR 18 (STR) SPUN AND CONTINUED AT TURN 1,2.0,medium
sakhir,2024,1,SAR,race_control_message,CAR 2 (SAR) OFF TRACK AND CONTINUED AT TURN 4,11.0,medium
sakhir,2024,1,SAR,race_control_message,WAVED BLUE FLAG FOR CAR 2 (SAR) TIMED AT 18:21:59,12.0,medium
sakhir,2024,1,SAR,race_control_message,WAVED BLUE FLAG FOR CAR 2 (SAR) TIMED AT 18:26:22,15.0,medium
sakhir,2024,1,SAR,race_control_message,WAVED BLUE FLAG FOR CAR 2 (SAR) TIMED AT 18:27:01,15.0,medium
sakhir,2024,1,SAR,race_control_message,WAVED BLUE FLAG FOR CAR 2 (SAR) TIMED AT 18:30:07,17.0,medium
sakhir,2024,1,SAR,race_control_message,WAVED BLUE FLAG FOR CAR 2 (SAR) TIMED AT 18:30:28,17.0,medium
sakhir,2024,1,SAR,race_control_message,WAVED BLUE FLAG FOR CAR 2 (SAR) TIMED AT 18:33:06,18.0,medium
sakhir,2024,1,SAR,race_control_message,WAVED BLUE FLAG FOR CAR 2 (SAR) TIMED AT 18:44:22,26.0,medium
sakhir,2024,1,SAR,race_control_message,WAVED BLUE FLAG FOR CAR 2 (SAR) TIMED AT 18:52:25,31.0,medium
sakhir,2024,1,SAR,race_control_message,WAVED BLUE FLAG FOR CAR 2 (SAR) TIMED AT 18:52:56,31.0,medium
sakhir,2024,1,BOT,race_control_message,WAVED BLUE FLAG FOR CAR 77 (BOT) TIMED AT 18:58:08,34.0,medium
sakhir,2024,1,BOT,race_control_message,WAVED BLUE FLAG FOR CAR 77 (BOT) TIMED AT 18:59:32,35.0,medium
sakhir,2024,1,BOT,race_control_message,WAVED BLUE FLAG FOR CAR 77 (BOT) TIMED AT 19:03:27,37.0,medium
sakhir,2024,1,BOT,race_control_message,WAVED BLUE FLAG FOR CAR 77 (BOT) TIMED AT 19:05:43,39.0,medium
sakhir,2024,1,SAR,race_control_message,WAVED BLUE FLAG FOR CAR 2 (SAR) TIMED AT 19:11:55,43.0,medium
sakhir,2024,1,GAS,race_control_message,WAVED BLUE FLAG FOR CAR 10 (GAS) TIMED AT 19:14:49,44.0,medium
sakhir,2024,1,OCO,race_control_message,WAVED BLUE FLAG FOR CAR 31 (OCO) TIMED AT 19:17:07,46.0,medium
sakhir,2024,1,SAR,race_control_message,WAVED BLUE FLAG FOR CAR 2 (SAR) TIMED AT 19:23:03,50.0,medium
sakhir,2024,1,ALB,race_control_message,WAVED BLUE FLAG FOR CAR 23 (ALB) TIMED AT 19:23:48,50.0,medium
sakhir,2024,1,TSU,race_control_message,WAVED BLUE FLAG FOR CAR 22 (TSU) TIMED AT 19:28:05,53.0,medium
sakhir,2024,1,RIC,race_control_message,WAVED BLUE FLAG FOR CAR 3 (RIC) TIMED AT 19:28:24,53.0,medium
sakhir,2024,1,OCO,race_control_message,WAVED BLUE FLAG FOR CAR 31 (OCO) TIMED AT 19:28:44,53.0,medium
sakhir,2024,1,MAG,race_control_message,WAVED BLUE FLAG FOR CAR 20 (MAG) TIMED AT 19:29:33,54.0,medium
sakhir,2024,1,ZHO,race_control_message,WAVED BLUE FLAG FOR CAR 24 (ZHO) TIMED AT 19:30:55,55.0,medium
sakhir,2024,1,OCO,race_control_message,WAVED BLUE FLAG FOR CAR 31 (OCO) TIMED AT 19:31:05,55.0,medium
sakhir,2024,1,BOT,race_control_message,WAVED BLUE FLAG FOR CAR 77 (BOT) TIMED AT 19:31:17,55.0,medium
sakhir,2024,1,SAR,race_control_message,WAVED BLUE FLAG FOR CAR 2 (SAR) TIMED AT 19:32:41,56.0,medium
sakhir,2024,1,RIC,race_control_message,BLACK AND WHITE FLAG FOR CAR 3 (RIC) - TRACK LIMITS,57.0,medium
sakhir,2025,4,HAD,race_control_message,BLACK AND WHITE FLAG FOR CAR 6 (HAD) - TRACK LIMITS,23.0,medium
sakhir,2025,4,ANT,race_control_message,BLACK AND WHITE FLAG FOR CAR 12 (ANT) - TRACK LIMITS,23.0,medium
sakhir,2025,4,DOO,race_control_message,BLACK AND WHITE FLAG FOR CAR 7 (DOO) - TRACK LIMITS,48.0,medium
sakhir,2025,4,NOR,race_control_message,BLACK AND WHITE FLAG FOR CAR 4 (NOR) - TRACK LIMITS,53.0,medium
sakhir,2025,4,TSU,race_control_message,BLACK AND WHITE FLAG FOR CAR 22 (TSU) - TRACK LIMITS,55.0,medium
sakhir,2025,4,VER,race_control_message,BLACK AND WHITE FLAG FOR CAR 1 (VER) - TRACK LIMITS,56.0,medium
silverstone,2018,10,SIR,race_control_message,WAVED BLUE FLAG FOR CAR 35 (SIR) TIMED AT 14:53:04,26.0,medium
silverstone,2018,10,SIR,race_control_message,WAVED BLUE FLAG FOR CAR 35 (SIR) TIMED AT 14:54:00,26.0,medium
silverstone,2018,10,SIR,race_control_message,WAVED BLUE FLAG FOR CAR 35 (SIR) TIMED AT 14:59:42,30.0,medium
silverstone,2018,10,SIR,race_control_message,WAVED BLUE FLAG FOR CAR 35 (SIR) TIMED AT 15:00:26,31.0,medium
silverstone,2018,10,STR,race_control_message,WAVED BLUE FLAG FOR CAR 18 (STR) TIMED AT 15:00:32,31.0,medium
silverstone,2018,10,STR,race_control_message,WAVED BLUE FLAG FOR CAR 18 (STR) TIMED AT 15:01:17,31.0,medium
silverstone,2018,10,STR,race_control_message,WAVED BLUE FLAG FOR CAR 18 (STR) TIMED AT 15:02:24,32.0,medium
silverstone,2018,10,SIR,race_control_message,WAVED BLUE FLAG FOR CAR 35 (SIR) TIMED AT 15:02:57,32.0,medium
silverstone,2019,10,MAG,race_control_message,WAVED BLUE FLAG FOR CAR 20 (MAG) TIMED AT 14:17:00,3.0,medium
silverstone,2019,10,MAG,race_control_message,WAVED BLUE FLAG FOR CAR 20 (MAG) TIMED AT 14:17:08,3.0,medium
silverstone,2019,10,MAG,race_control_message,WAVED BLUE FLAG FOR CAR 20 (MAG) TIMED AT 14:17:12,3.0,medium
silverstone,2019,10,MAG,race_control_message,WAVED BLUE FLAG FOR CAR 20 (MAG) TIMED AT 14:17:24,3.0,medium
silverstone,2019,10,MAG,race_control_message,WAVED BLUE FLAG FOR CAR 20 (MAG) TIMED AT 14:17:51,4.0,medium
silverstone,2019,10,MAG,race_control_message,WAVED BLUE FLAG FOR CAR 20 (MAG) TIMED AT 14:18:12,4.0,medium
silverstone,2019,10,MAG,race_control_message,WAVED BLUE FLAG FOR CAR 20 (MAG) TIMED AT 14:18:29,4.0,medium
silverstone,2019,10,MAG,race_control_message,WAVED BLUE FLAG FOR CAR 20 (MAG) TIMED AT 14:18:38,4.0,medium
silverstone,2019,10,MAG,race_control_message,WAVED BLUE FLAG FOR CAR 20 (MAG) TIMED AT 14:18:55,4.0,medium
silverstone,2019,10,MAG,race_control_message,WAVED BLUE FLAG FOR CAR 20 (MAG) TIMED AT 14:19:05,4.0,medium
silverstone,2019,10,GRO,race_control_message,WAVED BLUE FLAG FOR CAR 8 (GRO) TIMED AT 14:26:43,9.0,medium
silverstone,2019,10,GRO,race_control_message,WAVED BLUE FLAG FOR CAR 8 (GRO) TIMED AT 14:27:26,10.0,medium
silverstone,2019,10,GIO,race_control_message,CAR 99 (GIO) STOPPED AT TURN 16,21.0,medium
silverstone,2019,10,VET,race_control_message,WAVED BLUE FLAG FOR CAR 5 (VET) TIMED AT 15:15:37,40.0,medium
silverstone,2019,10,VET,race_control_message,WAVED BLUE FLAG FOR CAR 5 (VET) TIMED AT 15:16:00,40.0,medium
silverstone,2019,10,PER,race_control_message,WAVED BLUE FLAG FOR CAR 11 (PER) TIMED AT 15:20:21,43.0,medium
silverstone,2019,10,PER,race_control_message,WAVED BLUE FLAG FOR CAR 11 (PER) TIMED AT 15:21:35,44.0,medium
silverstone,2019,10,KUB,race_control_message,WAVED BLUE FLAG FOR CAR 88 (KUB) TIMED AT 15:24:07,46.0,medium
silverstone,2019,10,RUS,race_control_message,WAVED BLUE FLAG FOR CAR 63 (RUS) TIMED AT 15:26:51,47.0,medium
silverstone,2019,10,KUB,race_control_message,WAVED BLUE FLAG FOR CAR 88 (KUB) TIMED AT 15:33:31,52.0,medium
silverstone,2020,4,RAI,race_control_message,WAVED BLUE FLAG FOR CAR 7 (RAI) TIMED AT 15:36:00,49.0,medium
silverstone,2020,4,RAI,race_control_message,WAVED BLUE FLAG FOR CAR 7 (RAI) TIMED AT 15:40:05,52.0,medium
silverstone,2020,4,RAI,race_control_message,WAVED BLUE FLAG FOR CAR 7 (RAI) TIMED AT 15:40:35,52.0,medium
silverstone,2020,4,RAI,race_control_message,WAVED BLUE FLAG FOR CAR 7 (RAI) TIMED AT 15:40:54,52.0,medium
silverstone,2020,5,MAG,race_control_message,WAVED BLUE FLAG FOR CAR 20 (MAG) TIMED AT 14:48:07,23.0,medium
silverstone,2020,5,MAG,race_control_message,WAVED BLUE FLAG FOR CAR 20 (MAG) TIMED AT 14:59:32,30.0,medium
silverstone,2020,5,MAG,race_control_message,WAVED BLUE FLAG FOR CAR 20 (MAG) TIMED AT 14:59:51,31.0,medium
silverstone,2020,5,RIC,race_control_message,CAR 3 (RIC) SPUN AND CONTINUED AT TURN 3,31.0,medium
silverstone,2020,5,MAG,race_control_message,WAVED BLUE FLAG FOR CAR 20 (MAG) TIMED AT 15:01:58,32.0,medium
silverstone,2020,5,MAG,race_control_message,WAVED BLUE FLAG FOR CAR 20 (MAG) TIMED AT 15:07:25,36.0,medium
silverstone,2020,5,MAG,race_control_message,WAVED BLUE FLAG FOR CAR 20 (MAG) TIMED AT 15:07:51,36.0,medium
silverstone,2020,5,MAG,race_control_message,WAVED BLUE FLAG FOR CAR 20 (MAG) TIMED AT 15:08:02,36.0,medium
silverstone,2020,5,GIO,race_control_message,WAVED BLUE FLAG FOR CAR 99 (GIO) TIMED AT 15:08:17,36.0,medium
silverstone,2020,5,GRO,race_control_message,WAVED BLUE FLAG FOR CAR 8 (GRO) TIMED AT 15:14:35,40.0,medium
silverstone,2020,5,RUS,race_control_message,WAVED BLUE FLAG FOR CAR 63 (RUS) TIMED AT 15:15:14,41.0,medium
silverstone,2020,5,GIO,race_control_message,WAVED BLUE FLAG FOR CAR 99 (GIO) TIMED AT 15:17:05,42.0,medium
silverstone,2020,5,GRO,race_control_message,WAVED BLUE FLAG FOR CAR 8 (GRO) TIMED AT 15:17:43,42.0,medium
silverstone,2020,5,GRO,race_control_message,WAVED BLUE FLAG FOR CAR 8 (GRO) TIMED AT 15:18:48,43.0,medium
silverstone,2020,5,RUS,race_control_message,WAVED BLUE FLAG FOR CAR 63 (RUS) TIMED AT 15:18:51,43.0,medium
silverstone,2020,5,GIO,race_control_message,WAVED BLUE FLAG FOR CAR 99 (GIO) TIMED AT 15:19:10,43.0,medium
silverstone,2020,5,GRO,race_control_message,WAVED BLUE FLAG FOR CAR 8 (GRO) TIMED AT 15:19:30,43.0,medium
silverstone,2020,5,MAG,race_control_message,WAVED BLUE FLAG FOR CAR 20 (MAG) TIMED AT 15:20:24,44.0,medium
silverstone,2020,5,MAG,race_control_message,WAVED BLUE FLAG FOR CAR 20 (MAG) TIMED AT 15:20:51,44.0,medium
silverstone,2020,5,GIO,race_control_message,WAVED BLUE FLAG FOR CAR 99 (GIO) TIMED AT 15:21:25,45.0,medium
silverstone,2020,5,LAT,race_control_message,WAVED BLUE FLAG FOR CAR 6 (LAT) TIMED AT 15:21:49,45.0,medium
silverstone,2020,5,RAI,race_control_message,WAVED BLUE FLAG FOR CAR 7 (RAI) TIMED AT 15:22:45,46.0,medium
silverstone,2020,5,LAT,race_control_message,WAVED BLUE FLAG FOR CAR 6 (LAT) TIMED AT 15:24:13,47.0,medium
silverstone,2020,5,LAT,race_control_message,WAVED BLUE FLAG FOR CAR 6 (LAT) TIMED AT 15:25:09,47.0,medium
silverstone,2020,5,RAI,race_control_message,WAVED BLUE FLAG FOR CAR 7 (RAI) TIMED AT 15:25:41,48.0,medium
silverstone,2020,5,RAI,race_control_message,WAVED BLUE FLAG FOR CAR 7 (RAI) TIMED AT 15:25:53,48.0,medium
silverstone,2020,5,RIC,race_control_message,WAVED BLUE FLAG FOR CAR 3 (RIC) TIMED AT 15:29:21,50.0,medium
silverstone,2020,5,GRO,race_control_message,WAVED BLUE FLAG FOR CAR 8 (GRO) TIMED AT 15:30:19,51.0,medium
silverstone,2021,10,VER,race_control_message,CAR 33 (VER) STOPPED AT TURN 9,1.0,medium
silverstone,2021,10,VET,race_control_message,CAR 5 (VET) SPUN AND CONTINUED AT TURN 7,4.0,medium
silverstone,2021,10,GAS,race_control_message,BLACK AND WHITE FLAG FOR CAR 10 (GAS) - TRACK LIMITS,17.0,medium
silverstone,2021,10,MAZ,race_control_message,WAVED BLUE FLAG FOR CAR 9 (MAZ) TIMED AT 16:24:43,28.0,medium
silverstone,2021,10,MSC,race_control_message,WAVED BLUE FLAG FOR CAR 47 (MSC) TIMED AT 16:27:37,30.0,medium
silverstone,2021,10,MAZ,race_control_message,WAVED BLUE FLAG FOR CAR 9 (MAZ) TIMED AT 16:28:39,31.0,medium
silverstone,2021,10,MSC,race_control_message,WAVED BLUE FLAG FOR CAR 47 (MSC) TIMED AT 16:29:22,31.0,medium
silverstone,2021,10,MSC,race_control_message,WAVED BLUE FLAG FOR CAR 47 (MSC) TIMED AT 16:29:35,31.0,medium
silverstone,2021,10,MAZ,race_control_message,WAVED BLUE FLAG FOR CAR 9 (MAZ) TIMED AT 16:30:29,32.0,medium
silverstone,2021,10,MAZ,race_control_message,WAVED BLUE FLAG FOR CAR 9 (MAZ) TIMED AT 16:31:04,32.0,medium
silverstone,2021,10,MSC,race_control_message,WAVED BLUE FLAG FOR CAR 47 (MSC) TIMED AT 16:40:32,39.0,medium
silverstone,2021,10,MAZ,race_control_message,WAVED BLUE FLAG FOR CAR 9 (MAZ) TIMED AT 16:41:57,39.0,medium
silverstone,2021,10,RAI,race_control_message,WAVED BLUE FLAG FOR CAR 7 (RAI) TIMED AT 16:54:08,47.0,medium
silverstone,2021,10,RAI,race_control_message,CAR 7 (RAI) SPUN AND CONTINUED AT TURN 17,48.0,medium
silverstone,2021,10,RAI,race_control_message,WAVED BLUE FLAG FOR CAR 7 (RAI) TIMED AT 16:54:26,48.0,medium
silverstone,2021,10,LAT,race_control_message,WAVED BLUE FLAG FOR CAR 6 (LAT) TIMED AT 16:56:20,49.0,medium
silverstone,2021,10,LAT,race_control_message,WAVED BLUE FLAG FOR CAR 6 (LAT) TIMED AT 16:56:37,49.0,medium
silverstone,2021,10,PER,race_control_message,WAVED BLUE FLAG FOR CAR 11 (PER) TIMED AT 16:57:29,50.0,medium
silverstone,2021,10,GIO,race_control_message,WAVED BLUE FLAG FOR CAR 99 (GIO) TIMED AT 16:59:12,51.0,medium
silverstone,2021,10,GIO,race_control_message,WAVED BLUE FLAG FOR CAR 99 (GIO) TIMED AT 16:59:51,51.0,medium
silverstone,2021,10,RUS,race_control_message,WAVED BLUE FLAG FOR CAR 63 (RUS) TIMED AT 17:00:53,52.0,medium
silverstone,2022,10,TSU,race_control_message,CAR 22 (TSU) OFF TRACK AND CONTINUED AT TURN 3,11.0,medium
silverstone,2022,10,TSU,race_control_message,WAVED BLUE FLAG FOR CAR 22 (TSU) TIMED AT 16:35:03,25.0,medium
silverstone,2022,10,TSU,race_control_message,WAVED BLUE FLAG FOR CAR 22 (TSU) TIMED AT 16:44:07,31.0,medium
silverstone,2022,10,TSU,race_control_message,WAVED BLUE FLAG FOR CAR 22 (TSU) TIMED AT 16:44:23,31.0,medium
silverstone,2022,10,LAT,race_control_message,BLACK AND WHITE FLAG FOR CAR 6 (LAT) - TRACK LIMITS,33.0,medium
silverstone,2022,10,RIC,race_control_message,WAVED BLUE FLAG FOR CAR 3 (RIC) TIMED AT 16:52:14,36.0,medium
silverstone,2022,10,TSU,race_control_message,WAVED BLUE FLAG FOR CAR 22 (TSU) TIMED AT 16:56:34,39.0,medium
silverstone,2023,10,STR,race_control_message,BLACK AND WHITE FLAG FOR CAR 18 (STR) - TRACK LIMITS,43.0,medium
silverstone,2023,10,RUS,race_control_message,BLACK AND WHITE FLAG FOR CAR 63 (RUS) - TRACK LIMITS,48.0,medium
silverstone,2023,10,NOR,race_control_message,BLACK AND WHITE FLAG FOR CAR 4 (NOR) - TRACK LIMITS,48.0,medium
silverstone,2024,12,ZHO,race_control_message,WAVED BLUE FLAG FOR CAR 24 (ZHO) TIMED AT 15:34:23,21.0,medium
silverstone,2024,12,ZHO,race_control_message,WAVED BLUE FLAG FOR CAR 24 (ZHO) TIMED AT 15:34:27,21.0,medium
silverstone,2024,12,ZHO,race_control_message,WAVED BLUE FLAG FOR CAR 24 (ZHO) TIMED AT 15:34:32,21.0,medium
silverstone,2024,12,ZHO,race_control_message,WAVED BLUE FLAG FOR CAR 24 (ZHO) TIMED AT 15:34:40,21.0,medium
silverstone,2024,12,ZHO,race_control_message,WAVED BLUE FLAG FOR CAR 24 (ZHO) TIMED AT 15:37:32,23.0,medium
silverstone,2024,12,ZHO,race_control_message,WAVED BLUE FLAG FOR CAR 24 (ZHO) TIMED AT 15:37:40,23.0,medium
silverstone,2024,12,ZHO,race_control_message,WAVED BLUE FLAG FOR CAR 24 (ZHO) TIMED AT 15:37:49,23.0,medium
silverstone,2024,12,ZHO,race_control_message,WAVED BLUE FLAG FOR CAR 24 (ZHO) TIMED AT 15:37:57,23.0,medium
silverstone,2024,12,ZHO,race_control_message,WAVED BLUE FLAG FOR CAR 24 (ZHO) TIMED AT 15:38:58,24.0,medium
silverstone,2024,12,PER,race_control_message,WAVED BLUE FLAG FOR CAR 11 (PER) TIMED AT 15:40:24,25.0,medium
silverstone,2024,12,ZHO,race_control_message,WAVED BLUE FLAG FOR CAR 24 (ZHO) TIMED AT 15:40:33,25.0,medium
silverstone,2024,12,PER,race_control_message,WAVED BLUE FLAG FOR CAR 11 (PER) TIMED AT 15:40:36,25.0,medium
silverstone,2024,12,LEC,race_control_message,WAVED BLUE FLAG FOR CAR 16 (LEC) TIMED AT 15:41:00,25.0,medium
silverstone,2024,12,PER,race_control_message,WAVED BLUE FLAG FOR CAR 11 (PER) TIMED AT 15:41:00,25.0,medium
silverstone,2024,12,LEC,race_control_message,WAVED BLUE FLAG FOR CAR 16 (LEC) TIMED AT 15:41:22,25.0,medium
silverstone,2024,12,PER,race_control_message,WAVED BLUE FLAG FOR CAR 11 (PER) TIMED AT 15:41:49,25.0,medium
silverstone,2024,12,LEC,race_control_message,WAVED BLUE FLAG FOR CAR 16 (LEC) TIMED AT 15:42:28,26.0,medium
silverstone,2024,12,OCO,race_control_message,WAVED BLUE FLAG FOR CAR 31 (OCO) TIMED AT 15:44:15,27.0,medium
silverstone,2024,12,OCO,race_control_message,WAVED BLUE FLAG FOR CAR 31 (OCO) TIMED AT 15:44:35,27.0,medium
silverstone,2024,12,OCO,race_control_message,WAVED BLUE FLAG FOR CAR 31 (OCO) TIMED AT 15:44:44,27.0,medium
silverstone,2024,12,OCO,race_control_message,WAVED BLUE FLAG FOR CAR 31 (OCO) TIMED AT 15:44:51,27.0,medium
silverstone,2024,12,LEC,race_control_message,WAVED BLUE FLAG FOR CAR 16 (LEC) TIMED AT 15:45:48,28.0,medium
silverstone,2024,12,PER,race_control_message,WAVED BLUE FLAG FOR CAR 11 (PER) TIMED AT 15:45:52,28.0,medium
silverstone,2024,12,LEC,race_control_message,WAVED BLUE FLAG FOR CAR 16 (LEC) TIMED AT 15:46:03,28.0,medium
silverstone,2024,12,PER,race_control_message,WAVED BLUE FLAG FOR CAR 11 (PER) TIMED AT 15:46:30,28.0,medium
silverstone,2024,12,LEC,race_control_message,WAVED BLUE FLAG FOR CAR 16 (LEC) TIMED AT 15:46:41,28.0,medium
silverstone,2024,12,PER,race_control_message,WAVED BLUE FLAG FOR CAR 11 (PER) TIMED AT 15:47:02,28.0,medium
silverstone,2024,12,PER,race_control_message,WAVED BLUE FLAG FOR CAR 11 (PER) TIMED AT 15:48:37,29.0,medium
silverstone,2024,12,PER,race_control_message,WAVED BLUE FLAG FOR CAR 11 (PER) TIMED AT 15:48:58,29.0,medium
silverstone,2024,12,ZHO,race_control_message,WAVED BLUE FLAG FOR CAR 24 (ZHO) TIMED AT 16:00:09,36.0,medium
silverstone,2024,12,ZHO,race_control_message,WAVED BLUE FLAG FOR CAR 24 (ZHO) TIMED AT 16:00:25,36.0,medium
silverstone,2024,12,ZHO,race_control_message,WAVED BLUE FLAG FOR CAR 24 (ZHO) TIMED AT 16:03:06,38.0,medium
silverstone,2024,12,RIC,race_control_message,WAVED BLUE FLAG FOR CAR 3 (RIC) TIMED AT 16:04:22,39.0,medium
silverstone,2024,12,OCO,race_control_message,WAVED BLUE FLAG FOR CAR 31 (OCO) TIMED AT 16:04:45,39.0,medium
silverstone,2024,12,MAG,race_control_message,WAVED BLUE FLAG FOR CAR 20 (MAG) TIMED AT 16:04:51,39.0,medium
silverstone,2024,12,BOT,race_control_message,WAVED BLUE FLAG FOR CAR 77 (BOT) TIMED AT 16:05:04,39.0,medium
silverstone,2024,12,MAG,race_control_message,WAVED BLUE FLAG FOR CAR 20 (MAG) TIMED AT 16:05:11,39.0,medium
silverstone,2024,12,BOT,race_control_message,WAVED BLUE FLAG FOR CAR 77 (BOT) TIMED AT 16:06:16,40.0,medium
silverstone,2024,12,ZHO,race_control_message,WAVED BLUE FLAG FOR CAR 24 (ZHO) TIMED AT 16:06:42,40.0,medium
silverstone,2024,12,OCO,race_control_message,WAVED BLUE FLAG FOR CAR 31 (OCO) TIMED AT 16:08:14,41.0,medium
silverstone,2024,12,PER,race_control_message,WAVED BLUE FLAG FOR CAR 11 (PER) TIMED AT 16:08:39,41.0,medium
silverstone,2024,12,OCO,race_control_message,WAVED BLUE FLAG FOR CAR 31 (OCO) TIMED AT 16:08:48,41.0,medium
silverstone,2024,12,BOT,race_control_message,WAVED BLUE FLAG FOR CAR 77 (BOT) TIMED AT 16:09:18,42.0,medium
silverstone,2024,12,ZHO,race_control_message,WAVED BLUE FLAG FOR CAR 24 (ZHO) TIMED AT 16:09:26,42.0,medium
silverstone,2024,12,BOT,race_control_message,WAVED BLUE FLAG FOR CAR 77 (BOT) TIMED AT 16:15:49,46.0,medium
silverstone,2024,12,OCO,race_control_message,WAVED BLUE FLAG FOR CAR 31 (OCO) TIMED AT 16:20:55,49.0,medium
silverstone,2024,12,PER,race_control_message,WAVED BLUE FLAG FOR CAR 11 (PER) TIMED AT 16:21:15,50.0,medium
silverstone,2024,12,OCO,race_control_message,WAVED BLUE FLAG FOR CAR 31 (OCO) TIMED AT 16:21:24,50.0,medium
silverstone,2024,12,PER,race_control_message,WAVED BLUE FLAG FOR CAR 11 (PER) TIMED AT 16:21:25,50.0,medium
silverstone,2024,12,OCO,race_control_message,WAVED BLUE FLAG FOR CAR 31 (OCO) TIMED AT 16:21:44,50.0,medium
silverstone,2024,12,PER,race_control_message,WAVED BLUE FLAG FOR CAR 11 (PER) TIMED AT 16:21:58,50.0,medium
silverstone,2024,12,PER,race_control_message,WAVED BLUE FLAG FOR CAR 11 (PER) TIMED AT 16:22:08,50.0,medium
silverstone,2024,12,RIC,race_control_message,WAVED BLUE FLAG FOR CAR 3 (RIC) TIMED AT 16:22:21,50.0,medium
silverstone,2024,12,RIC,race_control_message,WAVED BLUE FLAG FOR CAR 3 (RIC) TIMED AT 16:23:17,51.0,medium
silverstone,2024,12,PER,race_control_message,WAVED BLUE FLAG FOR CAR 11 (PER) TIMED AT 16:23:17,51.0,medium
silverstone,2024,12,RIC,race_control_message,WAVED BLUE FLAG FOR CAR 3 (RIC) TIMED AT 16:24:51,52.0,medium
silverstone,2024,12,ZHO,race_control_message,WAVED BLUE FLAG FOR CAR 24 (ZHO) TIMED AT 16:26:12,52.0,medium
silverstone,2025,12,OCO,race_control_message,WAVED BLUE FLAG FOR CAR 31 (OCO) TIMED AT 16:27:53,44.0,medium
silverstone,2026,9,ALB,race_control_message,WAVED BLUE FLAG FOR CAR 23 (ALB) TIMED AT 15:14:18,7.0,medium
silverstone,2026,9,ALB,race_control_message,WAVED BLUE FLAG FOR CAR 23 (ALB) TIMED AT 15:14:54,7.0,medium
silverstone,2026,9,ALB,race_control_message,WAVED BLUE FLAG FOR CAR 23 (ALB) TIMED AT 15:15:36,8.0,medium
silverstone,2026,9,ALB,race_control_message,WAVED BLUE FLAG FOR CAR 23 (ALB) TIMED AT 15:15:53,8.0,medium
silverstone,2026,9,ALB,race_control_message,WAVED BLUE FLAG FOR CAR 23 (ALB) TIMED AT 15:16:07,8.0,medium
silverstone,2026,9,ALB,race_control_message,WAVED BLUE FLAG FOR CAR 23 (ALB) TIMED AT 15:16:20,8.0,medium
silverstone,2026,9,ALB,race_control_message,WAVED BLUE FLAG FOR CAR 23 (ALB) TIMED AT 15:23:07,13.0,medium
silverstone,2026,9,ALB,race_control_message,WAVED BLUE FLAG FOR CAR 23 (ALB) TIMED AT 15:23:09,13.0,medium
silverstone,2026,9,ALB,race_control_message,WAVED BLUE FLAG FOR CAR 23 (ALB) TIMED AT 15:23:24,13.0,medium
silverstone,2026,9,ALB,race_control_message,WAVED BLUE FLAG FOR CAR 23 (ALB) TIMED AT 15:24:57,14.0,medium
silverstone,2026,9,ALO,race_control_message,WAVED BLUE FLAG FOR CAR 14 (ALO) TIMED AT 15:32:48,19.0,medium
silverstone,2026,9,STR,race_control_message,WAVED BLUE FLAG FOR CAR 18 (STR) TIMED AT 15:33:12,19.0,medium
silverstone,2026,9,ALO,race_control_message,WAVED BLUE FLAG FOR CAR 14 (ALO) TIMED AT 15:34:02,20.0,medium
silverstone,2026,9,ALO,race_control_message,WAVED BLUE FLAG FOR CAR 14 (ALO) TIMED AT 15:35:46,21.0,medium
silverstone,2026,9,ALB,race_control_message,WAVED BLUE FLAG FOR CAR 23 (ALB) TIMED AT 15:36:52,21.0,medium
silverstone,2026,9,STR,race_control_message,WAVED BLUE FLAG FOR CAR 18 (STR) TIMED AT 15:37:03,22.0,medium
silverstone,2026,9,ALB,race_control_message,WAVED BLUE FLAG FOR CAR 23 (ALB) TIMED AT 15:37:06,22.0,medium
silverstone,2026,9,STR,race_control_message,WAVED BLUE FLAG FOR CAR 18 (STR) TIMED AT 15:37:08,22.0,medium
silverstone,2026,9,OCO,race_control_message,WAVED BLUE FLAG FOR CAR 31 (OCO) TIMED AT 15:39:11,23.0,medium
silverstone,2026,9,PER,race_control_message,WAVED BLUE FLAG FOR CAR 11 (PER) TIMED AT 15:40:10,23.0,medium
silverstone,2026,9,OCO,race_control_message,WAVED BLUE FLAG FOR CAR 31 (OCO) TIMED AT 15:40:15,24.0,medium
silverstone,2026,9,PER,race_control_message,WAVED BLUE FLAG FOR CAR 11 (PER) TIMED AT 15:40:19,24.0,medium
silverstone,2026,9,OCO,race_control_message,WAVED BLUE FLAG FOR CAR 31 (OCO) TIMED AT 15:40:26,24.0,medium
silverstone,2026,9,OCO,race_control_message,WAVED BLUE FLAG FOR CAR 31 (OCO) TIMED AT 15:40:47,24.0,medium
silverstone,2026,9,PER,race_control_message,WAVED BLUE FLAG FOR CAR 11 (PER) TIMED AT 15:41:42,24.0,medium
silverstone,2026,9,PER,race_control_message,WAVED BLUE FLAG FOR CAR 11 (PER) TIMED AT 15:41:49,25.0,medium
silverstone,2026,9,PER,race_control_message,WAVED BLUE FLAG FOR CAR 11 (PER) TIMED AT 15:41:51,25.0,medium
silverstone,2026,9,ALB,race_control_message,WAVED BLUE FLAG FOR CAR 23 (ALB) TIMED AT 15:42:16,25.0,medium
silverstone,2026,9,STR,race_control_message,WAVED BLUE FLAG FOR CAR 18 (STR) TIMED AT 15:42:19,25.0,medium
silverstone,2026,9,STR,race_control_message,WAVED BLUE FLAG FOR CAR 18 (STR) TIMED AT 15:42:26,25.0,medium
silverstone,2026,9,STR,race_control_message,WAVED BLUE FLAG FOR CAR 18 (STR) TIMED AT 15:42:39,25.0,medium
silverstone,2026,9,STR,race_control_message,WAVED BLUE FLAG FOR CAR 18 (STR) TIMED AT 15:42:43,25.0,medium
silverstone,2026,9,BOT,race_control_message,WAVED BLUE FLAG FOR CAR 77 (BOT) TIMED AT 15:42:43,25.0,medium
silverstone,2026,9,BOT,race_control_message,WAVED BLUE FLAG FOR CAR 77 (BOT) TIMED AT 15:42:59,25.0,medium
silverstone,2026,9,BOT,race_control_message,WAVED BLUE FLAG FOR CAR 77 (BOT) TIMED AT 15:43:21,25.0,medium
silverstone,2026,9,BOT,race_control_message,WAVED BLUE FLAG FOR CAR 77 (BOT) TIMED AT 15:43:25,26.0,medium
silverstone,2026,9,STR,race_control_message,WAVED BLUE FLAG FOR CAR 18 (STR) TIMED AT 15:43:30,26.0,medium
silverstone,2026,9,BOT,race_control_message,WAVED BLUE FLAG FOR CAR 77 (BOT) TIMED AT 15:43:33,26.0,medium
silverstone,2026,9,ALO,race_control_message,WAVED BLUE FLAG FOR CAR 14 (ALO) TIMED AT 15:43:40,26.0,medium
silverstone,2026,9,SAI,race_control_message,BLACK AND WHITE FLAG FOR CAR 55 (SAI) - TRACK LIMITS,26.0,medium
silverstone,2026,9,ALB,race_control_message,WAVED BLUE FLAG FOR CAR 23 (ALB) TIMED AT 15:43:57,26.0,medium
silverstone,2026,9,OCO,race_control_message,WAVED BLUE FLAG FOR CAR 31 (OCO) TIMED AT 15:43:58,26.0,medium
silverstone,2026,9,PER,race_control_message,WAVED BLUE FLAG FOR CAR 11 (PER) TIMED AT 15:43:59,26.0,medium
silverstone,2026,9,STR,race_control_message,WAVED BLUE FLAG FOR CAR 18 (STR) TIMED AT 15:44:17,26.0,medium
silverstone,2026,9,ALO,race_control_message,WAVED BLUE FLAG FOR CAR 14 (ALO) TIMED AT 15:45:01,27.0,medium
silverstone,2026,9,ALO,race_control_message,WAVED BLUE FLAG FOR CAR 14 (ALO) TIMED AT 15:45:11,27.0,medium
silverstone,2026,9,BOT,race_control_message,WAVED BLUE FLAG FOR CAR 77 (BOT) TIMED AT 15:48:47,29.0,medium
silverstone,2026,9,PER,race_control_message,WAVED BLUE FLAG FOR CAR 11 (PER) TIMED AT 15:50:49,30.0,medium
silverstone,2026,9,OCO,race_control_message,WAVED BLUE FLAG FOR CAR 31 (OCO) TIMED AT 15:51:12,30.0,medium
silverstone,2026,9,OCO,race_control_message,WAVED BLUE FLAG FOR CAR 31 (OCO) TIMED AT 15:51:24,31.0,medium
silverstone,2026,9,STR,race_control_message,BLACK AND WHITE FLAG FOR CAR 18 (STR) - TRACK LIMITS,31.0,medium
silverstone,2026,9,STR,race_control_message,WAVED BLUE FLAG FOR CAR 18 (STR) TIMED AT 15:51:55,31.0,medium
silverstone,2026,9,ALB,race_control_message,WAVED BLUE FLAG FOR CAR 23 (ALB) TIMED AT 15:53:35,32.0,medium
silverstone,2026,9,PIA,race_control_message,WAVED BLUE FLAG FOR CAR 81 (PIA) TIMED AT 15:53:51,32.0,medium
silverstone,2026,9,ALB,race_control_message,WAVED BLUE FLAG FOR CAR 23 (ALB) TIMED AT 15:53:52,32.0,medium
silverstone,2026,9,ALO,race_control_message,WAVED BLUE FLAG FOR CAR 14 (ALO) TIMED AT 15:54:01,32.0,medium
silverstone,2026,9,SAI,race_control_message,WAVED BLUE FLAG FOR CAR 55 (SAI) TIMED AT 15:54:17,32.0,medium
silverstone,2026,9,SAI,race_control_message,WAVED BLUE FLAG FOR CAR 55 (SAI) TIMED AT 15:54:29,33.0,medium
silverstone,2026,9,ALO,race_control_message,WAVED BLUE FLAG FOR CAR 14 (ALO) TIMED AT 15:54:34,33.0,medium
silverstone,2026,9,ALB,race_control_message,WAVED BLUE FLAG FOR CAR 23 (ALB) TIMED AT 15:55:44,33.0,medium
silverstone,2026,9,ALB,race_control_message,WAVED BLUE FLAG FOR CAR 23 (ALB) TIMED AT 15:55:55,34.0,medium
silverstone,2026,9,STR,race_control_message,WAVED BLUE FLAG FOR CAR 18 (STR) TIMED AT 15:57:50,35.0,medium
silverstone,2026,9,PER,race_control_message,WAVED BLUE FLAG FOR CAR 11 (PER) TIMED AT 15:59:16,36.0,medium
silverstone,2026,9,STR,race_control_message,WAVED BLUE FLAG FOR CAR 18 (STR) TIMED AT 15:59:54,36.0,medium
silverstone,2026,9,ALO,race_control_message,WAVED BLUE FLAG FOR CAR 14 (ALO) TIMED AT 16:01:00,37.0,medium
silverstone,2026,9,SAI,race_control_message,WAVED BLUE FLAG FOR CAR 55 (SAI) TIMED AT 16:01:04,37.0,medium
silverstone,2026,9,PIA,race_control_message,WAVED BLUE FLAG FOR CAR 81 (PIA) TIMED AT 16:01:47,37.0,medium
silverstone,2026,9,PIA,race_control_message,WAVED BLUE FLAG FOR CAR 81 (PIA) TIMED AT 16:01:58,37.0,medium
silverstone,2026,9,PIA,race_control_message,WAVED BLUE FLAG FOR CAR 81 (PIA) TIMED AT 16:02:05,37.0,medium
silverstone,2026,9,ALO,race_control_message,WAVED BLUE FLAG FOR CAR 14 (ALO) TIMED AT 16:02:40,38.0,medium
silverstone,2026,9,PIA,race_control_message,WAVED BLUE FLAG FOR CAR 81 (PIA) TIMED AT 16:02:44,38.0,medium
silverstone,2026,9,SAI,race_control_message,WAVED BLUE FLAG FOR CAR 55 (SAI) TIMED AT 16:03:29,38.0,medium
silverstone,2026,9,OCO,race_control_message,WAVED BLUE FLAG FOR CAR 31 (OCO) TIMED AT 16:03:58,39.0,medium
silverstone,2026,9,OCO,race_control_message,WAVED BLUE FLAG FOR CAR 31 (OCO) TIMED AT 16:05:41,39.0,medium
silverstone,2026,9,BOT,race_control_message,WAVED BLUE FLAG FOR CAR 77 (BOT) TIMED AT 16:05:55,40.0,medium
silverstone,2026,9,BOT,race_control_message,WAVED BLUE FLAG FOR CAR 77 (BOT) TIMED AT 16:06:27,40.0,medium
silverstone,2026,9,STR,race_control_message,WAVED BLUE FLAG FOR CAR 18 (STR) TIMED AT 16:06:27,40.0,medium
silverstone,2026,9,PER,race_control_message,WAVED BLUE FLAG FOR CAR 11 (PER) TIMED AT 16:06:30,40.0,medium
silverstone,2026,9,BEA,race_control_message,WAVED BLUE FLAG FOR CAR 87 (BEA) TIMED AT 16:06:42,40.0,medium
silverstone,2026,9,BOT,race_control_message,WAVED BLUE FLAG FOR CAR 77 (BOT) TIMED AT 16:06:49,40.0,medium
silverstone,2026,9,BOT,race_control_message,WAVED BLUE FLAG FOR CAR 77 (BOT) TIMED AT 16:07:00,40.0,medium
silverstone,2026,9,STR,race_control_message,WAVED BLUE FLAG FOR CAR 18 (STR) TIMED AT 16:07:36,41.0,medium
silverstone,2026,9,ALO,race_control_message,WAVED BLUE FLAG FOR CAR 14 (ALO) TIMED AT 16:07:55,41.0,medium
silverstone,2026,9,PER,race_control_message,WAVED BLUE FLAG FOR CAR 11 (PER) TIMED AT 16:08:15,41.0,medium
silverstone,2026,9,STR,race_control_message,WAVED BLUE FLAG FOR CAR 18 (STR) TIMED AT 16:08:48,41.0,medium
silverstone,2026,9,BOT,race_control_message,WAVED BLUE FLAG FOR CAR 77 (BOT) TIMED AT 16:09:26,42.0,medium
silverstone,2026,9,BOT,race_control_message,WAVED BLUE FLAG FOR CAR 77 (BOT) TIMED AT 16:09:32,42.0,medium
silverstone,2026,9,OCO,race_control_message,WAVED BLUE FLAG FOR CAR 31 (OCO) TIMED AT 16:11:21,43.0,medium
silverstone,2026,9,PER,race_control_message,WAVED BLUE FLAG FOR CAR 11 (PER) TIMED AT 16:11:48,43.0,medium
silverstone,2026,9,PER,race_control_message,WAVED BLUE FLAG FOR CAR 11 (PER) TIMED AT 16:11:59,43.0,medium
silverstone,2026,9,BEA,race_control_message,WAVED BLUE FLAG FOR CAR 87 (BEA) TIMED AT 16:12:13,44.0,medium
silverstone,2026,9,STR,race_control_message,WAVED BLUE FLAG FOR CAR 18 (STR) TIMED AT 16:12:43,44.0,medium
silverstone,2026,9,ANT,race_control_message,BLACK AND WHITE FLAG FOR CAR 12 (ANT) - TRACK LIMITS,44.0,medium
silverstone,2026,9,STR,race_control_message,WAVED BLUE FLAG FOR CAR 18 (STR) TIMED AT 16:13:32,44.0,medium
silverstone,2026,9,STR,race_control_message,WAVED BLUE FLAG FOR CAR 18 (STR) TIMED AT 16:13:37,44.0,medium
silverstone,2026,9,SAI,race_control_message,WAVED BLUE FLAG FOR CAR 55 (SAI) TIMED AT 16:13:54,45.0,medium
silverstone,2026,9,OCO,race_control_message,WAVED BLUE FLAG FOR CAR 31 (OCO) TIMED AT 16:13:58,45.0,medium
silverstone,2026,9,SAI,race_control_message,WAVED BLUE FLAG FOR CAR 55 (SAI) TIMED AT 16:14:10,45.0,medium
silverstone,2026,9,BEA,race_control_message,WAVED BLUE FLAG FOR CAR 87 (BEA) TIMED AT 16:14:56,45.0,medium
silverstone,2026,9,STR,race_control_message,WAVED BLUE FLAG FOR CAR 18 (STR) TIMED AT 16:15:14,46.0,medium
silverstone,2026,9,ALO,race_control_message,WAVED BLUE FLAG FOR CAR 14 (ALO) TIMED AT 16:15:36,46.0,medium
silverstone,2026,9,GAS,race_control_message,WAVED BLUE FLAG FOR CAR 10 (GAS) TIMED AT 16:16:17,46.0,medium
silverstone,2026,9,ALO,race_control_message,WAVED BLUE FLAG FOR CAR 14 (ALO) TIMED AT 16:16:27,46.0,medium
silverstone,2026,9,GAS,race_control_message,WAVED BLUE FLAG FOR CAR 10 (GAS) TIMED AT 16:16:39,46.0,medium
silverstone,2026,9,ALO,race_control_message,WAVED BLUE FLAG FOR CAR 14 (ALO) TIMED AT 16:16:43,46.0,medium
silverstone,2026,9,PER,race_control_message,WAVED BLUE FLAG FOR CAR 11 (PER) TIMED AT 16:16:52,47.0,medium
silverstone,2026,9,SAI,race_control_message,WAVED BLUE FLAG FOR CAR 55 (SAI) TIMED AT 16:17:06,47.0,medium
silverstone,2026,9,STR,race_control_message,WAVED BLUE FLAG FOR CAR 18 (STR) TIMED AT 16:17:11,47.0,medium
silverstone,2026,9,SAI,race_control_message,WAVED BLUE FLAG FOR CAR 55 (SAI) TIMED AT 16:17:22,47.0,medium
silverstone,2026,9,STR,race_control_message,WAVED BLUE FLAG FOR CAR 18 (STR) TIMED AT 16:18:16,47.0,medium
silverstone,2026,9,STR,race_control_message,WAVED BLUE FLAG FOR CAR 18 (STR) TIMED AT 16:18:22,48.0,medium
silverstone,2026,9,BOT,race_control_message,WAVED BLUE FLAG FOR CAR 77 (BOT) TIMED AT 16:18:41,48.0,medium
silverstone,2026,9,ALO,race_control_message,WAVED BLUE FLAG FOR CAR 14 (ALO) TIMED AT 16:18:45,48.0,medium
spa_francorchamps,2018,13,RIC,race_control_message,WAVED BLUE FLAG FOR CAR 3 (RIC) TIMED AT 15:25:34,5.0,medium
spa_francorchamps,2018,13,OCO,race_control_message,CAR 31 (OCO) MISSED THE APEX OF TURN 4,6.0,medium
spa_francorchamps,2018,13,RAI,race_control_message,CAR 7 (RAI) MISSED THE APEX OF TURN 4,7.0,medium
spa_francorchamps,2018,13,STR,race_control_message,WAVED BLUE FLAG FOR CAR 18 (STR) TIMED AT 16:19:03,34.0,medium
spa_francorchamps,2018,13,SIR,race_control_message,WAVED BLUE FLAG FOR CAR 35 (SIR) TIMED AT 16:20:19,35.0,medium
spa_francorchamps,2018,13,STR,race_control_message,WAVED BLUE FLAG FOR CAR 18 (STR) TIMED AT 16:22:00,36.0,medium
spa_francorchamps,2018,13,SAI,race_control_message,WAVED BLUE FLAG FOR CAR 55 (SAI) TIMED AT 16:22:34,36.0,medium
spa_francorchamps,2018,13,SIR,race_control_message,WAVED BLUE FLAG FOR CAR 35 (SIR) TIMED AT 16:24:08,37.0,medium
spa_francorchamps,2018,13,VAN,race_control_message,WAVED BLUE FLAG FOR CAR 2 (VAN) TIMED AT 16:24:51,38.0,medium
spa_francorchamps,2018,13,SAI,race_control_message,WAVED BLUE FLAG FOR CAR 55 (SAI) TIMED AT 16:26:18,38.0,medium
spa_francorchamps,2018,13,ERI,race_control_message,WAVED BLUE FLAG FOR CAR 9 (ERI) TIMED AT 16:30:07,41.0,medium
spa_francorchamps,2018,13,HAR,race_control_message,WAVED BLUE FLAG FOR CAR 28 (HAR) TIMED AT 16:30:14,41.0,medium
spa_francorchamps,2019,13,VER,race_control_message,CAR 33 (VER) STOPPED AT TURN 3,1.0,medium
spa_francorchamps,2019,13,SAI,race_control_message,CAR 55 (SAI) STOPPED AT TURN 19,4.0,medium
spa_francorchamps,2019,13,LEC,race_control_message,CAR 16 (LEC) MISSED THE APEX OF TURN 6,9.0,medium
spa_francorchamps,2019,13,RUS,race_control_message,WAVED BLUE FLAG FOR CAR 63 (RUS) TIMED AT 16:14:10,32.0,medium
spa_francorchamps,2019,13,VET,race_control_message,CAR 5 (VET) MISSED THE APEX OF TURN 5,36.0,medium
spa_francorchamps,2019,13,RAI,race_control_message,WAVED BLUE FLAG FOR CAR 7 (RAI) TIMED AT 16:23:11,37.0,medium
spa_francorchamps,2019,13,KUB,race_control_message,WAVED BLUE FLAG FOR CAR 88 (KUB) TIMED AT 16:23:49,37.0,medium
spa_francorchamps,2019,13,RUS,race_control_message,WAVED BLUE FLAG FOR CAR 63 (RUS) TIMED AT 16:30:12,41.0,medium
spa_francorchamps,2019,13,MAG,race_control_message,WAVED BLUE FLAG FOR CAR 20 (MAG) TIMED AT 16:31:25,41.0,medium
spa_francorchamps,2019,13,GRO,race_control_message,WAVED BLUE FLAG FOR CAR 8 (GRO) TIMED AT 16:32:10,42.0,medium
spa_francorchamps,2019,13,RIC,race_control_message,WAVED BLUE FLAG FOR CAR 3 (RIC) TIMED AT 16:32:28,42.0,medium
spa_francorchamps,2019,13,MAG,race_control_message,WAVED BLUE FLAG FOR CAR 20 (MAG) TIMED AT 16:32:35,42.0,medium
spa_francorchamps,2019,13,RIC,race_control_message,WAVED BLUE FLAG FOR CAR 3 (RIC) TIMED AT 16:32:59,42.0,medium
spa_francorchamps,2019,13,RIC,race_control_message,WAVED BLUE FLAG FOR CAR 3 (RIC) TIMED AT 16:34:39,43.0,medium
spa_francorchamps,2019,13,GAS,race_control_message,CAR 10 (GAS) MISSED THE APEX OF TURN 5,44.0,medium
spa_francorchamps,2019,13,STR,race_control_message,WAVED BLUE FLAG FOR CAR 18 (STR) TIMED AT 16:36:34,44.0,medium
spa_francorchamps,2019,13,GRO,race_control_message,WAVED BLUE FLAG FOR CAR 8 (GRO) TIMED AT 16:37:01,44.0,medium
spa_francorchamps,2020,7,VET,race_control_message,CAR 5 (VET) MISSED THE APEX OF TURN 6,33.0,medium
spa_francorchamps,2020,7,HAM,race_control_message,CAR 44 (HAM) MISSED THE APEX OF TURN 19,38.0,medium
spa_francorchamps,2020,7,BOT,race_control_message,CAR 77 (BOT) MISSED THE APEX OF TURN 19,40.0,medium
spa_francorchamps,2022,14,MSC,race_control_message,WAVED BLUE FLAG FOR CAR 47 (MSC) TIMED AT 16:27:13,43.0,medium
spa_francorchamps,2022,14,MAG,race_control_message,WAVED BLUE FLAG FOR CAR 20 (MAG) TIMED AT 16:29:14,44.0,medium
spa_francorchamps,2023,12,SAR,race_control_message,BLACK AND WHITE FLAG FOR CAR 2 (SAR) - TRACK LIMITS,37.0,medium
spa_francorchamps,2025,13,SAI,race_control_message,BLACK AND WHITE FLAG FOR CAR 55 (SAI) - TRACK LIMITS,28.0,medium
spa_francorchamps,2025,13,HAD,race_control_message,WAVED BLUE FLAG FOR CAR 6 (HAD) TIMED AT 17:35:18,39.0,medium
spa_francorchamps,2025,13,HAD,race_control_message,WAVED BLUE FLAG FOR CAR 6 (HAD) TIMED AT 17:37:40,40.0,medium
spa_francorchamps,2025,13,HAD,race_control_message,WAVED BLUE FLAG FOR CAR 6 (HAD) TIMED AT 17:37:44,40.0,medium
spa_francorchamps,2025,13,HAD,race_control_message,WAVED BLUE FLAG FOR CAR 6 (HAD) TIMED AT 17:37:52,40.0,medium
spa_francorchamps,2026,10,STR,race_control_message,WAVED BLUE FLAG FOR CAR 18 (STR) TIMED AT 15:54:53,26.0,medium
spa_francorchamps,2026,10,STR,race_control_message,WAVED BLUE FLAG FOR CAR 18 (STR) TIMED AT 15:55:25,26.0,medium
spa_francorchamps,2026,10,ALO,race_control_message,WAVED BLUE FLAG FOR CAR 14 (ALO) TIMED AT 15:58:05,28.0,medium
spa_francorchamps,2026,10,ALO,race_control_message,WAVED BLUE FLAG FOR CAR 14 (ALO) TIMED AT 15:58:45,28.0,medium
spa_francorchamps,2026,10,ALO,race_control_message,WAVED BLUE FLAG FOR CAR 14 (ALO) TIMED AT 16:00:30,29.0,medium
spa_francorchamps,2026,10,ALO,race_control_message,WAVED BLUE FLAG FOR CAR 14 (ALO) TIMED AT 16:02:44,30.0,medium
spa_francorchamps,2026,10,ALO,race_control_message,WAVED BLUE FLAG FOR CAR 14 (ALO) TIMED AT 16:05:18,32.0,medium
spa_francorchamps,2026,10,ALO,race_control_message,WAVED BLUE FLAG FOR CAR 14 (ALO) TIMED AT 16:05:30,32.0,medium
spa_francorchamps,2026,10,BOT,race_control_message,WAVED BLUE FLAG FOR CAR 77 (BOT) TIMED AT 16:07:49,33.0,medium
spa_francorchamps,2026,10,ALO,race_control_message,WAVED BLUE FLAG FOR CAR 14 (ALO) TIMED AT 16:11:15,35.0,medium
spa_francorchamps,2026,10,BOT,race_control_message,WAVED BLUE FLAG FOR CAR 77 (BOT) TIMED AT 16:11:42,35.0,medium
spa_francorchamps,2026,10,ALO,race_control_message,WAVED BLUE FLAG FOR CAR 14 (ALO) TIMED AT 16:17:48,39.0,medium
spa_francorchamps,2026,10,BOT,race_control_message,WAVED BLUE FLAG FOR CAR 77 (BOT) TIMED AT 16:18:41,39.0,medium
spa_francorchamps,2026,10,BOT,race_control_message,WAVED BLUE FLAG FOR CAR 77 (BOT) TIMED AT 16:19:02,39.0,medium
spa_francorchamps,2026,10,ALO,race_control_message,WAVED BLUE FLAG FOR CAR 14 (ALO) TIMED AT 16:19:10,39.0,medium
spa_francorchamps,2026,10,ALO,race_control_message,WAVED BLUE FLAG FOR CAR 14 (ALO) TIMED AT 16:23:36,42.0,medium
spa_francorchamps,2026,10,ALO,race_control_message,WAVED BLUE FLAG FOR CAR 14 (ALO) TIMED AT 16:23:58,42.0,medium
spa_francorchamps,2026,10,ALO,race_control_message,WAVED BLUE FLAG FOR CAR 14 (ALO) TIMED AT 16:26:22,43.0,medium
spa_francorchamps,2026,10,ALO,race_control_message,WAVED BLUE FLAG FOR CAR 14 (ALO) TIMED AT 16:28:00,44.0,medium
spa_francorchamps,2026,10,ALO,race_control_message,WAVED BLUE FLAG FOR CAR 14 (ALO) TIMED AT 16:28:04,44.0,medium
spa_francorchamps,2026,10,OCO,race_control_message,WAVED BLUE FLAG FOR CAR 31 (OCO) TIMED AT 16:28:23,44.0,medium
spielberg,2018,9,VAN,race_control_message,WAVED BLUE FLAG FOR CAR 2 (VAN) TIMED AT 15:18:53,6.0,medium
spielberg,2018,9,VAN,race_control_message,WAVED BLUE FLAG FOR CAR 2 (VAN) TIMED AT 15:19:23,6.0,medium
spielberg,2018,9,VAN,race_control_message,WAVED BLUE FLAG FOR CAR 2 (VAN) TIMED AT 15:19:56,7.0,medium
spielberg,2018,9,VAN,race_control_message,WAVED BLUE FLAG FOR CAR 2 (VAN) TIMED AT 15:20:27,7.0,medium
spielberg,2018,9,VAN,race_control_message,WAVED BLUE FLAG FOR CAR 2 (VAN) TIMED AT 15:21:01,8.0,medium
spielberg,2018,9,VAN,race_control_message,WAVED BLUE FLAG FOR CAR 2 (VAN) TIMED AT 15:23:06,9.0,medium
spielberg,2018,9,VAN,race_control_message,WAVED BLUE FLAG FOR CAR 2 (VAN) TIMED AT 15:25:02,11.0,medium
spielberg,2018,9,HUL,race_control_message,CAR 27 (HUL) STOPPED AT TURN 1,13.0,medium
spielberg,2018,9,VAN,race_control_message,WAVED BLUE FLAG FOR CAR 2 (VAN) TIMED AT 15:28:55,14.0,medium
spielberg,2018,9,BOT,race_control_message,CAR 77 (BOT) STOPPED AT TURN 4,15.0,medium
spielberg,2018,9,VAN,race_control_message,WAVED BLUE FLAG FOR CAR 2 (VAN) TIMED AT 15:31:32,16.0,medium
spielberg,2018,9,VAN,race_control_message,WAVED BLUE FLAG FOR CAR 2 (VAN) TIMED AT 15:35:21,20.0,medium
spielberg,2018,9,LEC,race_control_message,WAVED BLUE FLAG FOR CAR 16 (LEC) TIMED AT 15:35:28,20.0,medium
spielberg,2018,9,GAS,race_control_message,WAVED BLUE FLAG FOR CAR 10 (GAS) TIMED AT 15:35:29,20.0,medium
spielberg,2018,9,ALO,race_control_message,WAVED BLUE FLAG FOR CAR 14 (ALO) TIMED AT 15:35:29,20.0,medium
spielberg,2018,9,SAI,race_control_message,WAVED BLUE FLAG FOR CAR 55 (SAI) TIMED AT 15:35:30,20.0,medium
spielberg,2018,9,ALO,race_control_message,WAVED BLUE FLAG FOR CAR 14 (ALO) TIMED AT 15:35:30,20.0,medium
spielberg,2018,9,VAN,race_control_message,WAVED BLUE FLAG FOR CAR 2 (VAN) TIMED AT 15:35:30,20.0,medium
spielberg,2018,9,ALO,race_control_message,WAVED BLUE FLAG FOR CAR 14 (ALO) TIMED AT 15:35:31,20.0,medium
spielberg,2018,9,VAN,race_control_message,WAVED BLUE FLAG FOR CAR 2 (VAN) TIMED AT 15:40:59,24.0,medium
spielberg,2018,9,SIR,race_control_message,WAVED BLUE FLAG FOR CAR 35 (SIR) TIMED AT 15:46:47,29.0,medium
spielberg,2018,9,VAN,race_control_message,WAVED BLUE FLAG FOR CAR 2 (VAN) TIMED AT 15:47:49,30.0,medium
spielberg,2018,9,SIR,race_control_message,WAVED BLUE FLAG FOR CAR 35 (SIR) TIMED AT 15:50:23,32.0,medium
spielberg,2018,9,VAN,race_control_message,WAVED BLUE FLAG FOR CAR 2 (VAN) TIMED AT 15:50:55,33.0,medium
spielberg,2018,9,SIR,race_control_message,WAVED BLUE FLAG FOR CAR 35 (SIR) TIMED AT 15:51:16,33.0,medium
spielberg,2018,9,VAN,race_control_message,WAVED BLUE FLAG FOR CAR 2 (VAN) TIMED AT 15:52:07,34.0,medium
spielberg,2018,9,ALO,race_control_message,WAVED BLUE FLAG FOR CAR 14 (ALO) TIMED AT 15:52:25,34.0,medium
spielberg,2018,9,STR,race_control_message,WAVED BLUE FLAG FOR CAR 18 (STR) TIMED AT 15:53:08,35.0,medium
spielberg,2018,9,VAN,race_control_message,WAVED BLUE FLAG FOR CAR 2 (VAN) TIMED AT 15:53:15,35.0,medium
spielberg,2018,9,VAN,race_control_message,WAVED BLUE FLAG FOR CAR 2 (VAN) TIMED AT 15:54:31,36.0,medium
spielberg,2018,9,VAN,race_control_message,WAVED BLUE FLAG FOR CAR 2 (VAN) TIMED AT 15:55:16,37.0,medium
spielberg,2018,9,VAN,race_control_message,WAVED BLUE FLAG FOR CAR 2 (VAN) TIMED AT 15:56:00,37.0,medium
spielberg,2018,9,STR,race_control_message,WAVED BLUE FLAG FOR CAR 18 (STR) TIMED AT 15:56:48,38.0,medium
spielberg,2018,9,LEC,race_control_message,WAVED BLUE FLAG FOR CAR 16 (LEC) TIMED AT 15:57:09,38.0,medium
spielberg,2018,9,ALO,race_control_message,WAVED BLUE FLAG FOR CAR 14 (ALO) TIMED AT 15:58:52,40.0,medium
spielberg,2018,9,ALO,race_control_message,WAVED BLUE FLAG FOR CAR 14 (ALO) TIMED AT 16:00:21,41.0,medium
spielberg,2018,9,HAR,race_control_message,WAVED BLUE FLAG FOR CAR 28 (HAR) TIMED AT 16:00:41,41.0,medium
spielberg,2018,9,VAN,race_control_message,WAVED BLUE FLAG FOR CAR 2 (VAN) TIMED AT 16:01:00,42.0,medium
spielberg,2018,9,VAN,race_control_message,WAVED BLUE FLAG FOR CAR 2 (VAN) TIMED AT 16:01:34,42.0,medium
spielberg,2018,9,LEC,race_control_message,WAVED BLUE FLAG FOR CAR 16 (LEC) TIMED AT 16:03:49,44.0,medium
spielberg,2018,9,LEC,race_control_message,WAVED BLUE FLAG FOR CAR 16 (LEC) TIMED AT 16:04:51,45.0,medium
spielberg,2018,9,HAR,race_control_message,WAVED BLUE FLAG FOR CAR 28 (HAR) TIMED AT 16:06:44,47.0,medium
spielberg,2018,9,SIR,race_control_message,WAVED BLUE FLAG FOR CAR 35 (SIR) TIMED AT 16:07:27,47.0,medium
spielberg,2018,9,GAS,race_control_message,WAVED BLUE FLAG FOR CAR 10 (GAS) TIMED AT 16:08:31,48.0,medium
spielberg,2018,9,PER,race_control_message,WAVED BLUE FLAG FOR CAR 11 (PER) TIMED AT 16:08:40,49.0,medium
spielberg,2018,9,STR,race_control_message,WAVED BLUE FLAG FOR CAR 18 (STR) TIMED AT 16:08:44,49.0,medium
spielberg,2018,9,GAS,race_control_message,WAVED BLUE FLAG FOR CAR 10 (GAS) TIMED AT 16:09:11,49.0,medium
spielberg,2018,9,SAI,race_control_message,WAVED BLUE FLAG FOR CAR 55 (SAI) TIMED AT 16:10:52,50.0,medium
spielberg,2018,9,OCO,race_control_message,WAVED BLUE FLAG FOR CAR 31 (OCO) TIMED AT 16:13:38,53.0,medium
spielberg,2018,9,PER,race_control_message,WAVED BLUE FLAG FOR CAR 11 (PER) TIMED AT 16:13:54,53.0,medium
spielberg,2018,9,PER,race_control_message,WAVED BLUE FLAG FOR CAR 11 (PER) TIMED AT 16:14:30,54.0,medium
spielberg,2018,9,MAG,race_control_message,WAVED BLUE FLAG FOR CAR 20 (MAG) TIMED AT 16:14:47,54.0,medium
spielberg,2018,9,RIC,race_control_message,CAR 3 (RIC) STOPPED AT TURN 1,54.0,medium
spielberg,2018,9,OCO,race_control_message,WAVED BLUE FLAG FOR CAR 31 (OCO) TIMED AT 16:16:39,56.0,medium
spielberg,2018,9,HAR,race_control_message,CAR 28 (HAR) OFF TRACK AND CONTINUED AT TURN 9,56.0,medium
spielberg,2018,9,OCO,race_control_message,WAVED BLUE FLAG FOR CAR 31 (OCO) TIMED AT 16:17:19,56.0,medium
spielberg,2018,9,MAG,race_control_message,WAVED BLUE FLAG FOR CAR 20 (MAG) TIMED AT 16:17:41,56.0,medium
spielberg,2018,9,ERI,race_control_message,WAVED BLUE FLAG FOR CAR 9 (ERI) TIMED AT 16:17:59,57.0,medium
spielberg,2018,9,HAR,race_control_message,CAR 28 (HAR) STOPPED AT TURN 2,57.0,medium
spielberg,2018,9,MAG,race_control_message,WAVED BLUE FLAG FOR CAR 20 (MAG) TIMED AT 16:18:48,57.0,medium
spielberg,2018,9,ALO,race_control_message,WAVED BLUE FLAG FOR CAR 14 (ALO) TIMED AT 16:19:16,58.0,medium
spielberg,2018,9,LEC,race_control_message,WAVED BLUE FLAG FOR CAR 16 (LEC) TIMED AT 16:20:06,59.0,medium
spielberg,2018,9,VAN,race_control_message,WAVED BLUE FLAG FOR CAR 2 (VAN) TIMED AT 16:20:07,59.0,medium
spielberg,2018,9,VAN,race_control_message,WAVED BLUE FLAG FOR CAR 2 (VAN) TIMED AT 16:21:18,60.0,medium
spielberg,2018,9,GAS,race_control_message,WAVED BLUE FLAG FOR CAR 10 (GAS) TIMED AT 16:21:33,60.0,medium
spielberg,2018,9,GRO,race_control_message,WAVED BLUE FLAG FOR CAR 8 (GRO) TIMED AT 16:22:52,61.0,medium
spielberg,2018,9,GRO,race_control_message,WAVED BLUE FLAG FOR CAR 8 (GRO) TIMED AT 16:24:24,62.0,medium
spielberg,2018,9,GRO,race_control_message,WAVED BLUE FLAG FOR CAR 8 (GRO) TIMED AT 16:24:41,63.0,medium
spielberg,2018,9,HAM,race_control_message,CAR 44 (HAM) STOPPED AT TURN 3,65.0,medium
spielberg,2018,9,VAN,race_control_message,WAVED BLUE FLAG FOR CAR 2 (VAN) TIMED AT 16:30:40,68.0,medium
spielberg,2018,9,STR,race_control_message,WAVED BLUE FLAG FOR CAR 18 (STR) TIMED AT 16:30:46,68.0,medium
spielberg,2018,9,VAN,race_control_message,WAVED BLUE FLAG FOR CAR 2 (VAN) TIMED AT 16:30:58,68.0,medium
spielberg,2018,9,VAN,race_control_message,WAVED BLUE FLAG FOR CAR 2 (VAN) TIMED AT 16:31:04,68.0,medium
spielberg,2018,9,STR,race_control_message,WAVED BLUE FLAG FOR CAR 18 (STR) TIMED AT 16:34:13,71.0,medium
spielberg,2019,9,MAG,race_control_message,WAVED BLUE FLAG FOR CAR 20 (MAG) TIMED AT 15:29:26,15.0,medium
spielberg,2019,9,MAG,race_control_message,WAVED BLUE FLAG FOR CAR 20 (MAG) TIMED AT 15:31:54,17.0,medium
spielberg,2019,9,KUB,race_control_message,WAVED BLUE FLAG FOR CAR 88 (KUB) TIMED AT 15:38:53,23.0,medium
spielberg,2019,9,KUB,race_control_message,WAVED BLUE FLAG FOR CAR 88 (KUB) TIMED AT 15:39:50,24.0,medium
spielberg,2019,9,KUB,race_control_message,WAVED BLUE FLAG FOR CAR 88 (KUB) TIMED AT 15:40:15,24.0,medium
spielberg,2019,9,MAG,race_control_message,WAVED BLUE FLAG FOR CAR 20 (MAG) TIMED AT 15:40:22,24.0,medium
spielberg,2019,9,MAG,race_control_message,WAVED BLUE FLAG FOR CAR 20 (MAG) TIMED AT 15:40:31,24.0,medium
spielberg,2019,9,KUB,race_control_message,WAVED BLUE FLAG FOR CAR 88 (KUB) TIMED AT 15:41:55,25.0,medium
spielberg,2019,9,KUB,race_control_message,WAVED BLUE FLAG FOR CAR 88 (KUB) TIMED AT 15:42:05,26.0,medium
spielberg,2019,9,KUB,race_control_message,WAVED BLUE FLAG FOR CAR 88 (KUB) TIMED AT 15:42:22,26.0,medium
spielberg,2019,9,KUB,race_control_message,WAVED BLUE FLAG FOR CAR 88 (KUB) TIMED AT 15:42:53,26.0,medium
spielberg,2019,9,KUB,race_control_message,WAVED BLUE FLAG FOR CAR 88 (KUB) TIMED AT 15:43:25,27.0,medium
spielberg,2019,9,MAG,race_control_message,WAVED BLUE FLAG FOR CAR 20 (MAG) TIMED AT 15:43:58,27.0,medium
spielberg,2019,9,MAG,race_control_message,WAVED BLUE FLAG FOR CAR 20 (MAG) TIMED AT 15:44:44,28.0,medium
spielberg,2019,9,MAG,race_control_message,WAVED BLUE FLAG FOR CAR 20 (MAG) TIMED AT 15:48:24,31.0,medium
spielberg,2019,9,RUS,race_control_message,WAVED BLUE FLAG FOR CAR 63 (RUS) TIMED AT 15:49:29,32.0,medium
spielberg,2019,9,RUS,race_control_message,WAVED BLUE FLAG FOR CAR 63 (RUS) TIMED AT 15:50:53,33.0,medium
spielberg,2019,9,KVY,race_control_message,WAVED BLUE FLAG FOR CAR 26 (KVY) TIMED AT 15:51:46,34.0,medium
spielberg,2019,9,KUB,race_control_message,WAVED BLUE FLAG FOR CAR 88 (KUB) TIMED AT 15:52:29,34.0,medium
spielberg,2019,9,KUB,race_control_message,WAVED BLUE FLAG FOR CAR 88 (KUB) TIMED AT 15:52:46,35.0,medium
spielberg,2019,9,GRO,race_control_message,WAVED BLUE FLAG FOR CAR 8 (GRO) TIMED AT 15:54:04,36.0,medium
spielberg,2019,9,RUS,race_control_message,WAVED BLUE FLAG FOR CAR 63 (RUS) TIMED AT 15:54:50,36.0,medium
spielberg,2019,9,KUB,race_control_message,WAVED BLUE FLAG FOR CAR 88 (KUB) TIMED AT 15:55:25,37.0,medium
spielberg,2019,9,ALB,race_control_message,WAVED BLUE FLAG FOR CAR 23 (ALB) TIMED AT 15:55:28,37.0,medium
spielberg,2019,9,KUB,race_control_message,WAVED BLUE FLAG FOR CAR 88 (KUB) TIMED AT 15:56:22,38.0,medium
spielberg,2019,9,KUB,race_control_message,WAVED BLUE FLAG FOR CAR 88 (KUB) TIMED AT 15:57:58,39.0,medium
spielberg,2019,9,KVY,race_control_message,WAVED BLUE FLAG FOR CAR 26 (KVY) TIMED AT 15:58:42,40.0,medium
spielberg,2019,9,KUB,race_control_message,WAVED BLUE FLAG FOR CAR 88 (KUB) TIMED AT 15:59:03,40.0,medium
spielberg,2019,9,ALB,race_control_message,WAVED BLUE FLAG FOR CAR 23 (ALB) TIMED AT 15:59:36,41.0,medium
spielberg,2019,9,KUB,race_control_message,WAVED BLUE FLAG FOR CAR 88 (KUB) TIMED AT 15:59:55,41.0,medium
spielberg,2019,9,ALB,race_control_message,WAVED BLUE FLAG FOR CAR 23 (ALB) TIMED AT 16:00:50,42.0,medium
spielberg,2019,9,KUB,race_control_message,WAVED BLUE FLAG FOR CAR 88 (KUB) TIMED AT 16:01:13,42.0,medium
spielberg,2019,9,KUB,race_control_message,WAVED BLUE FLAG FOR CAR 88 (KUB) TIMED AT 16:02:41,43.0,medium
spielberg,2019,9,KUB,race_control_message,WAVED BLUE FLAG FOR CAR 88 (KUB) TIMED AT 16:04:35,45.0,medium
spielberg,2019,9,GRO,race_control_message,WAVED BLUE FLAG FOR CAR 8 (GRO) TIMED AT 16:04:48,45.0,medium
spielberg,2019,9,KUB,race_control_message,WAVED BLUE FLAG FOR CAR 88 (KUB) TIMED AT 16:06:18,46.0,medium
spielberg,2019,9,KUB,race_control_message,WAVED BLUE FLAG FOR CAR 88 (KUB) TIMED AT 16:06:53,47.0,medium
spielberg,2019,9,KUB,race_control_message,WAVED BLUE FLAG FOR CAR 88 (KUB) TIMED AT 16:07:06,47.0,medium
spielberg,2019,9,KUB,race_control_message,WAVED BLUE FLAG FOR CAR 88 (KUB) TIMED AT 16:08:28,48.0,medium
spielberg,2019,9,KUB,race_control_message,WAVED BLUE FLAG FOR CAR 88 (KUB) TIMED AT 16:09:35,49.0,medium
spielberg,2019,9,STR,race_control_message,WAVED BLUE FLAG FOR CAR 18 (STR) TIMED AT 16:11:25,51.0,medium
spielberg,2019,9,KUB,race_control_message,WAVED BLUE FLAG FOR CAR 88 (KUB) TIMED AT 16:12:08,52.0,medium
spielberg,2019,9,STR,race_control_message,WAVED BLUE FLAG FOR CAR 18 (STR) TIMED AT 16:13:09,52.0,medium
spielberg,2019,9,STR,race_control_message,WAVED BLUE FLAG FOR CAR 18 (STR) TIMED AT 16:13:23,53.0,medium
spielberg,2019,9,GRO,race_control_message,WAVED BLUE FLAG FOR CAR 8 (GRO) TIMED AT 16:14:00,53.0,medium
spielberg,2019,9,HUL,race_control_message,WAVED BLUE FLAG FOR CAR 27 (HUL) TIMED AT 16:14:13,53.0,medium
spielberg,2019,9,KUB,race_control_message,WAVED BLUE FLAG FOR CAR 88 (KUB) TIMED AT 16:14:49,54.0,medium
spielberg,2019,9,PER,race_control_message,WAVED BLUE FLAG FOR CAR 11 (PER) TIMED AT 16:15:14,54.0,medium
spielberg,2019,9,KUB,race_control_message,WAVED BLUE FLAG FOR CAR 88 (KUB) TIMED AT 16:15:59,55.0,medium
spielberg,2019,9,GIO,race_control_message,WAVED BLUE FLAG FOR CAR 99 (GIO) TIMED AT 16:16:02,55.0,medium
spielberg,2019,9,ALB,race_control_message,WAVED BLUE FLAG FOR CAR 23 (ALB) TIMED AT 16:17:03,56.0,medium
spielberg,2019,9,RAI,race_control_message,WAVED BLUE FLAG FOR CAR 7 (RAI) TIMED AT 16:17:52,57.0,medium
spielberg,2019,9,HUL,race_control_message,WAVED BLUE FLAG FOR CAR 27 (HUL) TIMED AT 16:18:10,57.0,medium
spielberg,2019,9,PER,race_control_message,WAVED BLUE FLAG FOR CAR 11 (PER) TIMED AT 16:18:55,57.0,medium
spielberg,2019,9,KUB,race_control_message,WAVED BLUE FLAG FOR CAR 88 (KUB) TIMED AT 16:20:01,58.0,medium
spielberg,2019,9,GIO,race_control_message,WAVED BLUE FLAG FOR CAR 99 (GIO) TIMED AT 16:20:06,59.0,medium
spielberg,2019,9,GIO,race_control_message,WAVED BLUE FLAG FOR CAR 99 (GIO) TIMED AT 16:20:14,59.0,medium
spielberg,2019,9,ALB,race_control_message,WAVED BLUE FLAG FOR CAR 23 (ALB) TIMED AT 16:20:26,59.0,medium
spielberg,2019,9,HUL,race_control_message,WAVED BLUE FLAG FOR CAR 27 (HUL) TIMED AT 16:20:31,59.0,medium
spielberg,2019,9,RAI,race_control_message,WAVED BLUE FLAG FOR CAR 7 (RAI) TIMED AT 16:21:12,59.0,medium
spielberg,2019,9,MAG,race_control_message,WAVED BLUE FLAG FOR CAR 20 (MAG) TIMED AT 16:22:28,61.0,medium
spielberg,2019,9,RIC,race_control_message,WAVED BLUE FLAG FOR CAR 3 (RIC) TIMED AT 16:22:58,61.0,medium
spielberg,2019,9,MAG,race_control_message,WAVED BLUE FLAG FOR CAR 20 (MAG) TIMED AT 16:23:12,61.0,medium
spielberg,2019,9,SAI,race_control_message,WAVED BLUE FLAG FOR CAR 55 (SAI) TIMED AT 16:23:58,62.0,medium
spielberg,2019,9,PER,race_control_message,WAVED BLUE FLAG FOR CAR 11 (PER) TIMED AT 16:24:32,62.0,medium
spielberg,2019,9,RIC,race_control_message,WAVED BLUE FLAG FOR CAR 3 (RIC) TIMED AT 16:24:37,63.0,medium
spielberg,2019,9,SAI,race_control_message,WAVED BLUE FLAG FOR CAR 55 (SAI) TIMED AT 16:24:38,63.0,medium
spielberg,2019,9,MAG,race_control_message,WAVED BLUE FLAG FOR CAR 20 (MAG) TIMED AT 16:24:52,63.0,medium
spielberg,2019,9,RUS,race_control_message,WAVED BLUE FLAG FOR CAR 63 (RUS) TIMED AT 16:25:03,63.0,medium
spielberg,2019,9,STR,race_control_message,WAVED BLUE FLAG FOR CAR 18 (STR) TIMED AT 16:25:15,63.0,medium
spielberg,2019,9,RUS,race_control_message,WAVED BLUE FLAG FOR CAR 63 (RUS) TIMED AT 16:25:36,63.0,medium
spielberg,2019,9,MAG,race_control_message,WAVED BLUE FLAG FOR CAR 20 (MAG) TIMED AT 16:25:36,63.0,medium
spielberg,2019,9,RIC,race_control_message,WAVED BLUE FLAG FOR CAR 3 (RIC) TIMED AT 16:25:39,63.0,medium
spielberg,2019,9,STR,race_control_message,WAVED BLUE FLAG FOR CAR 18 (STR) TIMED AT 16:25:49,64.0,medium
spielberg,2019,9,RUS,race_control_message,WAVED BLUE FLAG FOR CAR 63 (RUS) TIMED AT 16:26:33,64.0,medium
spielberg,2019,9,RUS,race_control_message,WAVED BLUE FLAG FOR CAR 63 (RUS) TIMED AT 16:26:53,64.0,medium
spielberg,2019,9,MAG,race_control_message,WAVED BLUE FLAG FOR CAR 20 (MAG) TIMED AT 16:26:55,65.0,medium
spielberg,2019,9,GIO,race_control_message,WAVED BLUE FLAG FOR CAR 99 (GIO) TIMED AT 16:26:58,65.0,medium
spielberg,2019,9,GAS,race_control_message,WAVED BLUE FLAG FOR CAR 10 (GAS) TIMED AT 16:28:20,66.0,medium
spielberg,2019,9,MAG,race_control_message,WAVED BLUE FLAG FOR CAR 20 (MAG) TIMED AT 16:28:46,66.0,medium
spielberg,2019,9,GAS,race_control_message,WAVED BLUE FLAG FOR CAR 10 (GAS) TIMED AT 16:29:00,66.0,medium
spielberg,2019,9,KUB,race_control_message,WAVED BLUE FLAG FOR CAR 88 (KUB) TIMED AT 16:29:37,67.0,medium
spielberg,2019,9,HUL,race_control_message,WAVED BLUE FLAG FOR CAR 27 (HUL) TIMED AT 16:30:01,67.0,medium
spielberg,2019,9,KUB,race_control_message,WAVED BLUE FLAG FOR CAR 88 (KUB) TIMED AT 16:31:08,68.0,medium
spielberg,2019,9,PER,race_control_message,WAVED BLUE FLAG FOR CAR 11 (PER) TIMED AT 16:31:11,68.0,medium
spielberg,2019,9,KUB,race_control_message,WAVED BLUE FLAG FOR CAR 88 (KUB) TIMED AT 16:31:12,68.0,medium
spielberg,2019,9,KUB,race_control_message,WAVED BLUE FLAG FOR CAR 88 (KUB) TIMED AT 16:31:50,69.0,medium
spielberg,2019,9,PER,race_control_message,WAVED BLUE FLAG FOR CAR 11 (PER) TIMED AT 16:31:57,69.0,medium
spielberg,2019,9,GIO,race_control_message,WAVED BLUE FLAG FOR CAR 99 (GIO) TIMED AT 16:33:28,70.0,medium
spielberg,2019,9,RAI,race_control_message,WAVED BLUE FLAG FOR CAR 7 (RAI) TIMED AT 16:33:46,70.0,medium
spielberg,2019,9,NOR,race_control_message,WAVED BLUE FLAG FOR CAR 4 (NOR) TIMED AT 16:33:51,71.0,medium
spielberg,2019,9,SAI,race_control_message,WAVED BLUE FLAG FOR CAR 55 (SAI) TIMED AT 16:34:55,71.0,medium
spielberg,2020,1,GRO,race_control_message,CAR 8 (GRO) OFF TRACK AND CONTINUED AT TURN 5,21.0,medium
spielberg,2020,1,GRO,race_control_message,WAVED BLUE FLAG FOR CAR 8 (GRO) TIMED AT 15:38:43,23.0,medium
spielberg,2020,1,GRO,race_control_message,WAVED BLUE FLAG FOR CAR 8 (GRO) TIMED AT 15:39:30,24.0,medium
spielberg,2020,1,GRO,race_control_message,WAVED BLUE FLAG FOR CAR 8 (GRO) TIMED AT 15:40:03,24.0,medium
spielberg,2020,1,LAT,race_control_message,WAVED BLUE FLAG FOR CAR 6 (LAT) TIMED AT 15:41:01,25.0,medium
spielberg,2020,1,LAT,race_control_message,WAVED BLUE FLAG FOR CAR 6 (LAT) TIMED AT 15:41:53,26.0,medium
spielberg,2020,1,GRO,race_control_message,CAR 8 (GRO) OFF TRACK AND CONTINUED AT TURN 4,50.0,medium
spielberg,2020,1,GRO,race_control_message,WAVED BLUE FLAG FOR CAR 8 (GRO) TIMED AT 16:14:02,51.0,medium
spielberg,2020,1,GRO,race_control_message,WAVED BLUE FLAG FOR CAR 8 (GRO) TIMED AT 16:14:10,51.0,medium
spielberg,2020,2,GAS,race_control_message,WAVED BLUE FLAG FOR CAR 10 (GAS) TIMED AT 15:45:19,27.0,medium
spielberg,2020,2,RUS,race_control_message,WAVED BLUE FLAG FOR CAR 63 (RUS) TIMED AT 15:53:12,34.0,medium
spielberg,2020,2,LAT,race_control_message,WAVED BLUE FLAG FOR CAR 6 (LAT) TIMED AT 15:55:58,36.0,medium
spielberg,2020,2,MAG,race_control_message,WAVED BLUE FLAG FOR CAR 20 (MAG) TIMED AT 15:56:03,37.0,medium
spielberg,2020,2,MAG,race_control_message,WAVED BLUE FLAG FOR CAR 20 (MAG) TIMED AT 15:57:52,38.0,medium
spielberg,2020,2,KVY,race_control_message,WAVED BLUE FLAG FOR CAR 26 (KVY) TIMED AT 15:58:08,38.0,medium
spielberg,2020,2,RUS,race_control_message,WAVED BLUE FLAG FOR CAR 63 (RUS) TIMED AT 15:59:42,40.0,medium
spielberg,2020,2,GAS,race_control_message,WAVED BLUE FLAG FOR CAR 10 (GAS) TIMED AT 16:00:17,40.0,medium
spielberg,2020,2,MAG,race_control_message,WAVED BLUE FLAG FOR CAR 20 (MAG) TIMED AT 16:00:33,40.0,medium
spielberg,2020,2,KVY,race_control_message,WAVED BLUE FLAG FOR CAR 26 (KVY) TIMED AT 16:01:40,41.0,medium
spielberg,2020,2,GRO,race_control_message,WAVED BLUE FLAG FOR CAR 8 (GRO) TIMED AT 16:03:17,43.0,medium
spielberg,2020,2,GAS,race_control_message,WAVED BLUE FLAG FOR CAR 10 (GAS) TIMED AT 16:03:19,43.0,medium
spielberg,2020,2,GAS,race_control_message,WAVED BLUE FLAG FOR CAR 10 (GAS) TIMED AT 16:05:09,45.0,medium
spielberg,2020,2,MAG,race_control_message,WAVED BLUE FLAG FOR CAR 20 (MAG) TIMED AT 16:06:26,46.0,medium
spielberg,2020,2,GIO,race_control_message,WAVED BLUE FLAG FOR CAR 99 (GIO) TIMED AT 16:08:31,48.0,medium
spielberg,2020,2,GAS,race_control_message,WAVED BLUE FLAG FOR CAR 10 (GAS) TIMED AT 16:08:35,48.0,medium
spielberg,2020,2,GAS,race_control_message,WAVED BLUE FLAG FOR CAR 10 (GAS) TIMED AT 16:09:12,48.0,medium
spielberg,2020,2,GIO,race_control_message,WAVED BLUE FLAG FOR CAR 99 (GIO) TIMED AT 16:09:26,48.0,medium
spielberg,2020,2,KVY,race_control_message,WAVED BLUE FLAG FOR CAR 26 (KVY) TIMED AT 16:09:47,49.0,medium
spielberg,2020,2,KVY,race_control_message,WAVED BLUE FLAG FOR CAR 26 (KVY) TIMED AT 16:11:57,51.0,medium
spielberg,2020,2,RUS,race_control_message,WAVED BLUE FLAG FOR CAR 63 (RUS) TIMED AT 16:13:46,52.0,medium
spielberg,2020,2,RAI,race_control_message,WAVED BLUE FLAG FOR CAR 7 (RAI) TIMED AT 16:15:36,54.0,medium
spielberg,2020,2,KVY,race_control_message,WAVED BLUE FLAG FOR CAR 26 (KVY) TIMED AT 16:17:51,56.0,medium
spielberg,2020,2,LAT,race_control_message,WAVED BLUE FLAG FOR CAR 6 (LAT) TIMED AT 16:18:01,56.0,medium
spielberg,2020,2,KVY,race_control_message,WAVED BLUE FLAG FOR CAR 26 (KVY) TIMED AT 16:18:59,57.0,medium
spielberg,2020,2,RUS,race_control_message,WAVED BLUE FLAG FOR CAR 63 (RUS) TIMED AT 16:19:09,57.0,medium
spielberg,2020,2,GAS,race_control_message,WAVED BLUE FLAG FOR CAR 10 (GAS) TIMED AT 16:19:34,57.0,medium
spielberg,2020,2,GAS,race_control_message,WAVED BLUE FLAG FOR CAR 10 (GAS) TIMED AT 16:19:47,57.0,medium
spielberg,2020,2,RUS,race_control_message,WAVED BLUE FLAG FOR CAR 63 (RUS) TIMED AT 16:20:41,58.0,medium
spielberg,2020,2,GAS,race_control_message,WAVED BLUE FLAG FOR CAR 10 (GAS) TIMED AT 16:20:43,58.0,medium
spielberg,2020,2,LAT,race_control_message,WAVED BLUE FLAG FOR CAR 6 (LAT) TIMED AT 16:22:55,60.0,medium
spielberg,2020,2,LAT,race_control_message,WAVED BLUE FLAG FOR CAR 6 (LAT) TIMED AT 16:23:05,60.0,medium
spielberg,2020,2,RUS,race_control_message,WAVED BLUE FLAG FOR CAR 63 (RUS) TIMED AT 16:24:05,61.0,medium
spielberg,2020,2,LAT,race_control_message,WAVED BLUE FLAG FOR CAR 6 (LAT) TIMED AT 16:25:11,62.0,medium
spielberg,2020,2,RUS,race_control_message,WAVED BLUE FLAG FOR CAR 63 (RUS) TIMED AT 16:25:22,62.0,medium
spielberg,2020,2,LAT,race_control_message,WAVED BLUE FLAG FOR CAR 6 (LAT) TIMED AT 16:25:24,62.0,medium
spielberg,2020,2,LAT,race_control_message,WAVED BLUE FLAG FOR CAR 6 (LAT) TIMED AT 16:27:20,64.0,medium
spielberg,2020,2,RUS,race_control_message,WAVED BLUE FLAG FOR CAR 63 (RUS) TIMED AT 16:28:33,65.0,medium
spielberg,2020,2,LAT,race_control_message,WAVED BLUE FLAG FOR CAR 6 (LAT) TIMED AT 16:28:34,65.0,medium
spielberg,2020,2,GAS,race_control_message,WAVED BLUE FLAG FOR CAR 10 (GAS) TIMED AT 16:28:36,65.0,medium
spielberg,2020,2,LAT,race_control_message,WAVED BLUE FLAG FOR CAR 6 (LAT) TIMED AT 16:28:49,65.0,medium
spielberg,2020,2,RUS,race_control_message,WAVED BLUE FLAG FOR CAR 63 (RUS) TIMED AT 16:29:44,66.0,medium
spielberg,2020,2,LAT,race_control_message,WAVED BLUE FLAG FOR CAR 6 (LAT) TIMED AT 16:29:45,66.0,medium
spielberg,2020,2,LAT,race_control_message,WAVED BLUE FLAG FOR CAR 6 (LAT) TIMED AT 16:29:58,66.0,medium
spielberg,2020,2,GRO,race_control_message,WAVED BLUE FLAG FOR CAR 8 (GRO) TIMED AT 16:32:57,69.0,medium
spielberg,2020,2,MAG,race_control_message,WAVED BLUE FLAG FOR CAR 20 (MAG) TIMED AT 16:32:57,69.0,medium
spielberg,2020,2,GIO,race_control_message,WAVED BLUE FLAG FOR CAR 99 (GIO) TIMED AT 16:33:17,69.0,medium
spielberg,2020,2,RUS,race_control_message,WAVED BLUE FLAG FOR CAR 63 (RUS) TIMED AT 16:33:20,69.0,medium
spielberg,2020,2,MAG,race_control_message,WAVED BLUE FLAG FOR CAR 20 (MAG) TIMED AT 16:33:22,69.0,medium
spielberg,2020,2,GIO,race_control_message,WAVED BLUE FLAG FOR CAR 99 (GIO) TIMED AT 16:33:24,69.0,medium
spielberg,2020,2,MAG,race_control_message,WAVED BLUE FLAG FOR CAR 20 (MAG) TIMED AT 16:33:31,70.0,medium
spielberg,2020,2,KVY,race_control_message,WAVED BLUE FLAG FOR CAR 26 (KVY) TIMED AT 16:33:58,70.0,medium
spielberg,2020,2,RAI,race_control_message,WAVED BLUE FLAG FOR CAR 7 (RAI) TIMED AT 16:34:39,71.0,medium
spielberg,2020,2,RAI,race_control_message,WAVED BLUE FLAG FOR CAR 7 (RAI) TIMED AT 16:35:13,71.0,medium
spielberg,2020,2,GIO,race_control_message,WAVED BLUE FLAG FOR CAR 99 (GIO) TIMED AT 16:36:13,71.0,medium
spielberg,2020,2,GAS,race_control_message,WAVED BLUE FLAG FOR CAR 10 (GAS) TIMED AT 16:36:18,71.0,medium
spielberg,2021,8,LAT,race_control_message,WAVED BLUE FLAG FOR CAR 6 (LAT) TIMED AT 15:09:01,6.0,medium
spielberg,2021,8,LAT,race_control_message,WAVED BLUE FLAG FOR CAR 6 (LAT) TIMED AT 15:09:48,6.0,medium
spielberg,2021,8,LAT,race_control_message,WAVED BLUE FLAG FOR CAR 6 (LAT) TIMED AT 15:15:19,11.0,medium
spielberg,2021,8,LAT,race_control_message,WAVED BLUE FLAG FOR CAR 6 (LAT) TIMED AT 15:15:50,11.0,medium
spielberg,2021,8,LAT,race_control_message,WAVED BLUE FLAG FOR CAR 6 (LAT) TIMED AT 15:16:19,12.0,medium
spielberg,2021,8,MAZ,race_control_message,WAVED BLUE FLAG FOR CAR 9 (MAZ) TIMED AT 15:29:12,23.0,medium
spielberg,2021,8,MAZ,race_control_message,WAVED BLUE FLAG FOR CAR 9 (MAZ) TIMED AT 15:29:58,24.0,medium
spielberg,2021,8,MSC,race_control_message,WAVED BLUE FLAG FOR CAR 47 (MSC) TIMED AT 15:29:59,24.0,medium
spielberg,2021,8,MSC,race_control_message,WAVED BLUE FLAG FOR CAR 47 (MSC) TIMED AT 15:32:06,25.0,medium
spielberg,2021,8,LAT,race_control_message,WAVED BLUE FLAG FOR CAR 6 (LAT) TIMED AT 15:34:05,27.0,medium
spielberg,2021,8,LAT,race_control_message,WAVED BLUE FLAG FOR CAR 6 (LAT) TIMED AT 15:36:03,29.0,medium
spielberg,2021,8,RUS,race_control_message,WAVED BLUE FLAG FOR CAR 63 (RUS) TIMED AT 15:36:06,29.0,medium
spielberg,2021,8,LAT,race_control_message,WAVED BLUE FLAG FOR CAR 6 (LAT) TIMED AT 15:36:34,29.0,medium
spielberg,2021,8,LAT,race_control_message,WAVED BLUE FLAG FOR CAR 6 (LAT) TIMED AT 15:36:46,29.0,medium
spielberg,2021,8,LAT,race_control_message,WAVED BLUE FLAG FOR CAR 6 (LAT) TIMED AT 15:37:08,30.0,medium
spielberg,2021,8,MSC,race_control_message,WAVED BLUE FLAG FOR CAR 47 (MSC) TIMED AT 15:39:01,31.0,medium
spielberg,2021,8,MSC,race_control_message,WAVED BLUE FLAG FOR CAR 47 (MSC) TIMED AT 15:40:43,33.0,medium
spielberg,2021,8,MAZ,race_control_message,WAVED BLUE FLAG FOR CAR 9 (MAZ) TIMED AT 15:41:08,33.0,medium
spielberg,2021,8,MAZ,race_control_message,WAVED BLUE FLAG FOR CAR 9 (MAZ) TIMED AT 15:41:57,34.0,medium
spielberg,2021,8,GIO,race_control_message,WAVED BLUE FLAG FOR CAR 99 (GIO) TIMED AT 15:45:04,36.0,medium
spielberg,2021,8,LAT,race_control_message,WAVED BLUE FLAG FOR CAR 6 (LAT) TIMED AT 15:46:34,38.0,medium
spielberg,2021,8,RUS,race_control_message,WAVED BLUE FLAG FOR CAR 63 (RUS) TIMED AT 15:47:19,38.0,medium
spielberg,2021,8,GIO,race_control_message,WAVED BLUE FLAG FOR CAR 99 (GIO) TIMED AT 15:47:25,38.0,medium
spielberg,2021,8,LAT,race_control_message,WAVED BLUE FLAG FOR CAR 6 (LAT) TIMED AT 15:48:25,39.0,medium
spielberg,2021,8,LAT,race_control_message,WAVED BLUE FLAG FOR CAR 6 (LAT) TIMED AT 15:48:41,39.0,medium
spielberg,2021,8,VET,race_control_message,WAVED BLUE FLAG FOR CAR 5 (VET) TIMED AT 15:48:42,39.0,medium
spielberg,2021,8,TSU,race_control_message,WAVED BLUE FLAG FOR CAR 22 (TSU) TIMED AT 15:50:15,41.0,medium
spielberg,2021,8,LAT,race_control_message,WAVED BLUE FLAG FOR CAR 6 (LAT) TIMED AT 15:50:31,41.0,medium
spielberg,2021,8,LAT,race_control_message,WAVED BLUE FLAG FOR CAR 6 (LAT) TIMED AT 15:50:52,41.0,medium
spielberg,2021,8,ALO,race_control_message,WAVED BLUE FLAG FOR CAR 14 (ALO) TIMED AT 15:50:53,41.0,medium
spielberg,2021,8,VET,race_control_message,WAVED BLUE FLAG FOR CAR 5 (VET) TIMED AT 15:51:13,42.0,medium
spielberg,2021,8,STR,race_control_message,WAVED BLUE FLAG FOR CAR 18 (STR) TIMED AT 15:52:11,43.0,medium
spielberg,2021,8,TSU,race_control_message,WAVED BLUE FLAG FOR CAR 22 (TSU) TIMED AT 15:52:37,43.0,medium
spielberg,2021,8,LAT,race_control_message,WAVED BLUE FLAG FOR CAR 6 (LAT) TIMED AT 15:52:37,43.0,medium
spielberg,2021,8,ALO,race_control_message,WAVED BLUE FLAG FOR CAR 14 (ALO) TIMED AT 15:53:18,44.0,medium
spielberg,2021,8,SAI,race_control_message,WAVED BLUE FLAG FOR CAR 55 (SAI) TIMED AT 15:54:39,45.0,medium
spielberg,2021,8,STR,race_control_message,WAVED BLUE FLAG FOR CAR 18 (STR) TIMED AT 15:55:08,45.0,medium
spielberg,2021,8,SAI,race_control_message,WAVED BLUE FLAG FOR CAR 55 (SAI) TIMED AT 15:56:18,46.0,medium
spielberg,2021,8,MAZ,race_control_message,WAVED BLUE FLAG FOR CAR 9 (MAZ) TIMED AT 15:57:27,47.0,medium
spielberg,2021,8,LAT,race_control_message,WAVED BLUE FLAG FOR CAR 6 (LAT) TIMED AT 15:57:49,47.0,medium
spielberg,2021,8,MAZ,race_control_message,WAVED BLUE FLAG FOR CAR 9 (MAZ) TIMED AT 15:59:51,49.0,medium
spielberg,2021,8,MSC,race_control_message,WAVED BLUE FLAG FOR CAR 47 (MSC) TIMED AT 16:00:19,50.0,medium
spielberg,2021,8,MSC,race_control_message,WAVED BLUE FLAG FOR CAR 47 (MSC) TIMED AT 16:01:14,50.0,medium
spielberg,2021,8,MAZ,race_control_message,WAVED BLUE FLAG FOR CAR 9 (MAZ) TIMED AT 16:02:15,51.0,medium
spielberg,2021,8,MAZ,race_control_message,WAVED BLUE FLAG FOR CAR 9 (MAZ) TIMED AT 16:03:14,52.0,medium
spielberg,2021,8,MSC,race_control_message,WAVED BLUE FLAG FOR CAR 47 (MSC) TIMED AT 16:04:34,53.0,medium
spielberg,2021,8,MSC,race_control_message,WAVED BLUE FLAG FOR CAR 47 (MSC) TIMED AT 16:05:02,54.0,medium
spielberg,2021,8,NOR,race_control_message,WAVED BLUE FLAG FOR CAR 4 (NOR) TIMED AT 16:05:40,54.0,medium
spielberg,2021,8,OCO,race_control_message,WAVED BLUE FLAG FOR CAR 31 (OCO) TIMED AT 16:06:07,55.0,medium
spielberg,2021,8,MAZ,race_control_message,WAVED BLUE FLAG FOR CAR 9 (MAZ) TIMED AT 16:06:29,55.0,medium
spielberg,2021,8,MAZ,race_control_message,WAVED BLUE FLAG FOR CAR 9 (MAZ) TIMED AT 16:07:02,56.0,medium
spielberg,2021,8,MAZ,race_control_message,WAVED BLUE FLAG FOR CAR 9 (MAZ) TIMED AT 16:07:31,56.0,medium
spielberg,2021,8,MAZ,race_control_message,WAVED BLUE FLAG FOR CAR 9 (MAZ) TIMED AT 16:08:18,57.0,medium
spielberg,2021,8,MAZ,race_control_message,WAVED BLUE FLAG FOR CAR 9 (MAZ) TIMED AT 16:09:32,58.0,medium
spielberg,2021,8,MAZ,race_control_message,WAVED BLUE FLAG FOR CAR 9 (MAZ) TIMED AT 16:09:49,58.0,medium
spielberg,2021,8,GIO,race_control_message,WAVED BLUE FLAG FOR CAR 99 (GIO) TIMED AT 16:11:56,60.0,medium
spielberg,2021,8,LAT,race_control_message,WAVED BLUE FLAG FOR CAR 6 (LAT) TIMED AT 16:12:10,60.0,medium
spielberg,2021,8,MAZ,race_control_message,WAVED BLUE FLAG FOR CAR 9 (MAZ) TIMED AT 16:14:23,62.0,medium
spielberg,2021,8,MSC,race_control_message,WAVED BLUE FLAG FOR CAR 47 (MSC) TIMED AT 16:16:17,64.0,medium
spielberg,2021,8,SAI,race_control_message,WAVED BLUE FLAG FOR CAR 55 (SAI) TIMED AT 16:18:12,65.0,medium
spielberg,2021,8,GIO,race_control_message,WAVED BLUE FLAG FOR CAR 99 (GIO) TIMED AT 16:18:53,66.0,medium
spielberg,2021,8,RIC,race_control_message,WAVED BLUE FLAG FOR CAR 3 (RIC) TIMED AT 16:20:00,67.0,medium
spielberg,2021,8,MAZ,race_control_message,WAVED BLUE FLAG FOR CAR 9 (MAZ) TIMED AT 16:20:26,67.0,medium
spielberg,2021,8,OCO,race_control_message,WAVED BLUE FLAG FOR CAR 31 (OCO) TIMED AT 16:21:16,68.0,medium
spielberg,2021,8,RAI,race_control_message,WAVED BLUE FLAG FOR CAR 7 (RAI) TIMED AT 16:21:19,68.0,medium
spielberg,2021,8,LAT,race_control_message,WAVED BLUE FLAG FOR CAR 6 (LAT) TIMED AT 16:21:38,68.0,medium
spielberg,2021,8,VET,race_control_message,WAVED BLUE FLAG FOR CAR 5 (VET) TIMED AT 16:22:29,69.0,medium
spielberg,2021,8,MAZ,race_control_message,WAVED BLUE FLAG FOR CAR 9 (MAZ) TIMED AT 16:22:31,69.0,medium
spielberg,2021,8,STR,race_control_message,WAVED BLUE FLAG FOR CAR 18 (STR) TIMED AT 16:23:55,70.0,medium
spielberg,2021,8,RIC,race_control_message,WAVED BLUE FLAG FOR CAR 3 (RIC) TIMED AT 16:24:19,71.0,medium
spielberg,2021,8,MSC,race_control_message,WAVED BLUE FLAG FOR CAR 47 (MSC) TIMED AT 16:24:26,71.0,medium
spielberg,2021,8,VET,race_control_message,WAVED BLUE FLAG FOR CAR 5 (VET) TIMED AT 16:24:37,71.0,medium
spielberg,2021,8,MSC,race_control_message,WAVED BLUE FLAG FOR CAR 47 (MSC) TIMED AT 16:24:44,71.0,medium
spielberg,2021,8,MSC,race_control_message,WAVED BLUE FLAG FOR CAR 47 (MSC) TIMED AT 16:25:14,71.0,medium
spielberg,2021,8,MAZ,race_control_message,WAVED BLUE FLAG FOR CAR 9 (MAZ) TIMED AT 16:25:15,71.0,medium
spielberg,2021,9,MAZ,race_control_message,WAVED BLUE FLAG FOR CAR 9 (MAZ) TIMED AT 15:32:09,24.0,medium
spielberg,2021,9,MSC,race_control_message,WAVED BLUE FLAG FOR CAR 47 (MSC) TIMED AT 15:34:24,26.0,medium
spielberg,2021,9,MAZ,race_control_message,WAVED BLUE FLAG FOR CAR 9 (MAZ) TIMED AT 15:36:58,28.0,medium
spielberg,2021,9,STR,race_control_message,WAVED BLUE FLAG FOR CAR 18 (STR) TIMED AT 15:40:57,32.0,medium
spielberg,2021,9,MAZ,race_control_message,WAVED BLUE FLAG FOR CAR 9 (MAZ) TIMED AT 15:41:50,33.0,medium
spielberg,2021,9,MAZ,race_control_message,WAVED BLUE FLAG FOR CAR 9 (MAZ) TIMED AT 15:42:48,33.0,medium
spielberg,2021,9,MSC,race_control_message,WAVED BLUE FLAG FOR CAR 47 (MSC) TIMED AT 15:45:22,35.0,medium
spielberg,2021,9,MSC,race_control_message,WAVED BLUE FLAG FOR CAR 47 (MSC) TIMED AT 15:46:38,37.0,medium
spielberg,2021,9,MAZ,race_control_message,WAVED BLUE FLAG FOR CAR 9 (MAZ) TIMED AT 15:47:39,37.0,medium
spielberg,2021,9,RAI,race_control_message,WAVED BLUE FLAG FOR CAR 7 (RAI) TIMED AT 15:50:55,40.0,medium
spielberg,2021,9,ALO,race_control_message,WAVED BLUE FLAG FOR CAR 14 (ALO) TIMED AT 15:55:27,44.0,medium
spielberg,2021,9,STR,race_control_message,WAVED BLUE FLAG FOR CAR 18 (STR) TIMED AT 15:56:26,45.0,medium
spielberg,2021,9,GIO,race_control_message,WAVED BLUE FLAG FOR CAR 99 (GIO) TIMED AT 15:58:20,47.0,medium
spielberg,2021,9,GIO,race_control_message,WAVED BLUE FLAG FOR CAR 99 (GIO) TIMED AT 15:58:34,47.0,medium
spielberg,2021,9,MAZ,race_control_message,WAVED BLUE FLAG FOR CAR 9 (MAZ) TIMED AT 15:58:41,47.0,medium
spielberg,2021,9,GIO,race_control_message,WAVED BLUE FLAG FOR CAR 99 (GIO) TIMED AT 15:58:52,47.0,medium
spielberg,2021,9,LAT,race_control_message,WAVED BLUE FLAG FOR CAR 6 (LAT) TIMED AT 15:59:04,47.0,medium
spielberg,2021,9,GIO,race_control_message,WAVED BLUE FLAG FOR CAR 99 (GIO) TIMED AT 15:59:07,47.0,medium
spielberg,2021,9,MAZ,race_control_message,WAVED BLUE FLAG FOR CAR 9 (MAZ) TIMED AT 15:59:37,48.0,medium
spielberg,2021,9,LAT,race_control_message,WAVED BLUE FLAG FOR CAR 6 (LAT) TIMED AT 15:59:47,48.0,medium
spielberg,2021,9,RUS,race_control_message,WAVED BLUE FLAG FOR CAR 63 (RUS) TIMED AT 16:00:48,49.0,medium
spielberg,2021,9,VET,race_control_message,WAVED BLUE FLAG FOR CAR 5 (VET) TIMED AT 16:02:35,50.0,medium
spielberg,2021,9,TSU,race_control_message,WAVED BLUE FLAG FOR CAR 22 (TSU) TIMED AT 16:04:46,52.0,medium
spielberg,2021,9,TSU,race_control_message,WAVED BLUE FLAG FOR CAR 22 (TSU) TIMED AT 16:05:31,53.0,medium
spielberg,2021,9,MAZ,race_control_message,WAVED BLUE FLAG FOR CAR 9 (MAZ) TIMED AT 16:06:37,54.0,medium
spielberg,2021,9,MAZ,race_control_message,WAVED BLUE FLAG FOR CAR 9 (MAZ) TIMED AT 16:09:35,57.0,medium
spielberg,2021,9,MAZ,race_control_message,WAVED BLUE FLAG FOR CAR 9 (MAZ) TIMED AT 16:11:54,59.0,medium
spielberg,2021,9,RAI,race_control_message,BLACK AND WHITE FLAG FOR CAR 7 (RAI) - TRACK LIMITS,60.0,medium
spielberg,2021,9,MSC,race_control_message,WAVED BLUE FLAG FOR CAR 47 (MSC) TIMED AT 16:14:09,61.0,medium
spielberg,2021,9,RAI,race_control_message,WAVED BLUE FLAG FOR CAR 7 (RAI) TIMED AT 16:14:36,61.0,medium
spielberg,2021,9,MAZ,race_control_message,WAVED BLUE FLAG FOR CAR 9 (MAZ) TIMED AT 16:16:03,62.0,medium
spielberg,2021,9,ALO,race_control_message,WAVED BLUE FLAG FOR CAR 14 (ALO) TIMED AT 16:16:29,62.0,medium
spielberg,2021,9,MSC,race_control_message,WAVED BLUE FLAG FOR CAR 47 (MSC) TIMED AT 16:16:36,62.0,medium
spielberg,2021,9,MSC,race_control_message,WAVED BLUE FLAG FOR CAR 47 (MSC) TIMED AT 16:16:57,63.0,medium
spielberg,2021,9,RUS,race_control_message,WAVED BLUE FLAG FOR CAR 63 (RUS) TIMED AT 16:17:02,63.0,medium
spielberg,2021,9,MSC,race_control_message,WAVED BLUE FLAG FOR CAR 47 (MSC) TIMED AT 16:19:20,65.0,medium
spielberg,2021,9,MAZ,race_control_message,WAVED BLUE FLAG FOR CAR 9 (MAZ) TIMED AT 16:20:31,66.0,medium
spielberg,2021,9,MAZ,race_control_message,WAVED BLUE FLAG FOR CAR 9 (MAZ) TIMED AT 16:21:18,67.0,medium
spielberg,2021,9,RUS,race_control_message,BLACK AND WHITE FLAG FOR CAR 63 (RUS) - MOVEMENT UNDER BRAKES,68.0,medium
spielberg,2021,9,MAZ,race_control_message,WAVED BLUE FLAG FOR CAR 9 (MAZ) TIMED AT 16:22:56,68.0,medium
spielberg,2021,9,MSC,race_control_message,WAVED BLUE FLAG FOR CAR 47 (MSC) TIMED AT 16:24:17,69.0,medium
spielberg,2021,9,VET,race_control_message,WAVED BLUE FLAG FOR CAR 5 (VET) TIMED AT 16:25:51,71.0,medium
spielberg,2021,9,MAZ,race_control_message,WAVED BLUE FLAG FOR CAR 9 (MAZ) TIMED AT 16:27:29,71.0,medium
spielberg,2022,11,PER,race_control_message,WAVED BLUE FLAG FOR CAR 11 (PER) TIMED AT 15:12:21,8.0,medium
spielberg,2022,11,PER,race_control_message,WAVED BLUE FLAG FOR CAR 11 (PER) TIMED AT 15:12:39,9.0,medium
spielberg,2022,11,PER,race_control_message,WAVED BLUE FLAG FOR CAR 11 (PER) TIMED AT 15:22:02,16.0,medium
spielberg,2022,11,PER,race_control_message,WAVED BLUE FLAG FOR CAR 11 (PER) TIMED AT 15:22:43,17.0,medium
spielberg,2022,11,PER,race_control_message,WAVED BLUE FLAG FOR CAR 11 (PER) TIMED AT 15:22:57,17.0,medium
spielberg,2022,11,PER,race_control_message,BLACK AND WHITE FLAG FOR CAR 11 (PER) - TRACK LIMITS,18.0,medium
spielberg,2022,11,GAS,race_control_message,BLACK AND WHITE FLAG FOR CAR 10 (GAS) - TRACK LIMITS,24.0,medium
spielberg,2022,11,PER,race_control_message,WAVED BLUE FLAG FOR CAR 11 (PER) TIMED AT 15:30:51,24.0,medium
spielberg,2022,11,PER,race_control_message,WAVED BLUE FLAG FOR CAR 11 (PER) TIMED AT 15:32:54,26.0,medium
spielberg,2022,11,ZHO,race_control_message,WAVED BLUE FLAG FOR CAR 24 (ZHO) TIMED AT 15:32:55,26.0,medium
spielberg,2022,11,ZHO,race_control_message,WAVED BLUE FLAG FOR CAR 24 (ZHO) TIMED AT 15:33:48,26.0,medium
spielberg,2022,11,SAI,race_control_message,BLACK AND WHITE FLAG FOR CAR 55 (SAI) - TRACK LIMITS,36.0,medium
spielberg,2022,11,LAT,race_control_message,WAVED BLUE FLAG FOR CAR 6 (LAT) TIMED AT 15:45:45,36.0,medium
spielberg,2022,11,ZHO,race_control_message,BLACK AND WHITE FLAG FOR CAR 24 (ZHO) - TRACK LIMITS,37.0,medium
spielberg,2022,11,TSU,race_control_message,WAVED BLUE FLAG FOR CAR 22 (TSU) TIMED AT 15:49:35,40.0,medium
spielberg,2022,11,LAT,race_control_message,WAVED BLUE FLAG FOR CAR 6 (LAT) TIMED AT 15:49:44,40.0,medium
spielberg,2022,11,ZHO,race_control_message,WAVED BLUE FLAG FOR CAR 24 (ZHO) TIMED AT 15:51:40,41.0,medium
spielberg,2022,11,TSU,race_control_message,WAVED BLUE FLAG FOR CAR 22 (TSU) TIMED AT 15:52:47,42.0,medium
spielberg,2022,11,HAM,race_control_message,BLACK AND WHITE FLAG FOR CAR 44 (HAM) - TRACK LIMITS,43.0,medium
spielberg,2022,11,MAG,race_control_message,WAVED BLUE FLAG FOR CAR 20 (MAG) TIMED AT 15:53:30,43.0,medium
spielberg,2022,11,TSU,race_control_message,WAVED BLUE FLAG FOR CAR 22 (TSU) TIMED AT 15:53:32,43.0,medium
spielberg,2022,11,MAG,race_control_message,WAVED BLUE FLAG FOR CAR 20 (MAG) TIMED AT 15:53:39,43.0,medium
spielberg,2022,11,STR,race_control_message,WAVED BLUE FLAG FOR CAR 18 (STR) TIMED AT 15:54:21,44.0,medium
spielberg,2022,11,LAT,race_control_message,WAVED BLUE FLAG FOR CAR 6 (LAT) TIMED AT 15:54:31,44.0,medium
spielberg,2022,11,ZHO,race_control_message,WAVED BLUE FLAG FOR CAR 24 (ZHO) TIMED AT 15:55:09,44.0,medium
spielberg,2022,11,OCO,race_control_message,WAVED BLUE FLAG FOR CAR 31 (OCO) TIMED AT 15:56:35,46.0,medium
spielberg,2022,11,MSC,race_control_message,WAVED BLUE FLAG FOR CAR 47 (MSC) TIMED AT 15:57:21,46.0,medium
spielberg,2022,11,STR,race_control_message,WAVED BLUE FLAG FOR CAR 18 (STR) TIMED AT 15:58:02,47.0,medium
spielberg,2022,11,OCO,race_control_message,WAVED BLUE FLAG FOR CAR 31 (OCO) TIMED AT 16:00:38,49.0,medium
spielberg,2022,11,STR,race_control_message,WAVED BLUE FLAG FOR CAR 18 (STR) TIMED AT 16:01:49,50.0,medium
spielberg,2022,11,BOT,race_control_message,WAVED BLUE FLAG FOR CAR 77 (BOT) TIMED AT 16:04:54,52.0,medium
spielberg,2022,11,BOT,race_control_message,WAVED BLUE FLAG FOR CAR 77 (BOT) TIMED AT 16:05:36,53.0,medium
spielberg,2022,11,ALB,race_control_message,WAVED BLUE FLAG FOR CAR 23 (ALB) TIMED AT 16:05:45,53.0,medium
spielberg,2022,11,ALB,race_control_message,WAVED BLUE FLAG FOR CAR 23 (ALB) TIMED AT 16:05:58,53.0,medium
spielberg,2022,11,MSC,race_control_message,BLACK AND WHITE FLAG FOR CAR 47 (MSC) - TRACK LIMITS,54.0,medium
spielberg,2022,11,BOT,race_control_message,WAVED BLUE FLAG FOR CAR 77 (BOT) TIMED AT 16:07:11,54.0,medium
spielberg,2022,11,ALB,race_control_message,WAVED BLUE FLAG FOR CAR 23 (ALB) TIMED AT 16:07:38,55.0,medium
spielberg,2022,11,RIC,race_control_message,WAVED BLUE FLAG FOR CAR 3 (RIC) TIMED AT 16:08:30,56.0,medium
spielberg,2022,11,BOT,race_control_message,WAVED BLUE FLAG FOR CAR 77 (BOT) TIMED AT 16:13:58,60.0,medium
spielberg,2022,11,ALB,race_control_message,WAVED BLUE FLAG FOR CAR 23 (ALB) TIMED AT 16:14:34,60.0,medium
spielberg,2022,11,BOT,race_control_message,WAVED BLUE FLAG FOR CAR 77 (BOT) TIMED AT 16:15:37,61.0,medium
spielberg,2022,11,ALB,race_control_message,WAVED BLUE FLAG FOR CAR 23 (ALB) TIMED AT 16:16:24,62.0,medium
spielberg,2022,11,STR,race_control_message,BLACK AND WHITE FLAG FOR CAR 18 (STR) - TRACK LIMITS,62.0,medium
spielberg,2022,11,RIC,race_control_message,WAVED BLUE FLAG FOR CAR 3 (RIC) TIMED AT 16:17:38,63.0,medium
spielberg,2022,11,RIC,race_control_message,WAVED BLUE FLAG FOR CAR 3 (RIC) TIMED AT 16:19:00,64.0,medium
spielberg,2022,11,MAG,race_control_message,WAVED BLUE FLAG FOR CAR 20 (MAG) TIMED AT 16:20:27,65.0,medium
spielberg,2022,11,NOR,race_control_message,WAVED BLUE FLAG FOR CAR 4 (NOR) TIMED AT 16:21:50,66.0,medium
spielberg,2022,11,MAG,race_control_message,WAVED BLUE FLAG FOR CAR 20 (MAG) TIMED AT 16:22:00,67.0,medium
spielberg,2022,11,VET,race_control_message,BLACK AND WHITE FLAG FOR CAR 5 (VET) - TRACK LIMITS,68.0,medium
spielberg,2022,11,NOR,race_control_message,WAVED BLUE FLAG FOR CAR 4 (NOR) TIMED AT 16:23:24,68.0,medium
spielberg,2022,11,MSC,race_control_message,WAVED BLUE FLAG FOR CAR 47 (MSC) TIMED AT 16:23:54,68.0,medium
spielberg,2022,11,MSC,race_control_message,WAVED BLUE FLAG FOR CAR 47 (MSC) TIMED AT 16:25:16,69.0,medium
spielberg,2022,11,TSU,race_control_message,WAVED BLUE FLAG FOR CAR 22 (TSU) TIMED AT 16:27:41,71.0,medium
spielberg,2023,9,HAM,race_control_message,BLACK AND WHITE FLAG FOR CAR 44 (HAM) - TRACK LIMITS,12.0,medium
spielberg,2023,9,TSU,race_control_message,BLACK AND WHITE FLAG FOR CAR 22 (TSU) - TRACK LIMITS,15.0,medium
spielberg,2023,9,HUL,race_control_message,BLACK AND WHITE FLAG FOR CAR 27 (HUL) - TRACK LIMITS,20.0,medium
spielberg,2023,9,SAI,race_control_message,BLACK AND WHITE FLAG FOR CAR 55 (SAI) - TRACK LIMITS,22.0,medium
spielberg,2023,9,ALB,race_control_message,BLACK AND WHITE FLAG FOR CAR 23 (ALB) - TRACK LIMITS,32.0,medium
spielberg,2023,9,GAS,race_control_message,BLACK AND WHITE FLAG FOR CAR 10 (GAS) - TRACK LIMITS,32.0,medium
spielberg,2023,9,PIA,race_control_message,WAVED BLUE FLAG FOR CAR 81 (PIA) TIMED AT 15:46:27,36.0,medium
spielberg,2023,9,PIA,race_control_message,WAVED BLUE FLAG FOR CAR 81 (PIA) TIMED AT 15:46:59,36.0,medium
spielberg,2023,9,STR,race_control_message,BLACK AND WHITE FLAG FOR CAR 18 (STR) - TRACK LIMITS,36.0,medium
spielberg,2023,9,BOT,race_control_message,WAVED BLUE FLAG FOR CAR 77 (BOT) TIMED AT 15:47:57,37.0,medium
spielberg,2023,9,TSU,race_control_message,WAVED BLUE FLAG FOR CAR 22 (TSU) TIMED AT 15:49:39,38.0,medium
spielberg,2023,9,BOT,race_control_message,WAVED BLUE FLAG FOR CAR 77 (BOT) TIMED AT 15:52:32,41.0,medium
spielberg,2023,9,PIA,race_control_message,WAVED BLUE FLAG FOR CAR 81 (PIA) TIMED AT 15:54:31,43.0,medium
spielberg,2023,9,TSU,race_control_message,WAVED BLUE FLAG FOR CAR 22 (TSU) TIMED AT 15:55:44,44.0,medium
spielberg,2023,9,BOT,race_control_message,WAVED BLUE FLAG FOR CAR 77 (BOT) TIMED AT 15:56:23,44.0,medium
spielberg,2023,9,MAG,race_control_message,BLACK AND WHITE FLAG FOR CAR 20 (MAG) - TRACK LIMITS,47.0,medium
spielberg,2023,9,MAG,race_control_message,WAVED BLUE FLAG FOR CAR 20 (MAG) TIMED AT 16:00:35,48.0,medium
spielberg,2023,9,BOT,race_control_message,WAVED BLUE FLAG FOR CAR 77 (BOT) TIMED AT 16:02:13,49.0,medium
spielberg,2023,9,SAR,race_control_message,WAVED BLUE FLAG FOR CAR 2 (SAR) TIMED AT 16:03:01,50.0,medium
spielberg,2023,9,OCO,race_control_message,WAVED BLUE FLAG FOR CAR 31 (OCO) TIMED AT 16:05:09,51.0,medium
spielberg,2023,9,MAG,race_control_message,WAVED BLUE FLAG FOR CAR 20 (MAG) TIMED AT 16:06:30,53.0,medium
spielberg,2023,9,PIA,race_control_message,WAVED BLUE FLAG FOR CAR 81 (PIA) TIMED AT 16:07:10,53.0,medium
spielberg,2023,9,PIA,race_control_message,WAVED BLUE FLAG FOR CAR 81 (PIA) TIMED AT 16:07:24,53.0,medium
spielberg,2023,9,PIA,race_control_message,WAVED BLUE FLAG FOR CAR 81 (PIA) TIMED AT 16:07:46,54.0,medium
spielberg,2023,9,TSU,race_control_message,WAVED BLUE FLAG FOR CAR 22 (TSU) TIMED AT 16:08:38,55.0,medium
spielberg,2023,9,TSU,race_control_message,WAVED BLUE FLAG FOR CAR 22 (TSU) TIMED AT 16:09:40,55.0,medium
spielberg,2023,9,BOT,race_control_message,WAVED BLUE FLAG FOR CAR 77 (BOT) TIMED AT 16:10:08,56.0,medium
spielberg,2023,9,DEV,race_control_message,WAVED BLUE FLAG FOR CAR 21 (DEV) TIMED AT 16:11:40,57.0,medium
spielberg,2023,9,ALB,race_control_message,WAVED BLUE FLAG FOR CAR 23 (ALB) TIMED AT 16:12:24,58.0,medium
spielberg,2023,9,MAG,race_control_message,WAVED BLUE FLAG FOR CAR 20 (MAG) TIMED AT 16:12:42,58.0,medium
spielberg,2023,9,MAG,race_control_message,WAVED BLUE FLAG FOR CAR 20 (MAG) TIMED AT 16:13:18,59.0,medium
spielberg,2023,9,ZHO,race_control_message,WAVED BLUE FLAG FOR CAR 24 (ZHO) TIMED AT 16:13:52,59.0,medium
spielberg,2023,9,SAR,race_control_message,BLACK AND WHITE FLAG FOR CAR 2 (SAR) - TRACK LIMITS,59.0,medium
spielberg,2023,9,SAR,race_control_message,WAVED BLUE FLAG FOR CAR 2 (SAR) TIMED AT 16:16:51,62.0,medium
spielberg,2023,9,PIA,race_control_message,WAVED BLUE FLAG FOR CAR 81 (PIA) TIMED AT 16:17:07,62.0,medium
spielberg,2023,9,TSU,race_control_message,WAVED BLUE FLAG FOR CAR 22 (TSU) TIMED AT 16:17:36,62.0,medium
spielberg,2023,9,OCO,race_control_message,BLACK AND WHITE FLAG FOR CAR 31 (OCO) - TRACK LIMITS,63.0,medium
spielberg,2023,9,BOT,race_control_message,WAVED BLUE FLAG FOR CAR 77 (BOT) TIMED AT 16:19:06,64.0,medium
spielberg,2023,9,MAG,race_control_message,WAVED BLUE FLAG FOR CAR 20 (MAG) TIMED AT 16:19:27,64.0,medium
spielberg,2023,9,OCO,race_control_message,WAVED BLUE FLAG FOR CAR 31 (OCO) TIMED AT 16:20:21,65.0,medium
spielberg,2023,9,PIA,race_control_message,WAVED BLUE FLAG FOR CAR 81 (PIA) TIMED AT 16:20:33,65.0,medium
spielberg,2023,9,DEV,race_control_message,WAVED BLUE FLAG FOR CAR 21 (DEV) TIMED AT 16:20:39,65.0,medium
spielberg,2023,9,GAS,race_control_message,WAVED BLUE FLAG FOR CAR 10 (GAS) TIMED AT 16:20:42,65.0,medium
spielberg,2023,9,TSU,race_control_message,WAVED BLUE FLAG FOR CAR 22 (TSU) TIMED AT 16:21:07,65.0,medium
spielberg,2023,9,BOT,race_control_message,WAVED BLUE FLAG FOR CAR 77 (BOT) TIMED AT 16:21:48,66.0,medium
spielberg,2023,9,DEV,race_control_message,WAVED BLUE FLAG FOR CAR 21 (DEV) TIMED AT 16:21:50,66.0,medium
spielberg,2023,9,MAG,race_control_message,WAVED BLUE FLAG FOR CAR 20 (MAG) TIMED AT 16:22:20,67.0,medium
spielberg,2023,9,ZHO,race_control_message,WAVED BLUE FLAG FOR CAR 24 (ZHO) TIMED AT 16:23:17,67.0,medium
spielberg,2023,9,DEV,race_control_message,WAVED BLUE FLAG FOR CAR 21 (DEV) TIMED AT 16:23:23,67.0,medium
spielberg,2023,9,ZHO,race_control_message,WAVED BLUE FLAG FOR CAR 24 (ZHO) TIMED AT 16:25:32,69.0,medium
spielberg,2023,9,PER,race_control_message,BLACK AND WHITE FLAG FOR CAR 11 (PER) - TRACK LIMITS,70.0,medium
spielberg,2023,9,MAG,race_control_message,WAVED BLUE FLAG FOR CAR 20 (MAG) TIMED AT 16:26:47,70.0,medium
spielberg,2023,9,ALB,race_control_message,WAVED BLUE FLAG FOR CAR 23 (ALB) TIMED AT 16:28:15,71.0,medium
spielberg,2023,9,SAR,race_control_message,WAVED BLUE FLAG FOR CAR 2 (SAR) TIMED AT 16:28:21,71.0,medium
spielberg,2023,9,DEV,race_control_message,WAVED BLUE FLAG FOR CAR 21 (DEV) TIMED AT 16:28:26,71.0,medium
spielberg,2024,11,SAR,race_control_message,WAVED BLUE FLAG FOR CAR 2 (SAR) TIMED AT 15:24:38,19.0,medium
spielberg,2024,11,SAR,race_control_message,WAVED BLUE FLAG FOR CAR 2 (SAR) TIMED AT 15:24:52,19.0,medium
spielberg,2024,11,SAR,race_control_message,WAVED BLUE FLAG FOR CAR 2 (SAR) TIMED AT 15:27:46,21.0,medium
spielberg,2024,11,SAR,race_control_message,WAVED BLUE FLAG FOR CAR 2 (SAR) TIMED AT 15:30:46,24.0,medium
spielberg,2024,11,SAR,race_control_message,WAVED BLUE FLAG FOR CAR 2 (SAR) TIMED AT 15:31:18,24.0,medium
spielberg,2024,11,SAR,race_control_message,WAVED BLUE FLAG FOR CAR 2 (SAR) TIMED AT 15:33:27,26.0,medium
spielberg,2024,11,SAR,race_control_message,WAVED BLUE FLAG FOR CAR 2 (SAR) TIMED AT 15:34:18,27.0,medium
spielberg,2024,11,SAR,race_control_message,WAVED BLUE FLAG FOR CAR 2 (SAR) TIMED AT 15:37:38,30.0,medium
spielberg,2024,11,ZHO,race_control_message,WAVED BLUE FLAG FOR CAR 24 (ZHO) TIMED AT 15:40:58,33.0,medium
spielberg,2024,11,SAR,race_control_message,WAVED BLUE FLAG FOR CAR 2 (SAR) TIMED AT 15:42:33,34.0,medium
spielberg,2024,11,ZHO,race_control_message,WAVED BLUE FLAG FOR CAR 24 (ZHO) TIMED AT 15:45:29,36.0,medium
spielberg,2024,11,ZHO,race_control_message,WAVED BLUE FLAG FOR CAR 24 (ZHO) TIMED AT 15:45:41,37.0,medium
spielberg,2024,11,ZHO,race_control_message,WAVED BLUE FLAG FOR CAR 24 (ZHO) TIMED AT 15:47:54,38.0,medium
spielberg,2024,11,HUL,race_control_message,WAVED BLUE FLAG FOR CAR 27 (HUL) TIMED AT 15:51:22,41.0,medium
spielberg,2024,11,HUL,race_control_message,WAVED BLUE FLAG FOR CAR 27 (HUL) TIMED AT 15:51:33,42.0,medium
spielberg,2024,11,ZHO,race_control_message,WAVED BLUE FLAG FOR CAR 24 (ZHO) TIMED AT 15:52:04,42.0,medium
spielberg,2024,11,ZHO,race_control_message,WAVED BLUE FLAG FOR CAR 24 (ZHO) TIMED AT 15:52:33,42.0,medium
spielberg,2024,11,BOT,race_control_message,WAVED BLUE FLAG FOR CAR 77 (BOT) TIMED AT 15:53:04,43.0,medium
spielberg,2024,11,BOT,race_control_message,WAVED BLUE FLAG FOR CAR 77 (BOT) TIMED AT 15:54:20,44.0,medium
spielberg,2024,11,LEC,race_control_message,WAVED BLUE FLAG FOR CAR 16 (LEC) TIMED AT 15:54:29,44.0,medium
spielberg,2024,11,STR,race_control_message,WAVED BLUE FLAG FOR CAR 18 (STR) TIMED AT 15:55:27,45.0,medium
spielberg,2024,11,BOT,race_control_message,WAVED BLUE FLAG FOR CAR 77 (BOT) TIMED AT 15:56:01,45.0,medium
spielberg,2024,11,TSU,race_control_message,WAVED BLUE FLAG FOR CAR 22 (TSU) TIMED AT 15:56:38,46.0,medium
spielberg,2024,11,STR,race_control_message,WAVED BLUE FLAG FOR CAR 18 (STR) TIMED AT 15:57:00,46.0,medium
spielberg,2024,11,BOT,race_control_message,WAVED BLUE FLAG FOR CAR 77 (BOT) TIMED AT 15:57:03,46.0,medium
spielberg,2024,11,TSU,race_control_message,WAVED BLUE FLAG FOR CAR 22 (TSU) TIMED AT 15:57:35,47.0,medium
spielberg,2024,11,ZHO,race_control_message,WAVED BLUE FLAG FOR CAR 24 (ZHO) TIMED AT 16:02:56,51.0,medium
spielberg,2024,11,ALO,race_control_message,WAVED BLUE FLAG FOR CAR 14 (ALO) TIMED AT 16:03:47,52.0,medium
spielberg,2024,11,BOT,race_control_message,WAVED BLUE FLAG FOR CAR 77 (BOT) TIMED AT 16:04:33,52.0,medium
spielberg,2024,11,ZHO,race_control_message,WAVED BLUE FLAG FOR CAR 24 (ZHO) TIMED AT 16:04:46,52.0,medium
spielberg,2024,11,ALO,race_control_message,WAVED BLUE FLAG FOR CAR 14 (ALO) TIMED AT 16:04:55,53.0,medium
spielberg,2024,11,TSU,race_control_message,WAVED BLUE FLAG FOR CAR 22 (TSU) TIMED AT 16:05:40,53.0,medium
spielberg,2024,11,TSU,race_control_message,WAVED BLUE FLAG FOR CAR 22 (TSU) TIMED AT 16:06:02,54.0,medium
spielberg,2024,11,ALB,race_control_message,WAVED BLUE FLAG FOR CAR 23 (ALB) TIMED AT 16:07:58,55.0,medium
spielberg,2024,11,STR,race_control_message,WAVED BLUE FLAG FOR CAR 18 (STR) TIMED AT 16:08:19,56.0,medium
spielberg,2024,11,NOR,race_control_message,BLACK AND WHITE FLAG FOR CAR 4 (NOR) - TRACK LIMITS,57.0,medium
spielberg,2024,11,ALO,race_control_message,WAVED BLUE FLAG FOR CAR 14 (ALO) TIMED AT 16:10:48,58.0,medium
spielberg,2024,11,SAR,race_control_message,WAVED BLUE FLAG FOR CAR 2 (SAR) TIMED AT 16:11:51,59.0,medium
spielberg,2024,11,BOT,race_control_message,WAVED BLUE FLAG FOR CAR 77 (BOT) TIMED AT 16:11:52,59.0,medium
spielberg,2024,11,ALO,race_control_message,WAVED BLUE FLAG FOR CAR 14 (ALO) TIMED AT 16:12:06,59.0,medium
spielberg,2024,11,ALO,race_control_message,WAVED BLUE FLAG FOR CAR 14 (ALO) TIMED AT 16:12:52,59.0,medium
spielberg,2024,11,BOT,race_control_message,WAVED BLUE FLAG FOR CAR 77 (BOT) TIMED AT 16:13:21,60.0,medium
spielberg,2024,11,BOT,race_control_message,WAVED BLUE FLAG FOR CAR 77 (BOT) TIMED AT 16:14:01,60.0,medium
spielberg,2024,11,OCO,race_control_message,WAVED BLUE FLAG FOR CAR 31 (OCO) TIMED AT 16:15:06,61.0,medium
spielberg,2024,11,TSU,race_control_message,WAVED BLUE FLAG FOR CAR 22 (TSU) TIMED AT 16:16:00,62.0,medium
spielberg,2024,11,GAS,race_control_message,WAVED BLUE FLAG FOR CAR 10 (GAS) TIMED AT 16:17:41,64.0,medium
spielberg,2024,11,OCO,race_control_message,WAVED BLUE FLAG FOR CAR 31 (OCO) TIMED AT 16:18:06,64.0,medium
spielberg,2024,11,TSU,race_control_message,WAVED BLUE FLAG FOR CAR 22 (TSU) TIMED AT 16:18:16,64.0,medium
spielberg,2024,11,SAR,race_control_message,WAVED BLUE FLAG FOR CAR 2 (SAR) TIMED AT 16:18:19,64.0,medium
spielberg,2024,11,STR,race_control_message,WAVED BLUE FLAG FOR CAR 18 (STR) TIMED AT 16:18:35,64.0,medium
spielberg,2024,11,ALB,race_control_message,WAVED BLUE FLAG FOR CAR 23 (ALB) TIMED AT 16:18:40,64.0,medium
spielberg,2024,11,SAR,race_control_message,WAVED BLUE FLAG FOR CAR 2 (SAR) TIMED AT 16:18:40,64.0,medium
spielberg,2024,11,TSU,race_control_message,WAVED BLUE FLAG FOR CAR 22 (TSU) TIMED AT 16:18:57,64.0,medium
spielberg,2024,11,ALB,race_control_message,WAVED BLUE FLAG FOR CAR 23 (ALB) TIMED AT 16:20:05,65.0,medium
spielberg,2024,11,STR,race_control_message,WAVED BLUE FLAG FOR CAR 18 (STR) TIMED AT 16:20:14,66.0,medium
spielberg,2024,11,ALB,race_control_message,WAVED BLUE FLAG FOR CAR 23 (ALB) TIMED AT 16:21:22,66.0,medium
spielberg,2024,11,STR,race_control_message,WAVED BLUE FLAG FOR CAR 18 (STR) TIMED AT 16:21:29,66.0,medium
spielberg,2024,11,ALO,race_control_message,WAVED BLUE FLAG FOR CAR 14 (ALO) TIMED AT 16:22:36,67.0,medium
spielberg,2024,11,STR,race_control_message,WAVED BLUE FLAG FOR CAR 18 (STR) TIMED AT 16:22:46,68.0,medium
spielberg,2024,11,STR,race_control_message,WAVED BLUE FLAG FOR CAR 18 (STR) TIMED AT 16:23:20,68.0,medium
spielberg,2024,11,SAR,race_control_message,WAVED BLUE FLAG FOR CAR 2 (SAR) TIMED AT 16:24:48,69.0,medium
spielberg,2024,11,SAR,race_control_message,WAVED BLUE FLAG FOR CAR 2 (SAR) TIMED AT 16:25:04,69.0,medium
spielberg,2024,11,SAR,race_control_message,WAVED BLUE FLAG FOR CAR 2 (SAR) TIMED AT 16:26:02,70.0,medium
spielberg,2025,11,COL,race_control_message,WAVED BLUE FLAG FOR CAR 43 (COL) TIMED AT 16:06:21,40.0,medium
spielberg,2025,11,STR,race_control_message,WAVED BLUE FLAG FOR CAR 18 (STR) TIMED AT 16:07:46,41.0,medium
spielberg,2025,11,STR,race_control_message,WAVED BLUE FLAG FOR CAR 18 (STR) TIMED AT 16:07:51,41.0,medium
spielberg,2025,11,STR,race_control_message,WAVED BLUE FLAG FOR CAR 18 (STR) TIMED AT 16:07:55,41.0,medium
spielberg,2025,11,STR,race_control_message,WAVED BLUE FLAG FOR CAR 18 (STR) TIMED AT 16:10:03,43.0,medium
spielberg,2025,11,HUL,race_control_message,WAVED BLUE FLAG FOR CAR 27 (HUL) TIMED AT 16:13:41,46.0,medium
spielberg,2025,11,HUL,race_control_message,WAVED BLUE FLAG FOR CAR 27 (HUL) TIMED AT 16:13:54,47.0,medium
spielberg,2025,11,HUL,race_control_message,WAVED BLUE FLAG FOR CAR 27 (HUL) TIMED AT 16:14:06,47.0,medium
spielberg,2025,11,TSU,race_control_message,WAVED BLUE FLAG FOR CAR 22 (TSU) TIMED AT 16:15:02,48.0,medium
spielberg,2025,11,BOR,race_control_message,WAVED BLUE FLAG FOR CAR 5 (BOR) TIMED AT 16:18:41,51.0,medium
spielberg,2025,11,COL,race_control_message,WAVED BLUE FLAG FOR CAR 43 (COL) TIMED AT 16:22:30,54.0,medium
spielberg,2025,11,TSU,race_control_message,WAVED BLUE FLAG FOR CAR 22 (TSU) TIMED AT 16:22:46,54.0,medium
spielberg,2025,11,STR,race_control_message,WAVED BLUE FLAG FOR CAR 18 (STR) TIMED AT 16:23:20,54.0,medium
spielberg,2025,11,GAS,race_control_message,WAVED BLUE FLAG FOR CAR 10 (GAS) TIMED AT 16:24:05,55.0,medium
spielberg,2025,11,GAS,race_control_message,WAVED BLUE FLAG FOR CAR 10 (GAS) TIMED AT 16:25:36,56.0,medium
spielberg,2025,11,BEA,race_control_message,WAVED BLUE FLAG FOR CAR 87 (BEA) TIMED AT 16:27:17,58.0,medium
spielberg,2025,11,TSU,race_control_message,WAVED BLUE FLAG FOR CAR 22 (TSU) TIMED AT 16:27:57,58.0,medium
spielberg,2025,11,BEA,race_control_message,WAVED BLUE FLAG FOR CAR 87 (BEA) TIMED AT 16:28:04,59.0,medium
spielberg,2025,11,STR,race_control_message,WAVED BLUE FLAG FOR CAR 18 (STR) TIMED AT 16:28:20,59.0,medium
spielberg,2025,11,COL,race_control_message,WAVED BLUE FLAG FOR CAR 43 (COL) TIMED AT 16:29:20,60.0,medium
spielberg,2025,11,COL,race_control_message,WAVED BLUE FLAG FOR CAR 43 (COL) TIMED AT 16:29:26,60.0,medium
spielberg,2025,11,HAD,race_control_message,WAVED BLUE FLAG FOR CAR 6 (HAD) TIMED AT 16:29:48,60.0,medium
spielberg,2025,11,HAD,race_control_message,WAVED BLUE FLAG FOR CAR 6 (HAD) TIMED AT 16:30:20,61.0,medium
spielberg,2025,11,OCO,race_control_message,WAVED BLUE FLAG FOR CAR 31 (OCO) TIMED AT 16:31:51,62.0,medium
spielberg,2025,11,OCO,race_control_message,WAVED BLUE FLAG FOR CAR 31 (OCO) TIMED AT 16:32:16,62.0,medium
spielberg,2025,11,TSU,race_control_message,WAVED BLUE FLAG FOR CAR 22 (TSU) TIMED AT 16:32:32,62.0,medium
spielberg,2025,11,GAS,race_control_message,WAVED BLUE FLAG FOR CAR 10 (GAS) TIMED AT 16:33:32,63.0,medium
spielberg,2025,11,HUL,race_control_message,WAVED BLUE FLAG FOR CAR 27 (HUL) TIMED AT 16:34:09,64.0,medium
spielberg,2025,11,HUL,race_control_message,WAVED BLUE FLAG FOR CAR 27 (HUL) TIMED AT 16:34:38,64.0,medium
spielberg,2025,11,COL,race_control_message,WAVED BLUE FLAG FOR CAR 43 (COL) TIMED AT 16:35:03,65.0,medium
spielberg,2025,11,COL,race_control_message,WAVED BLUE FLAG FOR CAR 43 (COL) TIMED AT 16:35:24,65.0,medium
spielberg,2025,11,TSU,race_control_message,WAVED BLUE FLAG FOR CAR 22 (TSU) TIMED AT 16:37:00,66.0,medium
spielberg,2025,11,HAD,race_control_message,WAVED BLUE FLAG FOR CAR 6 (HAD) TIMED AT 16:38:10,67.0,medium
spielberg,2025,11,BEA,race_control_message,WAVED BLUE FLAG FOR CAR 87 (BEA) TIMED AT 16:38:35,68.0,medium
spielberg,2025,11,BEA,race_control_message,WAVED BLUE FLAG FOR CAR 87 (BEA) TIMED AT 16:38:40,68.0,medium
spielberg,2025,11,GAS,race_control_message,WAVED BLUE FLAG FOR CAR 10 (GAS) TIMED AT 16:39:14,68.0,medium
spielberg,2025,11,TSU,race_control_message,WAVED BLUE FLAG FOR CAR 22 (TSU) TIMED AT 16:39:19,68.0,medium
spielberg,2025,11,GAS,race_control_message,WAVED BLUE FLAG FOR CAR 10 (GAS) TIMED AT 16:39:20,68.0,medium
spielberg,2025,11,TSU,race_control_message,WAVED BLUE FLAG FOR CAR 22 (TSU) TIMED AT 16:39:26,68.0,medium
spielberg,2025,11,TSU,race_control_message,WAVED BLUE FLAG FOR CAR 22 (TSU) TIMED AT 16:39:40,69.0,medium
spielberg,2025,11,BOR,race_control_message,WAVED BLUE FLAG FOR CAR 5 (BOR) TIMED AT 16:40:18,69.0,medium
spielberg,2025,11,ALO,race_control_message,WAVED BLUE FLAG FOR CAR 14 (ALO) TIMED AT 16:40:29,69.0,medium
spielberg,2025,11,BOR,race_control_message,WAVED BLUE FLAG FOR CAR 5 (BOR) TIMED AT 16:40:33,69.0,medium
spielberg,2025,11,HAD,race_control_message,WAVED BLUE FLAG FOR CAR 6 (HAD) TIMED AT 16:42:10,70.0,medium
spielberg,2026,8,STR,race_control_message,WAVED BLUE FLAG FOR CAR 18 (STR) TIMED AT 15:31:16,23.0,medium
spielberg,2026,8,STR,race_control_message,WAVED BLUE FLAG FOR CAR 18 (STR) TIMED AT 15:31:29,24.0,medium
spielberg,2026,8,ALO,race_control_message,WAVED BLUE FLAG FOR CAR 14 (ALO) TIMED AT 15:35:42,26.0,medium
spielberg,2026,8,STR,race_control_message,WAVED BLUE FLAG FOR CAR 18 (STR) TIMED AT 15:35:42,26.0,medium
spielberg,2026,8,STR,race_control_message,WAVED BLUE FLAG FOR CAR 18 (STR) TIMED AT 15:35:51,27.0,medium
spielberg,2026,8,STR,race_control_message,WAVED BLUE FLAG FOR CAR 18 (STR) TIMED AT 15:36:54,27.0,medium
spielberg,2026,8,STR,race_control_message,WAVED BLUE FLAG FOR CAR 18 (STR) TIMED AT 15:37:20,28.0,medium
spielberg,2026,8,ALO,race_control_message,WAVED BLUE FLAG FOR CAR 14 (ALO) TIMED AT 15:38:02,28.0,medium
spielberg,2026,8,ALO,race_control_message,WAVED BLUE FLAG FOR CAR 14 (ALO) TIMED AT 15:39:23,30.0,medium
spielberg,2026,8,STR,race_control_message,WAVED BLUE FLAG FOR CAR 18 (STR) TIMED AT 15:39:41,30.0,medium
spielberg,2026,8,ALB,race_control_message,WAVED BLUE FLAG FOR CAR 23 (ALB) TIMED AT 15:41:35,31.0,medium
spielberg,2026,8,COL,race_control_message,WAVED BLUE FLAG FOR CAR 43 (COL) TIMED AT 15:42:07,32.0,medium
spielberg,2026,8,ALO,race_control_message,WAVED BLUE FLAG FOR CAR 14 (ALO) TIMED AT 15:42:32,32.0,medium
spielberg,2026,8,ALB,race_control_message,WAVED BLUE FLAG FOR CAR 23 (ALB) TIMED AT 15:43:22,33.0,medium
spielberg,2026,8,COL,race_control_message,WAVED BLUE FLAG FOR CAR 43 (COL) TIMED AT 15:44:19,34.0,medium
spielberg,2026,8,OCO,race_control_message,WAVED BLUE FLAG FOR CAR 31 (OCO) TIMED AT 15:44:30,34.0,medium
spielberg,2026,8,COL,race_control_message,WAVED BLUE FLAG FOR CAR 43 (COL) TIMED AT 15:44:39,34.0,medium
spielberg,2026,8,ALB,race_control_message,WAVED BLUE FLAG FOR CAR 23 (ALB) TIMED AT 15:47:10,36.0,medium
spielberg,2026,8,BEA,race_control_message,WAVED BLUE FLAG FOR CAR 87 (BEA) TIMED AT 15:48:58,38.0,medium
spielberg,2026,8,BEA,race_control_message,WAVED BLUE FLAG FOR CAR 87 (BEA) TIMED AT 15:49:04,38.0,medium
spielberg,2026,8,COL,race_control_message,WAVED BLUE FLAG FOR CAR 43 (COL) TIMED AT 15:49:07,38.0,medium
spielberg,2026,8,STR,race_control_message,WAVED BLUE FLAG FOR CAR 18 (STR) TIMED AT 15:49:32,38.0,medium
spielberg,2026,8,BEA,race_control_message,WAVED BLUE FLAG FOR CAR 87 (BEA) TIMED AT 15:49:46,38.0,medium
spielberg,2026,8,ALB,race_control_message,WAVED BLUE FLAG FOR CAR 23 (ALB) TIMED AT 15:50:16,39.0,medium
spielberg,2026,8,ALO,race_control_message,WAVED BLUE FLAG FOR CAR 14 (ALO) TIMED AT 15:50:19,39.0,medium
spielberg,2026,8,STR,race_control_message,WAVED BLUE FLAG FOR CAR 18 (STR) TIMED AT 15:50:42,39.0,medium
spielberg,2026,8,ALB,race_control_message,WAVED BLUE FLAG FOR CAR 23 (ALB) TIMED AT 15:50:44,39.0,medium
spielberg,2026,8,ALB,race_control_message,WAVED BLUE FLAG FOR CAR 23 (ALB) TIMED AT 15:51:02,39.0,medium
spielberg,2026,8,STR,race_control_message,WAVED BLUE FLAG FOR CAR 18 (STR) TIMED AT 15:51:14,39.0,medium
spielberg,2026,8,ALO,race_control_message,WAVED BLUE FLAG FOR CAR 14 (ALO) TIMED AT 15:52:56,41.0,medium
spielberg,2026,8,BEA,race_control_message,WAVED BLUE FLAG FOR CAR 87 (BEA) TIMED AT 15:53:33,41.0,medium
spielberg,2026,8,ALB,race_control_message,WAVED BLUE FLAG FOR CAR 23 (ALB) TIMED AT 15:53:52,42.0,medium
spielberg,2026,8,COL,race_control_message,WAVED BLUE FLAG FOR CAR 43 (COL) TIMED AT 15:53:57,42.0,medium
spielberg,2026,8,STR,race_control_message,WAVED BLUE FLAG FOR CAR 18 (STR) TIMED AT 15:53:58,42.0,medium
spielberg,2026,8,COL,race_control_message,WAVED BLUE FLAG FOR CAR 43 (COL) TIMED AT 15:54:03,42.0,medium
spielberg,2026,8,COL,race_control_message,WAVED BLUE FLAG FOR CAR 43 (COL) TIMED AT 15:54:31,42.0,medium
spielberg,2026,8,OCO,race_control_message,WAVED BLUE FLAG FOR CAR 31 (OCO) TIMED AT 15:55:35,43.0,medium
spielberg,2026,8,OCO,race_control_message,WAVED BLUE FLAG FOR CAR 31 (OCO) TIMED AT 15:56:34,44.0,medium
spielberg,2026,8,COL,race_control_message,WAVED BLUE FLAG FOR CAR 43 (COL) TIMED AT 15:56:55,44.0,medium
spielberg,2026,8,OCO,race_control_message,WAVED BLUE FLAG FOR CAR 31 (OCO) TIMED AT 15:57:16,44.0,medium
spielberg,2026,8,BEA,race_control_message,WAVED BLUE FLAG FOR CAR 87 (BEA) TIMED AT 15:59:15,46.0,medium
spielberg,2026,8,HUL,race_control_message,WAVED BLUE FLAG FOR CAR 27 (HUL) TIMED AT 15:59:39,46.0,medium
spielberg,2026,8,HUL,race_control_message,WAVED BLUE FLAG FOR CAR 27 (HUL) TIMED AT 16:00:07,47.0,medium
spielberg,2026,8,STR,race_control_message,WAVED BLUE FLAG FOR CAR 18 (STR) TIMED AT 16:00:30,47.0,medium
spielberg,2026,8,HUL,race_control_message,WAVED BLUE FLAG FOR CAR 27 (HUL) TIMED AT 16:00:32,47.0,medium
spielberg,2026,8,HUL,race_control_message,WAVED BLUE FLAG FOR CAR 27 (HUL) TIMED AT 16:00:39,47.0,medium
spielberg,2026,8,STR,race_control_message,WAVED BLUE FLAG FOR CAR 18 (STR) TIMED AT 16:00:45,47.0,medium
spielberg,2026,8,STR,race_control_message,WAVED BLUE FLAG FOR CAR 18 (STR) TIMED AT 16:00:52,47.0,medium
spielberg,2026,8,OCO,race_control_message,WAVED BLUE FLAG FOR CAR 31 (OCO) TIMED AT 16:01:50,48.0,medium
spielberg,2026,8,GAS,race_control_message,WAVED BLUE FLAG FOR CAR 10 (GAS) TIMED AT 16:02:01,48.0,medium
spielberg,2026,8,GAS,race_control_message,WAVED BLUE FLAG FOR CAR 10 (GAS) TIMED AT 16:02:11,48.0,medium
spielberg,2026,8,ALO,race_control_message,WAVED BLUE FLAG FOR CAR 14 (ALO) TIMED AT 16:03:06,49.0,medium
spielberg,2026,8,ALO,race_control_message,WAVED BLUE FLAG FOR CAR 14 (ALO) TIMED AT 16:03:25,49.0,medium
spielberg,2026,8,ALO,race_control_message,WAVED BLUE FLAG FOR CAR 14 (ALO) TIMED AT 16:03:31,50.0,medium
spielberg,2026,8,ALO,race_control_message,WAVED BLUE FLAG FOR CAR 14 (ALO) TIMED AT 16:03:52,50.0,medium
spielberg,2026,8,ALO,race_control_message,WAVED BLUE FLAG FOR CAR 14 (ALO) TIMED AT 16:04:18,50.0,medium
spielberg,2026,8,BOR,race_control_message,WAVED BLUE FLAG FOR CAR 5 (BOR) TIMED AT 16:04:32,50.0,medium
spielberg,2026,8,BEA,race_control_message,WAVED BLUE FLAG FOR CAR 87 (BEA) TIMED AT 16:04:42,51.0,medium
spielberg,2026,8,HUL,race_control_message,WAVED BLUE FLAG FOR CAR 27 (HUL) TIMED AT 16:04:46,51.0,medium
spielberg,2026,8,ALO,race_control_message,WAVED BLUE FLAG FOR CAR 14 (ALO) TIMED AT 16:05:44,51.0,medium
spielberg,2026,8,ALO,race_control_message,WAVED BLUE FLAG FOR CAR 14 (ALO) TIMED AT 16:05:50,51.0,medium
spielberg,2026,8,ALO,race_control_message,WAVED BLUE FLAG FOR CAR 14 (ALO) TIMED AT 16:06:26,52.0,medium
spielberg,2026,8,ALO,race_control_message,WAVED BLUE FLAG FOR CAR 14 (ALO) TIMED AT 16:06:53,52.0,medium
spielberg,2026,8,GAS,race_control_message,WAVED BLUE FLAG FOR CAR 10 (GAS) TIMED AT 16:07:48,53.0,medium
spielberg,2026,8,ALO,race_control_message,WAVED BLUE FLAG FOR CAR 14 (ALO) TIMED AT 16:07:48,53.0,medium
spielberg,2026,8,HUL,race_control_message,WAVED BLUE FLAG FOR CAR 27 (HUL) TIMED AT 16:08:24,53.0,medium
spielberg,2026,8,HUL,race_control_message,WAVED BLUE FLAG FOR CAR 27 (HUL) TIMED AT 16:08:33,54.0,medium
spielberg,2026,8,GAS,race_control_message,WAVED BLUE FLAG FOR CAR 10 (GAS) TIMED AT 16:08:50,54.0,medium
spielberg,2026,8,HUL,race_control_message,WAVED BLUE FLAG FOR CAR 27 (HUL) TIMED AT 16:09:13,54.0,medium
spielberg,2026,8,LIN,race_control_message,WAVED BLUE FLAG FOR CAR 41 (LIN) TIMED AT 16:10:26,55.0,medium
spielberg,2026,8,BOR,race_control_message,WAVED BLUE FLAG FOR CAR 5 (BOR) TIMED AT 16:12:27,57.0,medium
spielberg,2026,8,GAS,race_control_message,WAVED BLUE FLAG FOR CAR 10 (GAS) TIMED AT 16:13:20,58.0,medium
spielberg,2026,8,HUL,race_control_message,WAVED BLUE FLAG FOR CAR 27 (HUL) TIMED AT 16:13:33,58.0,medium
spielberg,2026,8,LAW,race_control_message,WAVED BLUE FLAG FOR CAR 30 (LAW) TIMED AT 16:13:36,58.0,medium
spielberg,2026,8,HUL,race_control_message,WAVED BLUE FLAG FOR CAR 27 (HUL) TIMED AT 16:13:39,58.0,medium
spielberg,2026,8,LAW,race_control_message,WAVED BLUE FLAG FOR CAR 30 (LAW) TIMED AT 16:13:46,58.0,medium
spielberg,2026,8,BOR,race_control_message,WAVED BLUE FLAG FOR CAR 5 (BOR) TIMED AT 16:14:43,59.0,medium
spielberg,2026,8,GAS,race_control_message,WAVED BLUE FLAG FOR CAR 10 (GAS) TIMED AT 16:16:01,60.0,medium
spielberg,2026,8,LIN,race_control_message,WAVED BLUE FLAG FOR CAR 41 (LIN) TIMED AT 16:17:34,61.0,medium
spielberg,2026,8,COL,race_control_message,WAVED BLUE FLAG FOR CAR 43 (COL) TIMED AT 16:18:06,62.0,medium
spielberg,2026,8,HUL,race_control_message,WAVED BLUE FLAG FOR CAR 27 (HUL) TIMED AT 16:18:13,62.0,medium
spielberg,2026,8,HUL,race_control_message,WAVED BLUE FLAG FOR CAR 27 (HUL) TIMED AT 16:18:53,62.0,medium
spielberg,2026,8,ALO,race_control_message,WAVED BLUE FLAG FOR CAR 14 (ALO) TIMED AT 16:18:56,62.0,medium
spielberg,2026,8,LAW,race_control_message,WAVED BLUE FLAG FOR CAR 30 (LAW) TIMED AT 16:19:11,62.0,medium
spielberg,2026,8,ALO,race_control_message,WAVED BLUE FLAG FOR CAR 14 (ALO) TIMED AT 16:19:12,62.0,medium
spielberg,2026,8,ALO,race_control_message,WAVED BLUE FLAG FOR CAR 14 (ALO) TIMED AT 16:19:24,63.0,medium
spielberg,2026,8,LIN,race_control_message,WAVED BLUE FLAG FOR CAR 41 (LIN) TIMED AT 16:19:30,63.0,medium
spielberg,2026,8,ALO,race_control_message,WAVED BLUE FLAG FOR CAR 14 (ALO) TIMED AT 16:19:53,63.0,medium
spielberg,2026,8,ALO,race_control_message,WAVED BLUE FLAG FOR CAR 14 (ALO) TIMED AT 16:20:06,63.0,medium
spielberg,2026,8,LAW,race_control_message,WAVED BLUE FLAG FOR CAR 30 (LAW) TIMED AT 16:20:37,64.0,medium
spielberg,2026,8,BOR,race_control_message,WAVED BLUE FLAG FOR CAR 5 (BOR) TIMED AT 16:20:40,64.0,medium
spielberg,2026,8,BOR,race_control_message,WAVED BLUE FLAG FOR CAR 5 (BOR) TIMED AT 16:20:58,64.0,medium
spielberg,2026,8,BOR,race_control_message,WAVED BLUE FLAG FOR CAR 5 (BOR) TIMED AT 16:21:06,64.0,medium
spielberg,2026,8,ALB,race_control_message,WAVED BLUE FLAG FOR CAR 23 (ALB) TIMED AT 16:21:34,64.0,medium
spielberg,2026,8,ALB,race_control_message,WAVED BLUE FLAG FOR CAR 23 (ALB) TIMED AT 16:21:44,65.0,medium
spielberg,2026,8,BEA,race_control_message,WAVED BLUE FLAG FOR CAR 87 (BEA) TIMED AT 16:22:07,65.0,medium
spielberg,2026,8,ALB,race_control_message,WAVED BLUE FLAG FOR CAR 23 (ALB) TIMED AT 16:22:47,66.0,medium
spielberg,2026,8,OCO,race_control_message,WAVED BLUE FLAG FOR CAR 31 (OCO) TIMED AT 16:22:55,66.0,medium
spielberg,2026,8,ALB,race_control_message,WAVED BLUE FLAG FOR CAR 23 (ALB) TIMED AT 16:23:42,66.0,medium
spielberg,2026,8,OCO,race_control_message,WAVED BLUE FLAG FOR CAR 31 (OCO) TIMED AT 16:23:58,67.0,medium
spielberg,2026,8,OCO,race_control_message,WAVED BLUE FLAG FOR CAR 31 (OCO) TIMED AT 16:24:07,67.0,medium
spielberg,2026,8,BOR,race_control_message,WAVED BLUE FLAG FOR CAR 5 (BOR) TIMED AT 16:25:09,68.0,medium
spielberg,2026,8,BOR,race_control_message,WAVED BLUE FLAG FOR CAR 5 (BOR) TIMED AT 16:25:21,68.0,medium
spielberg,2026,8,ALB,race_control_message,WAVED BLUE FLAG FOR CAR 23 (ALB) TIMED AT 16:25:25,68.0,medium
spielberg,2026,8,ALB,race_control_message,WAVED BLUE FLAG FOR CAR 23 (ALB) TIMED AT 16:26:07,68.0,medium
spielberg,2026,8,OCO,race_control_message,WAVED BLUE FLAG FOR CAR 31 (OCO) TIMED AT 16:26:33,69.0,medium
spielberg,2026,8,ALB,race_control_message,WAVED BLUE FLAG FOR CAR 23 (ALB) TIMED AT 16:27:29,69.0,medium
spielberg,2026,8,OCO,race_control_message,WAVED BLUE FLAG FOR CAR 31 (OCO) TIMED AT 16:27:31,69.0,medium
spielberg,2026,8,ALO,race_control_message,WAVED BLUE FLAG FOR CAR 14 (ALO) TIMED AT 16:28:04,70.0,medium
spielberg,2026,8,OCO,race_control_message,WAVED BLUE FLAG FOR CAR 31 (OCO) TIMED AT 16:28:32,70.0,medium
spielberg,2026,8,ALO,race_control_message,WAVED BLUE FLAG FOR CAR 14 (ALO) TIMED AT 16:28:49,71.0,medium
spielberg,2026,8,NOR,race_control_message,BLACK AND WHITE FLAG FOR CAR 1 (NOR) - TRACK LIMITS,71.0,medium
spielberg,2026,8,BOR,race_control_message,WAVED BLUE FLAG FOR CAR 5 (BOR) TIMED AT 16:29:22,71.0,medium
spielberg,2026,8,BOR,race_control_message,WAVED BLUE FLAG FOR CAR 5 (BOR) TIMED AT 16:29:27,71.0,medium
spielberg,2026,8,ALB,race_control_message,WAVED BLUE FLAG FOR CAR 23 (ALB) TIMED AT 16:29:34,71.0,medium
spielberg,2026,8,OCO,race_control_message,WAVED BLUE FLAG FOR CAR 31 (OCO) TIMED AT 16:30:09,71.0,medium
spielberg,2026,8,BOR,race_control_message,WAVED BLUE FLAG FOR CAR 5 (BOR) TIMED AT 16:30:20,71.0,medium
suzuka,2018,17,MAG,race_control_message,WAVED BLUE FLAG FOR CAR 20 (MAG) TIMED AT 14:18:28,4.0,medium
suzuka,2018,17,HUL,race_control_message,WAVED BLUE FLAG FOR CAR 27 (HUL) TIMED AT 15:12:39,36.0,medium
suzuka,2018,17,STR,race_control_message,CAR 18 (STR) MISSED THE APEX OF TURN 17,36.0,medium
suzuka,2018,17,LEC,race_control_message,WAVED BLUE FLAG FOR CAR 16 (LEC) TIMED AT 15:14:10,37.0,medium
suzuka,2018,17,VAN,race_control_message,WAVED BLUE FLAG FOR CAR 2 (VAN) TIMED AT 15:15:41,38.0,medium
suzuka,2018,17,STR,race_control_message,WAVED BLUE FLAG FOR CAR 18 (STR) TIMED AT 15:16:02,38.0,medium
suzuka,2018,17,HUL,race_control_message,WAVED BLUE FLAG FOR CAR 27 (HUL) TIMED AT 15:16:50,38.0,medium
suzuka,2018,17,HUL,race_control_message,WAVED BLUE FLAG FOR CAR 27 (HUL) TIMED AT 15:16:57,38.0,medium
suzuka,2018,17,SIR,race_control_message,WAVED BLUE FLAG FOR CAR 35 (SIR) TIMED AT 15:17:24,39.0,medium
suzuka,2018,17,VAN,race_control_message,WAVED BLUE FLAG FOR CAR 2 (VAN) TIMED AT 15:18:19,39.0,medium
suzuka,2018,17,STR,race_control_message,WAVED BLUE FLAG FOR CAR 18 (STR) TIMED AT 15:18:48,40.0,medium
suzuka,2018,17,LEC,race_control_message,WAVED BLUE FLAG FOR CAR 16 (LEC) TIMED AT 15:18:50,40.0,medium
suzuka,2018,17,ALO,race_control_message,WAVED BLUE FLAG FOR CAR 14 (ALO) TIMED AT 15:18:59,40.0,medium
suzuka,2018,17,STR,race_control_message,WAVED BLUE FLAG FOR CAR 18 (STR) TIMED AT 15:19:02,40.0,medium
suzuka,2018,17,LEC,race_control_message,CAR 16 (LEC) OFF TRACK AND CONTINUED AT TURN 9,40.0,medium
suzuka,2018,17,VAN,race_control_message,WAVED BLUE FLAG FOR CAR 2 (VAN) TIMED AT 15:20:22,41.0,medium
suzuka,2018,17,LEC,race_control_message,CAR 16 (LEC) STOPPED AT TURN 10,41.0,medium
suzuka,2018,17,ALO,race_control_message,WAVED BLUE FLAG FOR CAR 14 (ALO) TIMED AT 15:23:53,43.0,medium
suzuka,2018,17,HAR,race_control_message,WAVED BLUE FLAG FOR CAR 28 (HAR) TIMED AT 15:23:54,43.0,medium
suzuka,2018,17,ERI,race_control_message,WAVED BLUE FLAG FOR CAR 9 (ERI) TIMED AT 15:24:22,43.0,medium
suzuka,2018,17,HAR,race_control_message,WAVED BLUE FLAG FOR CAR 28 (HAR) TIMED AT 15:27:08,45.0,medium
suzuka,2018,17,ERI,race_control_message,WAVED BLUE FLAG FOR CAR 9 (ERI) TIMED AT 15:27:51,45.0,medium
suzuka,2018,17,ALO,race_control_message,WAVED BLUE FLAG FOR CAR 14 (ALO) TIMED AT 15:28:25,46.0,medium
suzuka,2018,17,HAR,race_control_message,WAVED BLUE FLAG FOR CAR 28 (HAR) TIMED AT 15:29:53,46.0,medium
suzuka,2018,17,ERI,race_control_message,WAVED BLUE FLAG FOR CAR 9 (ERI) TIMED AT 15:30:25,47.0,medium
suzuka,2018,17,SAI,race_control_message,WAVED BLUE FLAG FOR CAR 55 (SAI) TIMED AT 15:33:42,49.0,medium
suzuka,2018,17,GAS,race_control_message,WAVED BLUE FLAG FOR CAR 10 (GAS) TIMED AT 15:34:21,49.0,medium
suzuka,2018,17,GAS,race_control_message,WAVED BLUE FLAG FOR CAR 10 (GAS) TIMED AT 15:38:02,52.0,medium
suzuka,2018,17,GAS,race_control_message,WAVED BLUE FLAG FOR CAR 10 (GAS) TIMED AT 15:40:04,53.0,medium
suzuka,2018,17,SIR,race_control_message,WAVED BLUE FLAG FOR CAR 35 (SIR) TIMED AT 15:40:11,53.0,medium
suzuka,2019,17,KUB,race_control_message,WAVED BLUE FLAG FOR CAR 88 (KUB) TIMED AT 14:47:37,22.0,medium
suzuka,2019,17,HUL,race_control_message,WAVED BLUE FLAG FOR CAR 27 (HUL) TIMED AT 14:48:12,22.0,medium
suzuka,2019,17,KUB,race_control_message,WAVED BLUE FLAG FOR CAR 88 (KUB) TIMED AT 14:50:42,24.0,medium
suzuka,2019,17,NOR,race_control_message,WAVED BLUE FLAG FOR CAR 4 (NOR) TIMED AT 14:54:56,27.0,medium
suzuka,2019,17,MAG,race_control_message,WAVED BLUE FLAG FOR CAR 20 (MAG) TIMED AT 14:57:29,28.0,medium
suzuka,2019,17,RAI,race_control_message,WAVED BLUE FLAG FOR CAR 7 (RAI) TIMED AT 14:58:28,29.0,medium
suzuka,2019,17,KUB,race_control_message,WAVED BLUE FLAG FOR CAR 88 (KUB) TIMED AT 14:58:45,29.0,medium
suzuka,2019,17,GIO,race_control_message,WAVED BLUE FLAG FOR CAR 99 (GIO) TIMED AT 14:59:19,29.0,medium
suzuka,2019,17,GIO,race_control_message,WAVED BLUE FLAG FOR CAR 99 (GIO) TIMED AT 14:59:47,30.0,medium
suzuka,2019,17,KUB,race_control_message,WAVED BLUE FLAG FOR CAR 88 (KUB) TIMED AT 15:00:23,30.0,medium
suzuka,2019,17,KUB,race_control_message,WAVED BLUE FLAG FOR CAR 88 (KUB) TIMED AT 15:00:40,30.0,medium
suzuka,2019,17,GRO,race_control_message,WAVED BLUE FLAG FOR CAR 8 (GRO) TIMED AT 15:02:27,31.0,medium
suzuka,2019,17,GRO,race_control_message,WAVED BLUE FLAG FOR CAR 8 (GRO) TIMED AT 15:02:36,32.0,medium
suzuka,2019,17,KUB,race_control_message,WAVED BLUE FLAG FOR CAR 88 (KUB) TIMED AT 15:03:12,32.0,medium
suzuka,2019,17,KUB,race_control_message,WAVED BLUE FLAG FOR CAR 88 (KUB) TIMED AT 15:03:58,32.0,medium
suzuka,2019,17,RUS,race_control_message,WAVED BLUE FLAG FOR CAR 63 (RUS) TIMED AT 15:04:03,33.0,medium
suzuka,2019,17,KVY,race_control_message,WAVED BLUE FLAG FOR CAR 26 (KVY) TIMED AT 15:04:13,33.0,medium
suzuka,2019,17,MAG,race_control_message,WAVED BLUE FLAG FOR CAR 20 (MAG) TIMED AT 15:04:15,33.0,medium
suzuka,2019,17,KUB,race_control_message,WAVED BLUE FLAG FOR CAR 88 (KUB) TIMED AT 15:04:24,33.0,medium
suzuka,2019,17,NOR,race_control_message,WAVED BLUE FLAG FOR CAR 4 (NOR) TIMED AT 15:05:46,34.0,medium
suzuka,2019,17,KVY,race_control_message,WAVED BLUE FLAG FOR CAR 26 (KVY) TIMED AT 15:05:49,34.0,medium
suzuka,2019,17,NOR,race_control_message,WAVED BLUE FLAG FOR CAR 4 (NOR) TIMED AT 15:06:59,34.0,medium
suzuka,2019,17,KUB,race_control_message,WAVED BLUE FLAG FOR CAR 88 (KUB) TIMED AT 15:07:03,34.0,medium
suzuka,2019,17,KUB,race_control_message,WAVED BLUE FLAG FOR CAR 88 (KUB) TIMED AT 15:07:06,34.0,medium
suzuka,2019,17,KVY,race_control_message,WAVED BLUE FLAG FOR CAR 26 (KVY) TIMED AT 15:07:23,35.0,medium
suzuka,2019,17,NOR,race_control_message,WAVED BLUE FLAG FOR CAR 4 (NOR) TIMED AT 15:07:24,35.0,medium
suzuka,2019,17,RAI,race_control_message,WAVED BLUE FLAG FOR CAR 7 (RAI) TIMED AT 15:07:30,35.0,medium
suzuka,2019,17,KUB,race_control_message,WAVED BLUE FLAG FOR CAR 88 (KUB) TIMED AT 15:07:35,35.0,medium
suzuka,2019,17,NOR,race_control_message,WAVED BLUE FLAG FOR CAR 4 (NOR) TIMED AT 15:07:37,35.0,medium
suzuka,2019,17,GIO,race_control_message,WAVED BLUE FLAG FOR CAR 99 (GIO) TIMED AT 15:08:43,36.0,medium
suzuka,2019,17,GRO,race_control_message,WAVED BLUE FLAG FOR CAR 8 (GRO) TIMED AT 15:10:08,36.0,medium
suzuka,2019,17,RIC,race_control_message,WAVED BLUE FLAG FOR CAR 3 (RIC) TIMED AT 15:10:14,36.0,medium
suzuka,2019,17,KUB,race_control_message,WAVED BLUE FLAG FOR CAR 88 (KUB) TIMED AT 15:10:25,37.0,medium
suzuka,2019,17,KVY,race_control_message,WAVED BLUE FLAG FOR CAR 26 (KVY) TIMED AT 15:11:46,37.0,medium
suzuka,2019,17,MAG,race_control_message,WAVED BLUE FLAG FOR CAR 20 (MAG) TIMED AT 15:12:01,37.0,medium
suzuka,2019,17,GIO,race_control_message,WAVED BLUE FLAG FOR CAR 99 (GIO) TIMED AT 15:12:08,38.0,medium
suzuka,2019,17,NOR,race_control_message,WAVED BLUE FLAG FOR CAR 4 (NOR) TIMED AT 15:12:09,38.0,medium
suzuka,2019,17,KVY,race_control_message,WAVED BLUE FLAG FOR CAR 26 (KVY) TIMED AT 15:12:11,38.0,medium
suzuka,2019,17,NOR,race_control_message,WAVED BLUE FLAG FOR CAR 4 (NOR) TIMED AT 15:12:20,38.0,medium
suzuka,2019,17,GIO,race_control_message,WAVED BLUE FLAG FOR CAR 99 (GIO) TIMED AT 15:12:27,38.0,medium
suzuka,2019,17,GRO,race_control_message,WAVED BLUE FLAG FOR CAR 8 (GRO) TIMED AT 15:13:40,39.0,medium
suzuka,2019,17,KVY,race_control_message,WAVED BLUE FLAG FOR CAR 26 (KVY) TIMED AT 15:14:59,39.0,medium
suzuka,2019,17,GIO,race_control_message,WAVED BLUE FLAG FOR CAR 99 (GIO) TIMED AT 15:15:10,40.0,medium
suzuka,2019,17,KVY,race_control_message,WAVED BLUE FLAG FOR CAR 26 (KVY) TIMED AT 15:15:31,40.0,medium
suzuka,2019,17,NOR,race_control_message,WAVED BLUE FLAG FOR CAR 4 (NOR) TIMED AT 15:16:57,41.0,medium
suzuka,2019,17,GRO,race_control_message,WAVED BLUE FLAG FOR CAR 8 (GRO) TIMED AT 15:17:08,41.0,medium
suzuka,2019,17,NOR,race_control_message,WAVED BLUE FLAG FOR CAR 4 (NOR) TIMED AT 15:17:48,41.0,medium
suzuka,2019,17,KUB,race_control_message,WAVED BLUE FLAG FOR CAR 88 (KUB) TIMED AT 15:18:09,41.0,medium
suzuka,2019,17,NOR,race_control_message,WAVED BLUE FLAG FOR CAR 4 (NOR) TIMED AT 15:20:38,43.0,medium
suzuka,2019,17,RUS,race_control_message,WAVED BLUE FLAG FOR CAR 63 (RUS) TIMED AT 15:22:15,44.0,medium
suzuka,2019,17,PER,race_control_message,WAVED BLUE FLAG FOR CAR 11 (PER) TIMED AT 15:22:38,44.0,medium
suzuka,2019,17,RUS,race_control_message,WAVED BLUE FLAG FOR CAR 63 (RUS) TIMED AT 15:22:44,44.0,medium
suzuka,2019,17,RUS,race_control_message,WAVED BLUE FLAG FOR CAR 63 (RUS) TIMED AT 15:24:53,46.0,medium
suzuka,2019,17,HUL,race_control_message,WAVED BLUE FLAG FOR CAR 27 (HUL) TIMED AT 15:24:56,46.0,medium
suzuka,2019,17,STR,race_control_message,WAVED BLUE FLAG FOR CAR 18 (STR) TIMED AT 15:25:31,46.0,medium
suzuka,2019,17,KUB,race_control_message,WAVED BLUE FLAG FOR CAR 88 (KUB) TIMED AT 15:26:28,47.0,medium
suzuka,2019,17,RIC,race_control_message,WAVED BLUE FLAG FOR CAR 3 (RIC) TIMED AT 15:26:29,47.0,medium
suzuka,2019,17,GAS,race_control_message,WAVED BLUE FLAG FOR CAR 10 (GAS) TIMED AT 15:26:59,47.0,medium
suzuka,2019,17,LEC,race_control_message,WAVED BLUE FLAG FOR CAR 16 (LEC) TIMED AT 15:27:54,48.0,medium
suzuka,2019,17,KUB,race_control_message,WAVED BLUE FLAG FOR CAR 88 (KUB) TIMED AT 15:28:36,48.0,medium
suzuka,2019,17,STR,race_control_message,WAVED BLUE FLAG FOR CAR 18 (STR) TIMED AT 15:29:17,49.0,medium
suzuka,2019,17,KUB,race_control_message,WAVED BLUE FLAG FOR CAR 88 (KUB) TIMED AT 15:29:37,49.0,medium
suzuka,2019,17,STR,race_control_message,WAVED BLUE FLAG FOR CAR 18 (STR) TIMED AT 15:30:05,49.0,medium
suzuka,2019,17,HUL,race_control_message,WAVED BLUE FLAG FOR CAR 27 (HUL) TIMED AT 15:31:20,50.0,medium
suzuka,2019,17,GAS,race_control_message,WAVED BLUE FLAG FOR CAR 10 (GAS) TIMED AT 15:31:54,50.0,medium
suzuka,2019,17,KUB,race_control_message,WAVED BLUE FLAG FOR CAR 88 (KUB) TIMED AT 15:33:36,51.0,medium
suzuka,2019,17,KUB,race_control_message,WAVED BLUE FLAG FOR CAR 88 (KUB) TIMED AT 15:34:00,52.0,medium
suzuka,2019,17,RUS,race_control_message,WAVED BLUE FLAG FOR CAR 63 (RUS) TIMED AT 15:36:05,53.0,medium
suzuka,2022,18,VET,race_control_message,CAR 5 (VET) SPUN AND CONTINUED AT TURN 1,1.0,medium
suzuka,2023,16,BOT,race_control_message,CAR 77 (BOT) OFF TRACK AND CONTINUED AT TURN 11,5.0,medium
suzuka,2023,16,HUL,race_control_message,WAVED BLUE FLAG FOR CAR 27 (HUL) TIMED AT 15:22:42,46.0,medium
suzuka,2023,16,ZHO,race_control_message,WAVED BLUE FLAG FOR CAR 24 (ZHO) TIMED AT 15:29:08,50.0,medium
suzuka,2023,16,TSU,race_control_message,WAVED BLUE FLAG FOR CAR 22 (TSU) TIMED AT 15:32:21,52.0,medium
suzuka,2023,16,LAW,race_control_message,WAVED BLUE FLAG FOR CAR 40 (LAW) TIMED AT 15:33:16,52.0,medium
suzuka,2024,4,GAS,race_control_message,WAVED BLUE FLAG FOR CAR 10 (GAS) TIMED AT 15:28:42,35.0,medium
suzuka,2024,4,GAS,race_control_message,WAVED BLUE FLAG FOR CAR 10 (GAS) TIMED AT 15:33:07,38.0,medium
suzuka,2024,4,OCO,race_control_message,WAVED BLUE FLAG FOR CAR 31 (OCO) TIMED AT 15:33:36,38.0,medium
suzuka,2024,4,GAS,race_control_message,WAVED BLUE FLAG FOR CAR 10 (GAS) TIMED AT 15:35:58,39.0,medium
suzuka,2024,4,GAS,race_control_message,WAVED BLUE FLAG FOR CAR 10 (GAS) TIMED AT 15:36:52,40.0,medium
suzuka,2024,4,GAS,race_control_message,WAVED BLUE FLAG FOR CAR 10 (GAS) TIMED AT 15:38:24,41.0,medium
suzuka,2024,4,OCO,race_control_message,WAVED BLUE FLAG FOR CAR 31 (OCO) TIMED AT 15:38:52,41.0,medium
suzuka,2024,4,SAR,race_control_message,WAVED BLUE FLAG FOR CAR 2 (SAR) TIMED AT 15:40:52,43.0,medium
suzuka,2024,4,OCO,race_control_message,WAVED BLUE FLAG FOR CAR 31 (OCO) TIMED AT 15:43:46,44.0,medium
suzuka,2024,4,OCO,race_control_message,WAVED BLUE FLAG FOR CAR 31 (OCO) TIMED AT 15:44:17,45.0,medium
suzuka,2024,4,OCO,race_control_message,WAVED BLUE FLAG FOR CAR 31 (OCO) TIMED AT 15:44:35,45.0,medium
suzuka,2024,4,BOT,race_control_message,WAVED BLUE FLAG FOR CAR 77 (BOT) TIMED AT 15:47:31,47.0,medium
suzuka,2024,4,HUL,race_control_message,WAVED BLUE FLAG FOR CAR 27 (HUL) TIMED AT 15:48:11,47.0,medium
suzuka,2024,4,MAG,race_control_message,WAVED BLUE FLAG FOR CAR 20 (MAG) TIMED AT 15:48:50,48.0,medium
suzuka,2024,4,STR,race_control_message,WAVED BLUE FLAG FOR CAR 18 (STR) TIMED AT 15:50:48,49.0,medium
suzuka,2024,4,GAS,race_control_message,WAVED BLUE FLAG FOR CAR 10 (GAS) TIMED AT 15:53:04,50.0,medium
suzuka,2024,4,GAS,race_control_message,WAVED BLUE FLAG FOR CAR 10 (GAS) TIMED AT 15:54:27,51.0,medium
suzuka,2024,4,BOT,race_control_message,WAVED BLUE FLAG FOR CAR 77 (BOT) TIMED AT 15:54:49,51.0,medium
suzuka,2024,4,MAG,race_control_message,WAVED BLUE FLAG FOR CAR 20 (MAG) TIMED AT 15:55:22,52.0,medium
suzuka,2024,4,TSU,race_control_message,WAVED BLUE FLAG FOR CAR 22 (TSU) TIMED AT 15:56:27,52.0,medium
suzuka,2025,3,STR,race_control_message,WAVED BLUE FLAG FOR CAR 18 (STR) TIMED AT 15:13:43,45.0,medium
suzuka,2025,3,STR,race_control_message,WAVED BLUE FLAG FOR CAR 18 (STR) TIMED AT 15:13:50,46.0,medium
suzuka,2026,3,LIN,race_control_message,BLACK AND WHITE FLAG FOR CAR 41 (LIN) - MOVING UNDER BRAKING,15.0,medium
suzuka,2026,3,BOT,race_control_message,WAVED BLUE FLAG FOR CAR 77 (BOT) TIMED AT 15:29:34,45.0,medium
suzuka,2026,3,ALO,race_control_message,WAVED BLUE FLAG FOR CAR 14 (ALO) TIMED AT 15:32:10,47.0,medium
suzuka,2026,3,BOT,race_control_message,WAVED BLUE FLAG FOR CAR 77 (BOT) TIMED AT 15:33:41,48.0,medium
suzuka,2026,3,BOT,race_control_message,WAVED BLUE FLAG FOR CAR 77 (BOT) TIMED AT 15:33:57,48.0,medium
suzuka,2026,3,BOT,race_control_message,WAVED BLUE FLAG FOR CAR 77 (BOT) TIMED AT 15:34:13,48.0,medium
suzuka,2026,3,BOT,race_control_message,WAVED BLUE FLAG FOR CAR 77 (BOT) TIMED AT 15:37:26,51.0,medium
suzuka,2026,3,ALO,race_control_message,WAVED BLUE FLAG FOR CAR 14 (ALO) TIMED AT 15:37:52,51.0,medium
suzuka,2026,3,ALO,race_control_message,WAVED BLUE FLAG FOR CAR 14 (ALO) TIMED AT 15:38:39,51.0,medium
suzuka,2026,3,ALO,race_control_message,WAVED BLUE FLAG FOR CAR 14 (ALO) TIMED AT 15:41:21,53.0,medium
suzuka,2026,3,ALO,race_control_message,WAVED BLUE FLAG FOR CAR 14 (ALO) TIMED AT 15:41:48,53.0,medium
yas_island,2018,21,BOT,race_control_message,CAR 77 (BOT) MISSED THE APEX OF TURN 9,36.0,medium
yas_island,2018,21,VAN,race_control_message,WAVED BLUE FLAG FOR CAR 2 (VAN) TIMED AT 18:21:09,37.0,medium
yas_island,2018,21,HAR,race_control_message,WAVED BLUE FLAG FOR CAR 28 (HAR) TIMED AT 18:25:01,39.0,medium
yas_island,2018,21,HAR,race_control_message,WAVED BLUE FLAG FOR CAR 28 (HAR) TIMED AT 18:27:59,41.0,medium
yas_island,2018,21,ALO,race_control_message,WAVED BLUE FLAG FOR CAR 14 (ALO) TIMED AT 18:28:38,41.0,medium
yas_island,2018,21,HAR,race_control_message,WAVED BLUE FLAG FOR CAR 28 (HAR) TIMED AT 18:29:31,42.0,medium
yas_island,2018,21,HAR,race_control_message,WAVED BLUE FLAG FOR CAR 28 (HAR) TIMED AT 18:29:53,42.0,medium
yas_island,2018,21,HAR,race_control_message,WAVED BLUE FLAG FOR CAR 28 (HAR) TIMED AT 18:30:24,42.0,medium
yas_island,2018,21,SIR,race_control_message,WAVED BLUE FLAG FOR CAR 35 (SIR) TIMED AT 18:31:42,43.0,medium
yas_island,2018,21,ALO,race_control_message,WAVED BLUE FLAG FOR CAR 14 (ALO) TIMED AT 18:32:28,43.0,medium
yas_island,2018,21,ALO,race_control_message,WAVED BLUE FLAG FOR CAR 14 (ALO) TIMED AT 18:34:25,44.0,medium
yas_island,2018,21,GAS,race_control_message,WAVED BLUE FLAG FOR CAR 10 (GAS) TIMED AT 18:34:41,45.0,medium
yas_island,2018,21,ALO,race_control_message,WAVED BLUE FLAG FOR CAR 14 (ALO) TIMED AT 18:35:02,45.0,medium
yas_island,2018,21,MAG,race_control_message,WAVED BLUE FLAG FOR CAR 20 (MAG) TIMED AT 18:36:40,46.0,medium
yas_island,2018,21,GRO,race_control_message,WAVED BLUE FLAG FOR CAR 8 (GRO) TIMED AT 18:36:41,46.0,medium
yas_island,2018,21,MAG,race_control_message,WAVED BLUE FLAG FOR CAR 20 (MAG) TIMED AT 18:37:54,47.0,medium
yas_island,2018,21,GAS,race_control_message,WAVED BLUE FLAG FOR CAR 10 (GAS) TIMED AT 18:37:55,47.0,medium
yas_island,2018,21,VAN,race_control_message,WAVED BLUE FLAG FOR CAR 2 (VAN) TIMED AT 18:38:02,47.0,medium
yas_island,2018,21,GAS,race_control_message,WAVED BLUE FLAG FOR CAR 10 (GAS) TIMED AT 18:39:11,47.0,medium
yas_island,2018,21,MAG,race_control_message,WAVED BLUE FLAG FOR CAR 20 (MAG) TIMED AT 18:39:13,47.0,medium
yas_island,2018,21,GRO,race_control_message,WAVED BLUE FLAG FOR CAR 8 (GRO) TIMED AT 18:39:42,48.0,medium
yas_island,2018,21,GAS,race_control_message,WAVED BLUE FLAG FOR CAR 10 (GAS) TIMED AT 18:40:09,48.0,medium
yas_island,2018,21,GRO,race_control_message,WAVED BLUE FLAG FOR CAR 8 (GRO) TIMED AT 18:41:21,49.0,medium
yas_island,2018,21,GRO,race_control_message,WAVED BLUE FLAG FOR CAR 8 (GRO) TIMED AT 18:41:55,49.0,medium
yas_island,2018,21,STR,race_control_message,WAVED BLUE FLAG FOR CAR 18 (STR) TIMED AT 18:45:19,51.0,medium
yas_island,2018,21,HAR,race_control_message,WAVED BLUE FLAG FOR CAR 28 (HAR) TIMED AT 18:47:04,52.0,medium
yas_island,2018,21,ALO,race_control_message,CAR 14 (ALO) MISSED THE APEX OF TURN 9,53.0,medium
yas_island,2019,21,GAS,race_control_message,WAVED BLUE FLAG FOR CAR 10 (GAS) TIMED AT 17:21:07,5.0,medium
yas_island,2019,21,GAS,race_control_message,WAVED BLUE FLAG FOR CAR 10 (GAS) TIMED AT 17:22:23,6.0,medium
yas_island,2019,21,GAS,race_control_message,WAVED BLUE FLAG FOR CAR 10 (GAS) TIMED AT 17:23:22,6.0,medium
yas_island,2019,21,GAS,race_control_message,WAVED BLUE FLAG FOR CAR 10 (GAS) TIMED AT 17:23:32,6.0,medium
yas_island,2019,21,GAS,race_control_message,WAVED BLUE FLAG FOR CAR 10 (GAS) TIMED AT 17:24:53,7.0,medium
yas_island,2019,21,GAS,race_control_message,WAVED BLUE FLAG FOR CAR 10 (GAS) TIMED AT 17:36:08,14.0,medium
yas_island,2019,21,GRO,race_control_message,WAVED BLUE FLAG FOR CAR 8 (GRO) TIMED AT 17:49:05,21.0,medium
yas_island,2019,21,STR,race_control_message,WAVED BLUE FLAG FOR CAR 18 (STR) TIMED AT 17:51:38,23.0,medium
yas_island,2019,21,RUS,race_control_message,WAVED BLUE FLAG FOR CAR 63 (RUS) TIMED AT 17:52:04,23.0,medium
yas_island,2019,21,GAS,race_control_message,WAVED BLUE FLAG FOR CAR 10 (GAS) TIMED AT 17:52:20,23.0,medium
yas_island,2019,21,GIO,race_control_message,WAVED BLUE FLAG FOR CAR 99 (GIO) TIMED AT 17:52:49,23.0,medium
yas_island,2019,21,KUB,race_control_message,WAVED BLUE FLAG FOR CAR 88 (KUB) TIMED AT 17:53:05,24.0,medium
yas_island,2019,21,GAS,race_control_message,WAVED BLUE FLAG FOR CAR 10 (GAS) TIMED AT 17:54:02,24.0,medium
yas_island,2019,21,GAS,race_control_message,WAVED BLUE FLAG FOR CAR 10 (GAS) TIMED AT 17:55:06,25.0,medium
yas_island,2019,21,STR,race_control_message,WAVED BLUE FLAG FOR CAR 18 (STR) TIMED AT 17:55:22,25.0,medium
yas_island,2019,21,KUB,race_control_message,WAVED BLUE FLAG FOR CAR 88 (KUB) TIMED AT 17:58:36,27.0,medium
yas_island,2019,21,STR,race_control_message,WAVED BLUE FLAG FOR CAR 18 (STR) TIMED AT 17:59:38,27.0,medium
yas_island,2019,21,GIO,race_control_message,WAVED BLUE FLAG FOR CAR 99 (GIO) TIMED AT 18:00:36,28.0,medium
yas_island,2019,21,RUS,race_control_message,WAVED BLUE FLAG FOR CAR 63 (RUS) TIMED AT 18:01:50,28.0,medium
yas_island,2019,21,GRO,race_control_message,WAVED BLUE FLAG FOR CAR 8 (GRO) TIMED AT 18:04:24,30.0,medium
yas_island,2019,21,GAS,race_control_message,WAVED BLUE FLAG FOR CAR 10 (GAS) TIMED AT 18:06:34,31.0,medium
yas_island,2019,21,RUS,race_control_message,WAVED BLUE FLAG FOR CAR 63 (RUS) TIMED AT 18:07:27,32.0,medium
yas_island,2019,21,KUB,race_control_message,WAVED BLUE FLAG FOR CAR 88 (KUB) TIMED AT 18:10:34,34.0,medium
yas_island,2019,21,KUB,race_control_message,WAVED BLUE FLAG FOR CAR 88 (KUB) TIMED AT 18:11:15,34.0,medium
yas_island,2019,21,RUS,race_control_message,WAVED BLUE FLAG FOR CAR 63 (RUS) TIMED AT 18:11:24,34.0,medium
yas_island,2019,21,KUB,race_control_message,WAVED BLUE FLAG FOR CAR 88 (KUB) TIMED AT 18:12:41,35.0,medium
yas_island,2019,21,GRO,race_control_message,WAVED BLUE FLAG FOR CAR 8 (GRO) TIMED AT 18:15:31,37.0,medium
yas_island,2019,21,RAI,race_control_message,WAVED BLUE FLAG FOR CAR 7 (RAI) TIMED AT 18:17:21,38.0,medium
yas_island,2019,21,RAI,race_control_message,WAVED BLUE FLAG FOR CAR 7 (RAI) TIMED AT 18:17:59,38.0,medium
yas_island,2019,21,MAG,race_control_message,WAVED BLUE FLAG FOR CAR 20 (MAG) TIMED AT 18:18:18,38.0,medium
yas_island,2019,21,GAS,race_control_message,WAVED BLUE FLAG FOR CAR 10 (GAS) TIMED AT 18:20:11,39.0,medium
yas_island,2019,21,STR,race_control_message,WAVED BLUE FLAG FOR CAR 18 (STR) TIMED AT 18:21:58,40.0,medium
yas_island,2019,21,KUB,race_control_message,WAVED BLUE FLAG FOR CAR 88 (KUB) TIMED AT 18:22:22,41.0,medium
yas_island,2019,21,STR,race_control_message,WAVED BLUE FLAG FOR CAR 18 (STR) TIMED AT 18:23:31,41.0,medium
yas_island,2019,21,RIC,race_control_message,WAVED BLUE FLAG FOR CAR 3 (RIC) TIMED AT 18:23:52,41.0,medium
yas_island,2019,21,GIO,race_control_message,WAVED BLUE FLAG FOR CAR 99 (GIO) TIMED AT 18:24:38,42.0,medium
yas_island,2019,21,STR,race_control_message,WAVED BLUE FLAG FOR CAR 18 (STR) TIMED AT 18:24:44,42.0,medium
yas_island,2019,21,PER,race_control_message,WAVED BLUE FLAG FOR CAR 11 (PER) TIMED AT 18:25:35,42.0,medium
yas_island,2019,21,MAG,race_control_message,WAVED BLUE FLAG FOR CAR 20 (MAG) TIMED AT 18:25:45,43.0,medium
yas_island,2019,21,RUS,race_control_message,WAVED BLUE FLAG FOR CAR 63 (RUS) TIMED AT 18:25:56,43.0,medium
yas_island,2019,21,HUL,race_control_message,WAVED BLUE FLAG FOR CAR 27 (HUL) TIMED AT 18:27:43,44.0,medium
yas_island,2019,21,GIO,race_control_message,WAVED BLUE FLAG FOR CAR 99 (GIO) TIMED AT 18:27:53,44.0,medium
yas_island,2019,21,NOR,race_control_message,WAVED BLUE FLAG FOR CAR 4 (NOR) TIMED AT 18:29:09,45.0,medium
yas_island,2019,21,GRO,race_control_message,WAVED BLUE FLAG FOR CAR 8 (GRO) TIMED AT 18:29:53,45.0,medium
yas_island,2019,21,RAI,race_control_message,WAVED BLUE FLAG FOR CAR 7 (RAI) TIMED AT 18:30:07,45.0,medium
yas_island,2019,21,STR,race_control_message,WAVED BLUE FLAG FOR CAR 18 (STR) TIMED AT 18:30:31,45.0,medium
yas_island,2019,21,GIO,race_control_message,WAVED BLUE FLAG FOR CAR 99 (GIO) TIMED AT 18:31:47,46.0,medium
yas_island,2019,21,STR,race_control_message,CAR 18 (STR) MISSED THE APEX OF TURN 9,47.0,medium
yas_island,2019,21,GRO,race_control_message,WAVED BLUE FLAG FOR CAR 8 (GRO) TIMED AT 18:33:45,47.0,medium
yas_island,2019,21,GRO,race_control_message,WAVED BLUE FLAG FOR CAR 8 (GRO) TIMED AT 18:34:01,47.0,medium
yas_island,2019,21,KUB,race_control_message,WAVED BLUE FLAG FOR CAR 88 (KUB) TIMED AT 18:36:03,49.0,medium
yas_island,2019,21,GIO,race_control_message,WAVED BLUE FLAG FOR CAR 99 (GIO) TIMED AT 18:36:24,49.0,medium
yas_island,2019,21,HUL,race_control_message,WAVED BLUE FLAG FOR CAR 27 (HUL) TIMED AT 18:36:32,49.0,medium
yas_island,2019,21,GAS,race_control_message,WAVED BLUE FLAG FOR CAR 10 (GAS) TIMED AT 18:37:40,50.0,medium
yas_island,2019,21,KVY,race_control_message,CAR 26 (KVY) MISSED THE APEX OF TURN 18,50.0,medium
yas_island,2019,21,KVY,race_control_message,WAVED BLUE FLAG FOR CAR 26 (KVY) TIMED AT 18:37:57,50.0,medium
yas_island,2019,21,MAG,race_control_message,WAVED BLUE FLAG FOR CAR 20 (MAG) TIMED AT 18:39:20,51.0,medium
yas_island,2019,21,MAG,race_control_message,WAVED BLUE FLAG FOR CAR 20 (MAG) TIMED AT 18:41:21,52.0,medium
yas_island,2019,21,PER,race_control_message,WAVED BLUE FLAG FOR CAR 11 (PER) TIMED AT 18:42:20,52.0,medium
yas_island,2019,21,GRO,race_control_message,WAVED BLUE FLAG FOR CAR 8 (GRO) TIMED AT 18:42:51,53.0,medium
yas_island,2019,21,PER,race_control_message,WAVED BLUE FLAG FOR CAR 11 (PER) TIMED AT 18:43:29,53.0,medium
yas_island,2019,21,NOR,race_control_message,WAVED BLUE FLAG FOR CAR 4 (NOR) TIMED AT 18:43:32,53.0,medium
yas_island,2019,21,KUB,race_control_message,WAVED BLUE FLAG FOR CAR 88 (KUB) TIMED AT 18:44:48,54.0,medium
yas_island,2019,21,KUB,race_control_message,WAVED BLUE FLAG FOR CAR 88 (KUB) TIMED AT 18:47:16,55.0,medium
yas_island,2019,21,KUB,race_control_message,WAVED BLUE FLAG FOR CAR 88 (KUB) TIMED AT 18:47:54,55.0,medium
yas_island,2020,17,FIT,race_control_message,WAVED BLUE FLAG FOR CAR 51 (FIT) TIMED AT 18:15:14,35.0,medium
yas_island,2020,17,MAG,race_control_message,WAVED BLUE FLAG FOR CAR 20 (MAG) TIMED AT 18:17:33,36.0,medium
yas_island,2020,17,LAT,race_control_message,WAVED BLUE FLAG FOR CAR 6 (LAT) TIMED AT 18:20:12,38.0,medium
yas_island,2020,17,GIO,race_control_message,WAVED BLUE FLAG FOR CAR 99 (GIO) TIMED AT 18:20:45,38.0,medium
yas_island,2020,17,FIT,race_control_message,WAVED BLUE FLAG FOR CAR 51 (FIT) TIMED AT 18:27:34,42.0,medium
yas_island,2020,17,RUS,race_control_message,WAVED BLUE FLAG FOR CAR 63 (RUS) TIMED AT 18:28:08,43.0,medium
yas_island,2020,17,STR,race_control_message,CAR 18 (STR) MISSED THE APEX OF TURN 9,43.0,medium
yas_island,2020,17,FIT,race_control_message,WAVED BLUE FLAG FOR CAR 51 (FIT) TIMED AT 18:30:27,44.0,medium
yas_island,2020,17,GIO,race_control_message,WAVED BLUE FLAG FOR CAR 99 (GIO) TIMED AT 18:32:48,45.0,medium
yas_island,2020,17,GIO,race_control_message,WAVED BLUE FLAG FOR CAR 99 (GIO) TIMED AT 18:33:25,46.0,medium
yas_island,2020,17,VET,race_control_message,WAVED BLUE FLAG FOR CAR 5 (VET) TIMED AT 18:33:29,46.0,medium
yas_island,2020,17,RUS,race_control_message,WAVED BLUE FLAG FOR CAR 63 (RUS) TIMED AT 18:36:02,47.0,medium
yas_island,2020,17,RUS,race_control_message,WAVED BLUE FLAG FOR CAR 63 (RUS) TIMED AT 18:36:14,47.0,medium
yas_island,2020,17,MAG,race_control_message,WAVED BLUE FLAG FOR CAR 20 (MAG) TIMED AT 18:36:16,47.0,medium
yas_island,2020,17,FIT,race_control_message,WAVED BLUE FLAG FOR CAR 51 (FIT) TIMED AT 18:37:34,48.0,medium
yas_island,2020,17,MAG,race_control_message,WAVED BLUE FLAG FOR CAR 20 (MAG) TIMED AT 18:37:37,48.0,medium
yas_island,2020,17,GIO,race_control_message,WAVED BLUE FLAG FOR CAR 99 (GIO) TIMED AT 18:38:48,49.0,medium
yas_island,2020,17,LEC,race_control_message,WAVED BLUE FLAG FOR CAR 16 (LEC) TIMED AT 18:39:03,49.0,medium
yas_island,2020,17,RUS,race_control_message,WAVED BLUE FLAG FOR CAR 63 (RUS) TIMED AT 18:39:25,49.0,medium
yas_island,2020,17,MAG,race_control_message,WAVED BLUE FLAG FOR CAR 20 (MAG) TIMED AT 18:39:47,50.0,medium
yas_island,2020,17,FIT,race_control_message,WAVED BLUE FLAG FOR CAR 51 (FIT) TIMED AT 18:40:59,50.0,medium
yas_island,2020,17,RAI,race_control_message,WAVED BLUE FLAG FOR CAR 7 (RAI) TIMED AT 18:43:34,52.0,medium
yas_island,2020,17,VET,race_control_message,WAVED BLUE FLAG FOR CAR 5 (VET) TIMED AT 18:43:51,52.0,medium
yas_island,2020,17,VET,race_control_message,WAVED BLUE FLAG FOR CAR 5 (VET) TIMED AT 18:46:26,53.0,medium
yas_island,2020,17,VET,race_control_message,WAVED BLUE FLAG FOR CAR 5 (VET) TIMED AT 18:47:10,54.0,medium
yas_island,2020,17,FIT,race_control_message,WAVED BLUE FLAG FOR CAR 51 (FIT) TIMED AT 18:47:53,54.0,medium
yas_island,2020,17,KVY,race_control_message,WAVED BLUE FLAG FOR CAR 26 (KVY) TIMED AT 18:48:28,55.0,medium
yas_island,2021,22,HAM,race_control_message,CAR 44 (HAM) MISSED THE APEX OF TURN 7,1.0,medium
yas_island,2021,22,LEC,race_control_message,CAR 16 (LEC) OFF TRACK AND CONTINUED AT TURN 4,14.0,medium
yas_island,2021,22,RAI,race_control_message,CAR 7 (RAI) STOPPED AT TURN 6,26.0,medium
yas_island,2021,22,RAI,race_control_message,WAVED BLUE FLAG FOR CAR 7 (RAI) TIMED AT 17:42:12,27.0,medium
yas_island,2021,22,RUS,race_control_message,WAVED BLUE FLAG FOR CAR 63 (RUS) TIMED AT 17:44:11,28.0,medium
yas_island,2021,22,RUS,race_control_message,WAVED BLUE FLAG FOR CAR 63 (RUS) TIMED AT 17:44:19,28.0,medium
yas_island,2021,22,RUS,race_control_message,WAVED BLUE FLAG FOR CAR 63 (RUS) TIMED AT 17:44:26,28.0,medium
yas_island,2021,22,MSC,race_control_message,WAVED BLUE FLAG FOR CAR 47 (MSC) TIMED AT 17:48:34,31.0,medium
yas_island,2021,22,MSC,race_control_message,WAVED BLUE FLAG FOR CAR 47 (MSC) TIMED AT 17:50:10,32.0,medium
yas_island,2021,22,GIO,race_control_message,CAR 99 (GIO) MISSED THE APEX OF TURN 7,35.0,medium
yas_island,2021,22,MSC,race_control_message,WAVED BLUE FLAG FOR CAR 47 (MSC) TIMED AT 17:59:12,38.0,medium
yas_island,2021,22,STR,race_control_message,WAVED BLUE FLAG FOR CAR 18 (STR) TIMED AT 18:01:11,39.0,medium
yas_island,2021,22,VET,race_control_message,WAVED BLUE FLAG FOR CAR 5 (VET) TIMED AT 18:02:45,40.0,medium
yas_island,2021,22,STR,race_control_message,WAVED BLUE FLAG FOR CAR 18 (STR) TIMED AT 18:09:41,45.0,medium
yas_island,2021,22,LAT,race_control_message,WAVED BLUE FLAG FOR CAR 6 (LAT) TIMED AT 18:11:03,46.0,medium
yas_island,2021,22,LEC,race_control_message,WAVED BLUE FLAG FOR CAR 16 (LEC) TIMED AT 18:11:19,46.0,medium
yas_island,2021,22,MSC,race_control_message,WAVED BLUE FLAG FOR CAR 47 (MSC) TIMED AT 18:11:50,46.0,medium
yas_island,2021,22,RIC,race_control_message,WAVED BLUE FLAG FOR CAR 3 (RIC) TIMED AT 18:11:51,46.0,medium
yas_island,2021,22,VET,race_control_message,WAVED BLUE FLAG FOR CAR 5 (VET) TIMED AT 18:12:28,47.0,medium
yas_island,2021,22,OCO,race_control_message,WAVED BLUE FLAG FOR CAR 31 (OCO) TIMED AT 18:13:03,47.0,medium
yas_island,2021,22,ALO,race_control_message,WAVED BLUE FLAG FOR CAR 14 (ALO) TIMED AT 18:14:14,48.0,medium
yas_island,2021,22,LEC,race_control_message,WAVED BLUE FLAG FOR CAR 16 (LEC) TIMED AT 18:19:21,52.0,medium
yas_island,2021,22,RIC,race_control_message,WAVED BLUE FLAG FOR CAR 3 (RIC) TIMED AT 18:20:43,52.0,medium
yas_island,2021,22,OCO,race_control_message,WAVED BLUE FLAG FOR CAR 31 (OCO) TIMED AT 18:21:51,53.0,medium
yas_island,2021,22,STR,race_control_message,WAVED BLUE FLAG FOR CAR 18 (STR) TIMED AT 18:32:11,57.0,medium
yas_island,2021,22,MSC,race_control_message,WAVED BLUE FLAG FOR CAR 47 (MSC) TIMED AT 18:32:13,58.0,medium
yas_island,2021,22,STR,race_control_message,WAVED BLUE FLAG FOR CAR 18 (STR) TIMED AT 18:32:15,58.0,medium
yas_island,2021,22,MSC,race_control_message,WAVED BLUE FLAG FOR CAR 47 (MSC) TIMED AT 18:32:17,58.0,medium
yas_island,2021,22,STR,race_control_message,WAVED BLUE FLAG FOR CAR 18 (STR) TIMED AT 18:32:41,58.0,medium
yas_island,2022,22,MAG,race_control_message,WAVED BLUE FLAG FOR CAR 20 (MAG) TIMED AT 17:56:31,36.0,medium
yas_island,2022,22,MAG,race_control_message,WAVED BLUE FLAG FOR CAR 20 (MAG) TIMED AT 18:00:41,38.0,medium
yas_island,2022,22,MSC,race_control_message,WAVED BLUE FLAG FOR CAR 47 (MSC) TIMED AT 18:01:24,39.0,medium
yas_island,2022,22,BOT,race_control_message,WAVED BLUE FLAG FOR CAR 77 (BOT) TIMED AT 18:01:34,39.0,medium
yas_island,2022,22,LAT,race_control_message,WAVED BLUE FLAG FOR CAR 6 (LAT) TIMED AT 18:01:43,39.0,medium
yas_island,2022,22,LAT,race_control_message,WAVED BLUE FLAG FOR CAR 6 (LAT) TIMED AT 18:02:14,39.0,medium
yas_island,2022,22,LAT,race_control_message,WAVED BLUE FLAG FOR CAR 6 (LAT) TIMED AT 18:02:46,40.0,medium
yas_island,2022,22,BOT,race_control_message,WAVED BLUE FLAG FOR CAR 77 (BOT) TIMED AT 18:08:03,43.0,medium
yas_island,2022,22,MAG,race_control_message,WAVED BLUE FLAG FOR CAR 20 (MAG) TIMED AT 18:09:49,44.0,medium
yas_island,2022,22,LAT,race_control_message,WAVED BLUE FLAG FOR CAR 6 (LAT) TIMED AT 18:14:39,48.0,medium
yas_island,2022,22,ZHO,race_control_message,WAVED BLUE FLAG FOR CAR 24 (ZHO) TIMED AT 18:14:54,48.0,medium
yas_island,2022,22,ZHO,race_control_message,WAVED BLUE FLAG FOR CAR 24 (ZHO) TIMED AT 18:15:23,48.0,medium
yas_island,2022,22,MSC,race_control_message,WAVED BLUE FLAG FOR CAR 47 (MSC) TIMED AT 18:15:32,48.0,medium
yas_island,2022,22,BOT,race_control_message,WAVED BLUE FLAG FOR CAR 77 (BOT) TIMED AT 18:16:10,49.0,medium
yas_island,2022,22,MAG,race_control_message,WAVED BLUE FLAG FOR CAR 20 (MAG) TIMED AT 18:17:45,50.0,medium
yas_island,2022,22,LAT,race_control_message,WAVED BLUE FLAG FOR CAR 6 (LAT) TIMED AT 18:18:41,50.0,medium
yas_island,2022,22,MSC,race_control_message,WAVED BLUE FLAG FOR CAR 47 (MSC) TIMED AT 18:19:33,51.0,medium
yas_island,2022,22,MAG,race_control_message,WAVED BLUE FLAG FOR CAR 20 (MAG) TIMED AT 18:20:49,52.0,medium
yas_island,2022,22,HAM,race_control_message,BLACK AND WHITE FLAG FOR CAR 44 (HAM) - TRACK LIMITS,52.0,medium
yas_island,2022,22,GAS,race_control_message,WAVED BLUE FLAG FOR CAR 10 (GAS) TIMED AT 18:21:14,52.0,medium
yas_island,2022,22,ALB,race_control_message,WAVED BLUE FLAG FOR CAR 23 (ALB) TIMED AT 18:22:55,53.0,medium
yas_island,2022,22,ZHO,race_control_message,WAVED BLUE FLAG FOR CAR 24 (ZHO) TIMED AT 18:23:04,53.0,medium
yas_island,2022,22,BOT,race_control_message,WAVED BLUE FLAG FOR CAR 77 (BOT) TIMED AT 18:24:03,54.0,medium
yas_island,2022,22,MSC,race_control_message,WAVED BLUE FLAG FOR CAR 47 (MSC) TIMED AT 18:24:24,54.0,medium
yas_island,2022,22,BOT,race_control_message,WAVED BLUE FLAG FOR CAR 77 (BOT) TIMED AT 18:24:57,54.0,medium
yas_island,2022,22,MSC,race_control_message,WAVED BLUE FLAG FOR CAR 47 (MSC) TIMED AT 18:25:01,55.0,medium
yas_island,2022,22,GAS,race_control_message,WAVED BLUE FLAG FOR CAR 10 (GAS) TIMED AT 18:25:23,55.0,medium
yas_island,2022,22,BOT,race_control_message,WAVED BLUE FLAG FOR CAR 77 (BOT) TIMED AT 18:25:24,55.0,medium
yas_island,2022,22,BOT,race_control_message,WAVED BLUE FLAG FOR CAR 77 (BOT) TIMED AT 18:26:11,55.0,medium
yas_island,2022,22,LAT,race_control_message,WAVED BLUE FLAG FOR CAR 6 (LAT) TIMED AT 18:26:19,55.0,medium
yas_island,2022,22,ALB,race_control_message,WAVED BLUE FLAG FOR CAR 23 (ALB) TIMED AT 18:26:22,55.0,medium
yas_island,2022,22,GAS,race_control_message,WAVED BLUE FLAG FOR CAR 10 (GAS) TIMED AT 18:26:47,56.0,medium
yas_island,2022,22,ALB,race_control_message,WAVED BLUE FLAG FOR CAR 23 (ALB) TIMED AT 18:27:34,56.0,medium
yas_island,2022,22,LAT,race_control_message,WAVED BLUE FLAG FOR CAR 6 (LAT) TIMED AT 18:28:00,57.0,medium
yas_island,2022,22,LAT,race_control_message,WAVED BLUE FLAG FOR CAR 6 (LAT) TIMED AT 18:28:06,57.0,medium
yas_island,2022,22,MSC,race_control_message,WAVED BLUE FLAG FOR CAR 47 (MSC) TIMED AT 18:28:44,57.0,medium
yas_island,2022,22,LAT,race_control_message,WAVED BLUE FLAG FOR CAR 6 (LAT) TIMED AT 18:29:12,57.0,medium
yas_island,2022,22,LAT,race_control_message,WAVED BLUE FLAG FOR CAR 6 (LAT) TIMED AT 18:29:36,58.0,medium
yas_island,2022,22,LAT,race_control_message,WAVED BLUE FLAG FOR CAR 6 (LAT) TIMED AT 18:29:40,58.0,medium
yas_island,2022,22,GAS,race_control_message,BLACK AND WHITE FLAG FOR CAR 10 (GAS) - TRACK LIMITS,58.0,medium
yas_island,2023,22,ALB,race_control_message,BLACK AND WHITE FLAG FOR CAR 23 (ALB) - TRACK LIMITS,38.0,medium
yas_island,2023,22,MAG,race_control_message,WAVED BLUE FLAG FOR CAR 20 (MAG) TIMED AT 18:22:01,53.0,medium
yas_island,2023,22,BOT,race_control_message,WAVED BLUE FLAG FOR CAR 77 (BOT) TIMED AT 18:23:21,54.0,medium
yas_island,2023,22,ZHO,race_control_message,WAVED BLUE FLAG FOR CAR 24 (ZHO) TIMED AT 18:30:14,58.0,medium
yas_island,2024,24,COL,race_control_message,WAVED BLUE FLAG FOR CAR 43 (COL) TIMED AT 17:26:55,16.0,medium
yas_island,2024,24,STR,race_control_message,BLACK AND WHITE FLAG FOR CAR 18 (STR) - TRACK LIMITS,17.0,medium
yas_island,2024,24,COL,race_control_message,WAVED BLUE FLAG FOR CAR 43 (COL) TIMED AT 17:44:24,27.0,medium
yas_island,2024,24,COL,race_control_message,WAVED BLUE FLAG FOR CAR 43 (COL) TIMED AT 17:44:33,27.0,medium
yas_island,2024,24,TSU,race_control_message,BLACK AND WHITE FLAG FOR CAR 22 (TSU) - TRACK LIMITS,30.0,medium
yas_island,2024,24,LAW,race_control_message,WAVED BLUE FLAG FOR CAR 30 (LAW) TIMED AT 17:50:12,31.0,medium
yas_island,2024,24,BOT,race_control_message,WAVED BLUE FLAG FOR CAR 77 (BOT) TIMED AT 17:50:42,32.0,medium
yas_island,2024,24,BOT,race_control_message,WAVED BLUE FLAG FOR CAR 77 (BOT) TIMED AT 17:50:49,32.0,medium
yas_island,2024,24,DOO,race_control_message,BLACK AND WHITE FLAG FOR CAR 61 (DOO) - TRACK LIMITS,44.0,medium
yas_island,2024,24,DOO,race_control_message,WAVED BLUE FLAG FOR CAR 61 (DOO) TIMED AT 18:08:52,44.0,medium
yas_island,2024,24,DOO,race_control_message,WAVED BLUE FLAG FOR CAR 61 (DOO) TIMED AT 18:09:00,44.0,medium
yas_island,2024,24,LAW,race_control_message,WAVED BLUE FLAG FOR CAR 30 (LAW) TIMED AT 18:09:14,44.0,medium
yas_island,2024,24,LAW,race_control_message,WAVED BLUE FLAG FOR CAR 30 (LAW) TIMED AT 18:09:27,44.0,medium
yas_island,2024,24,MAG,race_control_message,WAVED BLUE FLAG FOR CAR 20 (MAG) TIMED AT 18:10:55,45.0,medium
yas_island,2024,24,MAG,race_control_message,WAVED BLUE FLAG FOR CAR 20 (MAG) TIMED AT 18:11:01,45.0,medium
yas_island,2024,24,DOO,race_control_message,WAVED BLUE FLAG FOR CAR 61 (DOO) TIMED AT 18:12:33,47.0,medium
yas_island,2024,24,DOO,race_control_message,WAVED BLUE FLAG FOR CAR 61 (DOO) TIMED AT 18:12:54,47.0,medium
yas_island,2024,24,DOO,race_control_message,WAVED BLUE FLAG FOR CAR 61 (DOO) TIMED AT 18:13:01,47.0,medium
yas_island,2024,24,MAG,race_control_message,WAVED BLUE FLAG FOR CAR 20 (MAG) TIMED AT 18:14:21,48.0,medium
yas_island,2024,24,MAG,race_control_message,WAVED BLUE FLAG FOR CAR 20 (MAG) TIMED AT 18:14:28,48.0,medium
yas_island,2024,24,LAW,race_control_message,WAVED BLUE FLAG FOR CAR 30 (LAW) TIMED AT 18:15:23,48.0,medium
yas_island,2024,24,LAW,race_control_message,WAVED BLUE FLAG FOR CAR 30 (LAW) TIMED AT 18:15:35,49.0,medium
yas_island,2024,24,STR,race_control_message,WAVED BLUE FLAG FOR CAR 18 (STR) TIMED AT 18:16:30,49.0,medium
yas_island,2024,24,TSU,race_control_message,WAVED BLUE FLAG FOR CAR 22 (TSU) TIMED AT 18:18:13,50.0,medium
yas_island,2024,24,MAG,race_control_message,WAVED BLUE FLAG FOR CAR 20 (MAG) TIMED AT 18:19:12,51.0,medium
yas_island,2024,24,STR,race_control_message,WAVED BLUE FLAG FOR CAR 18 (STR) TIMED AT 18:21:50,53.0,medium
yas_island,2024,24,STR,race_control_message,WAVED BLUE FLAG FOR CAR 18 (STR) TIMED AT 18:22:11,53.0,medium
yas_island,2024,24,TSU,race_control_message,WAVED BLUE FLAG FOR CAR 22 (TSU) TIMED AT 18:22:44,53.0,medium
yas_island,2024,24,TSU,race_control_message,WAVED BLUE FLAG FOR CAR 22 (TSU) TIMED AT 18:22:50,54.0,medium
yas_island,2024,24,TSU,race_control_message,WAVED BLUE FLAG FOR CAR 22 (TSU) TIMED AT 18:22:56,54.0,medium
yas_island,2024,24,ALB,race_control_message,WAVED BLUE FLAG FOR CAR 23 (ALB) TIMED AT 18:23:52,54.0,medium
yas_island,2024,24,MAG,race_control_message,WAVED BLUE FLAG FOR CAR 20 (MAG) TIMED AT 18:25:23,55.0,medium
yas_island,2024,24,ALB,race_control_message,WAVED BLUE FLAG FOR CAR 23 (ALB) TIMED AT 18:27:31,57.0,medium
yas_island,2024,24,LAW,race_control_message,WAVED BLUE FLAG FOR CAR 30 (LAW) TIMED AT 18:28:45,58.0,medium
yas_island,2024,24,MAG,race_control_message,WAVED BLUE FLAG FOR CAR 20 (MAG) TIMED AT 18:29:32,58.0,medium
yas_island,2025,24,LAW,race_control_message,BLACK AND WHITE FLAG FOR CAR 30 (LAW) - TRACK LIMITS,23.0,medium
yas_island,2025,24,ANT,race_control_message,BLACK AND WHITE FLAG FOR CAR 12 (ANT) - TRACK LIMITS,31.0,medium
yas_island,2025,24,HAM,race_control_message,BLACK AND WHITE FLAG FOR CAR 44 (HAM) - TRACK LIMITS,31.0,medium
yas_island,2025,24,GAS,race_control_message,BLACK AND WHITE FLAG FOR CAR 10 (GAS) - TRACK LIMITS,31.0,medium
yas_island,2025,24,HUL,race_control_message,BLACK AND WHITE FLAG FOR CAR 27 (HUL) - TRACK LIMITS,31.0,medium
yas_island,2025,24,COL,race_control_message,BLACK AND WHITE FLAG FOR CAR 43 (COL) - TRACK LIMITS,33.0,medium
yas_island,2025,24,LAW,race_control_message,WAVED BLUE FLAG FOR CAR 30 (LAW) TIMED AT 18:22:29,54.0,medium
yas_island,2025,24,ALB,race_control_message,BLACK AND WHITE FLAG FOR CAR 23 (ALB) - TRACK LIMITS,56.0,medium
yas_island,2025,24,COL,race_control_message,WAVED BLUE FLAG FOR CAR 43 (COL) TIMED AT 18:27:28,57.0,medium
yas_island,2025,24,COL,race_control_message,WAVED BLUE FLAG FOR CAR 43 (COL) TIMED AT 18:27:57,57.0,medium
yas_island,2025,24,HAD,race_control_message,WAVED BLUE FLAG FOR CAR 6 (HAD) TIMED AT 18:28:02,57.0,medium
yas_island,2025,24,COL,race_control_message,WAVED BLUE FLAG FOR CAR 43 (COL) TIMED AT 18:28:12,58.0,medium
yas_island,2025,24,COL,race_control_message,WAVED BLUE FLAG FOR CAR 43 (COL) TIMED AT 18:28:24,58.0,medium
yas_island,2025,24,COL,race_control_message,WAVED BLUE FLAG FOR CAR 43 (COL) TIMED AT 18:28:32,58.0,medium
yas_island,2025,24,COL,race_control_message,WAVED BLUE FLAG FOR CAR 43 (COL) TIMED AT 18:28:37,58.0,medium
yas_island,2025,24,COL,race_control_message,WAVED BLUE FLAG FOR CAR 43 (COL) TIMED AT 18:28:56,58.0,medium
zandvoort,2021,13,MSC,race_control_message,WAVED BLUE FLAG FOR CAR 47 (MSC) TIMED AT 15:12:10,8.0,medium
zandvoort,2021,13,MSC,race_control_message,WAVED BLUE FLAG FOR CAR 47 (MSC) TIMED AT 15:12:40,8.0,medium
zandvoort,2021,13,MSC,race_control_message,WAVED BLUE FLAG FOR CAR 47 (MSC) TIMED AT 15:13:59,9.0,medium
zandvoort,2021,13,MSC,race_control_message,WAVED BLUE FLAG FOR CAR 47 (MSC) TIMED AT 15:20:44,15.0,medium
zandvoort,2021,13,MSC,race_control_message,WAVED BLUE FLAG FOR CAR 47 (MSC) TIMED AT 15:21:26,15.0,medium
zandvoort,2021,13,MSC,race_control_message,WAVED BLUE FLAG FOR CAR 47 (MSC) TIMED AT 15:23:58,17.0,medium
zandvoort,2021,13,VET,race_control_message,WAVED BLUE FLAG FOR CAR 5 (VET) TIMED AT 15:26:50,19.0,medium
zandvoort,2021,13,MAZ,race_control_message,WAVED BLUE FLAG FOR CAR 9 (MAZ) TIMED AT 15:27:24,20.0,medium
zandvoort,2021,13,MSC,race_control_message,WAVED BLUE FLAG FOR CAR 47 (MSC) TIMED AT 15:30:04,22.0,medium
zandvoort,2021,13,VET,race_control_message,WAVED BLUE FLAG FOR CAR 5 (VET) TIMED AT 15:32:53,24.0,medium
zandvoort,2021,13,MSC,race_control_message,WAVED BLUE FLAG FOR CAR 47 (MSC) TIMED AT 15:33:07,24.0,medium
zandvoort,2021,13,MAZ,race_control_message,WAVED BLUE FLAG FOR CAR 9 (MAZ) TIMED AT 15:33:32,25.0,medium
zandvoort,2021,13,MSC,race_control_message,WAVED BLUE FLAG FOR CAR 47 (MSC) TIMED AT 15:34:20,25.0,medium
zandvoort,2021,13,MAZ,race_control_message,WAVED BLUE FLAG FOR CAR 9 (MAZ) TIMED AT 15:34:40,25.0,medium
zandvoort,2021,13,MAZ,race_control_message,WAVED BLUE FLAG FOR CAR 9 (MAZ) TIMED AT 15:35:01,26.0,medium
zandvoort,2021,13,MSC,race_control_message,WAVED BLUE FLAG FOR CAR 47 (MSC) TIMED AT 15:35:17,26.0,medium
zandvoort,2021,13,VET,race_control_message,WAVED BLUE FLAG FOR CAR 5 (VET) TIMED AT 15:35:25,26.0,medium
zandvoort,2021,13,MSC,race_control_message,WAVED BLUE FLAG FOR CAR 47 (MSC) TIMED AT 15:35:32,26.0,medium
zandvoort,2021,13,MSC,race_control_message,WAVED BLUE FLAG FOR CAR 47 (MSC) TIMED AT 15:35:50,26.0,medium
zandvoort,2021,13,VET,race_control_message,WAVED BLUE FLAG FOR CAR 5 (VET) TIMED AT 15:35:53,26.0,medium
zandvoort,2021,13,MSC,race_control_message,WAVED BLUE FLAG FOR CAR 47 (MSC) TIMED AT 15:36:42,27.0,medium
zandvoort,2021,13,RUS,race_control_message,WAVED BLUE FLAG FOR CAR 63 (RUS) TIMED AT 15:38:43,29.0,medium
zandvoort,2021,13,GIO,race_control_message,WAVED BLUE FLAG FOR CAR 99 (GIO) TIMED AT 15:39:05,29.0,medium
zandvoort,2021,13,KUB,race_control_message,WAVED BLUE FLAG FOR CAR 88 (KUB) TIMED AT 15:41:41,31.0,medium
zandvoort,2021,13,MSC,race_control_message,WAVED BLUE FLAG FOR CAR 47 (MSC) TIMED AT 15:42:20,32.0,medium
zandvoort,2021,13,MSC,race_control_message,WAVED BLUE FLAG FOR CAR 47 (MSC) TIMED AT 15:43:00,32.0,medium
zandvoort,2021,13,MSC,race_control_message,WAVED BLUE FLAG FOR CAR 47 (MSC) TIMED AT 15:43:15,32.0,medium
zandvoort,2021,13,MAZ,race_control_message,WAVED BLUE FLAG FOR CAR 9 (MAZ) TIMED AT 15:44:33,33.0,medium
zandvoort,2021,13,OCO,race_control_message,WAVED BLUE FLAG FOR CAR 31 (OCO) TIMED AT 15:46:33,35.0,medium
zandvoort,2021,13,LAT,race_control_message,WAVED BLUE FLAG FOR CAR 6 (LAT) TIMED AT 15:46:37,35.0,medium
zandvoort,2021,13,OCO,race_control_message,WAVED BLUE FLAG FOR CAR 31 (OCO) TIMED AT 15:47:00,35.0,medium
zandvoort,2021,13,ALO,race_control_message,WAVED BLUE FLAG FOR CAR 14 (ALO) TIMED AT 15:47:30,36.0,medium
zandvoort,2021,13,TSU,race_control_message,WAVED BLUE FLAG FOR CAR 22 (TSU) TIMED AT 15:47:51,36.0,medium
zandvoort,2021,13,ALO,race_control_message,WAVED BLUE FLAG FOR CAR 14 (ALO) TIMED AT 15:48:03,36.0,medium
zandvoort,2021,13,VET,race_control_message,CAR 5 (VET) SPUN AND CONTINUED AT TURN 3,37.0,medium
zandvoort,2021,13,KUB,race_control_message,WAVED BLUE FLAG FOR CAR 88 (KUB) TIMED AT 15:49:50,38.0,medium
zandvoort,2021,13,PER,race_control_message,WAVED BLUE FLAG FOR CAR 11 (PER) TIMED AT 15:50:20,38.0,medium
zandvoort,2021,13,PER,race_control_message,WAVED BLUE FLAG FOR CAR 11 (PER) TIMED AT 15:50:40,38.0,medium
zandvoort,2021,13,MAZ,race_control_message,WAVED BLUE FLAG FOR CAR 9 (MAZ) TIMED AT 15:50:51,38.0,medium
zandvoort,2021,13,NOR,race_control_message,WAVED BLUE FLAG FOR CAR 4 (NOR) TIMED AT 15:51:15,39.0,medium
zandvoort,2021,13,NOR,race_control_message,WAVED BLUE FLAG FOR CAR 4 (NOR) TIMED AT 15:51:47,39.0,medium
zandvoort,2021,13,RUS,race_control_message,WAVED BLUE FLAG FOR CAR 63 (RUS) TIMED AT 15:52:47,40.0,medium
zandvoort,2021,13,RIC,race_control_message,WAVED BLUE FLAG FOR CAR 3 (RIC) TIMED AT 15:53:23,40.0,medium
zandvoort,2021,13,STR,race_control_message,WAVED BLUE FLAG FOR CAR 18 (STR) TIMED AT 15:53:28,40.0,medium
zandvoort,2021,13,RUS,race_control_message,WAVED BLUE FLAG FOR CAR 63 (RUS) TIMED AT 15:54:01,41.0,medium
zandvoort,2021,13,RIC,race_control_message,WAVED BLUE FLAG FOR CAR 3 (RIC) TIMED AT 15:54:56,41.0,medium
zandvoort,2021,13,OCO,race_control_message,WAVED BLUE FLAG FOR CAR 31 (OCO) TIMED AT 15:57:56,44.0,medium
zandvoort,2021,13,ALO,race_control_message,WAVED BLUE FLAG FOR CAR 14 (ALO) TIMED AT 15:58:29,44.0,medium
zandvoort,2021,13,OCO,race_control_message,WAVED BLUE FLAG FOR CAR 31 (OCO) TIMED AT 15:59:01,45.0,medium
zandvoort,2021,13,ALO,race_control_message,WAVED BLUE FLAG FOR CAR 14 (ALO) TIMED AT 15:59:42,45.0,medium
zandvoort,2021,13,PER,race_control_message,WAVED BLUE FLAG FOR CAR 11 (PER) TIMED AT 16:00:03,46.0,medium
zandvoort,2021,13,MSC,race_control_message,WAVED BLUE FLAG FOR CAR 47 (MSC) TIMED AT 16:00:26,46.0,medium
zandvoort,2021,13,PER,race_control_message,WAVED BLUE FLAG FOR CAR 11 (PER) TIMED AT 16:01:05,46.0,medium
zandvoort,2021,13,GIO,race_control_message,WAVED BLUE FLAG FOR CAR 99 (GIO) TIMED AT 16:02:22,47.0,medium
zandvoort,2021,13,OCO,race_control_message,WAVED BLUE FLAG FOR CAR 31 (OCO) TIMED AT 16:05:19,50.0,medium
zandvoort,2021,13,MSC,race_control_message,WAVED BLUE FLAG FOR CAR 47 (MSC) TIMED AT 16:05:34,50.0,medium
zandvoort,2021,13,GIO,race_control_message,WAVED BLUE FLAG FOR CAR 99 (GIO) TIMED AT 16:05:41,50.0,medium
zandvoort,2021,13,ALO,race_control_message,WAVED BLUE FLAG FOR CAR 14 (ALO) TIMED AT 16:07:04,51.0,medium
zandvoort,2021,13,LAT,race_control_message,WAVED BLUE FLAG FOR CAR 6 (LAT) TIMED AT 16:07:32,52.0,medium
zandvoort,2021,13,SAI,race_control_message,WAVED BLUE FLAG FOR CAR 55 (SAI) TIMED AT 16:08:04,52.0,medium
zandvoort,2021,13,SAI,race_control_message,WAVED BLUE FLAG FOR CAR 55 (SAI) TIMED AT 16:08:30,52.0,medium
zandvoort,2021,13,GIO,race_control_message,WAVED BLUE FLAG FOR CAR 99 (GIO) TIMED AT 16:09:53,54.0,medium
zandvoort,2021,13,VET,race_control_message,WAVED BLUE FLAG FOR CAR 5 (VET) TIMED AT 16:10:25,54.0,medium
zandvoort,2021,13,LAT,race_control_message,WAVED BLUE FLAG FOR CAR 6 (LAT) TIMED AT 16:10:43,54.0,medium
zandvoort,2021,13,KUB,race_control_message,WAVED BLUE FLAG FOR CAR 88 (KUB) TIMED AT 16:11:07,55.0,medium
zandvoort,2021,13,VET,race_control_message,WAVED BLUE FLAG FOR CAR 5 (VET) TIMED AT 16:11:14,55.0,medium
zandvoort,2021,13,KUB,race_control_message,WAVED BLUE FLAG FOR CAR 88 (KUB) TIMED AT 16:11:51,55.0,medium
zandvoort,2021,13,MSC,race_control_message,WAVED BLUE FLAG FOR CAR 47 (MSC) TIMED AT 16:14:08,57.0,medium
zandvoort,2021,13,MSC,race_control_message,WAVED BLUE FLAG FOR CAR 47 (MSC) TIMED AT 16:14:27,57.0,medium
zandvoort,2021,13,GIO,race_control_message,WAVED BLUE FLAG FOR CAR 99 (GIO) TIMED AT 16:15:25,58.0,medium
zandvoort,2021,13,GIO,race_control_message,WAVED BLUE FLAG FOR CAR 99 (GIO) TIMED AT 16:15:45,58.0,medium
zandvoort,2021,13,LAT,race_control_message,WAVED BLUE FLAG FOR CAR 6 (LAT) TIMED AT 16:15:47,58.0,medium
zandvoort,2021,13,LAT,race_control_message,WAVED BLUE FLAG FOR CAR 6 (LAT) TIMED AT 16:16:15,59.0,medium
zandvoort,2021,13,MSC,race_control_message,WAVED BLUE FLAG FOR CAR 47 (MSC) TIMED AT 16:16:48,59.0,medium
zandvoort,2021,13,MSC,race_control_message,WAVED BLUE FLAG FOR CAR 47 (MSC) TIMED AT 16:20:53,63.0,medium
zandvoort,2021,13,SAI,race_control_message,WAVED BLUE FLAG FOR CAR 55 (SAI) TIMED AT 16:21:05,63.0,medium
zandvoort,2021,13,MSC,race_control_message,WAVED BLUE FLAG FOR CAR 47 (MSC) TIMED AT 16:21:25,63.0,medium
zandvoort,2021,13,SAI,race_control_message,WAVED BLUE FLAG FOR CAR 55 (SAI) TIMED AT 16:21:39,63.0,medium
zandvoort,2021,13,MSC,race_control_message,WAVED BLUE FLAG FOR CAR 47 (MSC) TIMED AT 16:21:46,63.0,medium
zandvoort,2021,13,LEC,race_control_message,WAVED BLUE FLAG FOR CAR 16 (LEC) TIMED AT 16:22:49,64.0,medium
zandvoort,2021,13,MSC,race_control_message,WAVED BLUE FLAG FOR CAR 47 (MSC) TIMED AT 16:23:10,64.0,medium
zandvoort,2021,13,MSC,race_control_message,WAVED BLUE FLAG FOR CAR 47 (MSC) TIMED AT 16:23:37,65.0,medium
zandvoort,2021,13,KUB,race_control_message,WAVED BLUE FLAG FOR CAR 88 (KUB) TIMED AT 16:24:09,65.0,medium
zandvoort,2021,13,LEC,race_control_message,WAVED BLUE FLAG FOR CAR 16 (LEC) TIMED AT 16:24:18,65.0,medium
zandvoort,2021,13,LAT,race_control_message,WAVED BLUE FLAG FOR CAR 6 (LAT) TIMED AT 16:25:12,66.0,medium
zandvoort,2021,13,GAS,race_control_message,WAVED BLUE FLAG FOR CAR 10 (GAS) TIMED AT 16:26:24,67.0,medium
zandvoort,2021,13,STR,race_control_message,WAVED BLUE FLAG FOR CAR 18 (STR) TIMED AT 16:26:30,67.0,medium
zandvoort,2021,13,KUB,race_control_message,WAVED BLUE FLAG FOR CAR 88 (KUB) TIMED AT 16:26:56,67.0,medium
zandvoort,2021,13,STR,race_control_message,WAVED BLUE FLAG FOR CAR 18 (STR) TIMED AT 16:27:20,68.0,medium
zandvoort,2021,13,RUS,race_control_message,WAVED BLUE FLAG FOR CAR 63 (RUS) TIMED AT 16:27:43,68.0,medium
zandvoort,2021,13,GAS,race_control_message,WAVED BLUE FLAG FOR CAR 10 (GAS) TIMED AT 16:27:47,68.0,medium
zandvoort,2021,13,KUB,race_control_message,WAVED BLUE FLAG FOR CAR 88 (KUB) TIMED AT 16:27:56,68.0,medium
zandvoort,2021,13,RIC,race_control_message,WAVED BLUE FLAG FOR CAR 3 (RIC) TIMED AT 16:28:07,68.0,medium
zandvoort,2021,13,LAT,race_control_message,WAVED BLUE FLAG FOR CAR 6 (LAT) TIMED AT 16:28:09,68.0,medium
zandvoort,2021,13,KUB,race_control_message,WAVED BLUE FLAG FOR CAR 88 (KUB) TIMED AT 16:28:17,69.0,medium
zandvoort,2021,13,LAT,race_control_message,WAVED BLUE FLAG FOR CAR 6 (LAT) TIMED AT 16:28:32,69.0,medium
zandvoort,2021,13,LAT,race_control_message,WAVED BLUE FLAG FOR CAR 6 (LAT) TIMED AT 16:28:42,69.0,medium
zandvoort,2021,13,RUS,race_control_message,WAVED BLUE FLAG FOR CAR 63 (RUS) TIMED AT 16:28:57,69.0,medium
zandvoort,2021,13,RIC,race_control_message,WAVED BLUE FLAG FOR CAR 3 (RIC) TIMED AT 16:28:58,69.0,medium
zandvoort,2021,13,RUS,race_control_message,WAVED BLUE FLAG FOR CAR 63 (RUS) TIMED AT 16:29:30,69.0,medium
zandvoort,2021,13,KUB,race_control_message,WAVED BLUE FLAG FOR CAR 88 (KUB) TIMED AT 16:29:40,70.0,medium
zandvoort,2021,13,LAT,race_control_message,WAVED BLUE FLAG FOR CAR 6 (LAT) TIMED AT 16:30:07,70.0,medium
zandvoort,2021,13,STR,race_control_message,WAVED BLUE FLAG FOR CAR 18 (STR) TIMED AT 16:30:42,70.0,medium
zandvoort,2021,13,MSC,race_control_message,WAVED BLUE FLAG FOR CAR 47 (MSC) TIMED AT 16:31:06,71.0,medium
zandvoort,2021,13,KUB,race_control_message,WAVED BLUE FLAG FOR CAR 88 (KUB) TIMED AT 16:31:54,71.0,medium
zandvoort,2021,13,LAT,race_control_message,WAVED BLUE FLAG FOR CAR 6 (LAT) TIMED AT 16:32:24,72.0,medium
zandvoort,2021,13,RUS,race_control_message,WAVED BLUE FLAG FOR CAR 63 (RUS) TIMED AT 16:32:53,72.0,medium
zandvoort,2021,13,STR,race_control_message,WAVED BLUE FLAG FOR CAR 18 (STR) TIMED AT 16:33:36,72.0,medium
zandvoort,2021,13,STR,race_control_message,WAVED BLUE FLAG FOR CAR 18 (STR) TIMED AT 16:33:46,72.0,medium
zandvoort,2021,13,GIO,race_control_message,WAVED BLUE FLAG FOR CAR 99 (GIO) TIMED AT 16:34:15,72.0,medium
zandvoort,2021,13,MSC,race_control_message,WAVED BLUE FLAG FOR CAR 47 (MSC) TIMED AT 16:34:29,72.0,medium
zandvoort,2021,13,LAT,race_control_message,WAVED BLUE FLAG FOR CAR 6 (LAT) TIMED AT 16:34:36,72.0,medium
zandvoort,2021,13,STR,race_control_message,WAVED BLUE FLAG FOR CAR 18 (STR) TIMED AT 16:34:37,72.0,medium
zandvoort,2021,13,KUB,race_control_message,WAVED BLUE FLAG FOR CAR 88 (KUB) TIMED AT 16:35:49,72.0,medium
zandvoort,2021,13,KUB,race_control_message,WAVED BLUE FLAG FOR CAR 88 (KUB) TIMED AT 16:36:14,72.0,medium
zandvoort,2022,15,MAG,race_control_message,CAR 20 (MAG) OFF TRACK AND CONTINUED AT TURN 2,2.0,medium
zandvoort,2022,15,LAT,race_control_message,WAVED BLUE FLAG FOR CAR 6 (LAT) TIMED AT 15:45:39,34.0,medium
zandvoort,2022,15,MAG,race_control_message,WAVED BLUE FLAG FOR CAR 20 (MAG) TIMED AT 15:45:40,34.0,medium
zandvoort,2022,15,RIC,race_control_message,WAVED BLUE FLAG FOR CAR 3 (RIC) TIMED AT 15:46:56,35.0,medium
zandvoort,2022,15,RIC,race_control_message,WAVED BLUE FLAG FOR CAR 3 (RIC) TIMED AT 15:47:20,35.0,medium
zandvoort,2022,15,MSC,race_control_message,WAVED BLUE FLAG FOR CAR 47 (MSC) TIMED AT 15:47:27,35.0,medium
zandvoort,2022,15,RIC,race_control_message,WAVED BLUE FLAG FOR CAR 3 (RIC) TIMED AT 15:47:28,35.0,medium
zandvoort,2022,15,MSC,race_control_message,WAVED BLUE FLAG FOR CAR 47 (MSC) TIMED AT 15:47:39,35.0,medium
zandvoort,2022,15,LAT,race_control_message,WAVED BLUE FLAG FOR CAR 6 (LAT) TIMED AT 15:49:04,36.0,medium
zandvoort,2022,15,MSC,race_control_message,WAVED BLUE FLAG FOR CAR 47 (MSC) TIMED AT 15:49:09,36.0,medium
zandvoort,2022,15,VET,race_control_message,WAVED BLUE FLAG FOR CAR 5 (VET) TIMED AT 15:49:37,37.0,medium
zandvoort,2022,15,RIC,race_control_message,WAVED BLUE FLAG FOR CAR 3 (RIC) TIMED AT 15:49:44,37.0,medium
zandvoort,2022,15,VET,race_control_message,WAVED BLUE FLAG FOR CAR 5 (VET) TIMED AT 15:50:17,37.0,medium
zandvoort,2022,15,LAT,race_control_message,WAVED BLUE FLAG FOR CAR 6 (LAT) TIMED AT 15:51:21,38.0,medium
zandvoort,2022,15,ZHO,race_control_message,WAVED BLUE FLAG FOR CAR 24 (ZHO) TIMED AT 15:52:10,39.0,medium
zandvoort,2022,15,LAT,race_control_message,WAVED BLUE FLAG FOR CAR 6 (LAT) TIMED AT 15:52:11,39.0,medium
zandvoort,2022,15,ZHO,race_control_message,WAVED BLUE FLAG FOR CAR 24 (ZHO) TIMED AT 15:53:54,40.0,medium
zandvoort,2022,15,BOT,race_control_message,WAVED BLUE FLAG FOR CAR 77 (BOT) TIMED AT 15:55:18,41.0,medium
zandvoort,2022,15,LAT,race_control_message,WAVED BLUE FLAG FOR CAR 6 (LAT) TIMED AT 15:55:20,41.0,medium
zandvoort,2022,15,BOT,race_control_message,WAVED BLUE FLAG FOR CAR 77 (BOT) TIMED AT 15:56:34,42.0,medium
zandvoort,2022,15,ALB,race_control_message,WAVED BLUE FLAG FOR CAR 23 (ALB) TIMED AT 15:57:20,43.0,medium
zandvoort,2022,15,TSU,race_control_message,WAVED BLUE FLAG FOR CAR 22 (TSU) TIMED AT 15:58:30,44.0,medium
zandvoort,2022,15,TSU,race_control_message,WAVED BLUE FLAG FOR CAR 22 (TSU) TIMED AT 16:00:23,45.0,medium
zandvoort,2022,15,LAT,race_control_message,WAVED BLUE FLAG FOR CAR 6 (LAT) TIMED AT 16:01:09,46.0,medium
zandvoort,2022,15,TSU,race_control_message,WAVED BLUE FLAG FOR CAR 22 (TSU) TIMED AT 16:01:14,46.0,medium
zandvoort,2022,15,TSU,race_control_message,WAVED BLUE FLAG FOR CAR 22 (TSU) TIMED AT 16:02:31,47.0,medium
zandvoort,2022,15,TSU,race_control_message,WAVED BLUE FLAG FOR CAR 22 (TSU) TIMED AT 16:02:38,47.0,medium
zandvoort,2022,15,TSU,race_control_message,WAVED BLUE FLAG FOR CAR 22 (TSU) TIMED AT 16:02:52,47.0,medium
zandvoort,2022,15,MAG,race_control_message,WAVED BLUE FLAG FOR CAR 20 (MAG) TIMED AT 16:03:07,48.0,medium
zandvoort,2022,15,LAT,race_control_message,WAVED BLUE FLAG FOR CAR 6 (LAT) TIMED AT 16:03:12,48.0,medium
zandvoort,2022,15,ZHO,race_control_message,WAVED BLUE FLAG FOR CAR 24 (ZHO) TIMED AT 16:07:41,50.0,medium
zandvoort,2022,15,BOT,race_control_message,WAVED BLUE FLAG FOR CAR 77 (BOT) TIMED AT 16:08:06,50.0,medium
zandvoort,2022,15,ZHO,race_control_message,WAVED BLUE FLAG FOR CAR 24 (ZHO) TIMED AT 16:09:18,51.0,medium
zandvoort,2022,15,ALB,race_control_message,WAVED BLUE FLAG FOR CAR 23 (ALB) TIMED AT 16:09:52,52.0,medium
zandvoort,2022,15,ALB,race_control_message,WAVED BLUE FLAG FOR CAR 23 (ALB) TIMED AT 16:10:43,53.0,medium
zandvoort,2022,15,GAS,race_control_message,WAVED BLUE FLAG FOR CAR 10 (GAS) TIMED AT 16:11:16,53.0,medium
zandvoort,2022,15,BOT,race_control_message,WAVED BLUE FLAG FOR CAR 77 (BOT) TIMED AT 16:12:19,54.0,medium
zandvoort,2022,15,ZHO,race_control_message,WAVED BLUE FLAG FOR CAR 24 (ZHO) TIMED AT 16:12:49,54.0,medium
zandvoort,2022,15,LAT,race_control_message,WAVED BLUE FLAG FOR CAR 6 (LAT) TIMED AT 16:24:55,61.0,medium
zandvoort,2022,15,LAT,race_control_message,WAVED BLUE FLAG FOR CAR 6 (LAT) TIMED AT 16:25:19,61.0,medium
zandvoort,2022,15,LAT,race_control_message,WAVED BLUE FLAG FOR CAR 6 (LAT) TIMED AT 16:26:33,62.0,medium
zandvoort,2023,13,LEC,race_control_message,CAR 16 (LEC) OFF TRACK AND CONTINUED AT TURN 11,4.0,medium
zandvoort,2023,13,ALB,race_control_message,CAR 23 (ALB) OFF TRACK AND CONTINUED AT TURN 11,5.0,medium
zandvoort,2023,13,GAS,race_control_message,CAR 10 (GAS) OFF TRACK AND CONTINUED AT TURN 3,6.0,medium
zandvoort,2023,13,SAR,race_control_message,WAVED BLUE FLAG FOR CAR 2 (SAR) TIMED AT 15:13:17,7.0,medium
zandvoort,2023,13,SAR,race_control_message,WAVED BLUE FLAG FOR CAR 2 (SAR) TIMED AT 15:14:34,8.0,medium
zandvoort,2023,13,SAR,race_control_message,WAVED BLUE FLAG FOR CAR 2 (SAR) TIMED AT 15:15:03,8.0,medium
zandvoort,2023,13,SAR,race_control_message,WAVED BLUE FLAG FOR CAR 2 (SAR) TIMED AT 15:15:18,9.0,medium
zandvoort,2023,13,SAR,race_control_message,WAVED BLUE FLAG FOR CAR 2 (SAR) TIMED AT 15:16:49,10.0,medium
zandvoort,2023,13,MAG,race_control_message,BLACK AND WHITE FLAG FOR CAR 20 (MAG) - MOVING UNDER BRAKING ,25.0,medium
zandvoort,2023,13,TSU,race_control_message,BLACK AND WHITE FLAG FOR CAR 22 (TSU) - FORCING ANOTHER DRIVER OFF THE TRACK,29.0,medium
zandvoort,2023,13,LAW,race_control_message,WAVED BLUE FLAG FOR CAR 40 (LAW) TIMED AT 16:25:27,60.0,medium
zandvoort,2023,13,LAW,race_control_message,WAVED BLUE FLAG FOR CAR 40 (LAW) TIMED AT 16:25:40,60.0,medium
zandvoort,2023,13,LAW,race_control_message,WAVED BLUE FLAG FOR CAR 40 (LAW) TIMED AT 16:27:19,62.0,medium
zandvoort,2023,13,BOT,race_control_message,WAVED BLUE FLAG FOR CAR 77 (BOT) TIMED AT 16:27:29,62.0,medium
zandvoort,2023,13,LAW,race_control_message,WAVED BLUE FLAG FOR CAR 40 (LAW) TIMED AT 16:28:01,62.0,medium
zandvoort,2024,15,ZHO,race_control_message,WAVED BLUE FLAG FOR CAR 24 (ZHO) TIMED AT 15:37:49,28.0,medium
zandvoort,2024,15,ZHO,race_control_message,WAVED BLUE FLAG FOR CAR 24 (ZHO) TIMED AT 15:49:21,37.0,medium
zandvoort,2024,15,ZHO,race_control_message,WAVED BLUE FLAG FOR CAR 24 (ZHO) TIMED AT 15:53:19,40.0,medium
zandvoort,2024,15,TSU,race_control_message,WAVED BLUE FLAG FOR CAR 22 (TSU) TIMED AT 15:55:16,41.0,medium
zandvoort,2024,15,ZHO,race_control_message,WAVED BLUE FLAG FOR CAR 24 (ZHO) TIMED AT 15:55:51,42.0,medium
zandvoort,2024,15,SAR,race_control_message,WAVED BLUE FLAG FOR CAR 2 (SAR) TIMED AT 15:56:15,42.0,medium
zandvoort,2024,15,OCO,race_control_message,WAVED BLUE FLAG FOR CAR 31 (OCO) TIMED AT 15:56:24,42.0,medium
zandvoort,2024,15,ZHO,race_control_message,WAVED BLUE FLAG FOR CAR 24 (ZHO) TIMED AT 15:56:39,43.0,medium
zandvoort,2024,15,BOT,race_control_message,WAVED BLUE FLAG FOR CAR 77 (BOT) TIMED AT 15:56:47,43.0,medium
zandvoort,2024,15,ZHO,race_control_message,WAVED BLUE FLAG FOR CAR 24 (ZHO) TIMED AT 15:58:06,44.0,medium
zandvoort,2024,15,ZHO,race_control_message,WAVED BLUE FLAG FOR CAR 24 (ZHO) TIMED AT 15:58:34,44.0,medium
zandvoort,2024,15,ZHO,race_control_message,WAVED BLUE FLAG FOR CAR 24 (ZHO) TIMED AT 16:00:24,46.0,medium
zandvoort,2024,15,TSU,race_control_message,WAVED BLUE FLAG FOR CAR 22 (TSU) TIMED AT 16:02:23,47.0,medium
zandvoort,2024,15,SAR,race_control_message,WAVED BLUE FLAG FOR CAR 2 (SAR) TIMED AT 16:02:30,47.0,medium
zandvoort,2024,15,ALB,race_control_message,WAVED BLUE FLAG FOR CAR 23 (ALB) TIMED AT 16:03:11,48.0,medium
zandvoort,2024,15,BOT,race_control_message,WAVED BLUE FLAG FOR CAR 77 (BOT) TIMED AT 16:03:53,48.0,medium
zandvoort,2024,15,RIC,race_control_message,WAVED BLUE FLAG FOR CAR 3 (RIC) TIMED AT 16:04:22,49.0,medium
zandvoort,2024,15,MAG,race_control_message,WAVED BLUE FLAG FOR CAR 20 (MAG) TIMED AT 16:05:52,50.0,medium
zandvoort,2024,15,TSU,race_control_message,WAVED BLUE FLAG FOR CAR 22 (TSU) TIMED AT 16:06:42,51.0,medium
zandvoort,2024,15,SAR,race_control_message,WAVED BLUE FLAG FOR CAR 2 (SAR) TIMED AT 16:07:12,51.0,medium
zandvoort,2024,15,SAR,race_control_message,WAVED BLUE FLAG FOR CAR 2 (SAR) TIMED AT 16:07:47,51.0,medium
zandvoort,2024,15,STR,race_control_message,WAVED BLUE FLAG FOR CAR 18 (STR) TIMED AT 16:08:29,52.0,medium
zandvoort,2024,15,OCO,race_control_message,WAVED BLUE FLAG FOR CAR 31 (OCO) TIMED AT 16:08:43,52.0,medium
zandvoort,2024,15,ZHO,race_control_message,WAVED BLUE FLAG FOR CAR 24 (ZHO) TIMED AT 16:10:29,54.0,medium
zandvoort,2024,15,ZHO,race_control_message,WAVED BLUE FLAG FOR CAR 24 (ZHO) TIMED AT 16:10:44,54.0,medium
zandvoort,2024,15,MAG,race_control_message,WAVED BLUE FLAG FOR CAR 20 (MAG) TIMED AT 16:11:27,54.0,medium
zandvoort,2024,15,BOT,race_control_message,WAVED BLUE FLAG FOR CAR 77 (BOT) TIMED AT 16:12:21,55.0,medium
zandvoort,2024,15,MAG,race_control_message,WAVED BLUE FLAG FOR CAR 20 (MAG) TIMED AT 16:12:38,55.0,medium
zandvoort,2024,15,TSU,race_control_message,WAVED BLUE FLAG FOR CAR 22 (TSU) TIMED AT 16:13:02,56.0,medium
zandvoort,2024,15,TSU,race_control_message,WAVED BLUE FLAG FOR CAR 22 (TSU) TIMED AT 16:13:26,56.0,medium
zandvoort,2024,15,SAR,race_control_message,WAVED BLUE FLAG FOR CAR 2 (SAR) TIMED AT 16:13:54,56.0,medium
zandvoort,2024,15,MAG,race_control_message,WAVED BLUE FLAG FOR CAR 20 (MAG) TIMED AT 16:14:20,57.0,medium
zandvoort,2024,15,BOT,race_control_message,WAVED BLUE FLAG FOR CAR 77 (BOT) TIMED AT 16:14:48,57.0,medium
zandvoort,2024,15,MAG,race_control_message,WAVED BLUE FLAG FOR CAR 20 (MAG) TIMED AT 16:14:50,57.0,medium
zandvoort,2024,15,TSU,race_control_message,WAVED BLUE FLAG FOR CAR 22 (TSU) TIMED AT 16:15:40,58.0,medium
zandvoort,2024,15,OCO,race_control_message,WAVED BLUE FLAG FOR CAR 31 (OCO) TIMED AT 16:15:41,58.0,medium
zandvoort,2024,15,ALO,race_control_message,WAVED BLUE FLAG FOR CAR 14 (ALO) TIMED AT 16:15:49,58.0,medium
zandvoort,2024,15,OCO,race_control_message,WAVED BLUE FLAG FOR CAR 31 (OCO) TIMED AT 16:15:53,58.0,medium
zandvoort,2024,15,BOT,race_control_message,WAVED BLUE FLAG FOR CAR 77 (BOT) TIMED AT 16:16:02,58.0,medium
zandvoort,2024,15,SAR,race_control_message,WAVED BLUE FLAG FOR CAR 2 (SAR) TIMED AT 16:17:22,59.0,medium
zandvoort,2024,15,GAS,race_control_message,WAVED BLUE FLAG FOR CAR 10 (GAS) TIMED AT 16:18:46,60.0,medium
zandvoort,2024,15,HUL,race_control_message,WAVED BLUE FLAG FOR CAR 27 (HUL) TIMED AT 16:19:15,61.0,medium
zandvoort,2024,15,GAS,race_control_message,WAVED BLUE FLAG FOR CAR 10 (GAS) TIMED AT 16:19:30,61.0,medium
zandvoort,2024,15,OCO,race_control_message,WAVED BLUE FLAG FOR CAR 31 (OCO) TIMED AT 16:21:04,62.0,medium
zandvoort,2024,15,ZHO,race_control_message,WAVED BLUE FLAG FOR CAR 24 (ZHO) TIMED AT 16:21:06,62.0,medium
zandvoort,2024,15,MAG,race_control_message,WAVED BLUE FLAG FOR CAR 20 (MAG) TIMED AT 16:21:49,63.0,medium
zandvoort,2024,15,TSU,race_control_message,WAVED BLUE FLAG FOR CAR 22 (TSU) TIMED AT 16:22:47,64.0,medium
zandvoort,2024,15,MAG,race_control_message,WAVED BLUE FLAG FOR CAR 20 (MAG) TIMED AT 16:22:49,64.0,medium
zandvoort,2024,15,SAR,race_control_message,WAVED BLUE FLAG FOR CAR 2 (SAR) TIMED AT 16:23:10,64.0,medium
zandvoort,2024,15,TSU,race_control_message,WAVED BLUE FLAG FOR CAR 22 (TSU) TIMED AT 16:23:23,64.0,medium
zandvoort,2024,15,SAR,race_control_message,WAVED BLUE FLAG FOR CAR 2 (SAR) TIMED AT 16:23:56,64.0,medium
zandvoort,2024,15,ZHO,race_control_message,WAVED BLUE FLAG FOR CAR 24 (ZHO) TIMED AT 16:25:57,66.0,medium
zandvoort,2024,15,ZHO,race_control_message,WAVED BLUE FLAG FOR CAR 24 (ZHO) TIMED AT 16:26:06,66.0,medium
zandvoort,2024,15,OCO,race_control_message,WAVED BLUE FLAG FOR CAR 31 (OCO) TIMED AT 16:28:48,68.0,medium
zandvoort,2024,15,ZHO,race_control_message,WAVED BLUE FLAG FOR CAR 24 (ZHO) TIMED AT 16:30:49,70.0,medium
zandvoort,2024,15,ZHO,race_control_message,WAVED BLUE FLAG FOR CAR 24 (ZHO) TIMED AT 16:31:03,70.0,medium
zandvoort,2024,15,BOT,race_control_message,WAVED BLUE FLAG FOR CAR 77 (BOT) TIMED AT 16:31:40,71.0,medium
zandvoort,2024,15,OCO,race_control_message,WAVED BLUE FLAG FOR CAR 31 (OCO) TIMED AT 16:32:45,72.0,medium
zandvoort,2025,15,LAW,race_control_message,WAVED BLUE FLAG FOR CAR 30 (LAW) TIMED AT 15:41:15,29.0,medium
zandvoort,2025,15,SAI,race_control_message,WAVED BLUE FLAG FOR CAR 55 (SAI) TIMED AT 15:41:19,29.0,medium
zandvoort,2025,15,LAW,race_control_message,WAVED BLUE FLAG FOR CAR 30 (LAW) TIMED AT 15:41:24,29.0,medium
zandvoort,2025,15,SAI,race_control_message,WAVED BLUE FLAG FOR CAR 55 (SAI) TIMED AT 15:41:25,29.0,medium
zandvoort,2025,15,LAW,race_control_message,WAVED BLUE FLAG FOR CAR 30 (LAW) TIMED AT 15:41:37,29.0,medium
zandvoort,2025,15,LAW,race_control_message,WAVED BLUE FLAG FOR CAR 30 (LAW) TIMED AT 15:41:55,29.0,medium
zandvoort,2025,15,SAI,race_control_message,WAVED BLUE FLAG FOR CAR 55 (SAI) TIMED AT 16:11:23,53.0,medium
zandvoort,2026,12,COL,race_control_message,WAVED BLUE FLAG FOR CAR 43 (COL) TIMED AT 16:11:36,29.0,medium
zandvoort,2026,12,PER,race_control_message,WAVED BLUE FLAG FOR CAR 11 (PER) TIMED AT 16:12:57,30.0,medium
zandvoort,2026,12,PER,race_control_message,WAVED BLUE FLAG FOR CAR 11 (PER) TIMED AT 16:13:42,31.0,medium
zandvoort,2026,12,COL,race_control_message,WAVED BLUE FLAG FOR CAR 43 (COL) TIMED AT 16:15:27,32.0,medium
zandvoort,2026,12,STR,race_control_message,WAVED BLUE FLAG FOR CAR 18 (STR) TIMED AT 16:16:16,33.0,medium
zandvoort,2026,12,COL,race_control_message,WAVED BLUE FLAG FOR CAR 43 (COL) TIMED AT 16:16:30,33.0,medium
zandvoort,2026,12,SAI,race_control_message,WAVED BLUE FLAG FOR CAR 55 (SAI) TIMED AT 16:16:36,33.0,medium
zandvoort,2026,12,COL,race_control_message,WAVED BLUE FLAG FOR CAR 43 (COL) TIMED AT 16:16:42,33.0,medium
zandvoort,2026,12,SAI,race_control_message,WAVED BLUE FLAG FOR CAR 55 (SAI) TIMED AT 16:16:47,33.0,medium
zandvoort,2026,12,COL,race_control_message,WAVED BLUE FLAG FOR CAR 43 (COL) TIMED AT 16:17:12,34.0,medium
zandvoort,2026,12,SAI,race_control_message,WAVED BLUE FLAG FOR CAR 55 (SAI) TIMED AT 16:18:32,35.0,medium
zandvoort,2026,12,OCO,race_control_message,WAVED BLUE FLAG FOR CAR 31 (OCO) TIMED AT 16:18:56,35.0,medium
zandvoort,2026,12,SAI,race_control_message,WAVED BLUE FLAG FOR CAR 55 (SAI) TIMED AT 16:19:27,35.0,medium
zandvoort,2026,12,ALO,race_control_message,WAVED BLUE FLAG FOR CAR 14 (ALO) TIMED AT 16:19:54,36.0,medium
zandvoort,2026,12,ALB,race_control_message,WAVED BLUE FLAG FOR CAR 23 (ALB) TIMED AT 16:19:58,36.0,medium
zandvoort,2026,12,BOR,race_control_message,WAVED BLUE FLAG FOR CAR 5 (BOR) TIMED AT 16:20:08,36.0,medium
zandvoort,2026,12,SAI,race_control_message,WAVED BLUE FLAG FOR CAR 55 (SAI) TIMED AT 16:20:12,36.0,medium
zandvoort,2026,12,STR,race_control_message,WAVED BLUE FLAG FOR CAR 18 (STR) TIMED AT 16:20:15,36.0,medium
zandvoort,2026,12,ALB,race_control_message,WAVED BLUE FLAG FOR CAR 23 (ALB) TIMED AT 16:20:27,36.0,medium
zandvoort,2026,12,LIN,race_control_message,WAVED BLUE FLAG FOR CAR 41 (LIN) TIMED AT 16:21:19,37.0,medium
zandvoort,2026,12,STR,race_control_message,WAVED BLUE FLAG FOR CAR 18 (STR) TIMED AT 16:21:29,37.0,medium
zandvoort,2026,12,BOT,race_control_message,WAVED BLUE FLAG FOR CAR 77 (BOT) TIMED AT 16:21:32,37.0,medium
zandvoort,2026,12,BOR,race_control_message,WAVED BLUE FLAG FOR CAR 5 (BOR) TIMED AT 16:21:45,37.0,medium
zandvoort,2026,12,LIN,race_control_message,WAVED BLUE FLAG FOR CAR 41 (LIN) TIMED AT 16:21:47,37.0,medium
zandvoort,2026,12,PIA,race_control_message,BLACK AND WHITE FLAG FOR CAR 81 (PIA) - DRIVING ERRATICALLY (16:18:41),38.0,medium
zandvoort,2026,12,ALB,race_control_message,WAVED BLUE FLAG FOR CAR 23 (ALB) TIMED AT 16:24:14,39.0,medium
zandvoort,2026,12,ALB,race_control_message,WAVED BLUE FLAG FOR CAR 23 (ALB) TIMED AT 16:24:48,39.0,medium
zandvoort,2026,12,GAS,race_control_message,WAVED BLUE FLAG FOR CAR 10 (GAS) TIMED AT 16:25:00,40.0,medium
zandvoort,2026,12,GAS,race_control_message,WAVED BLUE FLAG FOR CAR 10 (GAS) TIMED AT 16:25:06,40.0,medium
zandvoort,2026,12,BOR,race_control_message,WAVED BLUE FLAG FOR CAR 5 (BOR) TIMED AT 16:26:38,41.0,medium
zandvoort,2026,12,COL,race_control_message,WAVED BLUE FLAG FOR CAR 43 (COL) TIMED AT 16:26:45,41.0,medium
zandvoort,2026,12,PER,race_control_message,WAVED BLUE FLAG FOR CAR 11 (PER) TIMED AT 16:26:48,41.0,medium
zandvoort,2026,12,COL,race_control_message,WAVED BLUE FLAG FOR CAR 43 (COL) TIMED AT 16:26:51,41.0,medium
zandvoort,2026,12,LIN,race_control_message,WAVED BLUE FLAG FOR CAR 41 (LIN) TIMED AT 16:27:14,41.0,medium
zandvoort,2026,12,ALB,race_control_message,WAVED BLUE FLAG FOR CAR 23 (ALB) TIMED AT 16:27:45,42.0,medium
zandvoort,2026,12,SAI,race_control_message,WAVED BLUE FLAG FOR CAR 55 (SAI) TIMED AT 16:28:04,42.0,medium
zandvoort,2026,12,ALO,race_control_message,WAVED BLUE FLAG FOR CAR 14 (ALO) TIMED AT 16:29:19,43.0,medium
zandvoort,2026,12,ALB,race_control_message,WAVED BLUE FLAG FOR CAR 23 (ALB) TIMED AT 16:29:22,43.0,medium
zandvoort,2026,12,LIN,race_control_message,WAVED BLUE FLAG FOR CAR 41 (LIN) TIMED AT 16:30:39,44.0,medium
zandvoort,2026,12,BOR,race_control_message,WAVED BLUE FLAG FOR CAR 5 (BOR) TIMED AT 16:30:46,44.0,medium
zandvoort,2026,12,BOR,race_control_message,WAVED BLUE FLAG FOR CAR 5 (BOR) TIMED AT 16:30:54,44.0,medium
zandvoort,2026,12,SAI,race_control_message,WAVED BLUE FLAG FOR CAR 55 (SAI) TIMED AT 16:31:09,44.0,medium
zandvoort,2026,12,ALB,race_control_message,WAVED BLUE FLAG FOR CAR 23 (ALB) TIMED AT 16:31:09,44.0,medium
zandvoort,2026,12,ALO,race_control_message,WAVED BLUE FLAG FOR CAR 14 (ALO) TIMED AT 16:32:46,46.0,medium
zandvoort,2026,12,ALO,race_control_message,WAVED BLUE FLAG FOR CAR 14 (ALO) TIMED AT 16:32:49,46.0,medium
zandvoort,2026,12,ALB,race_control_message,WAVED BLUE FLAG FOR CAR 23 (ALB) TIMED AT 16:33:32,46.0,medium
zandvoort,2026,12,STR,race_control_message,WAVED BLUE FLAG FOR CAR 18 (STR) TIMED AT 16:33:36,46.0,medium
zandvoort,2026,12,COL,race_control_message,WAVED BLUE FLAG FOR CAR 43 (COL) TIMED AT 16:33:55,47.0,medium
zandvoort,2026,12,BOR,race_control_message,WAVED BLUE FLAG FOR CAR 5 (BOR) TIMED AT 16:33:58,47.0,medium
zandvoort,2026,12,STR,race_control_message,WAVED BLUE FLAG FOR CAR 18 (STR) TIMED AT 16:34:01,47.0,medium
zandvoort,2026,12,GAS,race_control_message,WAVED BLUE FLAG FOR CAR 10 (GAS) TIMED AT 16:34:36,47.0,medium
zandvoort,2026,12,GAS,race_control_message,WAVED BLUE FLAG FOR CAR 10 (GAS) TIMED AT 16:34:47,47.0,medium
zandvoort,2026,12,COL,race_control_message,WAVED BLUE FLAG FOR CAR 43 (COL) TIMED AT 16:34:50,47.0,medium
zandvoort,2026,12,OCO,race_control_message,WAVED BLUE FLAG FOR CAR 31 (OCO) TIMED AT 16:35:07,47.0,medium
zandvoort,2026,12,TSU,race_control_message,WAVED BLUE FLAG FOR CAR 22 (TSU) TIMED AT 16:35:12,48.0,medium
zandvoort,2026,12,TSU,race_control_message,WAVED BLUE FLAG FOR CAR 22 (TSU) TIMED AT 16:35:22,48.0,medium
zandvoort,2026,12,SAI,race_control_message,WAVED BLUE FLAG FOR CAR 55 (SAI) TIMED AT 16:35:23,48.0,medium
zandvoort,2026,12,GAS,race_control_message,WAVED BLUE FLAG FOR CAR 10 (GAS) TIMED AT 16:35:35,48.0,medium
zandvoort,2026,12,ALO,race_control_message,WAVED BLUE FLAG FOR CAR 14 (ALO) TIMED AT 16:36:19,48.0,medium
zandvoort,2026,12,LIN,race_control_message,WAVED BLUE FLAG FOR CAR 41 (LIN) TIMED AT 16:37:34,49.0,medium
zandvoort,2026,12,ALB,race_control_message,WAVED BLUE FLAG FOR CAR 23 (ALB) TIMED AT 16:38:31,50.0,medium
zandvoort,2026,12,ALO,race_control_message,WAVED BLUE FLAG FOR CAR 14 (ALO) TIMED AT 16:38:36,50.0,medium
zandvoort,2026,12,ALO,race_control_message,WAVED BLUE FLAG FOR CAR 14 (ALO) TIMED AT 16:40:29,52.0,medium
zandvoort,2026,12,PER,race_control_message,WAVED BLUE FLAG FOR CAR 11 (PER) TIMED AT 16:40:33,52.0,medium
zandvoort,2026,12,HUL,race_control_message,WAVED BLUE FLAG FOR CAR 27 (HUL) TIMED AT 16:41:00,52.0,medium
zandvoort,2026,12,BOR,race_control_message,WAVED BLUE FLAG FOR CAR 5 (BOR) TIMED AT 16:41:22,52.0,medium
zandvoort,2026,12,HUL,race_control_message,WAVED BLUE FLAG FOR CAR 27 (HUL) TIMED AT 16:42:03,53.0,medium
zandvoort,2026,12,BOT,race_control_message,WAVED BLUE FLAG FOR CAR 77 (BOT) TIMED AT 16:42:11,53.0,medium
zandvoort,2026,12,COL,race_control_message,WAVED BLUE FLAG FOR CAR 43 (COL) TIMED AT 16:43:02,54.0,medium
zandvoort,2026,12,BOT,race_control_message,WAVED BLUE FLAG FOR CAR 77 (BOT) TIMED AT 16:43:29,54.0,medium
zandvoort,2026,12,BOT,race_control_message,WAVED BLUE FLAG FOR CAR 77 (BOT) TIMED AT 16:43:45,54.0,medium
zandvoort,2026,12,GAS,race_control_message,WAVED BLUE FLAG FOR CAR 10 (GAS) TIMED AT 16:48:52,57.0,medium
zandvoort,2026,12,TSU,race_control_message,WAVED BLUE FLAG FOR CAR 22 (TSU) TIMED AT 16:48:57,57.0,medium
zandvoort,2026,12,LIN,race_control_message,WAVED BLUE FLAG FOR CAR 41 (LIN) TIMED AT 16:49:05,57.0,medium
zandvoort,2026,12,PER,race_control_message,WAVED BLUE FLAG FOR CAR 11 (PER) TIMED AT 16:49:14,58.0,medium
zandvoort,2026,12,PER,race_control_message,WAVED BLUE FLAG FOR CAR 11 (PER) TIMED AT 16:49:19,58.0,medium
zandvoort,2026,12,HUL,race_control_message,WAVED BLUE FLAG FOR CAR 27 (HUL) TIMED AT 16:49:23,58.0,medium
zandvoort,2026,12,HUL,race_control_message,WAVED BLUE FLAG FOR CAR 27 (HUL) TIMED AT 16:49:52,58.0,medium
zandvoort,2026,12,BOT,race_control_message,WAVED BLUE FLAG FOR CAR 77 (BOT) TIMED AT 16:50:16,58.0,medium
zandvoort,2026,12,ALB,race_control_message,WAVED BLUE FLAG FOR CAR 23 (ALB) TIMED AT 16:50:36,59.0,medium
zandvoort,2026,12,ALB,race_control_message,WAVED BLUE FLAG FOR CAR 23 (ALB) TIMED AT 16:50:43,59.0,medium
zandvoort,2026,12,ALO,race_control_message,WAVED BLUE FLAG FOR CAR 14 (ALO) TIMED AT 16:51:17,59.0,medium
zandvoort,2026,12,PER,race_control_message,WAVED BLUE FLAG FOR CAR 11 (PER) TIMED AT 16:51:30,59.0,medium
zandvoort,2026,12,BOT,race_control_message,WAVED BLUE FLAG FOR CAR 77 (BOT) TIMED AT 16:51:35,59.0,medium
zandvoort,2026,12,PER,race_control_message,WAVED BLUE FLAG FOR CAR 11 (PER) TIMED AT 16:52:22,60.0,medium
zandvoort,2026,12,BOT,race_control_message,WAVED BLUE FLAG FOR CAR 77 (BOT) TIMED AT 16:52:43,60.0,medium
zandvoort,2026,12,BOT,race_control_message,WAVED BLUE FLAG FOR CAR 77 (BOT) TIMED AT 16:52:51,60.0,medium
zandvoort,2026,12,SAI,race_control_message,WAVED BLUE FLAG FOR CAR 55 (SAI) TIMED AT 16:52:53,61.0,medium
zandvoort,2026,12,SAI,race_control_message,WAVED BLUE FLAG FOR CAR 55 (SAI) TIMED AT 16:53:04,61.0,medium
zandvoort,2026,12,HUL,race_control_message,WAVED BLUE FLAG FOR CAR 27 (HUL) TIMED AT 16:53:22,61.0,medium
zandvoort,2026,12,PER,race_control_message,WAVED BLUE FLAG FOR CAR 11 (PER) TIMED AT 16:53:53,61.0,medium
zandvoort,2026,12,PER,race_control_message,WAVED BLUE FLAG FOR CAR 11 (PER) TIMED AT 16:53:58,61.0,medium
zandvoort,2026,12,TSU,race_control_message,WAVED BLUE FLAG FOR CAR 22 (TSU) TIMED AT 16:55:22,62.0,medium
zandvoort,2026,12,BOT,race_control_message,WAVED BLUE FLAG FOR CAR 77 (BOT) TIMED AT 16:57:15,64.0,medium
zandvoort,2026,12,GAS,race_control_message,WAVED BLUE FLAG FOR CAR 10 (GAS) TIMED AT 16:57:25,64.0,medium
zandvoort,2026,12,PER,race_control_message,WAVED BLUE FLAG FOR CAR 11 (PER) TIMED AT 16:57:46,64.0,medium
zandvoort,2026,12,PER,race_control_message,WAVED BLUE FLAG FOR CAR 11 (PER) TIMED AT 16:58:03,65.0,medium
zandvoort,2026,12,ALO,race_control_message,WAVED BLUE FLAG FOR CAR 14 (ALO) TIMED AT 16:58:23,65.0,medium
zandvoort,2026,12,COL,race_control_message,WAVED BLUE FLAG FOR CAR 43 (COL) TIMED AT 16:58:39,65.0,medium
zandvoort,2026,12,ALB,race_control_message,WAVED BLUE FLAG FOR CAR 23 (ALB) TIMED AT 16:59:17,66.0,medium
zandvoort,2026,12,SAI,race_control_message,WAVED BLUE FLAG FOR CAR 55 (SAI) TIMED AT 16:59:33,66.0,medium
zandvoort,2026,12,PER,race_control_message,WAVED BLUE FLAG FOR CAR 11 (PER) TIMED AT 16:59:41,66.0,medium
zandvoort,2026,12,PER,race_control_message,WAVED BLUE FLAG FOR CAR 11 (PER) TIMED AT 16:59:48,66.0,medium
zandvoort,2026,12,SAI,race_control_message,WAVED BLUE FLAG FOR CAR 55 (SAI) TIMED AT 17:00:46,67.0,medium
zandvoort,2026,12,SAI,race_control_message,WAVED BLUE FLAG FOR CAR 55 (SAI) TIMED AT 17:00:51,67.0,medium
zandvoort,2026,12,ALB,race_control_message,WAVED BLUE FLAG FOR CAR 23 (ALB) TIMED AT 17:00:59,67.0,medium
zandvoort,2026,12,SAI,race_control_message,WAVED BLUE FLAG FOR CAR 55 (SAI) TIMED AT 17:01:02,67.0,medium
zandvoort,2026,12,SAI,race_control_message,WAVED BLUE FLAG FOR CAR 55 (SAI) TIMED AT 17:01:59,68.0,medium
zandvoort,2026,12,ALB,race_control_message,WAVED BLUE FLAG FOR CAR 23 (ALB) TIMED AT 17:02:44,68.0,medium
zandvoort,2026,12,HUL,race_control_message,WAVED BLUE FLAG FOR CAR 27 (HUL) TIMED AT 17:05:44,71.0,medium
zandvoort,2026,12,HUL,race_control_message,WAVED BLUE FLAG FOR CAR 27 (HUL) TIMED AT 17:06:04,71.0,medium
zandvoort,2026,12,COL,race_control_message,WAVED BLUE FLAG FOR CAR 43 (COL) TIMED AT 17:07:56,72.0,medium
