driver,circuit,compound,n_laps,driver_slope,baseline_slope,delta_vs_baseline,reliable
ALB,austin,HARD,72,-0.014017426128369141,0.0002866399441868,-0.014304066072555941,True
ALO,austin,HARD,104,-0.039952840943181044,0.0002866399441868,-0.04023948088736785,True
BOT,austin,HARD,139,0.04641272260854005,0.0002866399441868,0.046126082664353245,True
COL,austin,HARD,32,-0.07589014418850025,0.0002866399441868,-0.07617678413268705,True
GAS,austin,HARD,120,-0.0035007971695193946,0.0002866399441868,-0.0037874371137061945,True
GIO,austin,HARD,47,0.03775856118257116,0.0002866399441868,0.03747192123838436,True
GRO,austin,HARD,27,-0.019617826617826545,0.0002866399441868,-0.019904466562013345,True
HAD,austin,HARD,23,-0.04094065881386098,0.0002866399441868,-0.04122729875804779,True
HAM,austin,HARD,116,0.013622666446516492,0.0002866399441868,0.013336026502329693,True
HUL,austin,HARD,67,-0.07026713677258446,0.0002866399441868,-0.07055377671677127,True
KUB,austin,HARD,14,,0.0002866399441868,,False
KVY,austin,HARD,17,-0.02472384582803884,0.0002866399441868,-0.02501048577222564,True
LAT,austin,HARD,75,-0.00931555008539705,0.0002866399441868,-0.00960219002958385,True
LAW,austin,HARD,29,-0.0654097300791983,0.0002866399441868,-0.0656963700233851,True
LEC,austin,HARD,127,0.02116304253903961,0.0002866399441868,0.02087640259485281,True
MAG,austin,HARD,71,-0.037299166356120635,0.0002866399441868,-0.03758580630030744,True
MAZ,austin,HARD,14,,0.0002866399441868,,False
MSC,austin,HARD,57,-0.003550997129088478,0.0002866399441868,-0.003837637073275278,True
NOR,austin,HARD,151,0.0050494039011320605,0.0002866399441868,0.004762763956945261,True
OCO,austin,HARD,89,-0.022349983861640266,0.0002866399441868,-0.022636623805827066,True
PER,austin,HARD,112,0.031421545339073785,0.0002866399441868,0.031134905394886985,True
PIA,austin,HARD,22,0.0029642857142855574,0.0002866399441868,0.0026776457700987575,True
RAI,austin,HARD,40,-0.015223777243239294,0.0002866399441868,-0.015510417187426094,True
RIC,austin,HARD,128,-0.0070767663763885635,0.0002866399441868,-0.007363406320575363,True
RUS,austin,HARD,140,-0.00037368393465541804,0.0002866399441868,-0.0006603238788422181,True
SAI,austin,HARD,127,0.009863849593997361,0.0002866399441868,0.009577209649810561,True
SAR,austin,HARD,19,0.044638596491228075,0.0002866399441868,0.04435195654704127,True
STR,austin,HARD,74,0.03246888503557892,0.0002866399441868,0.032182245091392114,True
TSU,austin,HARD,113,-0.01778743954851407,0.0002866399441868,-0.01807407949270087,True
VER,austin,HARD,121,-0.003783438240685507,0.0002866399441868,-0.004070078184872307,True
VET,austin,HARD,29,0.04903637223974803,0.0002866399441868,0.048749732295561225,True
ZHO,austin,HARD,98,-0.021817845041930503,0.0002866399441868,-0.022104484986117303,True
ALB,austin,MEDIUM,131,-0.0040410179939579256,-0.0113219459995567,0.007280928005598774,True
ALO,austin,MEDIUM,95,0.006194441595523811,-0.0113219459995567,0.01751638759508051,True
ANT,austin,MEDIUM,26,0.010611326372014566,-0.0113219459995567,0.021933272371571264,True
BEA,austin,MEDIUM,25,-0.013500808979674442,-0.0113219459995567,-0.0021788629801177423,True
BOR,austin,MEDIUM,19,0.07455388739946345,-0.0113219459995567,0.08587583339902015,True
BOT,austin,MEDIUM,63,-0.11845691871050687,-0.0113219459995567,-0.10713497271095017,True
COL,austin,MEDIUM,42,0.0751296715741794,-0.0113219459995567,0.0864516175737361,True
GAS,austin,MEDIUM,82,0.011301667490991752,-0.0113219459995567,0.02262361349054845,True
GIO,austin,MEDIUM,34,0.01208118771470344,-0.0113219459995567,0.02340313371426014,True
GRO,austin,MEDIUM,19,0.0427067644338753,-0.0113219459995567,0.054028710433432,True
HAM,austin,MEDIUM,101,0.03609061326805653,-0.0113219459995567,0.04741255926761323,True
HUL,austin,MEDIUM,91,0.021258824096253043,-0.0113219459995567,0.032580770095809744,True
KUB,austin,MEDIUM,7,,-0.0113219459995567,,False
KVY,austin,MEDIUM,16,-0.0009926470588236772,-0.0113219459995567,0.010329298940733022,True
LAT,austin,MEDIUM,16,-0.10070103822557759,-0.0113219459995567,-0.08937909222602089,True
LAW,austin,MEDIUM,43,0.029610650565920736,-0.0113219459995567,0.04093259656547744,True
LEC,austin,MEDIUM,135,-0.009088650707704095,-0.0113219459995567,0.0022332952918526043,True
MAG,austin,MEDIUM,103,-0.02778226905992652,-0.0113219459995567,-0.01646032306036982,True
MAZ,austin,MEDIUM,22,-0.009588221381267718,-0.0113219459995567,0.0017337246182889815,True
MSC,austin,MEDIUM,33,-0.059050059171597696,-0.0113219459995567,-0.047728113172040995,True
NOR,austin,MEDIUM,96,-0.021731345097183927,-0.0113219459995567,-0.010409399097627227,True
OCO,austin,MEDIUM,79,0.015494883803168252,-0.0113219459995567,0.02681682980272495,True
PER,austin,MEDIUM,125,0.035137455105182,-0.0113219459995567,0.0464594011047387,True
PIA,austin,MEDIUM,57,-0.035202098089811826,-0.0113219459995567,-0.023880152090255125,True
RAI,austin,MEDIUM,25,-0.10101788671745618,-0.0113219459995567,-0.08969594071789948,True
RIC,austin,MEDIUM,37,-0.02854567587008205,-0.0113219459995567,-0.017223729870525353,True
RUS,austin,MEDIUM,113,0.017012639639826573,-0.0113219459995567,0.02833458563938327,True
SAI,austin,MEDIUM,50,-0.01005641057465631,-0.0113219459995567,0.001265535424900389,True
SAR,austin,MEDIUM,31,-0.0686422921753904,-0.0113219459995567,-0.0573203461758337,True
STR,austin,MEDIUM,132,-0.04491701424187414,-0.0113219459995567,-0.033595068242317436,True
TSU,austin,MEDIUM,88,-0.025411404407186797,-0.0113219459995567,-0.014089458407630097,True
VER,austin,MEDIUM,144,0.03049438658892872,-0.0113219459995567,0.04181633258848542,True
VET,austin,MEDIUM,70,-0.11354338071421656,-0.0113219459995567,-0.10222143471465986,True
ZHO,austin,MEDIUM,40,-0.027647943236522417,-0.0113219459995567,-0.01632599723696572,True
ALB,austin,SOFT,31,0.06863759025270776,-0.0070090564247871,0.07564664667749485,True
ALO,austin,SOFT,24,-0.060917421602787486,-0.0070090564247871,-0.053908365178000385,True
ANT,austin,SOFT,23,-0.004403629642076822,-0.0070090564247871,0.0026054267827102778,True
BEA,austin,SOFT,24,-0.015110243902439023,-0.0070090564247871,-0.008101187477651924,True
BOR,austin,SOFT,27,0.018424677898909527,-0.0070090564247871,0.025433734323696628,True
BOT,austin,SOFT,32,0.02238104838709679,-0.0070090564247871,0.02939010481188389,True
COL,austin,SOFT,21,0.03296883116883118,-0.0070090564247871,0.03997788759361828,True
ERI,austin,SOFT,23,-0.0023310337998415634,-0.0070090564247871,0.004678022624945537,True
GAS,austin,SOFT,64,0.03452699110593892,-0.0070090564247871,0.04153604753072602,True
GIO,austin,SOFT,12,,-0.0070090564247871,,False
HAD,austin,SOFT,26,-0.022050592807108544,-0.0070090564247871,-0.015041536382321443,True
HAM,austin,SOFT,64,0.08715783600506502,-0.0070090564247871,0.09416689242985211,True
HAR,austin,SOFT,27,-0.06863614163614166,-0.0070090564247871,-0.061627085211354564,True
HUL,austin,SOFT,67,-0.014227253126347662,-0.0070090564247871,-0.007218196701560562,True
KVY,austin,SOFT,13,,-0.0070090564247871,,False
LAW,austin,SOFT,24,-0.034123275261324124,-0.0070090564247871,-0.027114218836537023,True
LEC,austin,SOFT,47,0.09369009771167877,-0.0070090564247871,0.10069915413646587,True
MAG,austin,SOFT,36,0.027922456604654713,-0.0070090564247871,0.034931513029441814,True
NOR,austin,SOFT,37,-0.09416199041939548,-0.0070090564247871,-0.08715293399460838,True
OCO,austin,SOFT,36,-0.020816076696165253,-0.0070090564247871,-0.013807020271378152,True
PER,austin,SOFT,29,-0.022879247328480762,-0.0070090564247871,-0.01587019090369366,True
PIA,austin,SOFT,24,-0.02281324041811841,-0.0070090564247871,-0.01580418399333131,True
RAI,austin,SOFT,60,-0.06934267729430306,-0.0070090564247871,-0.06233362086951596,True
RIC,austin,SOFT,24,0.11918411299621137,-0.0070090564247871,0.12619316942099848,True
RUS,austin,SOFT,27,-0.061038735632183455,-0.0070090564247871,-0.054029679207396354,True
SAI,austin,SOFT,54,-0.05034060839699246,-0.0070090564247871,-0.04333155197220536,True
SIR,austin,SOFT,17,0.1059142156862745,-0.0070090564247871,0.1129232721110616,True
STR,austin,SOFT,46,-0.00929805049304639,-0.0070090564247871,-0.0022889940682592905,True
TSU,austin,SOFT,32,-0.08816724554515208,-0.0070090564247871,-0.08115818912036499,True
VAN,austin,SOFT,42,0.05940866564926026,-0.0070090564247871,0.06641772207404736,True
VER,austin,SOFT,36,-0.055224584980236774,-0.0070090564247871,-0.04821552855544967,True
VET,austin,SOFT,29,0.02875714285714262,-0.0070090564247871,0.03576619928192972,True
BOT,austin,SUPERSOFT,16,-0.028506477541371027,-0.0687188085025796,0.04021233096120857,True
ERI,austin,SUPERSOFT,24,-0.03546695652173919,-0.0687188085025796,0.03325185198084041,True
GAS,austin,SUPERSOFT,6,,-0.0687188085025796,,False
HAM,austin,SUPERSOFT,6,,-0.0687188085025796,,False
HAR,austin,SUPERSOFT,21,-0.03831091458153566,-0.0687188085025796,0.030407893921043934,True
MAG,austin,SUPERSOFT,24,-0.05316262050714258,-0.0687188085025796,0.015556187995437017,True
RIC,austin,SUPERSOFT,6,,-0.0687188085025796,,False
SAI,austin,SUPERSOFT,17,-0.021828484754200267,-0.0687188085025796,0.04689032374837933,True
SIR,austin,SUPERSOFT,31,-0.0070833237712755945,-0.0687188085025796,0.061635484731304,True
VAN,austin,SUPERSOFT,6,,-0.0687188085025796,,False
VER,austin,SUPERSOFT,33,-0.019503342245989246,-0.0687188085025796,0.049215466256590346,True
VET,austin,SUPERSOFT,19,-0.04224147265836502,-0.0687188085025796,0.026477335844214578,True
GAS,austin,ULTRASOFT,18,0.08877399380804993,0.0427707825589313,0.04600321124911863,True
HUL,austin,ULTRASOFT,16,-0.012137966903073305,0.0427707825589313,-0.0549087494620046,True
OCO,austin,ULTRASOFT,16,-0.05655051771117157,0.0427707825589313,-0.09932130027010286,True
PER,austin,ULTRASOFT,19,-0.02895370370370349,0.0427707825589313,-0.07172448626263478,True
RAI,austin,ULTRASOFT,14,,0.0427707825589313,,False
STR,austin,ULTRASOFT,14,,0.0427707825589313,,False
ALB,baku,HARD,132,-0.02702762955463807,-0.0323812714909558,0.005353641936317731,True
ALO,baku,HARD,146,-0.0759689223228265,-0.0323812714909558,-0.043587650831870696,True
ANT,baku,HARD,32,-0.04621535923753664,-0.0323812714909558,-0.01383408774658084,True
BEA,baku,HARD,51,-0.049886280332685946,-0.0323812714909558,-0.017505008841730146,True
BOR,baku,HARD,17,-0.07052996368038739,-0.0323812714909558,-0.038148692189431586,True
BOT,baku,HARD,105,-0.04106667715407197,-0.0323812714909558,-0.008685405663116173,True
COL,baku,HARD,68,-0.033069490950705736,-0.0323812714909558,-0.0006882194597499364,True
DEV,baku,HARD,8,,-0.0323812714909558,,False
GAS,baku,HARD,169,-0.03783938959065777,-0.0323812714909558,-0.005458118099701967,True
GIO,baku,HARD,31,-0.011764952822645268,-0.0323812714909558,0.020616318668310533,True
HAD,baku,HARD,21,-0.04856233766233769,-0.0323812714909558,-0.01618106617138189,True
HAM,baku,HARD,161,-0.035635065150130874,-0.0323812714909558,-0.0032537936591750735,True
HUL,baku,HARD,99,-0.0261289812387624,-0.0323812714909558,0.006252290252193399,True
LAT,baku,HARD,52,-0.021873928901546408,-0.0323812714909558,0.010507342589409392,True
LAW,baku,HARD,30,-0.04834949944382637,-0.0323812714909558,-0.01596822795287057,True
LEC,baku,HARD,131,-0.03974149007308724,-0.0323812714909558,-0.007360218582131442,True
MAG,baku,HARD,55,-0.03654575517224303,-0.0323812714909558,-0.0041644836812872316,True
MAZ,baku,HARD,15,0.029220681179774936,-0.0323812714909558,0.061601952670730736,True
MSC,baku,HARD,47,-0.08972145212863905,-0.0323812714909558,-0.05734018063768325,True
NOR,baku,HARD,135,-0.029478829993535766,-0.0323812714909558,0.0029024414974200344,True
OCO,baku,HARD,156,-0.05581224641648442,-0.0323812714909558,-0.02343097492552862,True
PER,baku,HARD,126,-0.010160364030963149,-0.0323812714909558,0.022220907459992653,True
PIA,baku,HARD,67,-0.00889159504096375,-0.0323812714909558,0.02348967644999205,True
RAI,baku,HARD,22,-0.05249399494310985,-0.0323812714909558,-0.02011272345215405,True
RIC,baku,HARD,97,-0.03416609643340507,-0.0323812714909558,-0.0017848249424492688,True
RUS,baku,HARD,167,-0.05431781387420488,-0.0323812714909558,-0.02193654238324908,True
SAI,baku,HARD,114,-0.03828890295094188,-0.0323812714909558,-0.0059076314599860805,True
SAR,baku,HARD,35,-0.057824831414284926,-0.0323812714909558,-0.025443559923329126,True
STR,baku,HARD,136,-0.05757069808188062,-0.0323812714909558,-0.025189426590924817,True
TSU,baku,HARD,111,-0.04586505284661929,-0.0323812714909558,-0.013483781355663492,True
VER,baku,HARD,156,-0.013284047494010862,-0.0323812714909558,0.01909722399694494,True
VET,baku,HARD,54,-0.044524768516144786,-0.0323812714909558,-0.012143497025188986,True
ZHO,baku,HARD,61,-0.01128028873082744,-0.0323812714909558,0.02110098276012836,True
ALB,baku,MEDIUM,67,-0.08249383537516122,-0.0610689455832696,-0.021424889791891624,True
ALO,baku,MEDIUM,42,0.00643607901602625,-0.0610689455832696,0.06750502459929585,True
ANT,baku,MEDIUM,11,,-0.0610689455832696,,False
BEA,baku,MEDIUM,34,-0.08410536698020209,-0.0610689455832696,-0.023036421396932488,True
BOR,baku,MEDIUM,24,-0.02927347826086952,-0.0610689455832696,0.03179546732240008,True
BOT,baku,MEDIUM,75,-0.1262987160579507,-0.0610689455832696,-0.0652297704746811,True
COL,baku,MEDIUM,17,0.06888329979879179,-0.0610689455832696,0.1299522453820614,True
GAS,baku,MEDIUM,58,-0.09899909564936259,-0.0610689455832696,-0.03793015006609299,True
GIO,baku,MEDIUM,37,-0.07483022974830066,-0.0610689455832696,-0.013761284165031057,True
GRO,baku,MEDIUM,27,-0.06240214372986795,-0.0610689455832696,-0.0013331981465983522,True
HAD,baku,MEDIUM,20,-0.07908749104140235,-0.0610689455832696,-0.01801854545813275,True
HAM,baku,MEDIUM,69,-0.112669466082279,-0.0610689455832696,-0.0516005204990094,True
HUL,baku,MEDIUM,49,0.01296475925540778,-0.0610689455832696,0.07403370483867738,True
KUB,baku,MEDIUM,29,-0.015286431824270362,-0.0610689455832696,0.045782513758999235,True
KVY,baku,MEDIUM,24,-0.05019217391304338,-0.0610689455832696,0.010876771670226222,True
LAT,baku,MEDIUM,15,-0.0666542207792199,-0.0610689455832696,-0.005585275195950298,True
LAW,baku,MEDIUM,11,,-0.0610689455832696,,False
LEC,baku,MEDIUM,69,-0.05816075547975968,-0.0610689455832696,0.002908190103509921,True
MAG,baku,MEDIUM,42,-0.03920999896615878,-0.0610689455832696,0.021858946617110818,True
MSC,baku,MEDIUM,11,,-0.0610689455832696,,False
NOR,baku,MEDIUM,87,-0.02305358401933965,-0.0610689455832696,0.03801536156392995,True
OCO,baku,MEDIUM,16,0.022652941176470976,-0.0610689455832696,0.08372188675974057,True
PER,baku,MEDIUM,66,-0.054314501709831674,-0.0610689455832696,0.006754443873437925,True
PIA,baku,MEDIUM,19,-0.08177054361567661,-0.0610689455832696,-0.02070159803240701,True
RAI,baku,MEDIUM,48,-0.07759108821085825,-0.0610689455832696,-0.01652214262758865,True
RIC,baku,MEDIUM,35,-0.04457730374377612,-0.0610689455832696,0.016491641839493476,True
RUS,baku,MEDIUM,65,0.0643840483840484,-0.0610689455832696,0.12545299396731802,True
SAI,baku,MEDIUM,82,-0.04248637529415594,-0.0610689455832696,0.018582570289113656,True
SAR,baku,MEDIUM,6,,-0.0610689455832696,,False
STR,baku,MEDIUM,83,-0.03435635404987939,-0.0610689455832696,0.026712591533390208,True
TSU,baku,MEDIUM,35,-0.22977354461676872,-0.0610689455832696,-0.1687045990334991,True
VER,baku,MEDIUM,71,-0.05497759906973082,-0.0610689455832696,0.006091346513538778,True
VET,baku,MEDIUM,40,-0.06389426064011386,-0.0610689455832696,-0.0028253150568442603,True
ZHO,baku,MEDIUM,28,-0.21960000000000024,-0.0610689455832696,-0.15853105441673065,True
ALB,baku,SOFT,10,,-0.05545254610711,,False
ALO,baku,SOFT,42,-0.06606183685845961,-0.05545254610711,-0.010609290751349608,True
BOT,baku,SOFT,19,0.09969971570717802,-0.05545254610711,0.155152261814288,True
ERI,baku,SOFT,7,,-0.05545254610711,,False
GAS,baku,SOFT,30,-0.03722656526352998,-0.05545254610711,0.01822598084358002,True
GIO,baku,SOFT,5,,-0.05545254610711,,False
GRO,baku,SOFT,2,,-0.05545254610711,,False
HAM,baku,SOFT,36,0.007931641853638332,-0.05545254610711,0.06338418796074834,True
HUL,baku,SOFT,17,-0.1244236947791166,-0.05545254610711,-0.0689711486720066,True
KUB,baku,SOFT,6,,-0.05545254610711,,False
KVY,baku,SOFT,3,,-0.05545254610711,,False
LAT,baku,SOFT,1,,-0.05545254610711,,False
LEC,baku,SOFT,31,0.038412589747870936,-0.05545254610711,0.09386513585498094,True
MAG,baku,SOFT,40,-0.028818863168377618,-0.05545254610711,0.026633682938732382,True
MAZ,baku,SOFT,15,-0.2988669354838711,-0.05545254610711,-0.2434143893767611,True
MSC,baku,SOFT,14,,-0.05545254610711,,False
NOR,baku,SOFT,23,0.059294820717132754,-0.05545254610711,0.11474736682424275,True
OCO,baku,SOFT,1,,-0.05545254610711,,False
PER,baku,SOFT,44,-0.10722096476964754,-0.05545254610711,-0.05176841866253754,True
RAI,baku,SOFT,33,-0.11857300336044736,-0.05545254610711,-0.06312045725333737,True
RIC,baku,SOFT,17,-0.0772716627634658,-0.05545254610711,-0.021819116656355796,True
RUS,baku,SOFT,10,,-0.05545254610711,,False
SAI,baku,SOFT,38,-0.15879162357807655,-0.05545254610711,-0.10333907747096654,True
STR,baku,SOFT,22,-0.2193162750468504,-0.05545254610711,-0.16386372893974038,True
TSU,baku,SOFT,18,0.10898134816753921,-0.05545254610711,0.16443389427464922,True
VAN,baku,SOFT,5,,-0.05545254610711,,False
VER,baku,SOFT,20,0.006952314165498601,-0.05545254610711,0.0624048602726086,True
VET,baku,SOFT,32,0.047263358147228866,-0.05545254610711,0.10271590425433887,True
BOT,baku,SUPERSOFT,29,-0.14541814933732483,-0.1481552399684814,0.002737090631156569,True
GRO,baku,SUPERSOFT,27,-0.11652357200321806,-0.1481552399684814,0.031631667965263344,True
HAM,baku,SUPERSOFT,11,,-0.1481552399684814,,False
HAR,baku,SUPERSOFT,15,-0.08052499999999985,-0.1481552399684814,0.06763023996848155,True
LEC,baku,SUPERSOFT,12,,-0.1481552399684814,,False
PER,baku,SUPERSOFT,2,,-0.1481552399684814,,False
RIC,baku,SUPERSOFT,25,-0.18273318762609295,-0.1481552399684814,-0.034577947657611546,True
STR,baku,SUPERSOFT,11,,-0.1481552399684814,,False
VAN,baku,SUPERSOFT,6,,-0.1481552399684814,,False
VER,baku,SUPERSOFT,25,-0.1540816748315984,-0.1481552399684814,-0.005926434863117003,True
VET,baku,SUPERSOFT,19,-0.11672598376656752,-0.1481552399684814,0.03142925620191388,True
ALO,baku,ULTRASOFT,3,,-0.0970814427507977,,False
BOT,baku,ULTRASOFT,1,,-0.0970814427507977,,False
ERI,baku,ULTRASOFT,18,-0.019748298132309418,-0.0970814427507977,0.07733314461848828,True
GAS,baku,ULTRASOFT,7,,-0.0970814427507977,,False
HAM,baku,ULTRASOFT,2,,-0.0970814427507977,,False
HAR,baku,ULTRASOFT,11,,-0.0970814427507977,,False
HUL,baku,ULTRASOFT,4,,-0.0970814427507977,,False
LEC,baku,ULTRASOFT,2,,-0.0970814427507977,,False
MAG,baku,ULTRASOFT,2,,-0.0970814427507977,,False
RIC,baku,ULTRASOFT,1,,-0.0970814427507977,,False
SAI,baku,ULTRASOFT,9,,-0.0970814427507977,,False
STR,baku,ULTRASOFT,3,,-0.0970814427507977,,False
VAN,baku,ULTRASOFT,14,,-0.0970814427507977,,False
VET,baku,ULTRASOFT,2,,-0.0970814427507977,,False
ALB,barcelona,HARD,52,-0.014202005601228267,0.0100734404061765,-0.024275446007404767,True
ALO,barcelona,HARD,71,-0.018472438694246383,0.0100734404061765,-0.02854587910042288,True
ANT,barcelona,HARD,41,0.05325658657310237,0.0100734404061765,0.043183146166925875,True
BEA,barcelona,HARD,19,0.08119824561403541,0.0100734404061765,0.07112480520785891,True
BOR,barcelona,HARD,32,0.10412313895781626,0.0100734404061765,0.09404969855163976,True
BOT,barcelona,HARD,93,0.02478514472530105,0.0100734404061765,0.01471170431912455,True
COL,barcelona,HARD,44,0.00859805318802108,0.0100734404061765,-0.0014753872181554207,True
DEV,barcelona,HARD,27,-0.017408424908424903,0.0100734404061765,-0.0274818653146014,True
GAS,barcelona,HARD,97,0.03401285221958169,0.0100734404061765,0.02393941181340519,True
GIO,barcelona,HARD,32,0.016684941897828584,0.0100734404061765,0.006611501491652084,True
HAD,barcelona,HARD,36,0.06048749003984063,0.0100734404061765,0.05041404963366413,True
HAM,barcelona,HARD,35,0.03857820158198667,0.0100734404061765,0.02850476117581017,True
HUL,barcelona,HARD,56,-0.019047764193935484,0.0100734404061765,-0.029121204600111986,True
LAW,barcelona,HARD,45,0.001144988808754122,0.0100734404061765,-0.008928451597422378,True
LEC,barcelona,HARD,97,-0.011552266906389263,0.0100734404061765,-0.021625707312565762,True
LIN,barcelona,HARD,34,-0.018491576231311986,0.0100734404061765,-0.028565016637488484,True
MAG,barcelona,HARD,83,0.06210203677992709,0.0100734404061765,0.05202859637375059,True
NOR,barcelona,HARD,62,0.020332064431592117,0.0100734404061765,0.010258624025415617,True
OCO,barcelona,HARD,77,-0.0306864485280038,0.0100734404061765,-0.0407598889341803,True
PER,barcelona,HARD,41,-0.018019001122715955,0.0100734404061765,-0.028092441528892453,True
PIA,barcelona,HARD,64,0.022443158668486785,0.0100734404061765,0.012369718262310285,True
RAI,barcelona,HARD,14,,0.0100734404061765,,False
RIC,barcelona,HARD,41,-0.07614247888346316,0.0100734404061765,-0.08621591928963966,True
RUS,barcelona,HARD,73,0.03600925177868713,0.0100734404061765,0.02593581137251063,True
SAI,barcelona,HARD,88,-0.02952623519827549,0.0100734404061765,-0.03959967560445199,True
SAR,barcelona,HARD,73,0.04864569782739675,0.0100734404061765,0.03857225742122025,True
STR,barcelona,HARD,61,-0.03882858691749331,0.0100734404061765,-0.04890202732366981,True
TSU,barcelona,HARD,37,0.06522074163592441,0.0100734404061765,0.05514730122974791,True
VER,barcelona,HARD,39,0.042556097560976176,0.0100734404061765,0.03248265715479968,True
ZHO,barcelona,HARD,77,0.006079363140320885,0.0100734404061765,-0.003994077265855615,True
ALB,barcelona,MEDIUM,130,-0.08013061163368372,-0.0012642317463395,-0.07886637988734423,True
ALO,barcelona,MEDIUM,145,-0.020377650203980555,-0.0012642317463395,-0.019113418457641057,True
ANT,barcelona,MEDIUM,38,0.021828905461551425,-0.0012642317463395,0.023093137207890926,True
BEA,barcelona,MEDIUM,58,0.02022212751958852,-0.0012642317463395,0.02148635926592802,True
BOR,barcelona,MEDIUM,41,-0.011550795379409654,-0.0012642317463395,-0.010286563633070154,True
BOT,barcelona,MEDIUM,167,-0.03460971157472339,-0.0012642317463395,-0.03334547982838389,True
COL,barcelona,MEDIUM,23,0.07579743083003948,-0.0012642317463395,0.07706166257637898,True
DEV,barcelona,MEDIUM,26,0.007660512820512913,-0.0012642317463395,0.008924744566852414,True
ERI,barcelona,MEDIUM,27,-0.08877716727716728,-0.0012642317463395,-0.08751293553082778,True
GAS,barcelona,MEDIUM,177,-0.01317929395152167,-0.0012642317463395,-0.01191506220518217,True
GIO,barcelona,MEDIUM,67,0.03649392819613486,-0.0012642317463395,0.03775815994247436,True
GRO,barcelona,MEDIUM,47,0.061169857846458654,-0.0012642317463395,0.062434089592798156,True
HAD,barcelona,MEDIUM,40,-0.026141434904832277,-0.0012642317463395,-0.024877203158492775,True
HAM,barcelona,MEDIUM,237,-0.010821945836721091,-0.0012642317463395,-0.009557714090381591,True
HAR,barcelona,MEDIUM,52,-0.011610529533124463,-0.0012642317463395,-0.010346297786784963,True
HUL,barcelona,MEDIUM,128,-0.0026955739200775542,-0.0012642317463395,-0.0014313421737380543,True
KUB,barcelona,MEDIUM,37,0.013471498449438842,-0.0012642317463395,0.014735730195778342,True
KVY,barcelona,MEDIUM,75,-0.02208950023664,-0.0012642317463395,-0.020825268490300503,True
LAT,barcelona,MEDIUM,92,0.03268731472842588,-0.0012642317463395,0.03395154647476538,True
LAW,barcelona,MEDIUM,33,-0.0219504032258063,-0.0012642317463395,-0.020686171479466803,True
LEC,barcelona,MEDIUM,159,0.0354743915188256,-0.0012642317463395,0.0367386232651651,True
LIN,barcelona,MEDIUM,20,0.09575488721804518,-0.0012642317463395,0.09701911896438467,True
MAG,barcelona,MEDIUM,158,-0.005979093356658669,-0.0012642317463395,-0.004714861610319169,True
MAZ,barcelona,MEDIUM,38,0.06014296847939047,-0.0012642317463395,0.06140720022572997,True
MSC,barcelona,MEDIUM,72,0.07900672910014357,-0.0012642317463395,0.08027096084648307,True
NOR,barcelona,MEDIUM,166,-0.0006343484705033361,-0.0012642317463395,0.0006298832758361638,True
OCO,barcelona,MEDIUM,197,0.037002943246567464,-0.0012642317463395,0.038267174992906966,True
PER,barcelona,MEDIUM,184,-0.015325398543961116,-0.0012642317463395,-0.014061166797621616,True
PIA,barcelona,MEDIUM,85,-0.014282661627460108,-0.0012642317463395,-0.013018429881120609,True
RAI,barcelona,MEDIUM,95,-0.012857008896118698,-0.0012642317463395,-0.011592777149779198,True
RIC,barcelona,MEDIUM,134,-0.03162226318390471,-0.0012642317463395,-0.030358031437565207,True
RUS,barcelona,MEDIUM,233,0.0628631895247952,-0.0012642317463395,0.06412742127113469,True
SAI,barcelona,MEDIUM,195,-0.006487945216768761,-0.0012642317463395,-0.005223713470429261,True
SAR,barcelona,MEDIUM,33,0.062087958662331556,-0.0012642317463395,0.06335219040867106,True
SIR,barcelona,MEDIUM,29,-0.06880501291989682,-0.0012642317463395,-0.06754078117355733,True
STR,barcelona,MEDIUM,122,-0.014195946365925902,-0.0012642317463395,-0.012931714619586402,True
TSU,barcelona,MEDIUM,72,-0.06998314459260054,-0.0012642317463395,-0.06871891284626104,True
VAN,barcelona,MEDIUM,7,,-0.0012642317463395,,False
VER,barcelona,MEDIUM,252,-0.005849512411347307,-0.0012642317463395,-0.004585280665007807,True
VET,barcelona,MEDIUM,145,-0.03501649105261997,-0.0012642317463395,-0.033752259306280466,True
ZHO,barcelona,MEDIUM,46,0.013417412045318888,-0.0012642317463395,0.014681643791658388,True
ALB,barcelona,SOFT,166,0.01832983517382645,-0.0157087706186309,0.03403860579245735,True
ALO,barcelona,SOFT,140,0.004566239194349979,-0.0157087706186309,0.02027500981298088,True
ANT,barcelona,SOFT,22,0.1302405125677677,-0.0157087706186309,0.1459492831863986,True
BEA,barcelona,SOFT,12,,-0.0157087706186309,,False
BOR,barcelona,SOFT,32,0.18407840965041852,-0.0157087706186309,0.19978718026904943,True
BOT,barcelona,SOFT,150,-0.049127401943144966,-0.0157087706186309,-0.033418631324514066,True
COL,barcelona,SOFT,40,-0.04194268510258703,-0.0157087706186309,-0.02623391448395613,True
DEV,barcelona,SOFT,7,,-0.0157087706186309,,False
ERI,barcelona,SOFT,25,0.01492773072269271,-0.0157087706186309,0.030636501341323612,True
GAS,barcelona,SOFT,183,-0.015907430363132427,-0.0157087706186309,-0.00019865974450152674,True
GIO,barcelona,SOFT,68,-0.049206879710535986,-0.0157087706186309,-0.033498109091905086,True
GRO,barcelona,SOFT,65,0.012916259947196192,-0.0157087706186309,0.028625030565827093,True
HAD,barcelona,SOFT,29,0.14499617504781176,-0.0157087706186309,0.16070494566644267,True
HAM,barcelona,SOFT,242,0.01638137495976793,-0.0157087706186309,0.03209014557839883,True
HUL,barcelona,SOFT,69,-0.07669995859199287,-0.0157087706186309,-0.06099118797336197,True
KUB,barcelona,SOFT,9,,-0.0157087706186309,,False
KVY,barcelona,SOFT,38,-0.041336393308853726,-0.0157087706186309,-0.025627622690222826,True
LAT,barcelona,SOFT,74,0.012596467901080198,-0.0157087706186309,0.028305238519711097,True
LAW,barcelona,SOFT,30,-0.08525897469863544,-0.0157087706186309,-0.06955020408000454,True
LEC,barcelona,SOFT,193,0.02765165581973207,-0.0157087706186309,0.04336042643836297,True
MAG,barcelona,SOFT,102,-0.06600745890377448,-0.0157087706186309,-0.05029868828514358,True
MAZ,barcelona,SOFT,15,-0.028782608695652138,-0.0157087706186309,-0.013073838077021237,True
MSC,barcelona,SOFT,41,0.024953994238330553,-0.0157087706186309,0.04066276485696145,True
NOR,barcelona,SOFT,211,0.014645614635038395,-0.0157087706186309,0.030354385253669295,True
OCO,barcelona,SOFT,157,-0.04268495733661847,-0.0157087706186309,-0.02697618671798757,True
PER,barcelona,SOFT,226,0.03824909486603859,-0.0157087706186309,0.05395786548466949,True
PIA,barcelona,SOFT,80,0.015414617716402984,-0.0157087706186309,0.031123388335033884,True
RAI,barcelona,SOFT,79,0.021367876769045425,-0.0157087706186309,0.037076647387676326,True
RIC,barcelona,SOFT,170,-0.049229597202813204,-0.0157087706186309,-0.0335208265841823,True
RUS,barcelona,SOFT,146,-0.021817185663696125,-0.0157087706186309,-0.006108415045065225,True
SAI,barcelona,SOFT,225,-0.027914190163934142,-0.0157087706186309,-0.012205419545303242,True
SAR,barcelona,SOFT,12,,-0.0157087706186309,,False
STR,barcelona,SOFT,204,-0.01780445257891564,-0.0157087706186309,-0.002095681960284739,True
TSU,barcelona,SOFT,123,-0.0478902275196492,-0.0157087706186309,-0.0321814569010183,True
VAN,barcelona,SOFT,26,-0.09419316239316243,-0.0157087706186309,-0.07848439177453154,True
VER,barcelona,SOFT,221,0.02864256754671946,-0.0157087706186309,0.04435133816535036,True
VET,barcelona,SOFT,137,-0.03055991862124921,-0.0157087706186309,-0.01485114800261831,True
ZHO,barcelona,SOFT,19,-0.039450528700907435,-0.0157087706186309,-0.023741758082276535,True
ALO,barcelona,SUPERSOFT,14,,-0.0340656613857606,,False
SIR,barcelona,SUPERSOFT,20,-0.020014340344168487,-0.0340656613857606,0.014051321041592114,True
ALB,budapest,HARD,242,-0.021153820244667165,0.0092192310160351,-0.030373051260702263,True
ALO,budapest,HARD,176,0.010322341763111309,0.0092192310160351,0.001103110747076209,True
ANT,budapest,HARD,88,0.01570894473255737,0.0092192310160351,0.0064897137165222715,True
BEA,budapest,HARD,54,0.071142869815566,0.0092192310160351,0.0619236387995309,True
BOR,budapest,HARD,64,0.06543082116696851,0.0092192310160351,0.05621159015093341,True
BOT,budapest,HARD,194,0.020524849247989717,0.0092192310160351,0.011305618231954617,True
COL,budapest,HARD,100,0.015927565131397724,0.0092192310160351,0.006708334115362624,True
GAS,budapest,HARD,164,-0.029926110192820925,0.0092192310160351,-0.03914534120885602,True
GIO,budapest,HARD,112,0.03338951078206418,0.0092192310160351,0.024170279766029083,True
GRO,budapest,HARD,28,-0.015253147235905977,0.0092192310160351,-0.024472378251941075,True
HAD,budapest,HARD,79,0.017503446692949228,0.0092192310160351,0.008284215676914128,True
HAM,budapest,HARD,199,0.034145042619701686,0.0092192310160351,0.024925811603666588,True
HUL,budapest,HARD,127,0.01968409104669588,0.0092192310160351,0.01046486003066078,True
KUB,budapest,HARD,47,0.009367490997770884,0.0092192310160351,0.00014825998173578422,True
KVY,budapest,HARD,93,-0.007901731137413673,0.0092192310160351,-0.01712096215344877,True
LAT,budapest,HARD,56,-0.0027879010846255173,0.0092192310160351,-0.012007132100660617,True
LAW,budapest,HARD,47,-0.0322525838742588,0.0092192310160351,-0.0414718148902939,True
LEC,budapest,HARD,246,0.014405183320297764,0.0092192310160351,0.005185952304262664,True
LIN,budapest,HARD,42,0.026325818631762126,0.0092192310160351,0.017106587615727024,True
MAG,budapest,HARD,132,0.033299808321118445,0.0092192310160351,0.024080577305083346,True
MSC,budapest,HARD,49,-0.017029256467540395,0.0092192310160351,-0.026248487483575493,True
NOR,budapest,HARD,217,0.0026035179611017213,0.0092192310160351,-0.006615713054933379,True
OCO,budapest,HARD,254,-0.0016862255229472614,0.0092192310160351,-0.010905456538982361,True
PER,budapest,HARD,130,-0.017860161895918207,0.0092192310160351,-0.027079392911953305,True
PIA,budapest,HARD,132,0.034600699310402175,0.0092192310160351,0.025381468294367077,True
RAI,budapest,HARD,70,-0.034127533034926105,0.0092192310160351,-0.0433467640509612,True
RIC,budapest,HARD,172,-0.006213673020600491,0.0092192310160351,-0.015432904036635591,True
RUS,budapest,HARD,253,0.01917481148677428,0.0092192310160351,0.00995558047073918,True
SAI,budapest,HARD,211,-0.001272642711066938,0.0092192310160351,-0.010491873727102037,True
SAR,budapest,HARD,100,0.03261965192654778,0.0092192310160351,0.023400420910512684,True
STR,budapest,HARD,160,0.027137090234525183,0.0092192310160351,0.01791785921849008,True
TSU,budapest,HARD,148,0.009019680734415926,0.0092192310160351,-0.0001995502816191739,True
VER,budapest,HARD,216,-0.040514417701767974,0.0092192310160351,-0.04973364871780307,True
VET,budapest,HARD,70,-0.0011411169344968245,0.0092192310160351,-0.010360347950531925,True
ZHO,budapest,HARD,131,0.02797417331121369,0.0092192310160351,0.018754942295178594,True
ALB,budapest,INTERMEDIATE,1,,0.894666666666672,,False
GAS,budapest,INTERMEDIATE,1,,0.894666666666672,,False
GIO,budapest,INTERMEDIATE,2,,0.894666666666672,,False
HAM,budapest,INTERMEDIATE,1,,0.894666666666672,,False
LAT,budapest,INTERMEDIATE,1,,0.894666666666672,,False
NOR,budapest,INTERMEDIATE,2,,0.894666666666672,,False
OCO,budapest,INTERMEDIATE,2,,0.894666666666672,,False
PER,budapest,INTERMEDIATE,1,,0.894666666666672,,False
RAI,budapest,INTERMEDIATE,1,,0.894666666666672,,False
RIC,budapest,INTERMEDIATE,2,,0.894666666666672,,False
RUS,budapest,INTERMEDIATE,2,,0.894666666666672,,False
SAI,budapest,INTERMEDIATE,1,,0.894666666666672,,False
STR,budapest,INTERMEDIATE,1,,0.894666666666672,,False
VER,budapest,INTERMEDIATE,2,,0.894666666666672,,False
VET,budapest,INTERMEDIATE,1,,0.894666666666672,,False
ALB,budapest,MEDIUM,137,-0.007293940707738394,-0.0092826144668865,0.0019886737591481053,True
ALO,budapest,MEDIUM,178,-0.03348528860757547,-0.0092826144668865,-0.02420267414068897,True
ANT,budapest,MEDIUM,39,-0.027355014504765695,-0.0092826144668865,-0.018072400037879195,True
BEA,budapest,MEDIUM,48,-0.006068690890990501,-0.0092826144668865,0.003213923575895999,True
BOR,budapest,MEDIUM,38,-0.022588904694167806,-0.0092826144668865,-0.013306290227281307,True
BOT,budapest,MEDIUM,119,-0.05126874869767826,-0.0092826144668865,-0.041986134230791755,True
COL,budapest,MEDIUM,24,-0.02520374772759113,-0.0092826144668865,-0.01592113326070463,True
ERI,budapest,MEDIUM,59,-0.01191604200355423,-0.0092826144668865,-0.00263342753666773,True
GAS,budapest,MEDIUM,128,-0.022756211760169544,-0.0092826144668865,-0.013473597293283044,True
GIO,budapest,MEDIUM,56,-0.04291406481967862,-0.0092826144668865,-0.03363145035279212,True
GRO,budapest,MEDIUM,28,-0.006117952928297782,-0.0092826144668865,0.003164661538588718,True
HAD,budapest,MEDIUM,48,0.034504916477649264,-0.0092826144668865,0.04378753094453576,True
HAM,budapest,MEDIUM,250,-0.004551421999031153,-0.0092826144668865,0.004731192467855347,True
HAR,budapest,MEDIUM,42,-0.050700420961245336,-0.0092826144668865,-0.04141780649435883,True
HUL,budapest,MEDIUM,150,-0.00459582136797529,-0.0092826144668865,0.00468679309891121,True
KUB,budapest,MEDIUM,15,-0.03502857142857191,-0.0092826144668865,-0.02574595696168541,True
KVY,budapest,MEDIUM,18,-0.06397936016511865,-0.0092826144668865,-0.05469674569823216,True
LAT,budapest,MEDIUM,78,-0.0045784554920376514,-0.0092826144668865,0.004704158974848848,True
LAW,budapest,MEDIUM,57,-0.010747665534804876,-0.0092826144668865,-0.001465051067918376,True
LEC,budapest,MEDIUM,137,0.0028254482439190993,-0.0092826144668865,0.0121080627108056,True
LIN,budapest,MEDIUM,18,0.04394943240454084,-0.0092826144668865,0.05323204687142734,True
MAG,budapest,MEDIUM,104,-0.023329778331001975,-0.0092826144668865,-0.014047163864115475,True
MSC,budapest,MEDIUM,68,0.012806084740363122,-0.0092826144668865,0.022088699207249624,True
NOR,budapest,MEDIUM,174,0.0002618711501559509,-0.0092826144668865,0.00954448561704245,True
OCO,budapest,MEDIUM,106,-0.07013029215402262,-0.0092826144668865,-0.06084767768713613,True
PER,budapest,MEDIUM,186,0.009566984861614268,-0.0092826144668865,0.01884959932850077,True
PIA,budapest,MEDIUM,109,-0.006085534966558634,-0.0092826144668865,0.0031970795003278653,True
RAI,budapest,MEDIUM,75,-0.09366781995947351,-0.0092826144668865,-0.08438520549258702,True
RIC,budapest,MEDIUM,161,-0.025035118048594308,-0.0092826144668865,-0.015752503581707808,True
RUS,budapest,MEDIUM,218,-0.022762762333035966,-0.0092826144668865,-0.013480147866149466,True
SAI,budapest,MEDIUM,218,-0.0058862727815581035,-0.0092826144668865,0.0033963416853283962,True
SAR,budapest,MEDIUM,17,-0.14639282945736348,-0.0092826144668865,-0.137110214990477,True
SIR,budapest,MEDIUM,34,-0.0013667244945112442,-0.0092826144668865,0.007915889972375256,True
STR,budapest,MEDIUM,213,0.0011382357670619405,-0.0092826144668865,0.01042085023394844,True
TSU,budapest,MEDIUM,103,-0.009519304505502476,-0.0092826144668865,-0.0002366900386159762,True
VAN,budapest,MEDIUM,8,,-0.0092826144668865,,False
VER,budapest,MEDIUM,244,-0.013037757782602357,-0.0092826144668865,-0.003755143315715857,True
VET,budapest,MEDIUM,136,-0.008965268070847292,-0.0092826144668865,0.000317346396039208,True
ZHO,budapest,MEDIUM,36,-0.021893573052283434,-0.0092826144668865,-0.012610958585396934,True
ALB,budapest,SOFT,54,0.04336929417966979,-0.0202191847792932,0.063588478958963,True
ALO,budapest,SOFT,81,-0.005352273269974654,-0.0202191847792932,0.014866911509318546,True
BOR,budapest,SOFT,27,-0.045503663003662986,-0.0202191847792932,-0.025284478224369786,True
BOT,budapest,SOFT,52,0.029908524050167976,-0.0202191847792932,0.05012770882946117,True
GAS,budapest,SOFT,88,-0.05483328220410781,-0.0202191847792932,-0.03461409742481461,True
GIO,budapest,SOFT,13,,-0.0202191847792932,,False
GRO,budapest,SOFT,53,-0.06870129392736367,-0.0202191847792932,-0.04848210914807047,True
HAM,budapest,SOFT,83,-0.012065082158297378,-0.0202191847792932,0.008154102620995822,True
HUL,budapest,SOFT,76,-0.028367886708673008,-0.0202191847792932,-0.008148701929379807,True
KVY,budapest,SOFT,11,,-0.0202191847792932,,False
LAT,budapest,SOFT,34,0.2565932720105123,-0.0202191847792932,0.2768124567898055,True
LAW,budapest,SOFT,23,0.0018322773015280796,-0.0202191847792932,0.02205146208082128,True
LEC,budapest,SOFT,53,0.1945383203891778,-0.0202191847792932,0.21475750516847097,True
MAG,budapest,SOFT,70,-0.044524029983989806,-0.0202191847792932,-0.024304845204696605,True
NOR,budapest,SOFT,48,0.06850531412376011,-0.0202191847792932,0.08872449890305331,True
OCO,budapest,SOFT,35,0.031001367703648718,-0.0202191847792932,0.05122055248294192,True
PER,budapest,SOFT,59,-0.016308959810026558,-0.0202191847792932,0.003910224969266643,True
RAI,budapest,SOFT,91,0.007904749719224904,-0.0202191847792932,0.028123934498518105,True
RIC,budapest,SOFT,69,-0.02037359173896606,-0.0202191847792932,-0.00015440695967285784,True
RUS,budapest,SOFT,25,-0.1879551577454793,-0.0202191847792932,-0.1677359729661861,True
SAI,budapest,SOFT,124,-0.04127614208578527,-0.0202191847792932,-0.02105695730649207,True
SAR,budapest,SOFT,5,,-0.0202191847792932,,False
SIR,budapest,SOFT,23,-0.04992687747035587,-0.0202191847792932,-0.029707692691062666,True
STR,budapest,SOFT,99,-0.02311783997759888,-0.0202191847792932,-0.002898655198305681,True
TSU,budapest,SOFT,57,0.029902840929433072,-0.0202191847792932,0.05012202570872627,True
VAN,budapest,SOFT,32,-0.07493310117302052,-0.0202191847792932,-0.054713916393727316,True
VER,budapest,SOFT,38,-0.057428777066552354,-0.0202191847792932,-0.037209592287259154,True
VET,budapest,SOFT,72,-0.012258536887129332,-0.0202191847792932,0.007960647892163868,True
ZHO,budapest,SOFT,14,,-0.0202191847792932,,False
BOT,budapest,ULTRASOFT,7,,-0.010411644517974,,False
GAS,budapest,ULTRASOFT,24,0.006198695652173863,-0.010411644517974,0.016610340170147862,True
GRO,budapest,ULTRASOFT,21,-0.08746623376623386,-0.010411644517974,-0.07705458924825986,True
HAM,budapest,ULTRASOFT,17,-0.017424019607842806,-0.010411644517974,-0.007012375089868806,True
HAR,budapest,ULTRASOFT,16,-0.06489852941176502,-0.010411644517974,-0.05448688489379102,True
HUL,budapest,ULTRASOFT,18,-0.06257688338493288,-0.010411644517974,-0.052165238866958875,True
MAG,budapest,ULTRASOFT,23,-0.03443675889328066,-0.010411644517974,-0.02402511437530666,True
OCO,budapest,ULTRASOFT,27,-0.03173329976502181,-0.010411644517974,-0.021321655247047808,True
PER,budapest,ULTRASOFT,14,,-0.010411644517974,,False
RAI,budapest,ULTRASOFT,6,,-0.010411644517974,,False
RIC,budapest,ULTRASOFT,22,0.07365935320745498,-0.010411644517974,0.08407099772542898,True
STR,budapest,ULTRASOFT,17,0.08505933037912354,-0.010411644517974,0.09547097489709754,True
VET,budapest,ULTRASOFT,28,-0.058578959261411316,-0.010411644517974,-0.048167314743437314,True
ALB,imola,HARD,54,-0.015518080837737057,0.0024316259703276,-0.017949706808064656,True
ALO,imola,HARD,58,0.027901819523332146,0.0024316259703276,0.025470193553004547,True
ANT,imola,HARD,27,0.02006105006105001,0.0024316259703276,0.01762942409072241,True
BEA,imola,HARD,48,0.005747922996833945,0.0024316259703276,0.003316297026506345,True
BOR,imola,HARD,28,0.019330769230769297,0.0024316259703276,0.016899143260441698,True
BOT,imola,HARD,78,0.050316168143707686,0.0024316259703276,0.04788454217338008,True
COL,imola,HARD,28,0.07050542461653589,0.0024316259703276,0.06807379864620829,True
GAS,imola,HARD,61,-0.006132657517378748,0.0024316259703276,-0.008564283487706348,True
GRO,imola,HARD,36,-0.024271442322306137,0.0024316259703276,-0.026703068292633737,True
HAD,imola,HARD,23,-0.05912584679520621,0.0024316259703276,-0.06155747276553381,True
HAM,imola,HARD,91,0.006318271016205457,0.0024316259703276,0.0038866450458778573,True
HUL,imola,HARD,74,0.004627218438104973,0.0024316259703276,0.002195592467777373,True
KVY,imola,HARD,31,-0.05850881800750986,0.0024316259703276,-0.06094044397783746,True
LAT,imola,HARD,19,0.0013908675799086333,0.0024316259703276,-0.0010407583904189668,True
LAW,imola,HARD,40,-0.01991798057434663,0.0024316259703276,-0.02234960654467423,True
LEC,imola,HARD,114,-0.014501503240145867,0.0024316259703276,-0.016933129210473467,True
MAG,imola,HARD,39,-0.026589077412513096,0.0024316259703276,-0.029020703382840695,True
NOR,imola,HARD,64,0.003551765349493199,0.0024316259703276,0.0011201393791655987,True
OCO,imola,HARD,73,0.017890239556280347,0.0024316259703276,0.015458613585952748,True
PER,imola,HARD,53,0.03248356633568819,0.0024316259703276,0.03005194036536059,True
PIA,imola,HARD,77,-0.011467851032081961,0.0024316259703276,-0.013899477002409562,True
RIC,imola,HARD,114,-0.014729909914305814,0.0024316259703276,-0.017161535884633414,True
RUS,imola,HARD,102,-0.022965685785718518,0.0024316259703276,-0.025397311756046117,True
SAI,imola,HARD,74,-0.02677333933331008,0.0024316259703276,-0.02920496530363768,True
SAR,imola,HARD,28,0.012407860585836206,0.0024316259703276,0.009976234615508606,True
STR,imola,HARD,75,0.009379493099206182,0.0024316259703276,0.006947867128878582,True
TSU,imola,HARD,74,-0.004776976503163126,0.0024316259703276,-0.007208602473490726,True
VER,imola,HARD,89,0.0055186047291374725,0.0024316259703276,0.0030869787588098723,True
VET,imola,HARD,9,,0.0024316259703276,,False
ZHO,imola,HARD,31,0.009592741935483786,0.0024316259703276,0.007161115965156186,True
ALB,imola,INTERMEDIATE,12,,-0.326578134662277,,False
ALO,imola,INTERMEDIATE,19,-0.4950461130742051,-0.326578134662277,-0.16846797841192812,True
BOT,imola,INTERMEDIATE,31,-0.2979352563383444,-0.326578134662277,0.028642878323932586,True
GAS,imola,INTERMEDIATE,22,0.293298357796833,-0.326578134662277,0.61987649245911,True
GIO,imola,INTERMEDIATE,17,-0.5200754962192808,-0.326578134662277,-0.19349736155700387,True
HAM,imola,INTERMEDIATE,32,-0.3722444367266088,-0.326578134662277,-0.04566630206433181,True
LAT,imola,INTERMEDIATE,13,,-0.326578134662277,,False
LEC,imola,INTERMEDIATE,33,-0.2998263888888891,-0.326578134662277,0.026751745773387903,True
MAG,imola,INTERMEDIATE,13,,-0.326578134662277,,False
MAZ,imola,INTERMEDIATE,9,,-0.326578134662277,,False
MSC,imola,INTERMEDIATE,25,-0.35610455790297396,-0.326578134662277,-0.029526423240696986,True
NOR,imola,INTERMEDIATE,32,-0.28681433506044923,-0.326578134662277,0.03976379960182774,True
OCO,imola,INTERMEDIATE,30,-0.3658218189768255,-0.326578134662277,-0.0392436843145485,True
PER,imola,INTERMEDIATE,32,-0.28939148722698155,-0.326578134662277,0.03718664743529543,True
RAI,imola,INTERMEDIATE,16,-0.6629802359882007,-0.326578134662277,-0.3364021013259237,True
RIC,imola,INTERMEDIATE,29,-0.4360758908139925,-0.326578134662277,-0.10949775615171553,True
RUS,imola,INTERMEDIATE,29,-0.34064465904611796,-0.326578134662277,-0.014066524383840984,True
SAI,imola,INTERMEDIATE,17,-0.43542155009451733,-0.326578134662277,-0.10884341543224035,True
STR,imola,INTERMEDIATE,30,-0.3275050727761017,-0.326578134662277,-0.0009269381138247157,True
TSU,imola,INTERMEDIATE,28,-0.2904597625329821,-0.326578134662277,0.03611837212929486,True
VER,imola,INTERMEDIATE,32,-0.1715622966062297,-0.326578134662277,0.15501583805604727,True
VET,imola,INTERMEDIATE,22,-0.4275060823196132,-0.326578134662277,-0.1009279476573362,True
ZHO,imola,INTERMEDIATE,13,,-0.326578134662277,,False
ALB,imola,MEDIUM,108,-0.01846413327825957,-0.0438018121490558,0.02533767887079623,True
ALO,imola,MEDIUM,63,-0.09045953454406915,-0.0438018121490558,-0.04665772239501335,True
ANT,imola,MEDIUM,13,,-0.0438018121490558,,False
BOR,imola,MEDIUM,20,-0.04179719887955176,-0.0438018121490558,0.0020046132695040395,True
BOT,imola,MEDIUM,64,-0.05738980705928366,-0.0438018121490558,-0.013587994910227864,True
COL,imola,MEDIUM,20,0.031586466165413475,-0.0438018121490558,0.07538827831446927,True
GAS,imola,MEDIUM,103,-0.040741838293099006,-0.0438018121490558,0.003059973855956792,True
GIO,imola,MEDIUM,64,-0.03797477043759362,-0.0438018121490558,0.005827041711462179,True
GRO,imola,MEDIUM,7,,-0.0438018121490558,,False
HAD,imola,MEDIUM,27,0.023639804639804463,-0.0438018121490558,0.06744161678886026,True
HAM,imola,MEDIUM,130,-0.009207561798777566,-0.0438018121490558,0.03459425035027823,True
HUL,imola,MEDIUM,34,-0.03945271587462107,-0.0438018121490558,0.004349096274434729,True
LAT,imola,MEDIUM,70,-0.08251280737704922,-0.0438018121490558,-0.03871099522799342,True
LAW,imola,MEDIUM,8,,-0.0438018121490558,,False
LEC,imola,MEDIUM,85,-0.10508012588839202,-0.0438018121490558,-0.061278313739336225,True
MAG,imola,MEDIUM,101,-0.04024136444987314,-0.0438018121490558,0.0035604476991826575,True
MAZ,imola,MEDIUM,22,-0.15155455706797052,-0.0438018121490558,-0.10775274491891473,True
MSC,imola,MEDIUM,55,-0.0915516312016706,-0.0438018121490558,-0.04774981905261481,True
NOR,imola,MEDIUM,119,-0.03667313204929008,-0.0438018121490558,0.007128680099765715,True
OCO,imola,MEDIUM,99,-0.0615786190640451,-0.0438018121490558,-0.0177768069149893,True
PER,imola,MEDIUM,78,-0.08016529931677685,-0.0438018121490558,-0.03636348716772105,True
PIA,imola,MEDIUM,32,0.0318998968616477,-0.0438018121490558,0.0757017090107035,True
RAI,imola,MEDIUM,71,-0.07284899152229173,-0.0438018121490558,-0.029047179373235928,True
RIC,imola,MEDIUM,17,-0.07688867684478416,-0.0438018121490558,-0.033086864695728364,True
RUS,imola,MEDIUM,88,-0.031050660610638027,-0.0438018121490558,0.012751151538417771,True
SAI,imola,MEDIUM,89,-0.09093285959251629,-0.0438018121490558,-0.04713104744346049,True
SAR,imola,MEDIUM,30,0.03267719688542836,-0.0438018121490558,0.07647900903448415,True
STR,imola,MEDIUM,141,-0.021976167955198446,-0.0438018121490558,0.021825644193857352,True
TSU,imola,MEDIUM,76,-0.060356729039203375,-0.0438018121490558,-0.016554916890147577,True
VER,imola,MEDIUM,122,-0.1016535663509483,-0.0438018121490558,-0.0578517542018925,True
VET,imola,MEDIUM,78,-0.0728902318873074,-0.0438018121490558,-0.029088419738251596,True
ZHO,imola,MEDIUM,68,-0.040992501800008484,-0.0438018121490558,0.0028093103490473142,True
ALB,imola,SOFT,15,0.1286902573529408,-0.122628956227197,0.25131921358013776,True
ALO,imola,SOFT,7,,-0.122628956227197,,False
BOT,imola,SOFT,5,,-0.122628956227197,,False
GAS,imola,SOFT,12,,-0.122628956227197,,False
GIO,imola,SOFT,8,,-0.122628956227197,,False
GRO,imola,SOFT,5,,-0.122628956227197,,False
HAM,imola,SOFT,5,,-0.122628956227197,,False
KVY,imola,SOFT,17,-0.1577912844036702,-0.122628956227197,-0.03516232817647322,True
LEC,imola,SOFT,22,0.3092808611249376,-0.122628956227197,0.4319098173521346,True
MAZ,imola,SOFT,3,,-0.122628956227197,,False
MSC,imola,SOFT,11,,-0.122628956227197,,False
NOR,imola,SOFT,42,-0.18654642538704713,-0.122628956227197,-0.06391746915985014,True
PER,imola,SOFT,42,-0.027271562267361608,-0.122628956227197,0.09535739395983539,True
RAI,imola,SOFT,5,,-0.122628956227197,,False
RIC,imola,SOFT,38,-0.13554763674109724,-0.122628956227197,-0.012918680513900244,True
SAI,imola,SOFT,20,-0.11272068965517199,-0.122628956227197,0.00990826657202501,True
STR,imola,SOFT,5,,-0.122628956227197,,False
TSU,imola,SOFT,25,-0.07633071428571436,-0.122628956227197,0.04629824194148263,True
VER,imola,SOFT,9,,-0.122628956227197,,False
VET,imola,SOFT,29,-0.14848303683287414,-0.122628956227197,-0.02585408060567715,True
GAS,imola,WET,5,,-1.398876033057855,,False
MAZ,imola,WET,4,,-1.398876033057855,,False
ALB,jeddah,HARD,97,-0.07309045243097237,-0.0525585596403512,-0.02053189279062117,True
ALO,jeddah,HARD,133,-0.06806886315044672,-0.0525585596403512,-0.015510303510095517,True
ANT,jeddah,HARD,30,-0.045420912124582845,-0.0525585596403512,0.0071376475157683555,True
BEA,jeddah,HARD,72,-0.08302322003274787,-0.0525585596403512,-0.03046466039239667,True
BOR,jeddah,HARD,46,-0.01669417206290477,-0.0525585596403512,0.035864387577446435,True
BOT,jeddah,HARD,45,-0.03227893104397325,-0.0525585596403512,0.020279628596377948,True
DEV,jeddah,HARD,30,-0.11001312569521692,-0.0525585596403512,-0.057454566054865715,True
DOO,jeddah,HARD,44,0.061713776641091345,-0.0525585596403512,0.11427233628144254,True
GAS,jeddah,HARD,77,-0.09516461086390418,-0.0525585596403512,-0.04260605122355298,True
GIO,jeddah,HARD,23,-0.049262791972052945,-0.0525585596403512,0.003295767668298255,True
HAD,jeddah,HARD,30,-0.037499221357063316,-0.0525585596403512,0.015059338283287885,True
HAM,jeddah,HARD,94,-0.07660940992790193,-0.0525585596403512,-0.024050850287550725,True
HUL,jeddah,HARD,109,-0.036471743892687515,-0.0525585596403512,0.016086815747663685,True
LAT,jeddah,HARD,25,-0.11896730467427775,-0.0525585596403512,-0.06640874503392655,True
LAW,jeddah,HARD,29,-0.08533940886699477,-0.0525585596403512,-0.03278084922664357,True
LEC,jeddah,HARD,136,-0.036710928779485515,-0.0525585596403512,0.015847630860865686,True
MAG,jeddah,HARD,108,-0.08382459785881646,-0.0525585596403512,-0.03126603821846526,True
NOR,jeddah,HARD,91,-0.11085774232152792,-0.0525585596403512,-0.058299182681176724,True
OCO,jeddah,HARD,162,-0.03684478859915649,-0.0525585596403512,0.01571377104119471,True
PER,jeddah,HARD,93,-0.032152726269995886,-0.0525585596403512,0.020405833370355314,True
PIA,jeddah,HARD,115,-0.02035646766771277,-0.0525585596403512,0.03220209197263843,True
RAI,jeddah,HARD,6,,-0.0525585596403512,,False
RIC,jeddah,HARD,66,-0.061062937791705935,-0.0525585596403512,-0.008504378151354734,True
RUS,jeddah,HARD,123,-0.04424771323481055,-0.0525585596403512,0.008310846405540653,True
SAI,jeddah,HARD,87,-0.10012295102129175,-0.0525585596403512,-0.04756439138094055,True
SAR,jeddah,HARD,55,-0.07631980138789173,-0.0525585596403512,-0.023761241747540525,True
STR,jeddah,HARD,60,-0.04380063405665983,-0.0525585596403512,0.008757925583691373,True
TSU,jeddah,HARD,87,-0.05879484526881185,-0.0525585596403512,-0.006236285628460653,True
VER,jeddah,HARD,121,-0.025359816461997815,-0.0525585596403512,0.027198743178353385,True
VET,jeddah,HARD,7,,-0.0525585596403512,,False
ZHO,jeddah,HARD,25,-0.09185542929292931,-0.0525585596403512,-0.03929686965257811,True
ALB,jeddah,MEDIUM,48,-0.09643707649232117,-0.073029925705873,-0.023407150786448172,True
ALO,jeddah,MEDIUM,55,-0.038729177199191396,-0.073029925705873,0.0343007485066816,True
ANT,jeddah,MEDIUM,15,-0.0032821428571429127,-0.073029925705873,0.06974778284873008,True
BEA,jeddah,MEDIUM,14,,-0.073029925705873,,False
BOT,jeddah,MEDIUM,65,-0.13449496581097506,-0.073029925705873,-0.061465040105102065,True
DEV,jeddah,MEDIUM,15,-0.16902142857142877,-0.073029925705873,-0.09599150286555577,True
GAS,jeddah,MEDIUM,32,0.0024797819486617094,-0.073029925705873,0.0755097076545347,True
GIO,jeddah,MEDIUM,7,,-0.073029925705873,,False
HAD,jeddah,MEDIUM,15,0.011878571428571277,-0.073029925705873,0.08490849713444427,True
HAM,jeddah,MEDIUM,93,-0.044876123925975696,-0.073029925705873,0.0281538017798973,True
HUL,jeddah,MEDIUM,57,-0.0032126245202463125,-0.073029925705873,0.06981730118562668,True
LAT,jeddah,MEDIUM,20,-0.14575523012552344,-0.073029925705873,-0.07272530441965044,True
LAW,jeddah,MEDIUM,16,-0.07175147058823451,-0.073029925705873,0.00127845511763848,True
LEC,jeddah,MEDIUM,52,-0.03844328076830977,-0.073029925705873,0.03458664493756322,True
MAG,jeddah,MEDIUM,17,-0.5549653100775203,-0.073029925705873,-0.4819353843716473,True
MAZ,jeddah,MEDIUM,7,,-0.073029925705873,,False
MSC,jeddah,MEDIUM,7,,-0.073029925705873,,False
NOR,jeddah,MEDIUM,90,-0.0359910642422317,-0.073029925705873,0.03703886146364129,True
OCO,jeddah,MEDIUM,39,-0.03482946755027413,-0.073029925705873,0.03820045815559887,True
PER,jeddah,MEDIUM,41,-0.0024849429037518073,-0.073029925705873,0.07054498280212118,True
PIA,jeddah,MEDIUM,20,-0.03572216358839124,-0.073029925705873,0.037307762117481755,True
RAI,jeddah,MEDIUM,23,-0.08971159892207492,-0.073029925705873,-0.016681673216201925,True
RIC,jeddah,MEDIUM,32,-0.09180394177348761,-0.073029925705873,-0.018774016067614613,True
RUS,jeddah,MEDIUM,56,-0.12334985190751997,-0.073029925705873,-0.05031992620164698,True
SAI,jeddah,MEDIUM,67,-0.06985650564062483,-0.073029925705873,0.0031734200652481642,True
SAR,jeddah,MEDIUM,34,-0.0841133409919586,-0.073029925705873,-0.011083415286085599,True
STR,jeddah,MEDIUM,67,-0.08437518587729106,-0.073029925705873,-0.01134526017141807,True
TSU,jeddah,MEDIUM,31,-0.07506061914158867,-0.073029925705873,-0.002030693435715672,True
VER,jeddah,MEDIUM,83,-0.040811650044423685,-0.073029925705873,0.03221827566144931,True
VET,jeddah,MEDIUM,18,-0.06406208874641475,-0.073029925705873,0.008967836959458242,True
ZHO,jeddah,MEDIUM,88,-0.07117791915484765,-0.073029925705873,0.0018520065510253397,True
ALO,jeddah,SOFT,4,,-0.1091547603668776,,False
BEA,jeddah,SOFT,4,,-0.1091547603668776,,False
BOT,jeddah,SOFT,29,-0.044969060866632896,-0.1091547603668776,0.0641856995002447,True
HAM,jeddah,SOFT,13,,-0.1091547603668776,,False
LEC,jeddah,SOFT,14,,-0.1091547603668776,,False
NOR,jeddah,SOFT,19,-0.23325474747474761,-0.1091547603668776,-0.12409998710787001,True
ZHO,jeddah,SOFT,7,,-0.1091547603668776,,False
ALB,lusail,HARD,26,-0.15658325178246912,-0.0448577311719907,-0.11172552061047843,True
ALO,lusail,HARD,65,-0.07304977221945899,-0.0448577311719907,-0.028192041047468294,True
ANT,lusail,HARD,24,0.011289565217391316,-0.0448577311719907,0.05614729638938201,True
BEA,lusail,HARD,6,,-0.0448577311719907,,False
BOT,lusail,HARD,53,-0.04725110149998386,-0.0448577311719907,-0.0023933703279931592,True
COL,lusail,HARD,4,,-0.0448577311719907,,False
GAS,lusail,HARD,49,-0.02877405205443261,-0.0448577311719907,0.01608367911755809,True
HAD,lusail,HARD,21,-0.09759220779220786,-0.0448577311719907,-0.05273447662021716,True
HAM,lusail,HARD,32,-0.016922829581993506,-0.0448577311719907,0.02793490158999719,True
HUL,lusail,HARD,51,0.011601801033300779,-0.0448577311719907,0.05645953220529148,True
LAT,lusail,HARD,28,-0.013714346449997677,-0.0448577311719907,0.03114338472199302,True
LAW,lusail,HARD,49,-0.11642773892773887,-0.0448577311719907,-0.07157000775574818,True
LEC,lusail,HARD,75,-0.06404196086963648,-0.0448577311719907,-0.019184229697645785,True
MAG,lusail,HARD,50,-0.050065968309526546,-0.0448577311719907,-0.005208237137535848,True
NOR,lusail,HARD,58,-0.0158131368252315,-0.0448577311719907,0.029044594346759198,True
OCO,lusail,HARD,61,-0.031089746682750236,-0.0448577311719907,0.013767984489240461,True
PER,lusail,HARD,29,-0.07811579804560284,-0.0448577311719907,-0.033258066873612144,True
PIA,lusail,HARD,42,0.011841154286357973,-0.0448577311719907,0.05669888545834867,True
RAI,lusail,HARD,19,-0.09261554441260744,-0.0448577311719907,-0.047757813240616745,True
RIC,lusail,HARD,22,-0.05662206539966475,-0.0448577311719907,-0.011764334227674055,True
RUS,lusail,HARD,91,-0.019174335265134124,-0.0448577311719907,0.025683395906856574,True
SAI,lusail,HARD,61,-0.06969504218380418,-0.0448577311719907,-0.02483731101181348,True
SAR,lusail,HARD,11,,-0.0448577311719907,,False
STR,lusail,HARD,42,-0.05495727794087516,-0.0448577311719907,-0.010099546768884464,True
TSU,lusail,HARD,71,-0.05621832747616086,-0.0448577311719907,-0.011360596304170162,True
VER,lusail,HARD,73,-0.02369124713571596,-0.0448577311719907,0.021166484036274736,True
ZHO,lusail,HARD,43,-0.12372630227145029,-0.0448577311719907,-0.07886857109945959,True
ALB,lusail,MEDIUM,97,-0.048960311817673234,-0.051690600375226,0.0027302885575527652,True
ALO,lusail,MEDIUM,100,-0.05926854770132283,-0.051690600375226,-0.007577947326096832,True
ANT,lusail,MEDIUM,26,-0.044828395061728345,-0.051690600375226,0.006862205313497655,True
BEA,lusail,MEDIUM,26,-0.06539941520467854,-0.051690600375226,-0.013708814829452541,True
BOR,lusail,MEDIUM,26,-0.06834431448992863,-0.051690600375226,-0.01665371411470263,True
BOT,lusail,MEDIUM,79,-0.1517409853300732,-0.051690600375226,-0.10005038495484722,True
COL,lusail,MEDIUM,44,-0.011337503644268613,-0.051690600375226,0.04035309673095738,True
GAS,lusail,MEDIUM,122,-0.03181833940506912,-0.051690600375226,0.01987226097015688,True
GIO,lusail,MEDIUM,33,0.05599977668602049,-0.051690600375226,0.10769037706124648,True
HAD,lusail,MEDIUM,26,-0.07359649122807015,-0.051690600375226,-0.021905890852844147,True
HAM,lusail,MEDIUM,96,0.00017401001714020817,-0.051690600375226,0.05186461039236621,True
HUL,lusail,MEDIUM,18,0.17582305936073087,-0.051690600375226,0.22751365973595686,True
LAW,lusail,MEDIUM,70,-0.05350803104078805,-0.051690600375226,-0.0018174306655620517,True
LEC,lusail,MEDIUM,109,-0.0594571910345694,-0.051690600375226,-0.007766590659343403,True
MAG,lusail,MEDIUM,36,-0.17150842490842488,-0.051690600375226,-0.11981782453319889,True
MAZ,lusail,MEDIUM,27,-0.013861416736071597,-0.051690600375226,0.0378291836391544,True
MSC,lusail,MEDIUM,26,-0.04450788619291885,-0.051690600375226,0.007182714182307148,True
NOR,lusail,MEDIUM,99,-0.01808669319548755,-0.051690600375226,0.03360390717973845,True
OCO,lusail,MEDIUM,59,0.01199598967777936,-0.051690600375226,0.06368659005300537,True
PER,lusail,MEDIUM,88,-0.01596483341633151,-0.051690600375226,0.03572576695889449,True
PIA,lusail,MEDIUM,92,-0.02585012002203669,-0.051690600375226,0.02584048035318931,True
RAI,lusail,MEDIUM,18,-0.04394840041279696,-0.051690600375226,0.0077421999624290375,True
RIC,lusail,MEDIUM,24,-0.06547000000000008,-0.051690600375226,-0.013779399624774084,True
RUS,lusail,MEDIUM,67,-0.06500970187028687,-0.051690600375226,-0.013319101495060874,True
SAI,lusail,MEDIUM,77,-0.08609147861331382,-0.051690600375226,-0.034400878238087816,True
SAR,lusail,MEDIUM,19,0.037149060272197276,-0.051690600375226,0.08883966064742327,True
STR,lusail,MEDIUM,94,-0.10195106115488935,-0.051690600375226,-0.05026046077966335,True
TSU,lusail,MEDIUM,90,-0.06328109433818764,-0.051690600375226,-0.011590493962961641,True
VER,lusail,MEDIUM,107,-0.03058455988409727,-0.051690600375226,0.02110604049112873,True
VET,lusail,MEDIUM,22,-0.11345267043858596,-0.051690600375226,-0.061762070063359965,True
ZHO,lusail,MEDIUM,40,-0.13876402078480538,-0.051690600375226,-0.08707342040957938,True
ALB,lusail,SOFT,12,,-0.0536351647576097,,False
ALO,lusail,SOFT,21,-0.13417662337662353,-0.0536351647576097,-0.08054145861901382,True
BOR,lusail,SOFT,24,-0.005845652173912672,-0.0536351647576097,0.04778951258369703,True
GAS,lusail,SOFT,11,,-0.0536351647576097,,False
GIO,lusail,SOFT,13,,-0.0536351647576097,,False
HAM,lusail,SOFT,5,,-0.0536351647576097,,False
HUL,lusail,SOFT,5,,-0.0536351647576097,,False
LAT,lusail,SOFT,16,-0.0694323529411764,-0.0536351647576097,-0.0157971881835667,True
LAW,lusail,SOFT,15,-0.018157142857142386,-0.0536351647576097,0.03547802190046732,True
MAZ,lusail,SOFT,18,-0.14208679593721124,-0.0536351647576097,-0.08845163117960153,True
MSC,lusail,SOFT,20,-0.09014962406015029,-0.0536351647576097,-0.03651445930254058,True
NOR,lusail,SOFT,23,-0.055443675889327956,-0.0536351647576097,-0.0018085111317182531,True
OCO,lusail,SOFT,22,-0.07665725578769061,-0.0536351647576097,-0.02302209103008091,True
RAI,lusail,SOFT,8,,-0.0536351647576097,,False
RUS,lusail,SOFT,23,0.08291682280513915,-0.0536351647576097,0.13655198756274886,True
STR,lusail,SOFT,4,,-0.0536351647576097,,False
TSU,lusail,SOFT,22,-0.016749444135630467,-0.0536351647576097,0.036885720621979236,True
VET,lusail,SOFT,24,-0.14496478260869575,-0.0536351647576097,-0.09132961785108604,True
ZHO,lusail,SOFT,4,,-0.0536351647576097,,False
ALB,melbourne,HARD,106,-0.05099304955205052,-0.0275378236954523,-0.023455225856598223,True
ALO,melbourne,HARD,97,-0.04104727951419006,-0.0275378236954523,-0.013509455818737758,True
ANT,melbourne,HARD,41,-0.006628077403150284,-0.0275378236954523,0.020909746292302016,True
BEA,melbourne,HARD,36,0.013921369876494533,-0.0275378236954523,0.04145919357194683,True
BOR,melbourne,HARD,36,0.025183634237698063,-0.0275378236954523,0.05272145793315036,True
BOT,melbourne,HARD,123,-0.03805255943920503,-0.0275378236954523,-0.010514735743752734,True
COL,melbourne,HARD,35,-0.020347867198991426,-0.0275378236954523,0.007189956496460873,True
DEV,melbourne,HARD,3,,-0.0275378236954523,,False
GAS,melbourne,HARD,146,-0.021352534649374342,-0.0275378236954523,0.0061852890460779575,True
HAM,melbourne,HARD,107,-0.05494564731387261,-0.0275378236954523,-0.02740782361842031,True
HUL,melbourne,HARD,117,-0.03287348691078255,-0.0275378236954523,-0.005335663215330248,True
KVY,melbourne,HARD,28,0.03687566060147005,-0.0275378236954523,0.06441348429692235,True
LAT,melbourne,HARD,37,-0.0594253640683387,-0.0275378236954523,-0.031887540372886394,True
LAW,melbourne,HARD,17,-0.07242111759425476,-0.0275378236954523,-0.04488329389880247,True
LEC,melbourne,HARD,133,-0.023036745327693724,-0.0275378236954523,0.004501078367758576,True
LIN,melbourne,HARD,36,0.0238432564089946,-0.0275378236954523,0.0513810801044469,True
MAG,melbourne,HARD,113,-0.02192712193580309,-0.0275378236954523,0.005610701759649211,True
MSC,melbourne,HARD,36,-0.029877218399130726,-0.0275378236954523,-0.002339394703678426,True
NOR,melbourne,HARD,164,0.002593563005937045,-0.0275378236954523,0.030131386701389345,True
OCO,melbourne,HARD,158,-0.036509398115543705,-0.0275378236954523,-0.008971574420091406,True
PER,melbourne,HARD,173,-0.042735373470007644,-0.0275378236954523,-0.015197549774555345,True
PIA,melbourne,HARD,82,-0.005804895477369165,-0.0275378236954523,0.021732928218083133,True
RIC,melbourne,HARD,102,-0.06550066670465546,-0.0275378236954523,-0.03796284300920316,True
RUS,melbourne,HARD,132,-0.04459396882300941,-0.0275378236954523,-0.01705614512755711,True
SAI,melbourne,HARD,94,-0.015459276028384648,-0.0275378236954523,0.012078547667067651,True
SAR,melbourne,HARD,17,-0.10171383248730968,-0.0275378236954523,-0.07417600879185739,True
STR,melbourne,HARD,167,-0.0480551823585682,-0.0275378236954523,-0.0205173586631159,True
TSU,melbourne,HARD,114,-0.019564531150314174,-0.0275378236954523,0.007973292545138125,True
VER,melbourne,HARD,83,-0.026355704610263844,-0.0275378236954523,0.0011821190851884558,True
VET,melbourne,HARD,15,-0.06972487437185974,-0.0275378236954523,-0.04218705067640745,True
ZHO,melbourne,HARD,117,-0.03157822176335251,-0.0275378236954523,-0.00404039806790021,True
ALB,melbourne,INTERMEDIATE,32,-0.1722724835019415,-0.1724555410245106,0.00018305752256911334,True
ALO,melbourne,INTERMEDIATE,25,-0.28309769230769205,-0.1724555410245106,-0.11064215128318144,True
ANT,melbourne,INTERMEDIATE,32,-0.16190809733617725,-0.1724555410245106,0.010547443688333352,True
BEA,melbourne,INTERMEDIATE,29,-0.12282333235380524,-0.1724555410245106,0.04963220867070536,True
BOR,melbourne,INTERMEDIATE,24,-0.23504869565217398,-0.1724555410245106,-0.06259315462766338,True
GAS,melbourne,INTERMEDIATE,31,-0.20142129202373088,-0.1724555410245106,-0.028965750999220274,True
HAM,melbourne,INTERMEDIATE,31,-0.15887846919726212,-0.1724555410245106,0.013577071827248488,True
HUL,melbourne,INTERMEDIATE,32,-0.1365294016907724,-0.1724555410245106,0.0359261393337382,True
LAW,melbourne,INTERMEDIATE,24,-0.21868782608695625,-0.1724555410245106,-0.046232285062445644,True
LEC,melbourne,INTERMEDIATE,31,-0.16687515556938362,-0.1724555410245106,0.005580385455126985,True
NOR,melbourne,INTERMEDIATE,33,-0.15543202027869668,-0.1724555410245106,0.017023520745813925,True
OCO,melbourne,INTERMEDIATE,29,-0.15914681801265354,-0.1724555410245106,0.013308723011857065,True
PIA,melbourne,INTERMEDIATE,32,-0.21243329097839897,-0.1724555410245106,-0.039977749953888364,True
RUS,melbourne,INTERMEDIATE,32,-0.1463558406376984,-0.1724555410245106,0.026099700386812197,True
STR,melbourne,INTERMEDIATE,32,-0.1626366973535007,-0.1724555410245106,0.009818843671009908,True
TSU,melbourne,INTERMEDIATE,31,-0.17734332607342868,-0.1724555410245106,-0.00488778504891807,True
VER,melbourne,INTERMEDIATE,31,-0.11326240936058007,-0.1724555410245106,0.05919313166393053,True
ALB,melbourne,MEDIUM,58,-0.026837915843439284,-0.04517586897906,0.018337953135620717,True
ALO,melbourne,MEDIUM,39,0.0678268369631591,-0.04517586897906,0.11300270594221909,True
ANT,melbourne,MEDIUM,9,,-0.04517586897906,,False
BEA,melbourne,MEDIUM,13,,-0.04517586897906,,False
BOR,melbourne,MEDIUM,13,,-0.04517586897906,,False
BOT,melbourne,MEDIUM,54,-0.0636079954954956,-0.04517586897906,-0.018432126516435603,True
DEV,melbourne,MEDIUM,32,-0.0055539336263559095,-0.04517586897906,0.03962193535270409,True
GAS,melbourne,MEDIUM,72,-0.07228014677103728,-0.04517586897906,-0.02710427779197728,True
GIO,melbourne,MEDIUM,25,-0.023231538461538487,-0.04517586897906,0.021944330517521513,True
GRO,melbourne,MEDIUM,13,,-0.04517586897906,,False
HAD,melbourne,MEDIUM,9,,-0.04517586897906,,False
HAM,melbourne,MEDIUM,79,-0.06453144853875478,-0.04517586897906,-0.01935557955969478,True
HUL,melbourne,MEDIUM,20,0.01079043743641937,-0.04517586897906,0.05596630641547937,True
KUB,melbourne,MEDIUM,20,-0.03626609657947697,-0.04517586897906,0.00890977239958303,True
KVY,melbourne,MEDIUM,24,-0.1273965217391303,-0.04517586897906,-0.08222065276007029,True
LAT,melbourne,MEDIUM,6,,-0.04517586897906,,False
LAW,melbourne,MEDIUM,9,,-0.04517586897906,,False
LEC,melbourne,MEDIUM,39,-0.0666825962910129,-0.04517586897906,-0.021506727311952904,True
LIN,melbourne,MEDIUM,12,,-0.04517586897906,,False
MAG,melbourne,MEDIUM,67,-0.035450620269440986,-0.04517586897906,0.009725248709619015,True
MSC,melbourne,MEDIUM,7,,-0.04517586897906,,False
NOR,melbourne,MEDIUM,60,-0.10376061800134649,-0.04517586897906,-0.05858474902228649,True
OCO,melbourne,MEDIUM,27,0.016624315193572194,-0.04517586897906,0.061800184172632194,True
PER,melbourne,MEDIUM,37,-0.05136348122866884,-0.04517586897906,-0.006187612249608843,True
PIA,melbourne,MEDIUM,10,,-0.04517586897906,,False
RAI,melbourne,MEDIUM,43,-0.024055323247664333,-0.04517586897906,0.021120545731395667,True
RIC,melbourne,MEDIUM,14,,-0.04517586897906,,False
RUS,melbourne,MEDIUM,59,0.030652751963750436,-0.04517586897906,0.07582862094281044,True
SAI,melbourne,MEDIUM,27,-0.06368618022161775,-0.04517586897906,-0.018510311242557746,True
SAR,melbourne,MEDIUM,23,-0.009903310707854558,-0.04517586897906,0.03527255827120544,True
STR,melbourne,MEDIUM,43,-0.12176775684203457,-0.04517586897906,-0.07659188786297458,True
TSU,melbourne,MEDIUM,22,0.03842954519418075,-0.04517586897906,0.08360541417324074,True
VER,melbourne,MEDIUM,67,-0.050617495280461465,-0.04517586897906,-0.005441626301401464,True
VET,melbourne,MEDIUM,42,0.014902225789656456,-0.04517586897906,0.06007809476871646,True
ZHO,melbourne,MEDIUM,14,,-0.04517586897906,,False
ALB,melbourne,SOFT,35,-0.04535088366752784,-0.0846860186057672,0.03933513493823936,True
ALO,melbourne,SOFT,43,-0.16066344238377117,-0.0846860186057672,-0.07597742377800397,True
BOT,melbourne,SOFT,21,-0.06356623376623396,-0.0846860186057672,0.021119784839533237,True
COL,melbourne,SOFT,9,,-0.0846860186057672,,False
DEV,melbourne,SOFT,5,,-0.0846860186057672,,False
GAS,melbourne,SOFT,22,0.0004935091555069858,-0.0846860186057672,0.08517952776127419,True
GIO,melbourne,SOFT,28,-0.01026432930938224,-0.0846860186057672,0.07442168929638496,True
GRO,melbourne,SOFT,13,,-0.0846860186057672,,False
HAM,melbourne,SOFT,48,-0.05825324078690565,-0.0846860186057672,0.026432777818861553,True
HAR,melbourne,SOFT,13,,-0.0846860186057672,,False
HUL,melbourne,SOFT,38,-0.10244636381141861,-0.0846860186057672,-0.01776034520565141,True
KUB,melbourne,SOFT,24,-0.0114677419354844,-0.0846860186057672,0.0732182766702828,True
LAW,melbourne,SOFT,23,0.03155632411067217,-0.0846860186057672,0.11624234271643938,True
LEC,melbourne,SOFT,25,-0.05966983016983009,-0.0846860186057672,0.025016188435937114,True
MAG,melbourne,SOFT,12,,-0.0846860186057672,,False
NOR,melbourne,SOFT,13,,-0.0846860186057672,,False
OCO,melbourne,SOFT,26,-0.0983415384615383,-0.0846860186057672,-0.013655519855771098,True
PER,melbourne,SOFT,48,-0.1121651059024427,-0.0846860186057672,-0.027479087296675503,True
RAI,melbourne,SOFT,40,-0.1018093689069774,-0.0846860186057672,-0.01712335030121019,True
RIC,melbourne,SOFT,30,-0.09691180507892924,-0.0846860186057672,-0.01222578647316204,True
RUS,melbourne,SOFT,13,,-0.0846860186057672,,False
SAI,melbourne,SOFT,53,-0.08192276530522054,-0.0846860186057672,0.002763253300546664,True
STR,melbourne,SOFT,11,,-0.0846860186057672,,False
VER,melbourne,SOFT,50,-0.0682812521771439,-0.0846860186057672,0.016404766428623305,True
VET,melbourne,SOFT,39,-0.06339278330533639,-0.0846860186057672,0.021293235300430813,True
ZHO,melbourne,SOFT,4,,-0.0846860186057672,,False
BOT,melbourne,SUPERSOFT,27,-0.06501465201465184,-0.1244532723720951,0.05943862035744325,True
LEC,melbourne,SUPERSOFT,11,,-0.1244532723720951,,False
RIC,melbourne,SUPERSOFT,14,,-0.1244532723720951,,False
STR,melbourne,SUPERSOFT,14,,-0.1244532723720951,,False
VAN,melbourne,SUPERSOFT,27,-0.09481807081807087,-0.1244532723720951,0.02963520155402423,True
VER,melbourne,SUPERSOFT,12,,-0.1244532723720951,,False
ALO,melbourne,ULTRASOFT,14,,-0.0604570689460793,,False
BOT,melbourne,ULTRASOFT,14,,-0.0604570689460793,,False
GAS,melbourne,ULTRASOFT,5,,-0.0604570689460793,,False
GRO,melbourne,ULTRASOFT,14,,-0.0604570689460793,,False
HAM,melbourne,ULTRASOFT,10,,-0.0604570689460793,,False
HAR,melbourne,ULTRASOFT,25,-0.09381362432402618,-0.0604570689460793,-0.03335655537794688,True
HUL,melbourne,ULTRASOFT,14,,-0.0604570689460793,,False
LEC,melbourne,ULTRASOFT,27,-0.06013369963369958,-0.0604570689460793,0.0003233693123797232,True
MAG,melbourne,ULTRASOFT,13,,-0.0604570689460793,,False
OCO,melbourne,ULTRASOFT,14,,-0.0604570689460793,,False
PER,melbourne,ULTRASOFT,14,,-0.0604570689460793,,False
RAI,melbourne,ULTRASOFT,9,,-0.0604570689460793,,False
SAI,melbourne,ULTRASOFT,13,,-0.0604570689460793,,False
STR,melbourne,ULTRASOFT,26,-0.046986324786324876,-0.0604570689460793,0.013470744159754425,True
VAN,melbourne,ULTRASOFT,13,,-0.0604570689460793,,False
VET,melbourne,ULTRASOFT,15,-0.050760181975736396,-0.0604570689460793,0.009696886970342905,True
ALB,mexico_city,HARD,89,0.04340118132831686,-0.0044518803785383,0.04785306170685516,True
ALO,mexico_city,HARD,63,0.013156536605345904,-0.0044518803785383,0.017608416983884205,True
BOT,mexico_city,HARD,171,0.008111611494986674,-0.0044518803785383,0.012563491873524974,True
COL,mexico_city,HARD,84,-0.016988534368597957,-0.0044518803785383,-0.012536653990059658,True
GAS,mexico_city,HARD,152,-0.021967222737813638,-0.0044518803785383,-0.01751534235927534,True
GIO,mexico_city,HARD,100,-0.03808623407048643,-0.0044518803785383,-0.03363435369194813,True
GRO,mexico_city,HARD,30,0.008371301446051171,-0.0044518803785383,0.01282318182458947,True
HAM,mexico_city,HARD,176,-0.015514550689610117,-0.0044518803785383,-0.011062670311071818,True
HUL,mexico_city,HARD,97,-0.018641670829308208,-0.0044518803785383,-0.014189790450769908,True
KUB,mexico_city,HARD,37,-0.003934091986723648,-0.0044518803785383,0.0005177883918146518,True
KVY,mexico_city,HARD,32,-0.025873350439882717,-0.0044518803785383,-0.021421470061344417,True
LAT,mexico_city,HARD,63,-0.00044317959263626,-0.0044518803785383,0.00400870078590204,True
LAW,mexico_city,HARD,33,0.0117153336168239,-0.0044518803785383,0.016167213995362202,True
LEC,mexico_city,HARD,136,0.013167447022274827,-0.0044518803785383,0.017619327400813126,True
MAG,mexico_city,HARD,87,-0.013721541583049699,-0.0044518803785383,-0.0092696612045114,True
MAZ,mexico_city,HARD,43,0.012910147991543377,-0.0044518803785383,0.017362028370081675,True
NOR,mexico_city,HARD,154,-0.014583378375422942,-0.0044518803785383,-0.010131497996884642,True
OCO,mexico_city,HARD,157,-0.016214764058238237,-0.0044518803785383,-0.011762883679699937,True
PER,mexico_city,HARD,92,-0.014279720218477072,-0.0044518803785383,-0.009827839839938773,True
PIA,mexico_city,HARD,37,-0.03787734420021409,-0.0044518803785383,-0.033425463821675785,True
RAI,mexico_city,HARD,72,-0.020104609888066657,-0.0044518803785383,-0.015652729509528358,True
RIC,mexico_city,HARD,115,-0.04545075886094015,-0.0044518803785383,-0.04099887848240186,True
RUS,mexico_city,HARD,173,0.022936622583926664,-0.0044518803785383,0.027388502962464964,True
SAI,mexico_city,HARD,117,-0.024636169159905148,-0.0044518803785383,-0.020184288781366848,True
SAR,mexico_city,HARD,8,,-0.0044518803785383,,False
STR,mexico_city,HARD,122,-0.019732987854417853,-0.0044518803785383,-0.015281107475879553,True
TSU,mexico_city,HARD,53,0.044198960458720814,-0.0044518803785383,0.04865084083725911,True
VER,mexico_city,HARD,190,-0.0012163478985353167,-0.0044518803785383,0.003235532480002983,True
VET,mexico_city,HARD,68,-0.016730408001529223,-0.0044518803785383,-0.012278527622990924,True
ZHO,mexico_city,HARD,77,-0.010491012673526413,-0.0044518803785383,-0.006039132294988113,True
BOT,mexico_city,HYPERSOFT,7,,0.2686477735653564,,False
ERI,mexico_city,HYPERSOFT,12,,0.2686477735653564,,False
GAS,mexico_city,HYPERSOFT,2,,0.2686477735653564,,False
GRO,mexico_city,HYPERSOFT,7,,0.2686477735653564,,False
HUL,mexico_city,HYPERSOFT,8,,0.2686477735653564,,False
LEC,mexico_city,HYPERSOFT,9,,0.2686477735653564,,False
SAI,mexico_city,HYPERSOFT,7,,0.2686477735653564,,False
ALB,mexico_city,MEDIUM,106,-0.01845837030436442,-0.0115487452133411,-0.006909625091023322,True
ALO,mexico_city,MEDIUM,115,-0.02408328747158739,-0.0115487452133411,-0.01253454225824629,True
ANT,mexico_city,MEDIUM,23,0.003332015810276779,-0.0115487452133411,0.014880761023617878,True
BEA,mexico_city,MEDIUM,22,-0.010418407679277226,-0.0115487452133411,0.0011303375340638733,True
BOR,mexico_city,MEDIUM,33,0.009470945368355584,-0.0115487452133411,0.021019690581696684,True
BOT,mexico_city,MEDIUM,135,0.007713505917232138,-0.0115487452133411,0.019262251130573237,True
COL,mexico_city,MEDIUM,22,0.05614511575381126,-0.0115487452133411,0.06769386096715235,True
GAS,mexico_city,MEDIUM,157,0.012036254957477685,-0.0115487452133411,0.023585000170818785,True
GIO,mexico_city,MEDIUM,27,-0.10195434281322074,-0.0115487452133411,-0.09040559759987965,True
GRO,mexico_city,MEDIUM,32,0.0049357669357668384,-0.0115487452133411,0.016484512149107938,True
HAD,mexico_city,MEDIUM,30,0.021426243846012598,-0.0115487452133411,0.0329749890593537,True
HAM,mexico_city,MEDIUM,165,-0.021358563563547858,-0.0115487452133411,-0.009809818350206759,True
HUL,mexico_city,MEDIUM,86,0.02750772227850074,-0.0115487452133411,0.03905646749184184,True
KUB,mexico_city,MEDIUM,23,0.22346565952349234,-0.0115487452133411,0.23501440473683344,True
KVY,mexico_city,MEDIUM,24,-0.015429999999999802,-0.0115487452133411,-0.0038812547866587024,True
LAT,mexico_city,MEDIUM,25,-0.13143576312306995,-0.0115487452133411,-0.11988701790972886,True
LAW,mexico_city,MEDIUM,24,-0.003003913043478285,-0.0115487452133411,0.008544832169862814,True
LEC,mexico_city,MEDIUM,188,0.005879802686348263,-0.0115487452133411,0.01742854789968936,True
MAG,mexico_city,MEDIUM,100,-0.0012905152363307242,-0.0115487452133411,0.010258229977010374,True
MAZ,mexico_city,MEDIUM,17,0.35929349816849854,-0.0115487452133411,0.37084224338183963,True
MSC,mexico_city,MEDIUM,43,-0.003713076665594706,-0.0115487452133411,0.007835668547746394,True
NOR,mexico_city,MEDIUM,158,-0.018249680965302825,-0.0115487452133411,-0.006700935751961725,True
OCO,mexico_city,MEDIUM,125,-0.004753655842618845,-0.0115487452133411,0.006795089370722254,True
PER,mexico_city,MEDIUM,139,-0.029130426698465363,-0.0115487452133411,-0.017581681485124262,True
PIA,mexico_city,MEDIUM,107,0.0019138830736323382,-0.0115487452133411,0.013462628286973437,True
RAI,mexico_city,MEDIUM,41,-0.02004307150405091,-0.0115487452133411,-0.008494326290709812,True
RIC,mexico_city,MEDIUM,115,0.015833788007758403,-0.0115487452133411,0.0273825332210995,True
RUS,mexico_city,MEDIUM,159,-0.03606853888565055,-0.0115487452133411,-0.02451979367230945,True
SAI,mexico_city,MEDIUM,173,-0.01842468321651772,-0.0115487452133411,-0.006875938003176622,True
SAR,mexico_city,MEDIUM,48,-0.011890954925450298,-0.0115487452133411,-0.0003422097121091993,True
STR,mexico_city,MEDIUM,147,-0.024019449888295793,-0.0115487452133411,-0.012470704674954694,True
TSU,mexico_city,MEDIUM,55,0.037019259692513504,-0.0115487452133411,0.048568004905854605,True
VER,mexico_city,MEDIUM,139,-0.012007505237804457,-0.0115487452133411,-0.00045876002446335745,True
VET,mexico_city,MEDIUM,89,-0.010071563232676177,-0.0115487452133411,0.0014771819806649218,True
ZHO,mexico_city,MEDIUM,85,-0.0005850881011585723,-0.0115487452133411,0.010963657112182527,True
ALB,mexico_city,SOFT,56,0.0424080721159968,0.010107989467387,0.0323000826486098,True
ALO,mexico_city,SOFT,15,0.06742980935875247,0.010107989467387,0.057321819891365464,True
ANT,mexico_city,SOFT,38,0.029287153652392782,0.010107989467387,0.01917916418500578,True
BEA,mexico_city,SOFT,39,0.05121864879114259,0.010107989467387,0.041110659323755586,True
BOR,mexico_city,SOFT,31,0.024446867867106415,0.010107989467387,0.014338878399719415,True
BOT,mexico_city,SOFT,2,,0.010107989467387,,False
COL,mexico_city,SOFT,18,0.03209597523219843,0.010107989467387,0.02198798576481143,True
GAS,mexico_city,SOFT,65,0.008562102692343717,0.010107989467387,-0.0015458867750432828,True
HAD,mexico_city,SOFT,33,0.04508355614973266,0.010107989467387,0.03497556668234566,True
HAM,mexico_city,SOFT,39,0.061152059256961086,0.010107989467387,0.051044069789574084,True
HUL,mexico_city,SOFT,20,0.015629766647694922,0.010107989467387,0.005521777180307922,True
KVY,mexico_city,SOFT,5,,0.010107989467387,,False
LAT,mexico_city,SOFT,34,0.02374466382759083,0.010107989467387,0.013636674360203828,True
LAW,mexico_city,SOFT,4,,0.010107989467387,,False
LEC,mexico_city,SOFT,53,0.03913302412092261,0.010107989467387,0.029025034653535606,True
MAG,mexico_city,SOFT,29,-0.020228101919141005,0.010107989467387,-0.030336091386528007,True
MSC,mexico_city,SOFT,22,-0.001998306041784267,0.010107989467387,-0.012106295509171267,True
NOR,mexico_city,SOFT,43,-0.02445926130479808,0.010107989467387,-0.03456725077218508,True
OCO,mexico_city,SOFT,31,-0.02696211822660107,0.010107989467387,-0.03707010769398807,True
PER,mexico_city,SOFT,22,0.034296695787983715,0.010107989467387,0.024188706320596713,True
PIA,mexico_city,SOFT,40,0.031961880912632155,0.010107989467387,0.021853891445245154,True
RIC,mexico_city,SOFT,23,-0.01135188652073723,0.010107989467387,-0.02145987598812423,True
RUS,mexico_city,SOFT,40,0.07296834059313405,0.010107989467387,0.06286035112574705,True
SAI,mexico_city,SOFT,82,0.016741961595914213,0.010107989467387,0.006633972128527213,True
STR,mexico_city,SOFT,93,0.012815991471215453,0.010107989467387,0.0027080020038284525,True
TSU,mexico_city,SOFT,59,-0.010746415924897145,0.010107989467387,-0.020854405392284146,True
VER,mexico_city,SOFT,53,0.0003732437115770955,0.010107989467387,-0.009734745755809904,True
VET,mexico_city,SOFT,36,-0.01031389961389963,0.010107989467387,-0.02042188908128663,True
ZHO,mexico_city,SOFT,22,0.028024118892440407,0.010107989467387,0.017916129425053405,True
BOT,mexico_city,SUPERSOFT,32,0.017619666698810287,-0.000956718698687,0.018576385397497286,True
ERI,mexico_city,SUPERSOFT,47,-0.006838587061396471,-0.000956718698687,-0.005881868362709471,True
GAS,mexico_city,SUPERSOFT,56,-0.0061973246842692885,-0.000956718698687,-0.005240605985582288,True
GRO,mexico_city,SUPERSOFT,37,-0.0011300009099456465,-0.000956718698687,-0.0001732822112586465,True
HAM,mexico_city,SUPERSOFT,31,0.010086223259124645,-0.000956718698687,0.011042941957811645,True
HAR,mexico_city,SUPERSOFT,39,0.008623944431712018,-0.000956718698687,0.009580663130399018,True
HUL,mexico_city,SUPERSOFT,50,-0.044034573731855486,-0.000956718698687,-0.04307785503316849,True
LEC,mexico_city,SUPERSOFT,50,-0.06115189255457586,-0.000956718698687,-0.06019517385588886,True
MAG,mexico_city,SUPERSOFT,36,-0.00035619579978258165,-0.000956718698687,0.0006005228989044184,True
OCO,mexico_city,SUPERSOFT,24,0.09755361855813309,-0.000956718698687,0.0985103372568201,True
PER,mexico_city,SUPERSOFT,25,-0.011862765835810498,-0.000956718698687,-0.010906047137123499,True
RAI,mexico_city,SUPERSOFT,48,0.01808912880486254,-0.000956718698687,0.01904584750354954,True
RIC,mexico_city,SUPERSOFT,45,-0.02951845403388138,-0.000956718698687,-0.02856173533519438,True
SAI,mexico_city,SUPERSOFT,16,0.008380882352941182,-0.000956718698687,0.009337601051628182,True
SIR,mexico_city,SUPERSOFT,51,-0.016448794191227915,-0.000956718698687,-0.015492075492540915,True
STR,mexico_city,SUPERSOFT,39,0.00022198542895381104,-0.000956718698687,0.0011787041276408112,True
VAN,mexico_city,SUPERSOFT,51,-0.019462973231107794,-0.000956718698687,-0.018506254532420795,True
VER,mexico_city,SUPERSOFT,49,0.00788533834586477,-0.000956718698687,0.008842057044551769,True
VET,mexico_city,SUPERSOFT,25,-0.04608167532353185,-0.000956718698687,-0.04512495662484485,True
ALO,mexico_city,ULTRASOFT,2,,0.0268295972407922,,False
BOT,mexico_city,ULTRASOFT,18,0.22069582772543805,0.0268295972407922,0.19386623048464585,True
GRO,mexico_city,ULTRASOFT,13,,0.0268295972407922,,False
HAM,mexico_city,ULTRASOFT,28,0.10784646670055914,0.0268295972407922,0.08101686945976694,True
HAR,mexico_city,ULTRASOFT,19,0.14961936820300345,0.0268295972407922,0.12278977096221125,True
MAG,mexico_city,ULTRASOFT,22,0.060026039238191074,0.0268295972407922,0.03319644199739888,True
OCO,mexico_city,ULTRASOFT,35,-0.02143331060210987,0.0268295972407922,-0.04826290784290207,True
PER,mexico_city,ULTRASOFT,6,,0.0268295972407922,,False
RAI,mexico_city,ULTRASOFT,13,,0.0268295972407922,,False
RIC,mexico_city,ULTRASOFT,9,,0.0268295972407922,,False
SIR,mexico_city,ULTRASOFT,7,,0.0268295972407922,,False
STR,mexico_city,ULTRASOFT,17,0.0651438931297713,0.0268295972407922,0.0383142958889791,True
VAN,mexico_city,ULTRASOFT,8,,0.0268295972407922,,False
VER,mexico_city,ULTRASOFT,9,,0.0268295972407922,,False
VET,mexico_city,ULTRASOFT,34,0.0028810496881048367,0.0268295972407922,-0.023948547552687362,True
ALB,monaco,HARD,139,-0.027029934212233722,-0.0144255992536679,-0.012604334958565822,True
ALO,monaco,HARD,74,-0.02949731070039935,-0.0144255992536679,-0.015071711446731448,True
ANT,monaco,HARD,83,0.04634703669112343,-0.0144255992536679,0.060772635944791334,True
BEA,monaco,HARD,33,-0.06130321468209904,-0.0144255992536679,-0.046877615428431135,True
BOR,monaco,HARD,57,-0.033702109651477345,-0.0144255992536679,-0.019276510397809445,True
BOT,monaco,HARD,196,-0.03209966076926794,-0.0144255992536679,-0.017674061515600043,True
COL,monaco,HARD,25,0.05011741096143173,-0.0144255992536679,0.06454301021509963,True
GAS,monaco,HARD,132,-0.048558790335203286,-0.0144255992536679,-0.03413319108153538,True
GIO,monaco,HARD,43,0.04043174267592869,-0.0144255992536679,0.054857341929596584,True
HAD,monaco,HARD,81,0.022579585997406008,-0.0144255992536679,0.03700518525107391,True
HAM,monaco,HARD,158,-0.016634945002909685,-0.0144255992536679,-0.0022093457492417846,True
HUL,monaco,HARD,178,-0.00386128896377928,-0.0144255992536679,0.01056431028988862,True
KUB,monaco,HARD,53,0.016737902583312408,-0.0144255992536679,0.031163501836980308,True
LAT,monaco,HARD,33,0.018928810160427717,-0.0144255992536679,0.03335440941409562,True
LAW,monaco,HARD,36,0.04624658944658954,-0.0144255992536679,0.06067218870025744,True
LEC,monaco,HARD,193,-0.03450964395930969,-0.0144255992536679,-0.020084044705641787,True
MAG,monaco,HARD,47,-0.003868105536482926,-0.0144255992536679,0.010557493717184974,True
MAZ,monaco,HARD,40,-0.07519643527204507,-0.0144255992536679,-0.06077083601837717,True
MSC,monaco,HARD,37,-0.041626126126126185,-0.0144255992536679,-0.027200526872458285,True
NOR,monaco,HARD,197,-0.028002924417898818,-0.0144255992536679,-0.013577325164230918,True
OCO,monaco,HARD,113,0.07273222108304585,-0.0144255992536679,0.08715782033671375,True
PER,monaco,HARD,132,-0.008897161244748375,-0.0144255992536679,0.005528438008919525,True
PIA,monaco,HARD,186,-0.02305243605711665,-0.0144255992536679,-0.00862683680344875,True
RAI,monaco,HARD,33,0.015551136363636347,-0.0144255992536679,0.029976735617304247,True
RIC,monaco,HARD,141,-0.029446723008088954,-0.0144255992536679,-0.015021123754421054,True
RUS,monaco,HARD,229,-0.0004386919906705646,-0.0144255992536679,0.013986907262997336,True
SAI,monaco,HARD,217,-0.046407452746616965,-0.0144255992536679,-0.03198185349294906,True
SAR,monaco,HARD,53,-0.011364232398927964,-0.0144255992536679,0.003061366854739936,True
STR,monaco,HARD,193,-0.021897109038197242,-0.0144255992536679,-0.007471509784529342,True
TSU,monaco,HARD,199,-0.0531002260232093,-0.0144255992536679,-0.038674626769541406,True
VER,monaco,HARD,150,0.007920168755896179,-0.0144255992536679,0.02234576800956408,True
VET,monaco,HARD,138,-0.02389635885675955,-0.0144255992536679,-0.009470759603091652,True
ZHO,monaco,HARD,110,-0.00390806953912343,-0.0144255992536679,0.01051752971454447,True
ALO,monaco,HYPERSOFT,15,-0.012474000000000275,0.0301761960122419,-0.042650196012242174,True
BOT,monaco,HYPERSOFT,12,,0.0301761960122419,,False
GAS,monaco,HYPERSOFT,33,-0.04429737415068131,0.0301761960122419,-0.0744735701629232,True
GRO,monaco,HYPERSOFT,6,,0.0301761960122419,,False
HAM,monaco,HYPERSOFT,9,,0.0301761960122419,,False
HAR,monaco,HYPERSOFT,10,,0.0301761960122419,,False
HUL,monaco,HYPERSOFT,23,0.07710811264954967,0.0301761960122419,0.046931916637307766,True
OCO,monaco,HYPERSOFT,19,0.033477830562153504,0.0301761960122419,0.0033016345499116036,True
PER,monaco,HYPERSOFT,17,-0.016033186920448708,0.0301761960122419,-0.04620938293269061,True
RAI,monaco,HYPERSOFT,13,,0.0301761960122419,,False
RIC,monaco,HYPERSOFT,13,,0.0301761960122419,,False
SAI,monaco,HYPERSOFT,12,,0.0301761960122419,,False
SIR,monaco,HYPERSOFT,13,,0.0301761960122419,,False
STR,monaco,HYPERSOFT,35,0.18897715798546988,0.0301761960122419,0.158800961973228,True
VAN,monaco,HYPERSOFT,4,,0.0301761960122419,,False
VER,monaco,HYPERSOFT,26,0.04331366685357083,0.0301761960122419,0.013137470841328932,True
VET,monaco,HYPERSOFT,12,,0.0301761960122419,,False
ALB,monaco,INTERMEDIATE,16,-0.8822275740167917,-0.7616019385326349,-0.12062563548415683,True
ALO,monaco,INTERMEDIATE,17,-0.9407420190713102,-0.7616019385326349,-0.17914008053867525,True
BOT,monaco,INTERMEDIATE,18,-0.6402687429537767,-0.7616019385326349,0.12133319557885824,True
DEV,monaco,INTERMEDIATE,17,-0.9691498756218913,-0.7616019385326349,-0.20754793708925634,True
GAS,monaco,INTERMEDIATE,29,-0.7521488432859605,-0.7616019385326349,0.00945309524667437,True
HAM,monaco,INTERMEDIATE,17,-1.0604724295190713,-0.7616019385326349,-0.29887049098643637,True
HUL,monaco,INTERMEDIATE,1,,-0.7616019385326349,,False
LEC,monaco,INTERMEDIATE,16,-0.9564929297392835,-0.7616019385326349,-0.19489099120664855,True
MSC,monaco,INTERMEDIATE,9,,-0.7616019385326349,,False
NOR,monaco,INTERMEDIATE,17,-0.9568608001658375,-0.7616019385326349,-0.1952588616332026,True
OCO,monaco,INTERMEDIATE,17,-1.0526808665008298,-0.7616019385326349,-0.2910789279681949,True
PER,monaco,INTERMEDIATE,6,,-0.7616019385326349,,False
PIA,monaco,INTERMEDIATE,17,-1.0393652570480933,-0.7616019385326349,-0.27776331851545843,True
RUS,monaco,INTERMEDIATE,17,-0.9297998548922054,-0.7616019385326349,-0.1681979163595705,True
SAI,monaco,INTERMEDIATE,16,-0.9297158638974807,-0.7616019385326349,-0.16811392536484582,True
SAR,monaco,INTERMEDIATE,16,-0.8662219740955779,-0.7616019385326349,-0.10462003556294297,True
STR,monaco,INTERMEDIATE,17,-0.6372292706333973,-0.7616019385326349,0.12437266789923762,True
TSU,monaco,INTERMEDIATE,25,-0.5168876798397378,-0.7616019385326349,0.2447142586928971,True
VER,monaco,INTERMEDIATE,17,-0.9608341625207298,-0.7616019385326349,-0.19923222398809493,True
VET,monaco,INTERMEDIATE,11,,-0.7616019385326349,,False
ZHO,monaco,INTERMEDIATE,16,-0.9858882015024302,-0.7616019385326349,-0.22428626296979526,True
ALB,monaco,MEDIUM,136,-0.002621315673008515,-0.0186203627630164,0.015999047090007885,True
ALO,monaco,MEDIUM,146,-0.038062620977543024,-0.0186203627630164,-0.019442258214526623,True
ANT,monaco,MEDIUM,35,-0.010000560224089697,-0.0186203627630164,0.008619802538926705,True
BEA,monaco,MEDIUM,57,-0.020571955370650506,-0.0186203627630164,-0.0019515926076341047,True
BOR,monaco,MEDIUM,51,0.005159458099152753,-0.0186203627630164,0.023779820862169156,True
BOT,monaco,MEDIUM,24,-0.08923972602739665,-0.0186203627630164,-0.07061936326438024,True
COL,monaco,MEDIUM,92,-0.014327060474376624,-0.0186203627630164,0.004293302288639778,True
DEV,monaco,MEDIUM,47,-0.025391331056236165,-0.0186203627630164,-0.006770968293219763,True
GAS,monaco,MEDIUM,155,-0.013725205509154653,-0.0186203627630164,0.004895157253861748,True
GIO,monaco,MEDIUM,31,0.05751048387096765,-0.0186203627630164,0.07613084663398406,True
GRO,monaco,MEDIUM,26,-0.009641709401709232,-0.0186203627630164,0.00897865336130717,True
HAD,monaco,MEDIUM,35,0.008455743942326963,-0.0186203627630164,0.027076106705343363,True
HAM,monaco,MEDIUM,213,-0.026798229901587946,-0.0186203627630164,-0.008177867138571545,True
HUL,monaco,MEDIUM,18,-0.14956072106261747,-0.0186203627630164,-0.13094035829960107,True
KUB,monaco,MEDIUM,10,,-0.0186203627630164,,False
KVY,monaco,MEDIUM,43,0.02749878648160791,-0.0186203627630164,0.04611914924462431,True
LAT,monaco,MEDIUM,41,-0.03742229965156801,-0.0186203627630164,-0.018801936888551606,True
LAW,monaco,MEDIUM,64,-0.043020768289332406,-0.0186203627630164,-0.024400405526316005,True
LEC,monaco,MEDIUM,86,-0.022405404917944034,-0.0186203627630164,-0.003785042154927632,True
LIN,monaco,MEDIUM,56,0.025923957621326012,-0.0186203627630164,0.04454432038434242,True
MAG,monaco,MEDIUM,60,-0.04659238819700405,-0.0186203627630164,-0.02797202543398765,True
NOR,monaco,MEDIUM,142,0.007041042538686257,-0.0186203627630164,0.025661405301702658,True
OCO,monaco,MEDIUM,121,-0.04633519780986618,-0.0186203627630164,-0.02771483504684978,True
PER,monaco,MEDIUM,100,0.06150087489997332,-0.0186203627630164,0.08012123766298973,True
PIA,monaco,MEDIUM,57,0.0007295013239189249,-0.0186203627630164,0.019349864086935325,True
RAI,monaco,MEDIUM,70,-0.028113617769778238,-0.0186203627630164,-0.009493255006761837,True
RIC,monaco,MEDIUM,94,-0.06855849984153797,-0.0186203627630164,-0.04993813707852157,True
RUS,monaco,MEDIUM,178,-0.06274441747817741,-0.0186203627630164,-0.04412405471516101,True
SAI,monaco,MEDIUM,138,0.043595171927936445,-0.0186203627630164,0.062215534690952846,True
SAR,monaco,MEDIUM,33,0.07764020979020986,-0.0186203627630164,0.09626057255322626,True
STR,monaco,MEDIUM,78,-0.010665959130634553,-0.0186203627630164,0.007954403632381849,True
TSU,monaco,MEDIUM,74,-0.03476114337711298,-0.0186203627630164,-0.01614078061409658,True
VER,monaco,MEDIUM,171,-0.015517626384782393,-0.0186203627630164,0.0031027363782340084,True
ZHO,monaco,MEDIUM,29,-0.07695961869655876,-0.0186203627630164,-0.05833925593354236,True
ALB,monaco,SOFT,48,-0.06184796754838204,0.0132304511972624,-0.07507841874564444,True
ALO,monaco,SOFT,91,0.0276627793080448,0.0132304511972624,0.0144323281107824,True
ANT,monaco,SOFT,7,,0.0132304511972624,,False
BOR,monaco,SOFT,14,,0.0132304511972624,,False
BOT,monaco,SOFT,34,0.004365353947288708,0.0132304511972624,-0.008865097249973692,True
COL,monaco,SOFT,7,,0.0132304511972624,,False
GAS,monaco,SOFT,65,0.04379585414243708,0.0132304511972624,0.03056540294517468,True
GIO,monaco,SOFT,63,-0.026981141631954076,0.0132304511972624,-0.04021159282921648,True
GRO,monaco,SOFT,37,-0.06686534908412972,0.0132304511972624,-0.08009580028139213,True
HAD,monaco,SOFT,10,,0.0132304511972624,,False
HAM,monaco,SOFT,50,0.06304309238984528,0.0132304511972624,0.04981264119258288,True
HUL,monaco,SOFT,38,0.012177797857921096,0.0132304511972624,-0.001052653339341304,True
KVY,monaco,SOFT,20,-0.08043573472336334,0.0132304511972624,-0.09366618592062574,True
LAW,monaco,SOFT,25,-0.21577851605758538,0.0132304511972624,-0.2290089672548478,True
LIN,monaco,SOFT,7,,0.0132304511972624,,False
MAG,monaco,SOFT,5,,0.0132304511972624,,False
MAZ,monaco,SOFT,28,-0.023859627805845267,0.0132304511972624,-0.037090079003107665,True
MSC,monaco,SOFT,29,-0.030632924943499482,0.0132304511972624,-0.043863376140761884,True
NOR,monaco,SOFT,57,-0.009310294042963477,0.0132304511972624,-0.022540745240225875,True
OCO,monaco,SOFT,42,-0.02276393137900318,0.0132304511972624,-0.03599438257626558,True
PER,monaco,SOFT,42,-0.06939554801721352,0.0132304511972624,-0.08262599921447593,True
PIA,monaco,SOFT,7,,0.0132304511972624,,False
RAI,monaco,SOFT,33,-0.005986491962717739,0.0132304511972624,-0.01921694315998014,True
RIC,monaco,SOFT,5,,0.0132304511972624,,False
RUS,monaco,SOFT,5,,0.0132304511972624,,False
SAI,monaco,SOFT,52,-0.039542529685314895,0.0132304511972624,-0.05277298088257729,True
SAR,monaco,SOFT,26,0.15033743589743592,0.0132304511972624,0.13710698470017352,True
STR,monaco,SOFT,95,0.04374449517241878,0.0132304511972624,0.030514043975156384,True
TSU,monaco,SOFT,17,0.36014230769230743,0.0132304511972624,0.346911856495045,True
VER,monaco,SOFT,38,-0.008216022194060786,0.0132304511972624,-0.021446473391323186,True
VET,monaco,SOFT,35,-0.031393073203202816,0.0132304511972624,-0.044623524400465214,True
ZHO,monaco,SOFT,5,,0.0132304511972624,,False
ALO,monaco,SUPERSOFT,31,0.022926209677419467,-0.0042138741515038,0.027140083828923266,True
BOT,monaco,SUPERSOFT,55,0.011772933071760095,-0.0042138741515038,0.015986807223263896,True
ERI,monaco,SUPERSOFT,55,-0.004983418000682795,-0.0042138741515038,-0.0007695438491789946,True
GAS,monaco,SUPERSOFT,35,-0.027173861089441115,-0.0042138741515038,-0.022959986937937313,True
GRO,monaco,SUPERSOFT,49,0.013584195933456642,-0.0042138741515038,0.01779807008496044,True
LEC,monaco,SUPERSOFT,53,-0.0055602434911250845,-0.0042138741515038,-0.0013463693396212843,True
MAG,monaco,SUPERSOFT,55,-0.001789874503674095,-0.0042138741515038,0.0024239996478297053,True
OCO,monaco,SUPERSOFT,49,-0.029728771067415727,-0.0042138741515038,-0.025514896915911925,True
PER,monaco,SUPERSOFT,51,-0.01863364807558592,-0.0042138741515038,-0.014419773924082118,True
SIR,monaco,SUPERSOFT,20,-0.06421704229700533,-0.0042138741515038,-0.06000316814550152,True
STR,monaco,SUPERSOFT,18,0.02138037771334526,-0.0042138741515038,0.02559425186484906,True
VAN,monaco,SUPERSOFT,47,-0.003212010007974785,-0.0042138741515038,0.0010018641435290154,True
ERI,monaco,ULTRASOFT,13,,-0.0180874815301585,,False
GRO,monaco,ULTRASOFT,12,,-0.0180874815301585,,False
HAM,monaco,ULTRASOFT,59,0.004263773675876587,-0.0180874815301585,0.022351255206035085,True
HAR,monaco,ULTRASOFT,54,-0.0038703532260818407,-0.0180874815301585,0.014217128304076659,True
HUL,monaco,ULTRASOFT,46,-0.031247770382055295,-0.0180874815301585,-0.013160288851896795,True
LEC,monaco,ULTRASOFT,10,,-0.0180874815301585,,False
MAG,monaco,ULTRASOFT,14,,-0.0180874815301585,,False
RAI,monaco,ULTRASOFT,55,-0.0023257915315658987,-0.0180874815301585,0.0157616899985926,True
RIC,monaco,ULTRASOFT,55,-0.02785999927340772,-0.0180874815301585,-0.00977251774324922,True
SAI,monaco,ULTRASOFT,55,0.0018830725049643821,-0.0180874815301585,0.019970554035122882,True
SIR,monaco,ULTRASOFT,27,0.0930069655142943,-0.0180874815301585,0.1110944470444528,True
STR,monaco,ULTRASOFT,6,,-0.0180874815301585,,False
VAN,monaco,ULTRASOFT,16,0.0714136222910214,-0.0180874815301585,0.0895011038211799,True
VER,monaco,ULTRASOFT,42,-0.02496212186222458,-0.0180874815301585,-0.006874640332066081,True
VET,monaco,ULTRASOFT,56,-0.017861636247184592,-0.0180874815301585,0.00022584528297390702,True
ALB,monaco,WET,10,,-0.7748369481747377,,False
ALO,monaco,WET,13,,-0.7748369481747377,,False
BOT,monaco,WET,13,,-0.7748369481747377,,False
HAM,monaco,WET,9,,-0.7748369481747377,,False
HUL,monaco,WET,14,,-0.7748369481747377,,False
LEC,monaco,WET,12,,-0.7748369481747377,,False
MAG,monaco,WET,23,-0.58459224356651,-0.7748369481747377,0.19024470460822773,True
MSC,monaco,WET,1,,-0.7748369481747377,,False
NOR,monaco,WET,11,,-0.7748369481747377,,False
OCO,monaco,WET,13,,-0.7748369481747377,,False
PER,monaco,WET,17,-0.8486678947368411,-0.7748369481747377,-0.07383094656210343,True
RIC,monaco,WET,11,,-0.7748369481747377,,False
RUS,monaco,WET,13,,-0.7748369481747377,,False
SAI,monaco,WET,14,,-0.7748369481747377,,False
TSU,monaco,WET,3,,-0.7748369481747377,,False
VER,monaco,WET,12,,-0.7748369481747377,,False
VET,monaco,WET,3,,-0.7748369481747377,,False
ZHO,monaco,WET,12,,-0.7748369481747377,,False
ALB,montr_al,HARD,164,-0.0024122987710917033,0.0002728583328728,-0.0026851571039645033,True
ALO,montr_al,HARD,116,0.010217199906433844,0.0002728583328728,0.009944341573561045,True
ANT,montr_al,HARD,47,-0.04833321511804654,0.0002728583328728,-0.048606073450919336,True
BEA,montr_al,HARD,44,-0.013247012096046232,0.0002728583328728,-0.013519870428919032,True
BOR,montr_al,HARD,46,-0.018884983040394713,0.0002728583328728,-0.019157841373267512,True
BOT,montr_al,HARD,101,-0.02907513669424932,0.0002728583328728,-0.02934799502712212,True
COL,montr_al,HARD,77,-0.004185087027808069,0.0002728583328728,-0.0044579453606808685,True
DEV,montr_al,HARD,49,0.03660874092049379,0.0002728583328728,0.03633588258762099,True
GAS,montr_al,HARD,238,-0.00833773339594259,0.0002728583328728,-0.008610591728815389,True
GIO,montr_al,HARD,23,-0.06768382388016968,0.0002728583328728,-0.06795668221304248,True
GRO,montr_al,HARD,34,-0.02925744843391892,0.0002728583328728,-0.02953030676679172,True
HAD,montr_al,HARD,49,0.0006232234504540057,0.0002728583328728,0.0003503651175812057,True
HAM,montr_al,HARD,154,-0.02277092640190126,0.0002728583328728,-0.02304378473477406,True
HUL,montr_al,HARD,143,-0.02545297251816759,0.0002728583328728,-0.02572583085104039,True
KUB,montr_al,HARD,50,-0.038179808455904754,0.0002728583328728,-0.038452666788777554,True
KVY,montr_al,HARD,54,-0.02345389926600995,0.0002728583328728,-0.02372675759888275,True
LAT,montr_al,HARD,48,0.008071791357626631,0.0002728583328728,0.007798933024753832,True
LAW,montr_al,HARD,36,-0.014125868725868728,0.0002728583328728,-0.014398727058741527,True
LEC,montr_al,HARD,147,-0.020839242120198734,0.0002728583328728,-0.021112100453071533,True
MAG,montr_al,HARD,106,-0.00377113503762778,0.0002728583328728,-0.00404399337050058,True
NOR,montr_al,HARD,130,-0.0034242108392524683,0.0002728583328728,-0.0036970691721252683,True
OCO,montr_al,HARD,131,-0.008367510372916612,0.0002728583328728,-0.008640368705789412,True
PER,montr_al,HARD,85,-0.029170989862850313,0.0002728583328728,-0.029443848195723113,True
PIA,montr_al,HARD,94,-0.010503544099505609,0.0002728583328728,-0.010776402432378408,True
RAI,montr_al,HARD,43,-0.018107383491582276,0.0002728583328728,-0.018380241824455076,True
RIC,montr_al,HARD,97,-0.006912843514542706,0.0002728583328728,-0.007185701847415507,True
RUS,montr_al,HARD,177,0.030740660267220086,0.0002728583328728,0.030467801934347286,True
SAI,montr_al,HARD,186,0.018398134077290275,0.0002728583328728,0.018125275744417475,True
STR,montr_al,HARD,176,-0.019894460158368293,0.0002728583328728,-0.020167318491241093,True
TSU,montr_al,HARD,110,-0.009329819510750416,0.0002728583328728,-0.009602677843623215,True
VER,montr_al,HARD,159,0.00566560488168988,0.0002728583328728,0.005392746548817081,True
VET,montr_al,HARD,93,-0.009405106729705043,0.0002728583328728,-0.009677965062577842,True
ZHO,montr_al,HARD,91,-0.0021306188925083003,0.0002728583328728,-0.0024034772253811003,True
GAS,montr_al,HYPERSOFT,17,-0.07300245098039222,-0.0600610175760207,-0.012941433404371525,True
HUL,montr_al,HYPERSOFT,8,,-0.0600610175760207,,False
OCO,montr_al,HYPERSOFT,6,,-0.0600610175760207,,False
PER,montr_al,HYPERSOFT,3,,-0.0600610175760207,,False
RIC,montr_al,HYPERSOFT,12,,-0.0600610175760207,,False
SAI,montr_al,HYPERSOFT,9,,-0.0600610175760207,,False
VAN,montr_al,HYPERSOFT,19,0.04702105263157882,-0.0600610175760207,0.10708207020759952,True
VER,montr_al,HYPERSOFT,11,,-0.0600610175760207,,False
ALB,montr_al,INTERMEDIATE,33,-0.5266552245386413,-0.2799423054082358,-0.24671291913040555,True
ALO,montr_al,INTERMEDIATE,35,-0.5483189062277662,-0.2799423054082358,-0.26837660081953046,True
BOT,montr_al,INTERMEDIATE,32,-0.2348537673037978,-0.2799423054082358,0.04508853810443797,True
GAS,montr_al,INTERMEDIATE,30,-0.5443887983404945,-0.2799423054082358,-0.2644464929322587,True
HAM,montr_al,INTERMEDIATE,34,-0.5346979552971838,-0.2799423054082358,-0.254755649888948,True
HUL,montr_al,INTERMEDIATE,23,-0.2776449597628125,-0.2799423054082358,0.0022973456454232766,True
LEC,montr_al,INTERMEDIATE,27,-0.28641038839494665,-0.2799423054082358,-0.006468082986710866,True
MAG,montr_al,INTERMEDIATE,26,-0.47457205240174655,-0.2799423054082358,-0.19462974699351077,True
NOR,montr_al,INTERMEDIATE,38,-0.4874545073215375,-0.2799423054082358,-0.20751220191330172,True
OCO,montr_al,INTERMEDIATE,33,-0.22390308019118438,-0.2799423054082358,0.0560392252170514,True
PER,montr_al,INTERMEDIATE,32,-0.5040212837384187,-0.2799423054082358,-0.22407897833018292,True
PIA,montr_al,INTERMEDIATE,35,-0.5245107906844375,-0.2799423054082358,-0.24456848527620173,True
RIC,montr_al,INTERMEDIATE,33,-0.5764622210953346,-0.2799423054082358,-0.29651991568709885,True
RUS,montr_al,INTERMEDIATE,36,-0.3725620944183038,-0.2799423054082358,-0.09261978901006801,True
SAI,montr_al,INTERMEDIATE,32,-0.5069746877937428,-0.2799423054082358,-0.227032382385507,True
SAR,montr_al,INTERMEDIATE,21,-0.6331253254839807,-0.2799423054082358,-0.3531830200757449,True
STR,montr_al,INTERMEDIATE,34,-0.5795383557120849,-0.2799423054082358,-0.2995960503038491,True
TSU,montr_al,INTERMEDIATE,33,-0.22364836696760498,-0.2799423054082358,0.0562939384406308,True
VER,montr_al,INTERMEDIATE,36,-0.3970032558035815,-0.2799423054082358,-0.1170609503953457,True
ZHO,montr_al,INTERMEDIATE,33,-0.5193329554288678,-0.2799423054082358,-0.23939065002063203,True
ALB,montr_al,MEDIUM,47,0.14416129380109266,-0.0305139689350741,0.17467526273616676,True
ALO,montr_al,MEDIUM,58,0.01844627302662838,-0.0305139689350741,0.04896024196170248,True
ANT,montr_al,MEDIUM,43,-0.06906392170290479,-0.0305139689350741,-0.038549952767830686,True
BEA,montr_al,MEDIUM,47,-0.06213167525991034,-0.0305139689350741,-0.03161770632483624,True
BOR,montr_al,MEDIUM,51,0.0009281993256584169,-0.0305139689350741,0.03144216826073252,True
BOT,montr_al,MEDIUM,114,-0.09981614007589516,-0.0305139689350741,-0.06930217114082106,True
COL,montr_al,MEDIUM,36,-0.11670852388561348,-0.0305139689350741,-0.08619455495053938,True
DEV,montr_al,MEDIUM,7,,-0.0305139689350741,,False
GAS,montr_al,MEDIUM,35,-0.03357046413502105,-0.0305139689350741,-0.0030564951999469507,True
GIO,montr_al,MEDIUM,35,-0.04715350140056021,-0.0305139689350741,-0.01663953246548611,True
GRO,montr_al,MEDIUM,25,-0.04388475740344138,-0.0305139689350741,-0.01337078846836728,True
HAD,montr_al,MEDIUM,28,-0.12114071012586851,-0.0305139689350741,-0.0906267411907944,True
HAM,montr_al,MEDIUM,111,-0.012609847679019742,-0.0305139689350741,0.01790412125605436,True
HUL,montr_al,MEDIUM,71,0.00789528580118124,-0.0305139689350741,0.03840925473625534,True
KUB,montr_al,MEDIUM,6,,-0.0305139689350741,,False
KVY,montr_al,MEDIUM,7,,-0.0305139689350741,,False
LAT,montr_al,MEDIUM,6,,-0.0305139689350741,,False
LAW,montr_al,MEDIUM,35,-0.07363732074786712,-0.0305139689350741,-0.04312335181279302,True
LEC,montr_al,MEDIUM,112,-5.1909825956712876e-05,-0.0305139689350741,0.03046205910911739,True
MAG,montr_al,MEDIUM,77,0.09098017101603233,-0.0305139689350741,0.12149413995110643,True
MSC,montr_al,MEDIUM,14,,-0.0305139689350741,,False
NOR,montr_al,MEDIUM,71,-0.00431538776258774,-0.0305139689350741,0.02619858117248636,True
OCO,montr_al,MEDIUM,69,-0.3015654901052493,-0.0305139689350741,-0.2710515211701752,True
PER,montr_al,MEDIUM,53,-0.02129211812825133,-0.0305139689350741,0.009221850806822772,True
PIA,montr_al,MEDIUM,67,-0.004739388746610386,-0.0305139689350741,0.025774580188463715,True
RAI,montr_al,MEDIUM,4,,-0.0305139689350741,,False
RIC,montr_al,MEDIUM,28,-0.3534937081793669,-0.0305139689350741,-0.3229797392442928,True
RUS,montr_al,MEDIUM,42,-0.1435727950525946,-0.0305139689350741,-0.1130588261175205,True
SAI,montr_al,MEDIUM,104,0.02436672883621892,-0.0305139689350741,0.05488069777129302,True
SAR,montr_al,MEDIUM,5,,-0.0305139689350741,,False
STR,montr_al,MEDIUM,69,-0.07198839370623288,-0.0305139689350741,-0.04147442477115877,True
TSU,montr_al,MEDIUM,28,-0.4711624684590622,-0.0305139689350741,-0.4406484995239881,True
VER,montr_al,MEDIUM,108,-0.020945782310393183,-0.0305139689350741,0.009568186624680917,True
VET,montr_al,MEDIUM,20,-0.0491257079924482,-0.0305139689350741,-0.018611739057374097,True
ZHO,montr_al,MEDIUM,35,-0.26767061478773374,-0.0305139689350741,-0.23715664585265964,True
ALB,montr_al,SOFT,9,,-0.0866165262284179,,False
ALO,montr_al,SOFT,16,-0.04531424819435307,-0.0866165262284179,0.041302278034064825,True
ANT,montr_al,SOFT,25,-0.07638287270794566,-0.0866165262284179,0.01023365352047223,True
BEA,montr_al,SOFT,23,-0.16454402735889703,-0.0866165262284179,-0.07792750113047914,True
BOR,montr_al,SOFT,12,,-0.0866165262284179,,False
BOT,montr_al,SOFT,21,0.020139794929759345,-0.0866165262284179,0.10675632115817724,True
GAS,montr_al,SOFT,10,,-0.0866165262284179,,False
HAD,montr_al,SOFT,36,-0.034043562736475894,-0.0866165262284179,0.052572963491942,True
HAM,montr_al,SOFT,25,-0.07094266542652133,-0.0866165262284179,0.01567386080189656,True
HUL,montr_al,SOFT,21,-0.1334020270270269,-0.0866165262284179,-0.04678550079860899,True
LAW,montr_al,SOFT,29,-0.04099909365558922,-0.0866165262284179,0.04561743257282867,True
LEC,montr_al,SOFT,25,-0.09035200194879964,-0.0866165262284179,-0.0037354757203817424,True
NOR,montr_al,SOFT,5,,-0.0866165262284179,,False
OCO,montr_al,SOFT,40,-0.0998690934745873,-0.0866165262284179,-0.013252567246169411,True
PER,montr_al,SOFT,17,0.014892632524708457,-0.0866165262284179,0.10150915875312636,True
PIA,montr_al,SOFT,13,,-0.0866165262284179,,False
RAI,montr_al,SOFT,10,,-0.0866165262284179,,False
RIC,montr_al,SOFT,5,,-0.0866165262284179,,False
RUS,montr_al,SOFT,25,-0.0718329790061123,-0.0866165262284179,0.014783547222305599,True
SAI,montr_al,SOFT,1,,-0.0866165262284179,,False
STR,montr_al,SOFT,33,-0.0255409836065574,-0.0866165262284179,0.06107554262186049,True
VER,montr_al,SOFT,25,-0.07826629905217487,-0.0866165262284179,0.008350227176243022,True
ALO,montr_al,SUPERSOFT,21,-0.002227272727272406,-0.01445490449435,0.012227631767077593,True
BOT,montr_al,SUPERSOFT,33,0.0015504679144384727,-0.01445490449435,0.016005372408788472,True
ERI,montr_al,SUPERSOFT,62,-0.0405059051648158,-0.01445490449435,-0.026051000670465802,True
GAS,montr_al,SUPERSOFT,45,-0.018542819499341227,-0.01445490449435,-0.004087915004991227,True
GRO,montr_al,SUPERSOFT,20,-0.036069172932330765,-0.01445490449435,-0.021614268437980765,True
HAM,montr_al,SUPERSOFT,53,-0.02653596194162227,-0.01445490449435,-0.01208105744727227,True
HUL,montr_al,SUPERSOFT,55,-0.016111688311688358,-0.01445490449435,-0.0016567838173383587,True
LEC,montr_al,SUPERSOFT,49,-0.020067346938775623,-0.01445490449435,-0.0056124424444256235,True
MAG,montr_al,SUPERSOFT,46,-0.041770397779833435,-0.01445490449435,-0.027315493285483435,True
OCO,montr_al,SUPERSOFT,57,-0.018647070261861486,-0.01445490449435,-0.004192165767511486,True
PER,montr_al,SUPERSOFT,57,-0.007518704488125326,-0.01445490449435,0.0069362000062246736,True
RAI,montr_al,SUPERSOFT,37,-0.014517069701280114,-0.01445490449435,-6.216520693011485e-05,True
RIC,montr_al,SUPERSOFT,52,-0.030309954751131254,-0.01445490449435,-0.015855050256781255,True
SAI,montr_al,SUPERSOFT,54,-0.013630493615399294,-0.01445490449435,0.000824410878950705,True
SIR,montr_al,SUPERSOFT,19,-0.06051578947368431,-0.01445490449435,-0.046060884979334304,True
VAN,montr_al,SUPERSOFT,40,-0.050487351106069125,-0.01445490449435,-0.03603244661171913,True
VER,montr_al,SUPERSOFT,53,-0.033235123367198846,-0.01445490449435,-0.018780218872848847,True
VET,montr_al,SUPERSOFT,32,0.007379765395894467,-0.01445490449435,0.021834669890244466,True
ALO,montr_al,ULTRASOFT,13,,-0.0424266036257147,,False
BOT,montr_al,ULTRASOFT,31,-0.021645161290322474,-0.0424266036257147,0.02078144233539223,True
GRO,montr_al,ULTRASOFT,42,-0.04580309537314641,-0.0424266036257147,-0.003376491747431709,True
HAM,montr_al,ULTRASOFT,11,,-0.0424266036257147,,False
LEC,montr_al,ULTRASOFT,14,,-0.0424266036257147,,False
MAG,montr_al,ULTRASOFT,16,-0.10153823529411722,-0.0424266036257147,-0.05911163166840252,True
RAI,montr_al,ULTRASOFT,27,-0.07513003663003645,-0.0424266036257147,-0.03270343300432175,True
SIR,montr_al,ULTRASOFT,39,-0.005138628277246643,-0.0424266036257147,0.03728797534846806,True
VET,montr_al,ULTRASOFT,32,-0.018093475073313808,-0.0424266036257147,0.024333128552400895,True
HUL,montr_al,WET,9,,-0.2815795918367347,,False
MAG,montr_al,WET,4,,-0.2815795918367347,,False
ALB,monza,HARD,170,-0.02362928590363846,-0.0104519372630694,-0.01317734864056906,True
ALO,monza,HARD,88,-0.009115584867129836,-0.0104519372630694,0.001336352395939563,True
ANT,monza,HARD,23,-0.03708929383239895,-0.0104519372630694,-0.02663735656932955,True
BEA,monza,HARD,78,-0.0006316772711154864,-0.0104519372630694,0.009820259991953913,True
BOR,monza,HARD,31,-0.05144160108097856,-0.0104519372630694,-0.04098966381790916,True
BOT,monza,HARD,78,0.019535955706700383,-0.0104519372630694,0.02998789296976978,True
COL,monza,HARD,98,-0.027609089382881955,-0.0104519372630694,-0.017157152119812558,True
GAS,monza,HARD,176,-0.03188760900190372,-0.0104519372630694,-0.021435671738834317,True
GIO,monza,HARD,22,0.013753246753246753,-0.0104519372630694,0.024205184016316154,True
GRO,monza,HARD,25,-0.015070769230769165,-0.0104519372630694,-0.004618831967699766,True
HAD,monza,HARD,30,-0.06903314794215802,-0.0104519372630694,-0.05858121067908862,True
HAM,monza,HARD,119,0.04134794600652208,-0.0104519372630694,0.05179988326959148,True
HUL,monza,HARD,87,0.026813478772389855,-0.0104519372630694,0.037265416035459256,True
KUB,monza,HARD,24,-0.017940000000000022,-0.0104519372630694,-0.007488062736930623,True
KVY,monza,HARD,16,-0.02033808049535569,-0.0104519372630694,-0.00988614323228629,True
LAT,monza,HARD,49,-0.004784112427134076,-0.0104519372630694,0.005667824835935324,True
LAW,monza,HARD,65,-0.03184338970545719,-0.0104519372630694,-0.02139145244238779,True
LEC,monza,HARD,132,-0.009761660506499747,-0.0104519372630694,0.0006902767565696525,True
LIN,monza,HARD,44,-0.018469599326067426,-0.0104519372630694,-0.008017662062998027,True
MAG,monza,HARD,82,-0.05247070114949836,-0.0104519372630694,-0.04201876388642896,True
MAZ,monza,HARD,7,,-0.0104519372630694,,False
MSC,monza,HARD,19,-0.037820174927113766,-0.0104519372630694,-0.027368237664044365,True
NOR,monza,HARD,152,-0.0015125454631017901,-0.0104519372630694,0.00893939179996761,True
OCO,monza,HARD,154,-0.02657305154869338,-0.0104519372630694,-0.01612111428562398,True
PER,monza,HARD,110,-0.023135522390140564,-0.0104519372630694,-0.012683585127071165,True
PIA,monza,HARD,95,0.012536159255329886,-0.0104519372630694,0.022988096518399285,True
RIC,monza,HARD,87,-0.011662118011547703,-0.0104519372630694,-0.0012101807484783036,True
RUS,monza,HARD,205,-0.011881468505910884,-0.0104519372630694,-0.0014295312428414843,True
SAI,monza,HARD,124,-0.007491177458894405,-0.0104519372630694,0.0029607598041749943,True
SAR,monza,HARD,35,0.029736694677871125,-0.0104519372630694,0.04018863194094052,True
STR,monza,HARD,162,-0.032264622339167104,-0.0104519372630694,-0.021812685076097703,True
TSU,monza,HARD,61,-0.054236236628397154,-0.0104519372630694,-0.04378429936532775,True
VER,monza,HARD,105,0.029263888552161554,-0.0104519372630694,0.039715825815230955,True
VET,monza,HARD,32,-0.027807545405629498,-0.0104519372630694,-0.017355608142560097,True
ZHO,monza,HARD,82,0.04265696537173325,-0.0104519372630694,0.053108902634802654,True
ALB,monza,MEDIUM,62,-0.06853671026529079,-0.028443687709843,-0.04009302255544779,True
ALO,monza,MEDIUM,96,-0.01245695440819208,-0.028443687709843,0.01598673330165092,True
ANT,monza,MEDIUM,71,-0.024146545858847252,-0.028443687709843,0.004297141850995747,True
BEA,monza,MEDIUM,16,-0.06610147058823526,-0.028443687709843,-0.03765778287839226,True
BOR,monza,MEDIUM,63,-0.02752899889222515,-0.028443687709843,0.0009146888176178487,True
BOT,monza,MEDIUM,159,-0.04185406042067944,-0.028443687709843,-0.013410372710836442,True
COL,monza,MEDIUM,46,-0.04142414417500658,-0.028443687709843,-0.012980456465163583,True
DEV,monza,MEDIUM,25,0.01398461538461539,-0.028443687709843,0.042428303094458386,True
GAS,monza,MEDIUM,98,-0.03590044408354911,-0.028443687709843,-0.00745675637370611,True
GIO,monza,MEDIUM,62,-0.060577211735273924,-0.028443687709843,-0.032133524025430925,True
GRO,monza,MEDIUM,34,-0.007950828345623549,-0.028443687709843,0.02049285936421945,True
HAD,monza,MEDIUM,19,-0.03281815980629522,-0.028443687709843,-0.0043744720964522185,True
HAM,monza,MEDIUM,171,-0.02025079331008132,-0.028443687709843,0.008192894399761678,True
HUL,monza,MEDIUM,72,-0.07449937944451877,-0.028443687709843,-0.046055691734675774,True
KUB,monza,MEDIUM,48,-0.02435155086848633,-0.028443687709843,0.004092136841356668,True
KVY,monza,MEDIUM,49,-0.040228678954989744,-0.028443687709843,-0.011784991245146745,True
LAT,monza,MEDIUM,70,-0.052420328682981104,-0.028443687709843,-0.023976640973138105,True
LAW,monza,MEDIUM,65,-0.01952147023475389,-0.028443687709843,0.00892221747508911,True
LEC,monza,MEDIUM,104,0.005296041178817278,-0.028443687709843,0.03373972888866028,True
LIN,monza,MEDIUM,1,,-0.028443687709843,,False
MAG,monza,MEDIUM,76,0.0006622839969946075,-0.028443687709843,0.029105971706837607,True
MAZ,monza,MEDIUM,22,0.02967363071710906,-0.028443687709843,0.05811731842695206,True
MSC,monza,MEDIUM,50,-0.04530531934141478,-0.028443687709843,-0.016861631631571783,True
NOR,monza,MEDIUM,172,-0.038471461847722356,-0.028443687709843,-0.010027774137879357,True
OCO,monza,MEDIUM,89,0.03137899760558544,-0.028443687709843,0.05982268531542844,True
PER,monza,MEDIUM,137,-0.01919315932484009,-0.028443687709843,0.009250528385002909,True
PIA,monza,MEDIUM,86,-0.03400448926785213,-0.028443687709843,-0.005560801558009129,True
RAI,monza,MEDIUM,35,-0.035673104434907024,-0.028443687709843,-0.007229416725064025,True
RIC,monza,MEDIUM,90,-0.07646926796309224,-0.028443687709843,-0.04802558025324924,True
RUS,monza,MEDIUM,136,-0.035377808000304274,-0.028443687709843,-0.006934120290461275,True
SAI,monza,MEDIUM,161,-0.02227468764984813,-0.028443687709843,0.006169000059994868,True
SAR,monza,MEDIUM,12,,-0.028443687709843,,False
STR,monza,MEDIUM,117,-0.018439791609817777,-0.028443687709843,0.010003896100025222,True
TSU,monza,MEDIUM,76,-0.02266103127567172,-0.028443687709843,0.005782656434171279,True
VER,monza,MEDIUM,149,0.008137449328755658,-0.028443687709843,0.03658113703859866,True
VET,monza,MEDIUM,58,0.005725620544309847,-0.028443687709843,0.03416930825415285,True
ZHO,monza,MEDIUM,52,-0.016826994577846487,-0.028443687709843,0.011616693131996512,True
ALB,monza,SOFT,43,-0.015171441019496943,0.0125682724773296,-0.027739713496826544,True
ALO,monza,SOFT,16,0.01757647058823529,0.0125682724773296,0.005008198110905691,True
BEA,monza,SOFT,1,,0.0125682724773296,,False
BOR,monza,SOFT,1,,0.0125682724773296,,False
BOT,monza,SOFT,69,0.005683060635226041,0.0125682724773296,-0.006885211842103558,True
DEV,monza,SOFT,15,0.004520377733598504,0.0125682724773296,-0.008047894743731096,True
GAS,monza,SOFT,39,-0.011255269829771793,0.0125682724773296,-0.023823542307101393,True
GIO,monza,SOFT,40,-0.025849008298510872,0.0125682724773296,-0.03841728077584047,True
GRO,monza,SOFT,25,-0.048956137790103764,0.0125682724773296,-0.06152441026743336,True
HAM,monza,SOFT,45,0.03665191545574633,0.0125682724773296,0.024083642978416732,True
HUL,monza,SOFT,24,-0.01557921589688512,0.0125682724773296,-0.02814748837421472,True
KUB,monza,SOFT,13,,0.0125682724773296,,False
LAW,monza,SOFT,7,,0.0125682724773296,,False
LEC,monza,SOFT,51,0.03786893924539917,0.0125682724773296,0.025300666768069573,True
MAG,monza,SOFT,23,0.03145974191203202,0.0125682724773296,0.01889146943470242,True
MSC,monza,SOFT,11,,0.0125682724773296,,False
NOR,monza,SOFT,30,0.13512643522896084,0.0125682724773296,0.12255816275163124,True
OCO,monza,SOFT,57,-0.06662437102865545,0.0125682724773296,-0.07919264350598505,True
PER,monza,SOFT,59,0.019895993459957545,0.0125682724773296,0.007327720982627945,True
PIA,monza,SOFT,7,,0.0125682724773296,,False
RAI,monza,SOFT,47,0.02433454538383773,0.0125682724773296,0.011766272906508132,True
RIC,monza,SOFT,39,-0.008438824872268762,0.0125682724773296,-0.02100709734959836,True
RUS,monza,SOFT,18,0.006286458333333417,0.0125682724773296,-0.006281814143996182,True
SAI,monza,SOFT,53,0.08531555579007666,0.0125682724773296,0.07274728331274706,True
STR,monza,SOFT,36,0.03907563025210062,0.0125682724773296,0.02650735777477102,True
VER,monza,SOFT,60,0.018604399196749607,0.0125682724773296,0.006036126719420007,True
VET,monza,SOFT,3,,0.0125682724773296,,False
ALO,s_o_paulo,HARD,53,0.021381264289989845,0.0143128352696612,0.007068429020328644,True
BOT,s_o_paulo,HARD,51,0.004207098602372659,0.0143128352696612,-0.010105736667288541,True
GAS,s_o_paulo,HARD,41,-0.012768754371648523,0.0143128352696612,-0.027081589641309724,True
GIO,s_o_paulo,HARD,11,,0.0143128352696612,,False
HAM,s_o_paulo,HARD,45,-0.004889914901321676,0.0143128352696612,-0.019202750170982878,True
HUL,s_o_paulo,HARD,15,0.001953571428571289,0.0143128352696612,-0.012359263841089912,True
KUB,s_o_paulo,HARD,12,,0.0143128352696612,,False
LAT,s_o_paulo,HARD,63,-0.03315412325801657,0.0143128352696612,-0.047466958527677766,True
LEC,s_o_paulo,HARD,39,0.06258223842815802,0.0143128352696612,0.04826940315849682,True
MAZ,s_o_paulo,HARD,33,0.0023581788879936424,0.0143128352696612,-0.011954656381667558,True
MSC,s_o_paulo,HARD,14,,0.0143128352696612,,False
NOR,s_o_paulo,HARD,78,-0.019452504694344112,0.0143128352696612,-0.03376533996400531,True
OCO,s_o_paulo,HARD,39,0.017007489878542413,0.0143128352696612,0.0026946546088812123,True
PER,s_o_paulo,HARD,35,0.003654066130473849,0.0143128352696612,-0.010658769139187351,True
RAI,s_o_paulo,HARD,21,-0.0031376623376621884,0.0143128352696612,-0.01745049760732339,True
RIC,s_o_paulo,HARD,17,0.017073529411765122,0.0143128352696612,0.0027606941421039217,True
RUS,s_o_paulo,HARD,54,0.021794022510167377,0.0143128352696612,0.007481187240506176,True
SAI,s_o_paulo,HARD,17,0.007080882352941166,0.0143128352696612,-0.007231952916720035,True
STR,s_o_paulo,HARD,42,0.035277032775594644,0.0143128352696612,0.020964197505933445,True
TSU,s_o_paulo,HARD,54,0.01289605400566902,0.0143128352696612,-0.0014167812639921812,True
VER,s_o_paulo,HARD,39,0.045712541331224765,0.0143128352696612,0.031399706061563566,True
VET,s_o_paulo,HARD,24,-0.031209565217391173,0.0143128352696612,-0.045522400487052375,True
ALO,s_o_paulo,INTERMEDIATE,49,-0.11547904767344448,-0.142833202214043,0.027354154540598516,True
BEA,s_o_paulo,INTERMEDIATE,49,-0.16696452502599815,-0.142833202214043,-0.024131322811955153,True
BOT,s_o_paulo,INTERMEDIATE,46,-0.132725941422594,-0.142833202214043,0.010107260791448996,True
COL,s_o_paulo,INTERMEDIATE,21,-0.07776703194458806,-0.142833202214043,0.06506617026945494,True
GAS,s_o_paulo,INTERMEDIATE,47,-0.1519735240047015,-0.142833202214043,-0.00914032179065849,True
HAM,s_o_paulo,INTERMEDIATE,48,-0.1542175217698282,-0.142833202214043,-0.0113843195557852,True
HUL,s_o_paulo,INTERMEDIATE,21,-0.09571099968985831,-0.142833202214043,0.047122202524184684,True
LAW,s_o_paulo,INTERMEDIATE,47,-0.1451819883421665,-0.142833202214043,-0.0023487861281235034,True
LEC,s_o_paulo,INTERMEDIATE,46,-0.13936187440617442,-0.142833202214043,0.003471327807868574,True
NOR,s_o_paulo,INTERMEDIATE,48,-0.13063192744268867,-0.142833202214043,0.012201274771354326,True
OCO,s_o_paulo,INTERMEDIATE,46,-0.12390755437748485,-0.142833202214043,0.018925647836558146,True
PER,s_o_paulo,INTERMEDIATE,48,-0.14948352553542021,-0.142833202214043,-0.006650323321377216,True
PIA,s_o_paulo,INTERMEDIATE,47,-0.16092510492056028,-0.142833202214043,-0.018091902706517282,True
RUS,s_o_paulo,INTERMEDIATE,48,-0.12542703290672844,-0.142833202214043,0.017406169307314562,True
SAI,s_o_paulo,INTERMEDIATE,24,-0.11068196265395325,-0.142833202214043,0.03215123956008975,True
TSU,s_o_paulo,INTERMEDIATE,47,-0.14920199790443833,-0.142833202214043,-0.006368795690395335,True
VER,s_o_paulo,INTERMEDIATE,47,-0.15297572153778863,-0.142833202214043,-0.01014251932374563,True
ZHO,s_o_paulo,INTERMEDIATE,46,-0.1373840825580487,-0.142833202214043,0.005449119655994289,True
ALB,s_o_paulo,MEDIUM,116,0.055336589619442336,0.004570042612768,0.05076654700667434,True
ALO,s_o_paulo,MEDIUM,157,0.020086570255976762,0.004570042612768,0.015516527643208763,True
ANT,s_o_paulo,MEDIUM,47,-0.0100569011986665,0.004570042612768,-0.0146269438114345,True
BEA,s_o_paulo,MEDIUM,51,-0.013467389372667492,0.004570042612768,-0.018037431985435493,True
BOT,s_o_paulo,MEDIUM,104,-0.044463455502619716,0.004570042612768,-0.049033498115387715,True
COL,s_o_paulo,MEDIUM,47,0.06153112593160126,0.004570042612768,0.05696108331883326,True
GAS,s_o_paulo,MEDIUM,179,0.019982046432095914,0.004570042612768,0.015412003819327915,True
GIO,s_o_paulo,MEDIUM,69,0.009156135908820367,0.004570042612768,0.004586093296052367,True
GRO,s_o_paulo,MEDIUM,65,-0.006024207669059942,0.004570042612768,-0.010594250281827942,True
HAD,s_o_paulo,MEDIUM,50,0.032003518264787166,0.004570042612768,0.027433475652019167,True
HAM,s_o_paulo,MEDIUM,142,-0.040137792514602526,0.004570042612768,-0.044707835127370525,True
HAR,s_o_paulo,MEDIUM,45,-0.047158200414695414,0.004570042612768,-0.051728243027463414,True
HUL,s_o_paulo,MEDIUM,51,-0.009703558010339874,0.004570042612768,-0.014273600623107875,True
KUB,s_o_paulo,MEDIUM,30,0.07213002549519504,0.004570042612768,0.06755998288242704,True
KVY,s_o_paulo,MEDIUM,20,-0.028655337227827926,0.004570042612768,-0.033225379840595926,True
LAT,s_o_paulo,MEDIUM,33,0.003774403927068858,0.004570042612768,-0.0007956386856991424,True
LAW,s_o_paulo,MEDIUM,51,0.01886588235294116,0.004570042612768,0.01429583974017316,True
LEC,s_o_paulo,MEDIUM,111,-0.01413730586989711,0.004570042612768,-0.01870734848266511,True
MAG,s_o_paulo,MEDIUM,22,0.020247317899491708,0.004570042612768,0.015677275286723708,True
MAZ,s_o_paulo,MEDIUM,20,0.02643474276737774,0.004570042612768,0.02186470015460974,True
MSC,s_o_paulo,MEDIUM,55,0.03857895542493251,0.004570042612768,0.03400891281216451,True
NOR,s_o_paulo,MEDIUM,97,-0.013959362299277652,0.004570042612768,-0.018529404912045654,True
OCO,s_o_paulo,MEDIUM,116,0.027186985034319863,0.004570042612768,0.022616942421551864,True
PER,s_o_paulo,MEDIUM,106,0.012495301520890095,0.004570042612768,0.007925258908122096,True
PIA,s_o_paulo,MEDIUM,68,-0.01168424170426416,0.004570042612768,-0.01625428431703216,True
RAI,s_o_paulo,MEDIUM,97,-0.03540783141813059,0.004570042612768,-0.03997787403089859,True
RIC,s_o_paulo,MEDIUM,54,-0.024521189797399413,0.004570042612768,-0.029091232410167412,True
RUS,s_o_paulo,MEDIUM,140,-0.006690005896226232,0.004570042612768,-0.011260048508994232,True
SAI,s_o_paulo,MEDIUM,186,0.016915139809130505,0.004570042612768,0.012345097196362505,True
SIR,s_o_paulo,MEDIUM,49,0.012631694684095241,0.004570042612768,0.008061652071327242,True
STR,s_o_paulo,MEDIUM,181,0.028056844138790338,0.004570042612768,0.02348680152602234,True
TSU,s_o_paulo,MEDIUM,109,0.0433742966059574,0.004570042612768,0.0388042539931894,True
VAN,s_o_paulo,MEDIUM,38,-0.043814252560512384,0.004570042612768,-0.048384295173280384,True
VER,s_o_paulo,MEDIUM,109,0.0382117228451474,0.004570042612768,0.0336416802323794,True
VET,s_o_paulo,MEDIUM,111,0.029267870330963425,0.004570042612768,0.024697827718195425,True
ZHO,s_o_paulo,MEDIUM,24,0.06680156123822316,0.004570042612768,0.06223151862545516,True
ALB,s_o_paulo,SOFT,46,0.019962146468855593,-0.0101406638486933,0.030102810317548894,True
ALO,s_o_paulo,SOFT,68,-0.03722506127928361,-0.0101406638486933,-0.027084397430590306,True
ANT,s_o_paulo,SOFT,12,,-0.0101406638486933,,False
BEA,s_o_paulo,SOFT,8,,-0.0101406638486933,,False
BOT,s_o_paulo,SOFT,80,0.016501419406996194,-0.0101406638486933,0.026642083255689494,True
COL,s_o_paulo,SOFT,12,,-0.0101406638486933,,False
GAS,s_o_paulo,SOFT,109,0.018950335402483028,-0.0101406638486933,0.02909099925117633,True
GIO,s_o_paulo,SOFT,27,-0.029936299908564393,-0.0101406638486933,-0.019795636059871093,True
GRO,s_o_paulo,SOFT,24,0.017099339137732,-0.0101406638486933,0.027240002986425302,True
HAD,s_o_paulo,SOFT,9,,-0.0101406638486933,,False
HAM,s_o_paulo,SOFT,111,-0.029845033852871867,-0.0101406638486933,-0.019704370004178566,True
HUL,s_o_paulo,SOFT,135,-0.00917705750218322,-0.0101406638486933,0.0009636063465100816,True
KUB,s_o_paulo,SOFT,7,,-0.0101406638486933,,False
KVY,s_o_paulo,SOFT,31,0.056743267064929874,-0.0101406638486933,0.06688393091362317,True
LAT,s_o_paulo,SOFT,12,,-0.0101406638486933,,False
LAW,s_o_paulo,SOFT,10,,-0.0101406638486933,,False
LEC,s_o_paulo,SOFT,44,-0.026236744305846896,-0.0101406638486933,-0.016096080457153595,True
MAG,s_o_paulo,SOFT,66,-0.03472564180994313,-0.0101406638486933,-0.024584977961249827,True
MSC,s_o_paulo,SOFT,35,-0.015444282119957773,-0.0101406638486933,-0.005303618271264472,True
NOR,s_o_paulo,SOFT,93,0.07736212119196932,-0.0101406638486933,0.08750278504066263,True
OCO,s_o_paulo,SOFT,112,-0.005024870259481168,-0.0101406638486933,0.005115793589212133,True
PER,s_o_paulo,SOFT,109,-0.020757610115883698,-0.0101406638486933,-0.010616946267190397,True
PIA,s_o_paulo,SOFT,53,0.03800044624467936,-0.0101406638486933,0.04814111009337266,True
RAI,s_o_paulo,SOFT,55,-0.03606146161456498,-0.0101406638486933,-0.025920797765871677,True
RIC,s_o_paulo,SOFT,112,-0.003970739616820432,-0.0101406638486933,0.006169924231872869,True
RUS,s_o_paulo,SOFT,72,-0.08389802825191332,-0.0101406638486933,-0.07375736440322002,True
SAI,s_o_paulo,SOFT,124,-0.014649956780785936,-0.0101406638486933,-0.0045092929320926355,True
SAR,s_o_paulo,SOFT,63,-0.007866056597505536,-0.0101406638486933,0.0022746072511877647,True
SIR,s_o_paulo,SOFT,14,,-0.0101406638486933,,False
STR,s_o_paulo,SOFT,94,-0.021872853280874786,-0.0101406638486933,-0.011732189432181486,True
TSU,s_o_paulo,SOFT,66,-0.010606829199249638,-0.0101406638486933,-0.0004661653505563367,True
VAN,s_o_paulo,SOFT,25,-0.03576073345259384,-0.0101406638486933,-0.02562006960390054,True
VER,s_o_paulo,SOFT,168,0.008263223198846146,-0.0101406638486933,0.018403887047539445,True
VET,s_o_paulo,SOFT,71,0.019644159323880184,-0.0101406638486933,0.029784823172573485,True
ZHO,s_o_paulo,SOFT,43,-0.052518033820579166,-0.0101406638486933,-0.04237736997188586,True
ALO,s_o_paulo,SUPERSOFT,14,,0.0001923809904484,,False
BOT,s_o_paulo,SUPERSOFT,16,0.00234117647058799,0.0001923809904484,0.0021487954801395898,True
ERI,s_o_paulo,SUPERSOFT,15,0.06922135007849252,0.0001923809904484,0.06902896908804412,True
GAS,s_o_paulo,SUPERSOFT,18,0.02860887512899895,0.0001923809904484,0.02841649413855055,True
GRO,s_o_paulo,SUPERSOFT,29,-0.008661963760260273,0.0001923809904484,-0.008854344750708672,True
HAM,s_o_paulo,SUPERSOFT,17,-0.030590686274509542,0.0001923809904484,-0.030783067264957942,True
HAR,s_o_paulo,SUPERSOFT,20,0.14130601503759388,0.0001923809904484,0.14111363404714547,True
LEC,s_o_paulo,SUPERSOFT,32,-0.027912359738912755,0.0001923809904484,-0.028104740729361154,True
MAG,s_o_paulo,SUPERSOFT,28,-0.015780788177339748,0.0001923809904484,-0.015973169167788147,True
OCO,s_o_paulo,SUPERSOFT,26,-0.03858223274358335,0.0001923809904484,-0.03877461373403175,True
PER,s_o_paulo,SUPERSOFT,36,-0.0351016000158091,0.0001923809904484,-0.035293981006257504,True
RIC,s_o_paulo,SUPERSOFT,36,-0.04330233645783251,0.0001923809904484,-0.043494717448280915,True
SAI,s_o_paulo,SUPERSOFT,21,0.15878571428571422,0.0001923809904484,0.15859333329526581,True
STR,s_o_paulo,SUPERSOFT,3,,0.0001923809904484,,False
VER,s_o_paulo,SUPERSOFT,32,-0.02520960323530324,0.0001923809904484,-0.02540198422575164,True
VET,s_o_paulo,SUPERSOFT,17,-0.0637696078431373,0.0001923809904484,-0.0639619888335857,True
AIT,sakhir,HARD,20,0.03746090225563912,-0.0941540043557154,0.13161490661135453,True
ALB,sakhir,HARD,91,0.3106088686083163,-0.0941540043557154,0.40476287296403174,True
ALO,sakhir,HARD,115,0.035707531946233176,-0.0941540043557154,0.12986153630194858,True
BEA,sakhir,HARD,16,0.10503970588235259,-0.0941540043557154,0.19919371023806798,True
BOR,sakhir,HARD,17,0.07621078431372554,-0.0941540043557154,0.17036478866944094,True
BOT,sakhir,HARD,156,-0.08070105156007763,-0.0941540043557154,0.013452952795637768,True
DEV,sakhir,HARD,40,0.04935476484409224,-0.0941540043557154,0.14350876919980765,True
DOO,sakhir,HARD,24,0.06555509099852432,-0.0941540043557154,0.15970909535423972,True
GAS,sakhir,HARD,177,0.27880337225303964,-0.0941540043557154,0.37295737660875505,True
GIO,sakhir,HARD,72,0.7000666224990065,-0.0941540043557154,0.794220626854722,True
HAD,sakhir,HARD,24,0.019617191342843118,-0.0941540043557154,0.11377119569855852,True
HAM,sakhir,HARD,173,-0.1382961983868303,-0.0941540043557154,-0.0441421940311149,True
HUL,sakhir,HARD,59,0.055109067110899454,-0.0941540043557154,0.14926307146661486,True
KVY,sakhir,HARD,55,-1.3196647067709815,-0.0941540043557154,-1.225510702415266,True
LAT,sakhir,HARD,14,,-0.0941540043557154,,False
LAW,sakhir,HARD,16,0.08545000000000005,-0.0941540043557154,0.17960400435571544,True
LEC,sakhir,HARD,137,-0.4802404784157952,-0.0941540043557154,-0.3860864740600798,True
MAG,sakhir,HARD,107,1.0358700366240179,-0.0941540043557154,1.1300240409797333,True
MSC,sakhir,HARD,20,0.02053538782972047,-0.0941540043557154,0.11468939218543588,True
NOR,sakhir,HARD,102,-0.26590812627037846,-0.0941540043557154,-0.17175412191466305,True
OCO,sakhir,HARD,175,-0.1674080414465087,-0.0941540043557154,-0.0732540370907933,True
PER,sakhir,HARD,118,-0.5304053140505832,-0.0941540043557154,-0.4362513096948678,True
PIA,sakhir,HARD,42,0.036222784887356654,-0.0941540043557154,0.13037678924307206,True
RAI,sakhir,HARD,63,-0.17026011512050657,-0.0941540043557154,-0.07610611076479117,True
RIC,sakhir,HARD,107,-0.5674203414820477,-0.0941540043557154,-0.47326633712633226,True
RUS,sakhir,HARD,126,-0.1756213817448306,-0.0941540043557154,-0.0814673773891152,True
SAI,sakhir,HARD,128,-0.2750202727739141,-0.0941540043557154,-0.1808662684181987,True
SAR,sakhir,HARD,34,0.05175708899333686,-0.0941540043557154,0.14591109334905225,True
STR,sakhir,HARD,130,0.023337054124861534,-0.0941540043557154,0.11749105848057693,True
TSU,sakhir,HARD,102,0.021872924771414958,-0.0941540043557154,0.11602692912713036,True
VER,sakhir,HARD,87,-0.869992484636212,-0.0941540043557154,-0.7758384802804966,True
VET,sakhir,HARD,71,-0.5566924456655514,-0.0941540043557154,-0.462538441309836,True
ZHO,sakhir,HARD,62,0.015047317762670728,-0.0941540043557154,0.10920132211838612,True
AIT,sakhir,MEDIUM,27,0.02351599107474895,-0.0311226073956378,0.054638598470386754,True
ALB,sakhir,MEDIUM,131,-0.25179227635525997,-0.0311226073956378,-0.22066966895962217,True
ALO,sakhir,MEDIUM,77,0.0015672780392790692,-0.0311226073956378,0.03268988543491687,True
ANT,sakhir,MEDIUM,13,,-0.0311226073956378,,False
BOR,sakhir,MEDIUM,33,-0.051458096590909,-0.0311226073956378,-0.020335489195271197,True
BOT,sakhir,MEDIUM,162,-0.07241378380307321,-0.0311226073956378,-0.04129117640743542,True
DOO,sakhir,MEDIUM,17,0.10893627450980359,-0.0311226073956378,0.14005888190544138,True
ERI,sakhir,MEDIUM,29,0.03175211478104922,-0.0311226073956378,0.06287472217668702,True
FIT,sakhir,MEDIUM,20,0.059296240601503826,-0.0311226073956378,0.09041884799714163,True
GAS,sakhir,MEDIUM,83,0.026329551899112215,-0.0311226073956378,0.05745215929475002,True
GIO,sakhir,MEDIUM,92,-0.018612734043060918,-0.0311226073956378,0.012509873352576882,True
GRO,sakhir,MEDIUM,10,,-0.0311226073956378,,False
HAD,sakhir,MEDIUM,20,0.07780676691729307,-0.0311226073956378,0.10892937431293087,True
HAM,sakhir,MEDIUM,115,0.1600785826974286,-0.0311226073956378,0.1912011900930664,True
HUL,sakhir,MEDIUM,66,0.0017967911484313226,-0.0311226073956378,0.032919398544069126,True
KUB,sakhir,MEDIUM,26,0.09116705195279226,-0.0311226073956378,0.12228965934843006,True
KVY,sakhir,MEDIUM,47,0.04256559811162727,-0.0311226073956378,0.07368820550726507,True
LAT,sakhir,MEDIUM,67,-0.055141599200276364,-0.0311226073956378,-0.024018991804638564,True
LAW,sakhir,MEDIUM,12,,-0.0311226073956378,,False
LEC,sakhir,MEDIUM,116,0.16124087397492473,-0.0311226073956378,0.19236348137056253,True
MAG,sakhir,MEDIUM,58,0.1161091751263258,-0.0311226073956378,0.14723178252196362,True
MSC,sakhir,MEDIUM,45,0.057412522780525894,-0.0311226073956378,0.0885351301761637,True
NOR,sakhir,MEDIUM,184,-0.15363668553586549,-0.0311226073956378,-0.12251407814022769,True
OCO,sakhir,MEDIUM,103,0.18696162022225965,-0.0311226073956378,0.21808422761789745,True
PER,sakhir,MEDIUM,149,0.04725117054620566,-0.0311226073956378,0.07837377794184346,True
PIA,sakhir,MEDIUM,38,-0.033737632971518564,-0.0311226073956378,-0.002615025575880763,True
RAI,sakhir,MEDIUM,80,-0.45462088598705724,-0.0311226073956378,-0.4234982785914194,True
RIC,sakhir,MEDIUM,77,-0.04502498315505788,-0.0311226073956378,-0.01390237575942008,True
RUS,sakhir,MEDIUM,156,-0.1672263779527558,-0.0311226073956378,-0.136103770557118,True
SAI,sakhir,MEDIUM,123,-0.27774399815104317,-0.0311226073956378,-0.24662139075540537,True
SIR,sakhir,MEDIUM,14,,-0.0311226073956378,,False
STR,sakhir,MEDIUM,135,-0.02662102678255946,-0.0311226073956378,0.00450158061307834,True
TSU,sakhir,MEDIUM,40,0.1094882115548008,-0.0311226073956378,0.14061081895043862,True
VAN,sakhir,MEDIUM,25,0.03487496275697684,-0.0311226073956378,0.06599757015261463,True
VER,sakhir,MEDIUM,119,-0.017113064755018937,-0.0311226073956378,0.014009542640618863,True
VET,sakhir,MEDIUM,66,-0.25827782279848704,-0.0311226073956378,-0.22715521540284925,True
ZHO,sakhir,MEDIUM,26,0.13971111111111106,-0.0311226073956378,0.17083371850674886,True
AIT,sakhir,SOFT,19,-0.03349298245614038,-0.0165894270051571,-0.01690355545098328,True
ALB,sakhir,SOFT,115,-0.09492610114829303,-0.0165894270051571,-0.07833667414313593,True
ALO,sakhir,SOFT,47,0.09077209418006957,-0.0165894270051571,0.10736152118522667,True
ANT,sakhir,SOFT,35,0.030441777824458203,-0.0165894270051571,0.0470312048296153,True
BEA,sakhir,SOFT,34,-0.0231731760776538,-0.0165894270051571,-0.0065837490724966995,True
BOT,sakhir,SOFT,54,-0.11618917794541847,-0.0165894270051571,-0.09959975094026137,True
DEV,sakhir,SOFT,8,,-0.0165894270051571,,False
DOO,sakhir,SOFT,7,,-0.0165894270051571,,False
ERI,sakhir,SOFT,12,,-0.0165894270051571,,False
FIT,sakhir,SOFT,47,0.02418867607526882,-0.0165894270051571,0.040778103080425926,True
GAS,sakhir,SOFT,130,0.01706534551348172,-0.0165894270051571,0.033654772518638826,True
GIO,sakhir,SOFT,20,0.23132575757575732,-0.0165894270051571,0.24791518458091444,True
GRO,sakhir,SOFT,8,,-0.0165894270051571,,False
HAD,sakhir,SOFT,4,,-0.0165894270051571,,False
HAM,sakhir,SOFT,76,0.02546896661914367,-0.0165894270051571,0.04205839362430077,True
HAR,sakhir,SOFT,17,0.054079566854991,-0.0165894270051571,0.0706689938601481,True
HUL,sakhir,SOFT,123,0.058074709500130856,-0.0165894270051571,0.07466413650528796,True
KUB,sakhir,SOFT,14,,-0.0165894270051571,,False
KVY,sakhir,SOFT,38,0.01624501066572499,-0.0165894270051571,0.032834437670882094,True
LAT,sakhir,SOFT,61,-0.0628607407163224,-0.0165894270051571,-0.0462713137111653,True
LAW,sakhir,SOFT,22,0.014933370976849129,-0.0165894270051571,0.03152279798200623,True
LEC,sakhir,SOFT,65,0.025724243223885012,-0.0165894270051571,0.042313670229042116,True
MAG,sakhir,SOFT,154,-0.008637852116366857,-0.0165894270051571,0.007951574888790244,True
MSC,sakhir,SOFT,23,-0.04317258308157096,-0.0165894270051571,-0.026583156076413858,True
NOR,sakhir,SOFT,82,-0.06293383370709385,-0.0165894270051571,-0.04634440670193675,True
OCO,sakhir,SOFT,67,-0.06369109020304478,-0.0165894270051571,-0.04710166319788768,True
PER,sakhir,SOFT,89,0.013616404167521178,-0.0165894270051571,0.030205831172678277,True
PIA,sakhir,SOFT,31,-0.07217796769346305,-0.0165894270051571,-0.055588540688305946,True
RAI,sakhir,SOFT,51,0.003205385023272362,-0.0165894270051571,0.019794812028429462,True
RIC,sakhir,SOFT,96,0.012852552400801994,-0.0165894270051571,0.029441979405959093,True
RUS,sakhir,SOFT,71,0.07698237005155366,-0.0165894270051571,0.09357179705671076,True
SAI,sakhir,SOFT,137,0.027212267461328134,-0.0165894270051571,0.043801694466485235,True
SAR,sakhir,SOFT,62,0.044406784827103064,-0.0165894270051571,0.060996211832260165,True
SIR,sakhir,SOFT,12,,-0.0165894270051571,,False
STR,sakhir,SOFT,111,-0.05156328146717318,-0.0165894270051571,-0.03497385446201608,True
TSU,sakhir,SOFT,96,-0.06164715463847988,-0.0165894270051571,-0.04505772763332278,True
VAN,sakhir,SOFT,14,,-0.0165894270051571,,False
VER,sakhir,SOFT,107,0.03792876372092253,-0.0165894270051571,0.05451819072607963,True
VET,sakhir,SOFT,76,0.02876358947176895,-0.0165894270051571,0.04535301647692605,True
ZHO,sakhir,SOFT,53,-0.07419409067467865,-0.0165894270051571,-0.05760466366952155,True
ALO,sakhir,SUPERSOFT,15,-0.06317499999999998,0.0329978998049776,-0.09617289980497759,True
BOT,sakhir,SUPERSOFT,11,,0.0329978998049776,,False
GAS,sakhir,SUPERSOFT,26,-0.033910873146622784,0.0329978998049776,-0.06690877295160039,True
GRO,sakhir,SUPERSOFT,28,0.21787448575642301,0.0329978998049776,0.1848765859514454,True
HAR,sakhir,SUPERSOFT,22,0.18152110369157134,0.0329978998049776,0.14852320388659374,True
HUL,sakhir,SUPERSOFT,20,0.006308704997312966,0.0329978998049776,-0.026689194807664636,True
LEC,sakhir,SUPERSOFT,20,0.012957831744485306,0.0329978998049776,-0.020040068060492296,True
MAG,sakhir,SUPERSOFT,15,-0.04391483516483493,0.0329978998049776,-0.07691273496981253,True
OCO,sakhir,SUPERSOFT,4,,0.0329978998049776,,False
PER,sakhir,SUPERSOFT,22,0.11799496174659464,0.0329978998049776,0.08499706194161705,True
RAI,sakhir,SUPERSOFT,10,,0.0329978998049776,,False
SAI,sakhir,SUPERSOFT,13,,0.0329978998049776,,False
SIR,sakhir,SUPERSOFT,15,0.21906071428571444,0.0329978998049776,0.18606281448073683,True
STR,sakhir,SUPERSOFT,16,0.07107462686567172,0.0329978998049776,0.038076727060694114,True
VAN,sakhir,SUPERSOFT,3,,0.0329978998049776,,False
VET,sakhir,SUPERSOFT,9,,0.0329978998049776,,False
ALB,silverstone,HARD,67,-0.057692402937644195,-0.045114404171354,-0.012577998766290198,True
ALO,silverstone,HARD,50,-0.01953952280148778,-0.045114404171354,0.025574881369866218,True
ANT,silverstone,HARD,3,,-0.045114404171354,,False
BEA,silverstone,HARD,15,0.05869821428571428,-0.045114404171354,0.10381261845706827,True
BOR,silverstone,HARD,17,0.027573363901625736,-0.045114404171354,0.07268776807297973,True
BOT,silverstone,HARD,136,-0.04884264717785197,-0.045114404171354,-0.003728243006497975,True
COL,silverstone,HARD,21,-0.004695714422067445,-0.045114404171354,0.04041868974928655,True
GAS,silverstone,HARD,149,-0.07984929501334548,-0.045114404171354,-0.03473489084199148,True
GIO,silverstone,HARD,80,-0.051201707117700924,-0.045114404171354,-0.006087302946346927,True
GRO,silverstone,HARD,48,-0.04042167249537127,-0.045114404171354,0.004692731675982727,True
HAD,silverstone,HARD,15,0.0014214285714288667,-0.045114404171354,0.04653583274278286,True
HAM,silverstone,HARD,140,-0.022011329416178234,-0.045114404171354,0.023103074755175763,True
HUL,silverstone,HARD,92,-0.031295180049205715,-0.045114404171354,0.013819224122148283,True
KUB,silverstone,HARD,24,-0.030294510385756396,-0.045114404171354,0.014819893785597602,True
KVY,silverstone,HARD,56,-0.11705141159915461,-0.045114404171354,-0.07193700742780061,True
LAT,silverstone,HARD,94,-0.05126372377404826,-0.045114404171354,-0.006149319602694263,True
LAW,silverstone,HARD,15,-0.021086336828309276,-0.045114404171354,0.02402806734304472,True
LEC,silverstone,HARD,164,-0.006339145313373046,-0.045114404171354,0.03877525885798095,True
LIN,silverstone,HARD,16,0.031513492475350326,-0.045114404171354,0.07662789664670433,True
MAG,silverstone,HARD,30,-0.05561486678676416,-0.045114404171354,-0.010500462615410162,True
MAZ,silverstone,HARD,24,-0.10334952460383653,-0.045114404171354,-0.05823512043248254,True
MSC,silverstone,HARD,42,-0.07353931173072112,-0.045114404171354,-0.02842490755936712,True
NOR,silverstone,HARD,138,-0.03164962551474088,-0.045114404171354,0.013464778656613115,True
OCO,silverstone,HARD,127,-0.06913151820661195,-0.045114404171354,-0.024017114035257955,True
PER,silverstone,HARD,51,0.027436242931787196,-0.045114404171354,0.07255064710314119,True
PIA,silverstone,HARD,46,0.03384110134803249,-0.045114404171354,0.07895550551938649,True
RAI,silverstone,HARD,108,-0.08638486830211861,-0.045114404171354,-0.041270464130764614,True
RIC,silverstone,HARD,105,-0.08527693368304762,-0.045114404171354,-0.04016252951169362,True
RUS,silverstone,HARD,126,-0.027832246845239158,-0.045114404171354,0.01728215732611484,True
SAI,silverstone,HARD,193,-0.04118771546169202,-0.045114404171354,0.00392668870966198,True
STR,silverstone,HARD,148,-0.053442511530651604,-0.045114404171354,-0.008328107359297607,True
TSU,silverstone,HARD,53,-0.07709201277955269,-0.045114404171354,-0.03197760860819869,True
VER,silverstone,HARD,143,-0.029666371056594802,-0.045114404171354,0.015448033114759195,True
VET,silverstone,HARD,91,-0.05915228469272054,-0.045114404171354,-0.014037880521366543,True
ZHO,silverstone,HARD,6,,-0.045114404171354,,False
ALB,silverstone,INTERMEDIATE,31,-0.49403136181479806,-0.5112316077475104,0.017200245932712355,True
ALO,silverstone,INTERMEDIATE,26,-0.5389748463901686,-0.5112316077475104,-0.027743238642658152,True
ANT,silverstone,INTERMEDIATE,2,,-0.5112316077475104,,False
BEA,silverstone,INTERMEDIATE,18,-0.1980377604166668,-0.5112316077475104,0.31319384733084366,True
BOT,silverstone,INTERMEDIATE,9,,-0.5112316077475104,,False
GAS,silverstone,INTERMEDIATE,19,-0.23044385072094972,-0.5112316077475104,0.28078775702656067,True
HAD,silverstone,INTERMEDIATE,1,,-0.5112316077475104,,False
HAM,silverstone,INTERMEDIATE,29,-0.491485369363607,-0.5112316077475104,0.019746238383903436,True
HUL,silverstone,INTERMEDIATE,32,-0.4407922535211267,-0.5112316077475104,0.0704393542263837,True
LEC,silverstone,INTERMEDIATE,33,-0.5337139389736479,-0.5112316077475104,-0.02248233122613752,True
MAG,silverstone,INTERMEDIATE,8,,-0.5112316077475104,,False
NOR,silverstone,INTERMEDIATE,32,-0.4956566421675401,-0.5112316077475104,0.015574965579970346,True
OCO,silverstone,INTERMEDIATE,33,-0.5568968882875917,-0.5112316077475104,-0.04566528054008123,True
PER,silverstone,INTERMEDIATE,14,,-0.5112316077475104,,False
PIA,silverstone,INTERMEDIATE,31,-0.4716390403639054,-0.5112316077475104,0.039592567383605004,True
RIC,silverstone,INTERMEDIATE,9,,-0.5112316077475104,,False
RUS,silverstone,INTERMEDIATE,20,-0.34555857865001477,-0.5112316077475104,0.16567302909749565,True
SAI,silverstone,INTERMEDIATE,31,-0.45023178639079103,-0.5112316077475104,0.060999821356719386,True
SAR,silverstone,INTERMEDIATE,9,,-0.5112316077475104,,False
STR,silverstone,INTERMEDIATE,28,-0.46871011561266773,-0.5112316077475104,0.04252149213484269,True
TSU,silverstone,INTERMEDIATE,29,-0.43478435152039635,-0.5112316077475104,0.07644725622711407,True
VER,silverstone,INTERMEDIATE,30,-0.4513136458903715,-0.5112316077475104,0.059917961857138935,True
ZHO,silverstone,INTERMEDIATE,14,,-0.5112316077475104,,False
ALB,silverstone,MEDIUM,129,0.04513141916335071,-0.0056084292133358,0.050739848376686505,True
ALO,silverstone,MEDIUM,151,0.014434307955838032,-0.0056084292133358,0.020042737169173833,True
ANT,silverstone,MEDIUM,33,-0.032802053915276054,-0.0056084292133358,-0.027193624701940255,True
BEA,silverstone,MEDIUM,28,0.13989325937132288,-0.0056084292133358,0.14550168858465867,True
BOR,silverstone,MEDIUM,21,-0.02386892891605009,-0.0056084292133358,-0.01826049970271429,True
BOT,silverstone,MEDIUM,148,-0.013243475950670665,-0.0056084292133358,-0.0076350467373348645,True
COL,silverstone,MEDIUM,18,-0.05125180598555223,-0.0056084292133358,-0.04564337677221643,True
DEV,silverstone,MEDIUM,3,,-0.0056084292133358,,False
ERI,silverstone,MEDIUM,6,,-0.0056084292133358,,False
GAS,silverstone,MEDIUM,103,-0.020966063588995817,-0.0056084292133358,-0.015357634375660017,True
GIO,silverstone,MEDIUM,63,-0.11911374183305881,-0.0056084292133358,-0.113505312619723,True
GRO,silverstone,MEDIUM,42,-0.08062146081247429,-0.0056084292133358,-0.07501303159913848,True
HAD,silverstone,MEDIUM,25,0.1309575581395349,-0.0056084292133358,0.1365659873528707,True
HAM,silverstone,MEDIUM,173,-0.012866342307725124,-0.0056084292133358,-0.007257913094389324,True
HUL,silverstone,MEDIUM,90,0.05739618716226413,-0.0056084292133358,0.06300461637559993,True
KUB,silverstone,MEDIUM,17,-0.036068627450980266,-0.0056084292133358,-0.030460198237644467,True
KVY,silverstone,MEDIUM,27,-0.09685815575655392,-0.0056084292133358,-0.09124972654321811,True
LAT,silverstone,MEDIUM,48,-0.03513460193561491,-0.0056084292133358,-0.029526172722279115,True
LAW,silverstone,MEDIUM,24,-0.016050141784820327,-0.0056084292133358,-0.010441712571484527,True
LEC,silverstone,MEDIUM,141,-0.044711993502821366,-0.0056084292133358,-0.03910356428948557,True
LIN,silverstone,MEDIUM,22,-0.006276278501983888,-0.0056084292133358,-0.0006678492886480879,True
MAG,silverstone,MEDIUM,115,-0.04801626679089992,-0.0056084292133358,-0.04240783757756412,True
MAZ,silverstone,MEDIUM,20,-0.13324887218045126,-0.0056084292133358,-0.12764044296711546,True
MSC,silverstone,MEDIUM,33,-0.05064258967284229,-0.0056084292133358,-0.04503416045950649,True
NOR,silverstone,MEDIUM,155,-0.008155341272992256,-0.0056084292133358,-0.0025469120596564553,True
OCO,silverstone,MEDIUM,87,-0.004238407021382708,-0.0056084292133358,0.0013700221919530926,True
PER,silverstone,MEDIUM,138,-0.04417162018298378,-0.0056084292133358,-0.038563190969647984,True
PIA,silverstone,MEDIUM,73,0.13609289326304794,-0.0056084292133358,0.14170132247638373,True
RAI,silverstone,MEDIUM,71,-0.017467717342398607,-0.0056084292133358,-0.011859288129062806,True
RIC,silverstone,MEDIUM,103,0.087284718225378,-0.0056084292133358,0.09289314743871381,True
RUS,silverstone,MEDIUM,121,-0.06867449135580692,-0.0056084292133358,-0.06306606214247111,True
SAI,silverstone,MEDIUM,146,0.00810359245551727,-0.0056084292133358,0.01371202166885307,True
SAR,silverstone,MEDIUM,50,-0.0007714387974231461,-0.0056084292133358,0.004836990415912654,True
SIR,silverstone,MEDIUM,17,-0.05795270270270273,-0.0056084292133358,-0.05234427348936693,True
STR,silverstone,MEDIUM,174,-0.001844714123974139,-0.0056084292133358,0.0037637150893616612,True
TSU,silverstone,MEDIUM,53,0.11132097329319927,-0.0056084292133358,0.11692940250653508,True
VAN,silverstone,MEDIUM,9,,-0.0056084292133358,,False
VER,silverstone,MEDIUM,129,0.052287869156540906,-0.0056084292133358,0.057896298369876704,True
VET,silverstone,MEDIUM,91,0.040213100788088374,-0.0056084292133358,0.04582153000142417,True
ZHO,silverstone,MEDIUM,27,-0.07635091514661016,-0.0056084292133358,-0.07074248593327435,True
ALB,silverstone,SOFT,38,-0.08087651319706304,-0.0058421099511958,-0.07503440324586724,True
ALO,silverstone,SOFT,41,-0.07331215813535828,-0.0058421099511958,-0.06747004818416248,True
BOT,silverstone,SOFT,49,-0.013089856139556306,-0.0058421099511958,-0.007247746188360506,True
DEV,silverstone,SOFT,39,-0.059530992289641246,-0.0058421099511958,-0.053688882338445446,True
ERI,silverstone,SOFT,18,-0.056848873681208924,-0.0058421099511958,-0.05100676373001312,True
GAS,silverstone,SOFT,46,-0.024727106813524878,-0.0058421099511958,-0.018884996862329077,True
GRO,silverstone,SOFT,20,-0.07502771084337337,-0.0058421099511958,-0.06918560089217757,True
HAM,silverstone,SOFT,57,0.11147970886003512,-0.0058421099511958,0.11732181881123092,True
HUL,silverstone,SOFT,45,-0.0034994129814953905,-0.0058421099511958,0.0023426969697004094,True
KVY,silverstone,SOFT,10,,-0.0058421099511958,,False
LAT,silverstone,SOFT,24,-0.02089856897538628,-0.0058421099511958,-0.01505645902419048,True
LEC,silverstone,SOFT,40,0.2259868781378366,-0.0058421099511958,0.2318289880890324,True
MAG,silverstone,SOFT,33,0.046497571139147174,-0.0058421099511958,0.052339681090342975,True
MSC,silverstone,SOFT,10,,-0.0058421099511958,,False
NOR,silverstone,SOFT,39,0.1641531104864335,-0.0058421099511958,0.1699952204376293,True
OCO,silverstone,SOFT,62,0.02776136837279113,-0.0058421099511958,0.03360347832398693,True
PER,silverstone,SOFT,69,-0.020853431878702415,-0.0058421099511958,-0.015011321927506614,True
RAI,silverstone,SOFT,20,-0.2517664882105026,-0.0058421099511958,-0.24592437825930683,True
RIC,silverstone,SOFT,65,-0.04966272663418081,-0.0058421099511958,-0.04382061668298501,True
RUS,silverstone,SOFT,26,-0.03648991452991453,-0.0058421099511958,-0.030647804578718726,True
SAI,silverstone,SOFT,17,0.38787557339449563,-0.0058421099511958,0.3937176833456914,True
SAR,silverstone,SOFT,28,0.0639287294394691,-0.0058421099511958,0.0697708393906649,True
SIR,silverstone,SOFT,15,0.013632142857142792,-0.0058421099511958,0.01947425280833859,True
STR,silverstone,SOFT,41,0.12621971557949513,-0.0058421099511958,0.13206182553069093,True
TSU,silverstone,SOFT,62,-0.024119886655647092,-0.0058421099511958,-0.01827777670445129,True
VAN,silverstone,SOFT,23,-0.12547187384728864,-0.0058421099511958,-0.11962976389609284,True
VER,silverstone,SOFT,42,0.020630423198810408,-0.0058421099511958,0.02647253315000621,True
VET,silverstone,SOFT,49,-0.06973197428082924,-0.0058421099511958,-0.06388986432963344,True
ZHO,silverstone,SOFT,36,-0.08191629955947123,-0.0058421099511958,-0.07607418960827543,True
ALB,spa_francorchamps,HARD,58,0.004034992467303328,-0.0131919787635098,0.01722697123081313,True
ALO,spa_francorchamps,HARD,28,-0.03597856430707828,-0.0131919787635098,-0.022786585543568477,True
BEA,spa_francorchamps,HARD,36,-0.005714099443671839,-0.0131919787635098,0.0074778793198379614,True
BOR,spa_francorchamps,HARD,23,0.01793774703557321,-0.0131919787635098,0.031129725799083012,True
BOT,spa_francorchamps,HARD,72,0.015554122084702394,-0.0131919787635098,0.028746100848212195,True
COL,spa_francorchamps,HARD,26,-0.03237758465687724,-0.0131919787635098,-0.01918560589336744,True
GAS,spa_francorchamps,HARD,86,-0.022372111262156602,-0.0131919787635098,-0.009180132498646802,True
GRO,spa_francorchamps,HARD,29,-0.039029064039408694,-0.0131919787635098,-0.025837085275898893,True
HAD,spa_francorchamps,HARD,58,-0.03896826096539559,-0.0131919787635098,-0.025776282201885787,True
HAM,spa_francorchamps,HARD,82,0.01703626116241787,-0.0131919787635098,0.030228239925927672,True
HUL,spa_francorchamps,HARD,33,-0.06769579344867013,-0.0131919787635098,-0.05450381468516033,True
KVY,spa_francorchamps,HARD,29,-0.0014305418719211078,-0.0131919787635098,0.011761436891588692,True
LAT,spa_francorchamps,HARD,32,0.006459975690223728,-0.0131919787635098,0.01965195445373353,True
LAW,spa_francorchamps,HARD,25,-0.054828851540616064,-0.0131919787635098,-0.04163687277710626,True
LEC,spa_francorchamps,HARD,60,-0.048154431630396184,-0.0131919787635098,-0.03496245286688639,True
LIN,spa_francorchamps,HARD,24,-0.0017658702597581556,-0.0131919787635098,0.011426108503751645,True
MAG,spa_francorchamps,HARD,60,-0.05678219158094398,-0.0131919787635098,-0.04359021281743418,True
MSC,spa_francorchamps,HARD,14,,-0.0131919787635098,,False
NOR,spa_francorchamps,HARD,101,-0.04598608988126355,-0.0131919787635098,-0.03279411111775375,True
OCO,spa_francorchamps,HARD,110,-0.03115017596556908,-0.0131919787635098,-0.01795819720205928,True
PER,spa_francorchamps,HARD,58,0.055042543997485975,-0.0131919787635098,0.06823452276099577,True
PIA,spa_francorchamps,HARD,52,0.02853085979307832,-0.0131919787635098,0.04172283855658812,True
RIC,spa_francorchamps,HARD,48,-0.11120263615295485,-0.0131919787635098,-0.09801065738944505,True
RUS,spa_francorchamps,HARD,45,0.0018116626674667471,-0.0131919787635098,0.015003641430976548,True
SAI,spa_francorchamps,HARD,75,0.0379596008629984,-0.0131919787635098,0.051151579626508195,True
SAR,spa_francorchamps,HARD,19,-0.01916842105263156,-0.0131919787635098,-0.00597644228912176,True
STR,spa_francorchamps,HARD,48,-0.025032541041001992,-0.0131919787635098,-0.011840562277492191,True
TSU,spa_francorchamps,HARD,13,,-0.0131919787635098,,False
VER,spa_francorchamps,HARD,39,-0.03521981634735337,-0.0131919787635098,-0.02202783758384357,True
VET,spa_francorchamps,HARD,46,-0.004096186499652163,-0.0131919787635098,0.009095792263857637,True
ZHO,spa_francorchamps,HARD,2,,-0.0131919787635098,,False
ALB,spa_francorchamps,INTERMEDIATE,7,,0.4229517398911348,,False
ALO,spa_francorchamps,INTERMEDIATE,6,,0.4229517398911348,,False
ANT,spa_francorchamps,INTERMEDIATE,7,,0.4229517398911348,,False
BEA,spa_francorchamps,INTERMEDIATE,7,,0.4229517398911348,,False
BOR,spa_francorchamps,INTERMEDIATE,7,,0.4229517398911348,,False
COL,spa_francorchamps,INTERMEDIATE,7,,0.4229517398911348,,False
GAS,spa_francorchamps,INTERMEDIATE,6,,0.4229517398911348,,False
HAD,spa_francorchamps,INTERMEDIATE,8,,0.4229517398911348,,False
HAM,spa_francorchamps,INTERMEDIATE,6,,0.4229517398911348,,False
HUL,spa_francorchamps,INTERMEDIATE,6,,0.4229517398911348,,False
LAW,spa_francorchamps,INTERMEDIATE,7,,0.4229517398911348,,False
LEC,spa_francorchamps,INTERMEDIATE,7,,0.4229517398911348,,False
NOR,spa_francorchamps,INTERMEDIATE,8,,0.4229517398911348,,False
OCO,spa_francorchamps,INTERMEDIATE,8,,0.4229517398911348,,False
PIA,spa_francorchamps,INTERMEDIATE,7,,0.4229517398911348,,False
RUS,spa_francorchamps,INTERMEDIATE,7,,0.4229517398911348,,False
SAI,spa_francorchamps,INTERMEDIATE,7,,0.4229517398911348,,False
STR,spa_francorchamps,INTERMEDIATE,7,,0.4229517398911348,,False
TSU,spa_francorchamps,INTERMEDIATE,8,,0.4229517398911348,,False
VER,spa_francorchamps,INTERMEDIATE,7,,0.4229517398911348,,False
ALB,spa_francorchamps,MEDIUM,122,-0.051587453914031606,-0.0300218139195343,-0.021565639994497305,True
ALO,spa_francorchamps,MEDIUM,96,-0.07248271143071806,-0.0300218139195343,-0.04246089751118376,True
ANT,spa_francorchamps,MEDIUM,28,-0.11787060478199748,-0.0300218139195343,-0.08784879086246318,True
BEA,spa_francorchamps,MEDIUM,30,-0.06664271412680754,-0.0300218139195343,-0.03662090020727324,True
BOR,spa_francorchamps,MEDIUM,44,-0.07998068051415912,-0.0300218139195343,-0.04995886659462481,True
BOT,spa_francorchamps,MEDIUM,79,0.019129630895420167,-0.0300218139195343,0.04915144481495447,True
COL,spa_francorchamps,MEDIUM,23,-0.10524523743787971,-0.0300218139195343,-0.0752234235183454,True
GAS,spa_francorchamps,MEDIUM,115,-0.03410748139310407,-0.0300218139195343,-0.004085667473569771,True
GIO,spa_francorchamps,MEDIUM,32,-0.11602685088634006,-0.0300218139195343,-0.08600503696680575,True
GRO,spa_francorchamps,MEDIUM,32,-0.0004522376137318164,-0.0300218139195343,0.029569576305802484,True
HAD,spa_francorchamps,MEDIUM,5,,-0.0300218139195343,,False
HAM,spa_francorchamps,MEDIUM,95,-0.03430779060418112,-0.0300218139195343,-0.004285976684646819,True
HUL,spa_francorchamps,MEDIUM,85,-0.0685564048314792,-0.0300218139195343,-0.0385345909119449,True
KUB,spa_francorchamps,MEDIUM,25,-0.06200076923076927,-0.0300218139195343,-0.03197895531123497,True
KVY,spa_francorchamps,MEDIUM,27,-0.1243614484112561,-0.0300218139195343,-0.0943396344917218,True
LAT,spa_francorchamps,MEDIUM,30,-0.0027275747508303722,-0.0300218139195343,0.027294239168703927,True
LAW,spa_francorchamps,MEDIUM,40,-0.07377512691220053,-0.0300218139195343,-0.04375331299266623,True
LEC,spa_francorchamps,MEDIUM,141,-0.027754458296154208,-0.0300218139195343,0.0022673556233800927,True
LIN,spa_francorchamps,MEDIUM,10,,-0.0300218139195343,,False
MAG,spa_francorchamps,MEDIUM,94,0.06604007009658348,-0.0300218139195343,0.09606188401611779,True
MSC,spa_francorchamps,MEDIUM,20,0.33780189673340344,-0.0300218139195343,0.36782371065293773,True
NOR,spa_francorchamps,MEDIUM,70,-0.012878475065387363,-0.0300218139195343,0.017143338854146938,True
OCO,spa_francorchamps,MEDIUM,74,-0.03590257630810545,-0.0300218139195343,-0.005880762388571149,True
PER,spa_francorchamps,MEDIUM,76,-0.025136490022898535,-0.0300218139195343,0.004885323896635766,True
PIA,spa_francorchamps,MEDIUM,53,-0.0817799692544197,-0.0300218139195343,-0.0517581553348854,True
RAI,spa_francorchamps,MEDIUM,35,-0.009858212536608282,-0.0300218139195343,0.02016360138292602,True
RIC,spa_francorchamps,MEDIUM,62,0.12497081662749424,-0.0300218139195343,0.15499263054702853,True
RUS,spa_francorchamps,MEDIUM,111,-0.018634004489355795,-0.0300218139195343,0.011387809430178506,True
SAI,spa_francorchamps,MEDIUM,60,0.1269333545100236,-0.0300218139195343,0.1569551684295579,True
SAR,spa_francorchamps,MEDIUM,41,0.14568765547263682,-0.0300218139195343,0.1757094693921711,True
STR,spa_francorchamps,MEDIUM,120,-0.06185384499013438,-0.0300218139195343,-0.03183203107060008,True
TSU,spa_francorchamps,MEDIUM,71,-0.05535726737704141,-0.0300218139195343,-0.025335453457507106,True
VAN,spa_francorchamps,MEDIUM,21,-0.04976785069235401,-0.0300218139195343,-0.01974603677281971,True
VER,spa_francorchamps,MEDIUM,112,-0.016938868188760597,-0.0300218139195343,0.013082945730773704,True
VET,spa_francorchamps,MEDIUM,42,-0.029902714161335765,-0.0300218139195343,0.00011909975819853619,True
ZHO,spa_francorchamps,MEDIUM,36,0.22520071159480956,-0.0300218139195343,0.2552225255143439,True
ALB,spa_francorchamps,SOFT,67,-0.020664964459828503,0.002597943324528,-0.023262907784356503,True
ALO,spa_francorchamps,SOFT,21,-0.14599839228295838,0.002597943324528,-0.1485963356074864,True
ANT,spa_francorchamps,SOFT,23,-0.00789426877470356,0.002597943324528,-0.01049221209923156,True
BOT,spa_francorchamps,SOFT,43,-0.12102981789449907,0.002597943324528,-0.12362776121902708,True
ERI,spa_francorchamps,SOFT,21,-0.09522207792207779,0.002597943324528,-0.0978200212466058,True
GAS,spa_francorchamps,SOFT,64,0.07740035497606501,0.002597943324528,0.074802411651537,True
GIO,spa_francorchamps,SOFT,12,,0.002597943324528,,False
GRO,spa_francorchamps,SOFT,11,,0.002597943324528,,False
HAM,spa_francorchamps,SOFT,59,0.007779189804926715,0.002597943324528,0.005181246480398715,True
HAR,spa_francorchamps,SOFT,25,-0.09781665861610936,0.002597943324528,-0.10041460194063737,True
HUL,spa_francorchamps,SOFT,44,0.18198975338659265,0.002597943324528,0.17939181006206464,True
KUB,spa_francorchamps,SOFT,10,,0.002597943324528,,False
KVY,spa_francorchamps,SOFT,17,-0.0022892156862745665,0.002597943324528,-0.004887159010802567,True
LAT,spa_francorchamps,SOFT,7,,0.002597943324528,,False
LEC,spa_francorchamps,SOFT,47,-0.10026662759131312,0.002597943324528,-0.10286457091584111,True
MAG,spa_francorchamps,SOFT,28,0.13088258663283692,0.002597943324528,0.1282846433083089,True
NOR,spa_francorchamps,SOFT,76,-0.08045633703453768,0.002597943324528,-0.08305428035906567,True
OCO,spa_francorchamps,SOFT,45,-0.06486302451001907,0.002597943324528,-0.06746096783454708,True
PER,spa_francorchamps,SOFT,66,0.06307608235791852,0.002597943324528,0.06047813903339052,True
RAI,spa_francorchamps,SOFT,39,0.01833759878419462,0.002597943324528,0.01573965545966662,True
RIC,spa_francorchamps,SOFT,99,-0.00816919444582363,0.002597943324528,-0.01076713777035163,True
RUS,spa_francorchamps,SOFT,31,0.03920832162921361,0.002597943324528,0.03661037830468561,True
SAI,spa_francorchamps,SOFT,16,-0.23245541401273834,0.002597943324528,-0.23505335733726634,True
SAR,spa_francorchamps,SOFT,12,,0.002597943324528,,False
SIR,spa_francorchamps,SOFT,19,-0.10816666666666651,0.002597943324528,-0.1107646099911945,True
STR,spa_francorchamps,SOFT,72,0.0011484282984791634,0.002597943324528,-0.0014495150260488367,True
TSU,spa_francorchamps,SOFT,58,0.004675722637310964,0.002597943324528,0.0020777793127829637,True
VER,spa_francorchamps,SOFT,79,0.04459524258206022,0.002597943324528,0.04199729925753222,True
VET,spa_francorchamps,SOFT,40,0.0702207625887879,0.002597943324528,0.06762281926425989,True
ZHO,spa_francorchamps,SOFT,34,0.04365404166666668,0.002597943324528,0.04105609834213868,True
BOT,spa_francorchamps,SUPERSOFT,22,-0.19028514963297607,-0.0214550400744953,-0.16883010955848077,True
ERI,spa_francorchamps,SUPERSOFT,16,-0.04402647058823518,-0.0214550400744953,-0.02257143051373988,True
GAS,spa_francorchamps,SUPERSOFT,20,-0.09785864661654158,-0.0214550400744953,-0.07640360654204628,True
GRO,spa_francorchamps,SUPERSOFT,37,-0.009333138941536775,-0.0214550400744953,0.012121901132958525,True
HAM,spa_francorchamps,SUPERSOFT,16,-0.06116764705882352,-0.0214550400744953,-0.03971260698432822,True
HAR,spa_francorchamps,SUPERSOFT,10,,-0.0214550400744953,,False
MAG,spa_francorchamps,SUPERSOFT,37,0.0719292266854043,-0.0214550400744953,0.09338426675989961,True
OCO,spa_francorchamps,SUPERSOFT,19,-0.09210000000000028,-0.0214550400744953,-0.07064495992550499,True
PER,spa_francorchamps,SUPERSOFT,20,-0.07381278195488739,-0.0214550400744953,-0.052357741880392085,True
SAI,spa_francorchamps,SUPERSOFT,19,-0.00011228070175467289,-0.0214550400744953,0.021342759372740626,True
SIR,spa_francorchamps,SUPERSOFT,17,-0.029352941176470783,-0.0214550400744953,-0.007897901101975482,True
STR,spa_francorchamps,SUPERSOFT,18,-0.059205366357068995,-0.0214550400744953,-0.037750326282573694,True
VAN,spa_francorchamps,SUPERSOFT,13,,-0.0214550400744953,,False
VER,spa_francorchamps,SUPERSOFT,21,-0.10310909090909058,-0.0214550400744953,-0.08165405083459529,True
VET,spa_francorchamps,SUPERSOFT,17,-0.0036200980392157235,-0.0214550400744953,0.017834942035279577,True
ALB,spielberg,HARD,212,0.020977529431187508,0.0079689255020671,0.013008603929120408,True
ALO,spielberg,HARD,200,-0.0052402971820475035,0.0079689255020671,-0.013209222684114603,True
ANT,spielberg,HARD,42,0.043491749038421686,0.0079689255020671,0.03552282353635459,True
BEA,spielberg,HARD,43,0.020012662916406156,0.0079689255020671,0.012043737414339057,True
BOR,spielberg,HARD,42,0.06319981051161856,0.0079689255020671,0.055230885009551464,True
BOT,spielberg,HARD,273,-0.013177976855918577,0.0079689255020671,-0.021146902357985678,True
COL,spielberg,HARD,49,0.045064623413835395,0.0079689255020671,0.0370956979117683,True
DEV,spielberg,HARD,21,0.03302337662337679,0.0079689255020671,0.02505445112130969,True
GAS,spielberg,HARD,255,-0.0011780641760307097,0.0079689255020671,-0.00914698967809781,True
GIO,spielberg,HARD,169,-0.017675119390418527,0.0079689255020671,-0.025644044892485625,True
GRO,spielberg,HARD,47,-0.018136929032849095,0.0079689255020671,-0.026105854534916192,True
HAD,spielberg,HARD,67,0.054906924833275035,0.0079689255020671,0.04693799933120794,True
HAM,spielberg,HARD,267,0.0045906670282960015,0.0079689255020671,-0.003378258473771098,True
HUL,spielberg,HARD,119,0.0015025040240395295,0.0079689255020671,-0.006466421478027571,True
KUB,spielberg,HARD,48,-0.01282452236213634,0.0079689255020671,-0.020793447864203438,True
KVY,spielberg,HARD,84,-0.005994054193556237,0.0079689255020671,-0.013962979695623337,True
LAT,spielberg,HARD,113,-0.013152817035158372,0.0079689255020671,-0.02112174253722547,True
LAW,spielberg,HARD,58,-0.0031776614851055226,0.0079689255020671,-0.011146586987172621,True
LEC,spielberg,HARD,244,-0.0002559070088703152,0.0079689255020671,-0.008224832510937415,True
LIN,spielberg,HARD,23,0.05279930831392959,0.0079689255020671,0.04483038281186249,True
MAG,spielberg,HARD,186,0.013884415973640502,0.0079689255020671,0.0059154904715734025,True
MAZ,spielberg,HARD,84,0.04342284163034331,0.0079689255020671,0.03545391612827621,True
MSC,spielberg,HARD,91,0.028277365873336114,0.0079689255020671,0.020308440371269013,True
NOR,spielberg,HARD,267,0.003954412722184183,0.0079689255020671,-0.0040145127798829165,True
OCO,spielberg,HARD,232,0.022336015992623703,0.0079689255020671,0.014367090490556603,True
PER,spielberg,HARD,173,-0.007583186352954907,0.0079689255020671,-0.015552111855022007,True
PIA,spielberg,HARD,117,0.005190711204853602,0.0079689255020671,-0.002778214297213498,True
RAI,spielberg,HARD,132,-0.03608848364933714,0.0079689255020671,-0.044057409151404235,True
RIC,spielberg,HARD,152,-0.0047098382737610295,0.0079689255020671,-0.01267876377582813,True
RUS,spielberg,HARD,246,0.01757975442792267,0.0079689255020671,0.00961082892585557,True
SAI,spielberg,HARD,182,0.015809505292054517,0.0079689255020671,0.007840579789987418,True
SAR,spielberg,HARD,80,0.008563367252543936,0.0079689255020671,0.0005944417504768363,True
STR,spielberg,HARD,234,0.009409953707505208,0.0079689255020671,0.001441028205438108,True
TSU,spielberg,HARD,208,-0.007746096174245,0.0079689255020671,-0.0157150216763121,True
VER,spielberg,HARD,248,0.009114267298202952,0.0079689255020671,0.0011453417961358528,True
VET,spielberg,HARD,150,0.007081975923042256,0.0079689255020671,-0.0008869495790248434,True
ZHO,spielberg,HARD,138,0.04498437409006392,0.0079689255020671,0.037015448587996824,True
ALB,spielberg,MEDIUM,135,-0.06234021021709711,-0.0134311566784613,-0.04890905353863581,True
ALO,spielberg,MEDIUM,172,0.023163759462968968,-0.0134311566784613,0.03659491614143027,True
ANT,spielberg,MEDIUM,22,0.026109542631281707,-0.0134311566784613,0.03954069930974301,True
BEA,spielberg,MEDIUM,74,0.012028255842989307,-0.0134311566784613,0.025459412521450606,True
BOR,spielberg,MEDIUM,64,0.020574529230892882,-0.0134311566784613,0.03400568590935418,True
BOT,spielberg,MEDIUM,144,-0.04169917525879948,-0.0134311566784613,-0.02826801858033818,True
COL,spielberg,MEDIUM,63,0.021392094537590608,-0.0134311566784613,0.03482325121605191,True
DEV,spielberg,MEDIUM,40,-0.0014004398826980005,-0.0134311566784613,0.0120307167957633,True
GAS,spielberg,MEDIUM,157,-0.002388834485322641,-0.0134311566784613,0.01104232219313866,True
GIO,spielberg,MEDIUM,73,-0.05748434731120509,-0.0134311566784613,-0.04405319063274379,True
GRO,spielberg,MEDIUM,79,-0.052509412833162704,-0.0134311566784613,-0.0390782561547014,True
HAD,spielberg,MEDIUM,57,0.045091813846974256,-0.0134311566784613,0.05852297052543556,True
HAM,spielberg,MEDIUM,271,-0.01239135425745603,-0.0134311566784613,0.00103980242100527,True
HUL,spielberg,MEDIUM,131,-0.023203195317955474,-0.0134311566784613,-0.009772038639494173,True
KUB,spielberg,MEDIUM,17,-0.11510784313725553,-0.0134311566784613,-0.10167668645879423,True
KVY,spielberg,MEDIUM,78,-0.06427932458128484,-0.0134311566784613,-0.05084816790282354,True
LAT,spielberg,MEDIUM,83,-0.045536408971882034,-0.0134311566784613,-0.03210525229342073,True
LAW,spielberg,MEDIUM,66,0.030333234620630423,-0.0134311566784613,0.04376439129909172,True
LEC,spielberg,MEDIUM,242,0.0239377495593367,-0.0134311566784613,0.037368906237798,True
LIN,spielberg,MEDIUM,37,0.002682421130431482,-0.0134311566784613,0.016113577808892783,True
MAG,spielberg,MEDIUM,76,-0.05145340217103518,-0.0134311566784613,-0.03802224549257388,True
MAZ,spielberg,MEDIUM,42,-0.03570107304319422,-0.0134311566784613,-0.022269916364732918,True
MSC,spielberg,MEDIUM,75,0.0040986570455899185,-0.0134311566784613,0.01752981372405122,True
NOR,spielberg,MEDIUM,212,-0.0019265792831610245,-0.0134311566784613,0.011504577395300277,True
OCO,spielberg,MEDIUM,157,0.0016300114954498493,-0.0134311566784613,0.01506116817391115,True
PER,spielberg,MEDIUM,197,-0.0024549191956029837,-0.0134311566784613,0.010976237482858317,True
PIA,spielberg,MEDIUM,130,0.06070628351629064,-0.0134311566784613,0.07413744019475194,True
RAI,spielberg,MEDIUM,118,-0.03345739602841017,-0.0134311566784613,-0.02002623934994887,True
RIC,spielberg,MEDIUM,157,-0.025974211993236948,-0.0134311566784613,-0.012543055314775647,True
RUS,spielberg,MEDIUM,268,-0.012803799560568546,-0.0134311566784613,0.0006273571178927548,True
SAI,spielberg,MEDIUM,248,-0.0065472547167803735,-0.0134311566784613,0.006883901961680927,True
SAR,spielberg,MEDIUM,43,0.07186542813104693,-0.0134311566784613,0.08529658480950823,True
STR,spielberg,MEDIUM,212,-0.019362229738931352,-0.0134311566784613,-0.005931073060470051,True
TSU,spielberg,MEDIUM,104,0.03508529970114106,-0.0134311566784613,0.04851645637960236,True
VER,spielberg,MEDIUM,227,0.0065073681392582615,-0.0134311566784613,0.01993852481771956,True
VET,spielberg,MEDIUM,63,-0.017641636644364318,-0.0134311566784613,-0.004210479965903017,True
ZHO,spielberg,MEDIUM,25,0.011004667597278146,-0.0134311566784613,0.024435824275739447,True
ALB,spielberg,SOFT,49,-0.037889310038882185,-0.0207665380609155,-0.017122771977966685,True
ALO,spielberg,SOFT,115,-0.036665441742560236,-0.0207665380609155,-0.015898903681644736,True
BEA,spielberg,SOFT,7,,-0.0207665380609155,,False
BOR,spielberg,SOFT,15,0.012574999999999927,-0.0207665380609155,0.03334153806091543,True
BOT,spielberg,SOFT,46,-0.024127169650727972,-0.0207665380609155,-0.0033606315898124725,True
COL,spielberg,SOFT,9,,-0.0207665380609155,,False
ERI,spielberg,SOFT,38,-0.06281105873359653,-0.0207665380609155,-0.04204452067268104,True
GAS,spielberg,SOFT,145,0.01439199912603128,-0.0207665380609155,0.03515853718694678,True
GIO,spielberg,SOFT,58,0.0012905879442740248,-0.0207665380609155,0.022057126005189526,True
GRO,spielberg,SOFT,78,-0.01582531275289771,-0.0207665380609155,0.004941225308017789,True
HAM,spielberg,SOFT,80,-0.0005035882987287825,-0.0207665380609155,0.020262949762186715,True
HUL,spielberg,SOFT,8,,-0.0207665380609155,,False
KVY,spielberg,SOFT,4,,-0.0207665380609155,,False
LAT,spielberg,SOFT,64,-0.04231369600874806,-0.0207665380609155,-0.021547157947832563,True
LEC,spielberg,SOFT,97,0.009405609065155723,-0.0207665380609155,0.030172147126071223,True
MAG,spielberg,SOFT,75,-0.05481156328323988,-0.0207665380609155,-0.034045025222324374,True
NOR,spielberg,SOFT,104,-0.041525565393321466,-0.0207665380609155,-0.020759027332405967,True
OCO,spielberg,SOFT,67,-0.01194755995589158,-0.0207665380609155,0.00881897810502392,True
PER,spielberg,SOFT,110,-0.020639409251840893,-0.0207665380609155,0.00012712880907460658,True
RAI,spielberg,SOFT,94,-0.04360330480547405,-0.0207665380609155,-0.02283676674455855,True
RIC,spielberg,SOFT,86,-0.03253641634817629,-0.0207665380609155,-0.011769878287260793,True
RUS,spielberg,SOFT,29,-0.010488177339901582,-0.0207665380609155,0.010278360721013917,True
SAI,spielberg,SOFT,76,-0.02360193552865747,-0.0207665380609155,-0.00283539746774197,True
SIR,spielberg,SOFT,30,0.013561594064328743,-0.0207665380609155,0.03432813212524424,True
STR,spielberg,SOFT,148,-0.014124186072480777,-0.0207665380609155,0.006642351988434722,True
TSU,spielberg,SOFT,39,0.02160415284934439,-0.0207665380609155,0.04237069091025989,True
VAN,spielberg,SOFT,49,0.01347059898520811,-0.0207665380609155,0.034237137046123606,True
VER,spielberg,SOFT,74,-0.010898015303979653,-0.0207665380609155,0.009868522756935847,True
VET,spielberg,SOFT,105,-0.03765570016325064,-0.0207665380609155,-0.016889162102335143,True
ALO,spielberg,SUPERSOFT,10,,-0.0183783348831573,,False
BOT,spielberg,SUPERSOFT,9,,-0.0183783348831573,,False
ERI,spielberg,SUPERSOFT,18,0.0418032856611196,-0.0183783348831573,0.0601816205442769,True
GAS,spielberg,SUPERSOFT,10,,-0.0183783348831573,,False
HAM,spielberg,SUPERSOFT,22,-0.009954799790172908,-0.0183783348831573,0.008423535092984392,True
HAR,spielberg,SUPERSOFT,46,-0.04396081721012039,-0.0183783348831573,-0.025582482326963092,True
LEC,spielberg,SUPERSOFT,9,,-0.0183783348831573,,False
OCO,spielberg,SUPERSOFT,10,,-0.0183783348831573,,False
PER,spielberg,SUPERSOFT,20,-0.06566633068933776,-0.0183783348831573,-0.04728799580618046,True
RIC,spielberg,SUPERSOFT,23,-0.11090048013967714,-0.0183783348831573,-0.09252214525651983,True
SAI,spielberg,SUPERSOFT,29,0.015085871465295535,-0.0183783348831573,0.03346420634845283,True
SIR,spielberg,SUPERSOFT,17,-0.06110546448087404,-0.0183783348831573,-0.04272712959771674,True
STR,spielberg,SUPERSOFT,3,,-0.0183783348831573,,False
VER,spielberg,SUPERSOFT,9,,-0.0183783348831573,,False
GRO,spielberg,ULTRASOFT,9,,-0.052482697520985,,False
HUL,spielberg,ULTRASOFT,8,,-0.052482697520985,,False
MAG,spielberg,ULTRASOFT,21,-0.06437117516629705,-0.052482697520985,-0.011888477645312048,True
RAI,spielberg,ULTRASOFT,9,,-0.052482697520985,,False
SAI,spielberg,ULTRASOFT,10,,-0.052482697520985,,False
SIR,spielberg,ULTRASOFT,6,,-0.052482697520985,,False
STR,spielberg,ULTRASOFT,10,,-0.052482697520985,,False
VET,spielberg,ULTRASOFT,9,,-0.052482697520985,,False
ALB,suzuka,HARD,45,-0.09384434212856359,-0.0233098519048238,-0.07053449022373978,True
ALO,suzuka,HARD,83,0.0051752004327122215,-0.0233098519048238,0.02848505233753602,True
ANT,suzuka,HARD,47,-0.0211870449076539,-0.0233098519048238,0.0021228069971699,True
BEA,suzuka,HARD,32,-0.053251620449339315,-0.0233098519048238,-0.029941768544515517,True
BOR,suzuka,HARD,55,-0.06972182418699202,-0.0233098519048238,-0.04641197228216822,True
BOT,suzuka,HARD,57,-0.03201313551004356,-0.0233098519048238,-0.008703283605219762,True
COL,suzuka,HARD,28,-0.04957274320771248,-0.0233098519048238,-0.026262891302888683,True
DOO,suzuka,HARD,37,-0.022986723565670993,-0.0233098519048238,0.00032312833915280545,True
GAS,suzuka,HARD,116,-0.0547548426633267,-0.0233098519048238,-0.0314449907585029,True
GIO,suzuka,HARD,29,0.01849655172413791,-0.0233098519048238,0.04180640362896171,True
GRO,suzuka,HARD,33,0.02946122994652417,-0.0233098519048238,0.05277108185134797,True
HAD,suzuka,HARD,53,-0.03317041435979941,-0.0233098519048238,-0.009860562454975609,True
HAM,suzuka,HARD,121,0.0048825867974025125,-0.0233098519048238,0.028192438702226312,True
HUL,suzuka,HARD,113,-0.004412602274742397,-0.0233098519048238,0.0188972496300814,True
KUB,suzuka,HARD,8,,-0.0233098519048238,,False
LAW,suzuka,HARD,52,-0.021557772103415508,-0.0233098519048238,0.0017520798014082906,True
LEC,suzuka,HARD,103,-0.03077977650289288,-0.0233098519048238,-0.00746992459806908,True
LIN,suzuka,HARD,27,-0.04672503669615599,-0.0233098519048238,-0.023415184791332193,True
MAG,suzuka,HARD,91,0.020825395870583387,-0.0233098519048238,0.044135247775407185,True
NOR,suzuka,HARD,157,-0.022335792799731875,-0.0233098519048238,0.0009740591050919241,True
OCO,suzuka,HARD,127,-0.04169023662056124,-0.0233098519048238,-0.01838038471573744,True
PER,suzuka,HARD,51,0.042824099365337376,-0.0233098519048238,0.06613395127016117,True
PIA,suzuka,HARD,134,-0.03779844768878759,-0.0233098519048238,-0.01448859578396379,True
RAI,suzuka,HARD,19,0.03843859649122803,-0.0233098519048238,0.06174844839605183,True
RUS,suzuka,HARD,142,-0.03033076063280997,-0.0233098519048238,-0.007020908727986171,True
SAI,suzuka,HARD,55,0.07141392773498992,-0.0233098519048238,0.09472377963981371,True
SAR,suzuka,HARD,28,0.057374165685119556,-0.0233098519048238,0.08068401758994335,True
STR,suzuka,HARD,29,0.029378496149168813,-0.0233098519048238,0.05268834805399261,True
TSU,suzuka,HARD,90,-0.036052551242913344,-0.0233098519048238,-0.012742699338089546,True
VER,suzuka,HARD,89,0.020653612789243783,-0.0233098519048238,0.04396346469406758,True
ZHO,suzuka,HARD,24,0.001346945137156928,-0.0233098519048238,0.024656797041980726,True
ALO,suzuka,INTERMEDIATE,15,0.1951187499999998,0.1052325648901977,0.08988618510980212,True
BOT,suzuka,INTERMEDIATE,21,0.05005064935064922,0.1052325648901977,-0.05518191553954847,True
GAS,suzuka,INTERMEDIATE,18,0.47380051701852616,0.1052325648901977,0.3685679521283285,True
HAM,suzuka,INTERMEDIATE,20,0.13218045112781943,0.1052325648901977,0.026947886237621732,True
LAT,suzuka,INTERMEDIATE,22,0.1074263128176174,0.1052325648901977,0.0021937479274197064,True
LEC,suzuka,INTERMEDIATE,20,0.2158195488721804,0.1052325648901977,0.11058698398198272,True
MAG,suzuka,INTERMEDIATE,20,0.09129473684210525,0.1052325648901977,-0.013937828048092446,True
MSC,suzuka,INTERMEDIATE,16,0.26885294117647035,0.1052325648901977,0.16362037628627266,True
NOR,suzuka,INTERMEDIATE,21,0.07165974025974041,0.1052325648901977,-0.033572824630457285,True
OCO,suzuka,INTERMEDIATE,20,0.1139330827067667,0.1052325648901977,0.008700517816569012,True
PER,suzuka,INTERMEDIATE,20,0.16593233082706754,0.1052325648901977,0.06069976593686985,True
RIC,suzuka,INTERMEDIATE,19,0.061794736842105034,0.1052325648901977,-0.04343782804809266,True
RUS,suzuka,INTERMEDIATE,20,-0.021972932330826908,0.1052325648901977,-0.1272054972210246,True
STR,suzuka,INTERMEDIATE,18,0.3448354157690652,0.1052325648901977,0.23960285087886748,True
TSU,suzuka,INTERMEDIATE,18,0.27089971346704883,0.1052325648901977,0.16566714857685114,True
VER,suzuka,INTERMEDIATE,20,0.17523157894736827,0.1052325648901977,0.06999901405717057,True
VET,suzuka,INTERMEDIATE,22,0.059997176736307285,0.1052325648901977,-0.04523538815389041,True
ZHO,suzuka,INTERMEDIATE,15,0.6059030612244894,0.1052325648901977,0.5006704963342917,True
ALB,suzuka,MEDIUM,66,-0.018424366719660773,-0.002719141828346,-0.015705224891314772,True
ALO,suzuka,MEDIUM,106,0.018700934493512386,-0.002719141828346,0.021420076321858387,True
ANT,suzuka,MEDIUM,49,-0.027958880389429574,-0.002719141828346,-0.025239738561083573,True
BEA,suzuka,MEDIUM,35,-0.008326245001817023,-0.002719141828346,-0.005607103173471024,True
BOR,suzuka,MEDIUM,40,-0.03994499898146256,-0.002719141828346,-0.03722585715311656,True
BOT,suzuka,MEDIUM,67,0.10134824023748583,-0.002719141828346,0.10406738206583183,True
COL,suzuka,MEDIUM,15,-0.0008428571428572572,-0.002719141828346,0.0018762846854887428,True
ERI,suzuka,MEDIUM,41,-0.020754707780566584,-0.002719141828346,-0.018035565952220584,True
GAS,suzuka,MEDIUM,98,-0.019014752910608376,-0.002719141828346,-0.016295611082262376,True
GIO,suzuka,MEDIUM,15,-0.007201689774696491,-0.002719141828346,-0.004482547946350491,True
GRO,suzuka,MEDIUM,20,-0.026303453121862892,-0.002719141828346,-0.02358431129351689,True
HAD,suzuka,MEDIUM,40,-0.04331517432318138,-0.002719141828346,-0.040596032494835385,True
HAM,suzuka,MEDIUM,106,-0.04271642432535135,-0.002719141828346,-0.039997282497005356,True
HUL,suzuka,MEDIUM,115,-0.013139166761764656,-0.002719141828346,-0.010420024933418655,True
KUB,suzuka,MEDIUM,34,0.06301202891862794,-0.002719141828346,0.06573117074697393,True
KVY,suzuka,MEDIUM,23,-0.08821245059288532,-0.002719141828346,-0.08549330876453932,True
LAW,suzuka,MEDIUM,59,-0.021934608975335144,-0.002719141828346,-0.019215467146989143,True
LEC,suzuka,MEDIUM,127,0.020435962395413974,-0.002719141828346,0.023155104223759975,True
LIN,suzuka,MEDIUM,16,0.028755882352941124,-0.002719141828346,0.03147502418128712,True
MAG,suzuka,MEDIUM,39,0.006072853041778965,-0.002719141828346,0.008791994870124966,True
NOR,suzuka,MEDIUM,69,0.026609197265796043,-0.002719141828346,0.029328339094142043,True
OCO,suzuka,MEDIUM,77,-0.05687626383154735,-0.002719141828346,-0.05415712200320135,True
PER,suzuka,MEDIUM,66,0.023548197777084806,-0.002719141828346,0.026267339605430807,True
PIA,suzuka,MEDIUM,49,-0.014734557258407858,-0.002719141828346,-0.01201541543006186,True
RAI,suzuka,MEDIUM,45,-0.015397293260438465,-0.002719141828346,-0.012678151432092465,True
RIC,suzuka,MEDIUM,53,0.0006645985907234014,-0.002719141828346,0.0033837404190694012,True
RUS,suzuka,MEDIUM,88,0.05148101667990448,-0.002719141828346,0.054200158508250475,True
SAI,suzuka,MEDIUM,149,0.005204365599509637,-0.002719141828346,0.007923507427855636,True
SAR,suzuka,MEDIUM,16,0.23740851063829754,-0.002719141828346,0.24012765246664355,True
SIR,suzuka,MEDIUM,29,-0.029763546798029478,-0.002719141828346,-0.027044404969683477,True
STR,suzuka,MEDIUM,109,-0.007423958257512851,-0.002719141828346,-0.004704816429166851,True
TSU,suzuka,MEDIUM,37,0.021002193593314705,-0.002719141828346,0.023721335421660706,True
VAN,suzuka,MEDIUM,26,0.0038662112875002767,-0.002719141828346,0.0065853531158462765,True
VER,suzuka,MEDIUM,95,0.016057717655369473,-0.002719141828346,0.018776859483715474,True
VET,suzuka,MEDIUM,20,0.033538345864661874,-0.002719141828346,0.03625748769300787,True
ALB,suzuka,SOFT,39,-0.14394091022599656,-0.0316076769323295,-0.11233323329366707,True
ALO,suzuka,SOFT,34,-0.008539668565510373,-0.0316076769323295,0.023068008366819125,True
BOT,suzuka,SOFT,47,-0.020712244737668785,-0.0316076769323295,0.010895432194660715,True
DOO,suzuka,SOFT,13,,-0.0316076769323295,,False
ERI,suzuka,SOFT,2,,-0.0316076769323295,,False
GAS,suzuka,SOFT,34,0.11836947391963433,-0.0316076769323295,0.14997715085196384,True
GRO,suzuka,SOFT,35,-0.040050628185566,-0.0316076769323295,-0.008442951253236498,True
HAM,suzuka,SOFT,43,0.013922912441583842,-0.0316076769323295,0.04553058937391334,True
HAR,suzuka,SOFT,20,0.07155953504545237,-0.0316076769323295,0.10316721197778186,True
HUL,suzuka,SOFT,25,0.01591292601828698,-0.0316076769323295,0.04752060295061648,True
KVY,suzuka,SOFT,24,-0.017806062717770077,-0.0316076769323295,0.013801614214559423,True
LAW,suzuka,SOFT,24,-0.016958937823834355,-0.0316076769323295,0.014648739108495144,True
LEC,suzuka,SOFT,28,-0.10147623208668327,-0.0316076769323295,-0.06986855515435378,True
MAG,suzuka,SOFT,2,,-0.0316076769323295,,False
NOR,suzuka,SOFT,2,,-0.0316076769323295,,False
PER,suzuka,SOFT,50,-0.05151488707774187,-0.0316076769323295,-0.01990721014541237,True
RAI,suzuka,SOFT,13,,-0.0316076769323295,,False
RIC,suzuka,SOFT,37,-0.055276503345384996,-0.0316076769323295,-0.023668826413055497,True
SAI,suzuka,SOFT,67,0.02625506452281816,-0.0316076769323295,0.05786274145514766,True
SAR,suzuka,SOFT,10,,-0.0316076769323295,,False
SIR,suzuka,SOFT,2,,-0.0316076769323295,,False
STR,suzuka,SOFT,60,-0.07733354971571864,-0.0316076769323295,-0.04572587278338914,True
TSU,suzuka,SOFT,7,,-0.0316076769323295,,False
VAN,suzuka,SOFT,16,-0.1645097852028642,-0.0316076769323295,-0.1329021082705347,True
VER,suzuka,SOFT,39,-0.06332116821168189,-0.0316076769323295,-0.03171349127935239,True
VET,suzuka,SOFT,49,-0.01635690634306928,-0.0316076769323295,0.01525077058926022,True
ZHO,suzuka,SOFT,22,-0.026161994087062886,-0.0316076769323295,0.005445682845266614,True
GAS,suzuka,SUPERSOFT,22,0.013395763835858724,0.0683715196415128,-0.054975755805654086,True
HAR,suzuka,SUPERSOFT,21,-0.05409251539554713,0.0683715196415128,-0.12246403503705994,True
OCO,suzuka,SUPERSOFT,19,-0.04538128772635786,0.0683715196415128,-0.11375280736787066,True
PER,suzuka,SUPERSOFT,17,-0.022771101992966204,0.0683715196415128,-0.091142621634479,True
RAI,suzuka,SUPERSOFT,10,,0.0683715196415128,,False
SIR,suzuka,SUPERSOFT,12,,0.0683715196415128,,False
STR,suzuka,SUPERSOFT,12,,0.0683715196415128,,False
VER,suzuka,SUPERSOFT,14,,0.0683715196415128,,False
VET,suzuka,SUPERSOFT,19,0.0024810865191147087,0.0683715196415128,-0.0658904331223981,True
ALO,suzuka,WET,2,,-0.8523000000000038,,False
GAS,suzuka,WET,1,,-0.8523000000000038,,False
HAM,suzuka,WET,1,,-0.8523000000000038,,False
LEC,suzuka,WET,1,,-0.8523000000000038,,False
MAG,suzuka,WET,1,,-0.8523000000000038,,False
MSC,suzuka,WET,5,,-0.8523000000000038,,False
OCO,suzuka,WET,1,,-0.8523000000000038,,False
PER,suzuka,WET,1,,-0.8523000000000038,,False
RIC,suzuka,WET,2,,-0.8523000000000038,,False
RUS,suzuka,WET,1,,-0.8523000000000038,,False
STR,suzuka,WET,1,,-0.8523000000000038,,False
TSU,suzuka,WET,1,,-0.8523000000000038,,False
VER,suzuka,WET,1,,-0.8523000000000038,,False
ZHO,suzuka,WET,3,,-0.8523000000000038,,False
ALB,yas_island,HARD,208,-0.0182757737251025,-0.0074197898921445,-0.010855983832958,True
ALO,yas_island,HARD,161,-0.01688310323853042,-0.0074197898921445,-0.009463313346385921,True
ANT,yas_island,HARD,30,0.007520355951056722,-0.0074197898921445,0.014940145843201223,True
BEA,yas_island,HARD,43,-0.012871186952582363,-0.0074197898921445,-0.005451397060437863,True
BOR,yas_island,HARD,42,-0.01596920832995704,-0.0074197898921445,-0.00854941843781254,True
BOT,yas_island,HARD,161,-0.014732416995059984,-0.0074197898921445,-0.007312627102915484,True
COL,yas_island,HARD,44,0.04287634837940955,-0.0074197898921445,0.05029613827155405,True
DOO,yas_island,HARD,31,-0.00572299216454459,-0.0074197898921445,0.00169679772759991,True
FIT,yas_island,HARD,19,-0.04554035087719287,-0.0074197898921445,-0.03812056098504837,True
GAS,yas_island,HARD,267,-0.013024609059680158,-0.0074197898921445,-0.005604819167535658,True
GIO,yas_island,HARD,52,0.0071659279244552804,-0.0074197898921445,0.01458571781659978,True
GRO,yas_island,HARD,33,-0.03832227956516963,-0.0074197898921445,-0.030902489673025127,True
HAD,yas_island,HARD,42,-0.012665667287902142,-0.0074197898921445,-0.005245877395757641,True
HAM,yas_island,HARD,225,-0.01689385770223912,-0.0074197898921445,-0.009474067810094619,True
HUL,yas_island,HARD,116,0.004261501776581078,-0.0074197898921445,0.011681291668725578,True
KUB,yas_island,HARD,19,-0.037215013404826074,-0.0074197898921445,-0.029795223512681573,True
KVY,yas_island,HARD,77,-0.06258892564440897,-0.0074197898921445,-0.055169135752264474,True
LAT,yas_island,HARD,60,-0.0069119822315848786,-0.0074197898921445,0.0005078076605596216,True
LAW,yas_island,HARD,63,-0.003937405172315501,-0.0074197898921445,0.003482384719828999,True
LEC,yas_island,HARD,198,-0.001927912135896773,-0.0074197898921445,0.005491877756247727,True
MAG,yas_island,HARD,141,0.006995218016895518,-0.0074197898921445,0.014415007909040017,True
MSC,yas_island,HARD,54,-0.006958742731100682,-0.0074197898921445,0.00046104716104381806,True
NOR,yas_island,HARD,243,-0.004548387032475174,-0.0074197898921445,0.0028714028596693265,True
OCO,yas_island,HARD,192,-0.0026244669234553415,-0.0074197898921445,0.004795322968689159,True
PER,yas_island,HARD,124,-0.016839767652454173,-0.0074197898921445,-0.009419977760309672,True
PIA,yas_island,HARD,130,0.0036278495379937995,-0.0074197898921445,0.0110476394301383,True
RAI,yas_island,HARD,73,-0.02706578985415063,-0.0074197898921445,-0.01964599996200613,True
RIC,yas_island,HARD,173,-0.0255397012912325,-0.0074197898921445,-0.018119911399088,True
RUS,yas_island,HARD,195,0.0038119810297702244,-0.0074197898921445,0.011231770921914724,True
SAI,yas_island,HARD,254,-0.01932084156528567,-0.0074197898921445,-0.01190105167314117,True
SAR,yas_island,HARD,40,0.07795284740812858,-0.0074197898921445,0.08537263730027309,True
STR,yas_island,HARD,224,-0.01209396320993626,-0.0074197898921445,-0.00467417331779176,True
TSU,yas_island,HARD,141,-0.015024186424703862,-0.0074197898921445,-0.007604396532559362,True
VER,yas_island,HARD,242,0.0011036103062103003,-0.0074197898921445,0.0085234001983548,True
VET,yas_island,HARD,106,-0.01119921018994469,-0.0074197898921445,-0.0037794202978001894,True
ZHO,yas_island,HARD,87,0.0195934144217831,-0.0074197898921445,0.0270132043139276,True
GRO,yas_island,HYPERSOFT,2,,0.0041592207262341,,False
LEC,yas_island,HYPERSOFT,2,,0.0041592207262341,,False
OCO,yas_island,HYPERSOFT,11,,0.0041592207262341,,False
VER,yas_island,HYPERSOFT,10,,0.0041592207262341,,False
ALB,yas_island,MEDIUM,87,0.011749910615614903,-0.0069472477600303,0.018697158375645204,True
ALO,yas_island,MEDIUM,65,-0.00035763973639237376,-0.0069472477600303,0.006589608023637926,True
ANT,yas_island,MEDIUM,25,0.05826692307692291,-0.0069472477600303,0.06521417083695322,True
BEA,yas_island,MEDIUM,12,,-0.0069472477600303,,False
BOR,yas_island,MEDIUM,13,,-0.0069472477600303,,False
BOT,yas_island,MEDIUM,116,-0.03925756811078334,-0.0069472477600303,-0.03231032035075304,True
COL,yas_island,MEDIUM,29,0.005997565039087641,-0.0069472477600303,0.012944812799117942,True
DOO,yas_island,MEDIUM,18,0.03887409700722415,-0.0069472477600303,0.04582134476725445,True
FIT,yas_island,MEDIUM,18,0.18679320113314557,-0.0069472477600303,0.19374044889317588,True
GAS,yas_island,MEDIUM,66,-0.09174781057411599,-0.0069472477600303,-0.08480056281408568,True
GIO,yas_island,MEDIUM,62,-0.007936655739493802,-0.0069472477600303,-0.000989407979463502,True
GRO,yas_island,MEDIUM,16,-0.15475147058823543,-0.0069472477600303,-0.14780422282820513,True
HAD,yas_island,MEDIUM,12,,-0.0069472477600303,,False
HAM,yas_island,MEDIUM,120,-0.03631832025603937,-0.0069472477600303,-0.029371072496009072,True
HUL,yas_island,MEDIUM,70,-0.0009946562265813962,-0.0069472477600303,0.005952591533448904,True
KUB,yas_island,MEDIUM,27,-0.020689943089768643,-0.0069472477600303,-0.013742695329738343,True
KVY,yas_island,MEDIUM,13,,-0.0069472477600303,,False
LAT,yas_island,MEDIUM,74,-0.0020966560652803438,-0.0069472477600303,0.004850591694749957,True
LAW,yas_island,MEDIUM,38,0.05570118845500847,-0.0069472477600303,0.06264843621503877,True
LEC,yas_island,MEDIUM,122,0.021631806551113745,-0.0069472477600303,0.028579054311144044,True
MAG,yas_island,MEDIUM,75,0.03167823090420931,-0.0069472477600303,0.03862547866423961,True
MSC,yas_island,MEDIUM,33,0.07642951757550773,-0.0069472477600303,0.08337676533553803,True
NOR,yas_island,MEDIUM,79,0.023783343497720565,-0.0069472477600303,0.030730591257750864,True
OCO,yas_island,MEDIUM,49,0.01932023010546537,-0.0069472477600303,0.02626747786549567,True
PER,yas_island,MEDIUM,63,-0.013848747532935404,-0.0069472477600303,-0.006901499772905104,True
PIA,yas_island,MEDIUM,27,-0.03104845283018811,-0.0069472477600303,-0.02410120507015781,True
RAI,yas_island,MEDIUM,46,-0.09260848235020866,-0.0069472477600303,-0.08566123459017835,True
RIC,yas_island,MEDIUM,37,-0.012916881609491756,-0.0069472477600303,-0.005969633849461455,True
RUS,yas_island,MEDIUM,127,-0.011831412330994929,-0.0069472477600303,-0.004884164570964629,True
SAI,yas_island,MEDIUM,72,0.01475729378161676,-0.0069472477600303,0.02170454154164706,True
SAR,yas_island,MEDIUM,13,,-0.0069472477600303,,False
STR,yas_island,MEDIUM,87,-0.039523789319508056,-0.0069472477600303,-0.032576541559477756,True
TSU,yas_island,MEDIUM,96,0.00012217271432504698,-0.0069472477600303,0.007069420474355347,True
VER,yas_island,MEDIUM,109,0.002707898734944765,-0.0069472477600303,0.009655146494975064,True
VET,yas_island,MEDIUM,76,0.08939099698718085,-0.0069472477600303,0.09633824474721116,True
ZHO,yas_island,MEDIUM,52,-0.021060523909591202,-0.0069472477600303,-0.014113276149560903,True
ALB,yas_island,SOFT,14,,0.0134369145242925,,False
FIT,yas_island,SOFT,4,,0.0134369145242925,,False
GAS,yas_island,SOFT,20,0.05469459459459457,0.0134369145242925,0.04125768007030207,True
GIO,yas_island,SOFT,6,,0.0134369145242925,,False
HAM,yas_island,SOFT,6,,0.0134369145242925,,False
HUL,yas_island,SOFT,21,-0.0509798172124903,0.0134369145242925,-0.0644167317367828,True
KVY,yas_island,SOFT,7,,0.0134369145242925,,False
LEC,yas_island,SOFT,29,0.15916288606946055,0.0134369145242925,0.14572597154516806,True
MAG,yas_island,SOFT,23,0.10851383399209485,0.0134369145242925,0.09507691946780236,True
MSC,yas_island,SOFT,9,,0.0134369145242925,,False
NOR,yas_island,SOFT,29,-0.022634157439708702,0.0134369145242925,-0.0360710719640012,True
OCO,yas_island,SOFT,13,,0.0134369145242925,,False
PER,yas_island,SOFT,18,0.07415995872033017,0.0134369145242925,0.06072304419603767,True
RIC,yas_island,SOFT,37,0.06199806393516435,0.0134369145242925,0.04856114941087185,True
SAI,yas_island,SOFT,27,-0.05586813258514935,0.0134369145242925,-0.06930504710944185,True
STR,yas_island,SOFT,29,0.10927977803023732,0.0134369145242925,0.09584286350594481,True
TSU,yas_island,SOFT,20,0.15016809264540662,0.0134369145242925,0.13673117812111413,True
VER,yas_island,SOFT,12,,0.0134369145242925,,False
VET,yas_island,SOFT,10,,0.0134369145242925,,False
ZHO,yas_island,SOFT,12,,0.0134369145242925,,False
ALO,yas_island,SUPERSOFT,24,-0.08729768786127154,-0.0431247328996147,-0.04417295496165684,True
BOT,yas_island,SUPERSOFT,22,0.05341953698475432,-0.0431247328996147,0.09654426988436902,True
ERI,yas_island,SUPERSOFT,18,-0.0743626637336263,-0.0431247328996147,-0.031237930834011593,True
GAS,yas_island,SUPERSOFT,22,-0.06421419559833673,-0.0431247328996147,-0.021089462698722028,True
GRO,yas_island,SUPERSOFT,44,-0.10432282774436004,-0.0431247328996147,-0.06119809484474534,True
HAM,yas_island,SUPERSOFT,45,-0.07252974864253763,-0.0431247328996147,-0.029405015742922924,True
HAR,yas_island,SUPERSOFT,46,-0.07708122038222237,-0.0431247328996147,-0.03395648748260767,True
LEC,yas_island,SUPERSOFT,45,-0.10592859500585887,-0.0431247328996147,-0.06280386210624417,True
MAG,yas_island,SUPERSOFT,34,-0.11997418725673809,-0.0431247328996147,-0.07684945435712338,True
OCO,yas_island,SUPERSOFT,25,-0.1447084615384617,-0.0431247328996147,-0.101583728638847,True
PER,yas_island,SUPERSOFT,26,-0.06153516594032857,-0.0431247328996147,-0.018410433040713867,True
RIC,yas_island,SUPERSOFT,19,0.010662767616617067,-0.0431247328996147,0.05378750051623177,True
SAI,yas_island,SUPERSOFT,15,-0.057215705765407375,-0.0431247328996147,-0.014090972865792674,True
SIR,yas_island,SUPERSOFT,28,-0.07078985186822909,-0.0431247328996147,-0.027665118968614386,True
STR,yas_island,SUPERSOFT,33,-0.0927090981411774,-0.0431247328996147,-0.049584365241562706,True
VAN,yas_island,SUPERSOFT,28,-0.05139372835138933,-0.0431247328996147,-0.008268995451774626,True
VER,yas_island,SUPERSOFT,35,-0.043148194099806955,-0.0431247328996147,-2.346120019225406e-05,True
VET,yas_island,SUPERSOFT,37,-0.061988257295953704,-0.0431247328996147,-0.018863524396339003,True
ALO,yas_island,ULTRASOFT,20,-0.02563934426229512,-0.0178702473995241,-0.007769096862771021,True
BOT,yas_island,ULTRASOFT,21,0.19798085419734882,-0.0178702473995241,0.21585110159687293,True
GAS,yas_island,ULTRASOFT,16,-0.04808529411764703,-0.0178702473995241,-0.03021504671812293,True
HAM,yas_island,ULTRASOFT,2,,-0.0178702473995241,,False
MAG,yas_island,ULTRASOFT,10,,-0.0178702473995241,,False
PER,yas_island,ULTRASOFT,19,-0.08274008810572696,-0.0178702473995241,-0.06486984070620286,True
RAI,yas_island,ULTRASOFT,1,,-0.0178702473995241,,False
RIC,yas_island,ULTRASOFT,26,-0.0633203645027388,-0.0178702473995241,-0.0454501171032147,True
SAI,yas_island,ULTRASOFT,30,-0.15068711008463698,-0.0178702473995241,-0.1328168626851129,True
SIR,yas_island,ULTRASOFT,16,-0.11525736842105265,-0.0178702473995241,-0.09738712102152855,True
STR,yas_island,ULTRASOFT,11,,-0.0178702473995241,,False
VAN,yas_island,ULTRASOFT,16,-0.09055842105263164,-0.0178702473995241,-0.07268817365310754,True
VET,yas_island,ULTRASOFT,8,,-0.0178702473995241,,False
ALB,zandvoort,HARD,109,-0.011950837033727514,0.0001013334734752,-0.012052170507202715,True
ALO,zandvoort,HARD,134,-0.010628103977253792,0.0001013334734752,-0.010729437450728992,True
ANT,zandvoort,HARD,50,0.025488539209582637,0.0001013334734752,0.02538720573610744,True
BEA,zandvoort,HARD,42,-0.017965601845720592,0.0001013334734752,-0.01806693531919579,True
BOR,zandvoort,HARD,40,0.013250325775345441,0.0001013334734752,0.01314899230187024,True
BOT,zandvoort,HARD,69,0.05174419203877557,0.0001013334734752,0.05164285856530037,True
COL,zandvoort,HARD,44,-0.0009143218558702116,0.0001013334734752,-0.0010156553293454115,True
GAS,zandvoort,HARD,111,-0.009702272190069564,0.0001013334734752,-0.009803605663544764,True
GIO,zandvoort,HARD,35,-0.02317113668426135,0.0001013334734752,-0.02327247015773655,True
HAD,zandvoort,HARD,23,-0.012582997717814626,0.0001013334734752,-0.012684331191289826,True
HAM,zandvoort,HARD,64,-0.010356879510324645,0.0001013334734752,-0.010458212983799845,True
HUL,zandvoort,HARD,94,-0.0014857773428468416,0.0001013334734752,-0.0015871108163220415,True
KUB,zandvoort,HARD,28,0.08640237300704495,0.0001013334734752,0.08630103953356975,True
LAT,zandvoort,HARD,66,0.026327268513469285,0.0001013334734752,0.026225935039994087,True
LEC,zandvoort,HARD,117,0.008139255501533117,0.0001013334734752,0.008037922028057917,True
LIN,zandvoort,HARD,29,-0.03638145369022269,0.0001013334734752,-0.03648278716369789,True
MAG,zandvoort,HARD,45,0.02862025302002692,0.0001013334734752,0.02851891954655172,True
MAZ,zandvoort,HARD,5,,0.0001013334734752,,False
MSC,zandvoort,HARD,31,0.041392509191176576,0.0001013334734752,0.04129117571770138,True
NOR,zandvoort,HARD,171,0.012320199518281926,0.0001013334734752,0.012218866044806726,True
OCO,zandvoort,HARD,146,-0.012012682973188618,0.0001013334734752,-0.012114016446663819,True
PER,zandvoort,HARD,101,-0.03628179750212319,0.0001013334734752,-0.036383130975598386,True
PIA,zandvoort,HARD,108,0.008049597563628405,0.0001013334734752,0.007948264090153204,True
RIC,zandvoort,HARD,95,-0.03423984618277668,0.0001013334734752,-0.03434117965625188,True
RUS,zandvoort,HARD,184,0.0017729805013927083,0.0001013334734752,0.0016716470279175084,True
SAI,zandvoort,HARD,115,-0.006595427731021925,0.0001013334734752,-0.006696761204497126,True
SAR,zandvoort,HARD,48,0.010804005644811142,0.0001013334734752,0.010702672171335942,True
STR,zandvoort,HARD,161,-0.0008991569463509873,0.0001013334734752,-0.0010004904198261872,True
TSU,zandvoort,HARD,84,0.0003095434254063752,0.0001013334734752,0.00020820995193117516,True
VER,zandvoort,HARD,79,0.023354448604796317,0.0001013334734752,0.02325311513132112,True
VET,zandvoort,HARD,38,0.011377666365646265,0.0001013334734752,0.011276332892171064,True
ZHO,zandvoort,HARD,31,0.05453911290322571,0.0001013334734752,0.05443777942975051,True
ALB,zandvoort,INTERMEDIATE,6,,-0.1948227487052108,,False
ALO,zandvoort,INTERMEDIATE,12,,-0.1948227487052108,,False
BOT,zandvoort,INTERMEDIATE,7,,-0.1948227487052108,,False
GAS,zandvoort,INTERMEDIATE,13,,-0.1948227487052108,,False
HAM,zandvoort,INTERMEDIATE,10,,-0.1948227487052108,,False
HUL,zandvoort,INTERMEDIATE,6,,-0.1948227487052108,,False
LAW,zandvoort,INTERMEDIATE,14,,-0.1948227487052108,,False
LEC,zandvoort,INTERMEDIATE,8,,-0.1948227487052108,,False
MAG,zandvoort,INTERMEDIATE,12,,-0.1948227487052108,,False
NOR,zandvoort,INTERMEDIATE,11,,-0.1948227487052108,,False
OCO,zandvoort,INTERMEDIATE,12,,-0.1948227487052108,,False
PER,zandvoort,INTERMEDIATE,16,-0.3205963577058984,-0.1948227487052108,-0.1257736090006876,True
PIA,zandvoort,INTERMEDIATE,6,,-0.1948227487052108,,False
RUS,zandvoort,INTERMEDIATE,8,,-0.1948227487052108,,False
SAI,zandvoort,INTERMEDIATE,12,,-0.1948227487052108,,False
STR,zandvoort,INTERMEDIATE,9,,-0.1948227487052108,,False
TSU,zandvoort,INTERMEDIATE,12,,-0.1948227487052108,,False
VER,zandvoort,INTERMEDIATE,13,,-0.1948227487052108,,False
ZHO,zandvoort,INTERMEDIATE,7,,-0.1948227487052108,,False
ALB,zandvoort,MEDIUM,108,0.01398351622385418,-0.007781604640912,0.02176512086476618,True
ALO,zandvoort,MEDIUM,81,-0.03905003729427615,-0.007781604640912,-0.031268432653364146,True
ANT,zandvoort,MEDIUM,36,-0.0008049980322706569,-0.007781604640912,0.006976606608641343,True
BEA,zandvoort,MEDIUM,11,,-0.007781604640912,,False
BOR,zandvoort,MEDIUM,41,0.03016218187987791,-0.007781604640912,0.03794378652078991,True
BOT,zandvoort,MEDIUM,96,-0.031880497529687156,-0.007781604640912,-0.024098892888775154,True
COL,zandvoort,MEDIUM,20,0.19821127633209418,-0.007781604640912,0.20599288097300616,True
GAS,zandvoort,MEDIUM,145,-0.02375696829474859,-0.007781604640912,-0.01597536365383659,True
GIO,zandvoort,MEDIUM,4,,-0.007781604640912,,False
HAD,zandvoort,MEDIUM,21,0.02453896103896098,-0.007781604640912,0.03232056567987298,True
HAM,zandvoort,MEDIUM,107,-0.02726920792854272,-0.007781604640912,-0.019487603287630717,True
HUL,zandvoort,MEDIUM,49,-0.028561124240841895,-0.007781604640912,-0.020779519599929894,True
KUB,zandvoort,MEDIUM,37,-0.0014504132748121635,-0.007781604640912,0.006331191366099836,True
LAT,zandvoort,MEDIUM,32,-0.009359422425224657,-0.007781604640912,-0.001577817784312657,True
LAW,zandvoort,MEDIUM,88,0.017857903801990226,-0.007781604640912,0.025639508442902227,True
LEC,zandvoort,MEDIUM,87,0.01677223947857529,-0.007781604640912,0.024553844119487286,True
LIN,zandvoort,MEDIUM,29,0.027854679802955404,-0.007781604640912,0.035636284443867405,True
MAG,zandvoort,MEDIUM,81,0.0028331432842661364,-0.007781604640912,0.010614747925178136,True
MAZ,zandvoort,MEDIUM,30,-0.02134172006186475,-0.007781604640912,-0.013560115420952751,True
MSC,zandvoort,MEDIUM,62,0.0037735900237163113,-0.007781604640912,0.011555194664628312,True
NOR,zandvoort,MEDIUM,99,-0.014802848663926529,-0.007781604640912,-0.007021244023014529,True
OCO,zandvoort,MEDIUM,77,-0.03737449228679411,-0.007781604640912,-0.02959288764588211,True
PER,zandvoort,MEDIUM,99,0.042618269061213944,-0.007781604640912,0.050399873702125945,True
PIA,zandvoort,MEDIUM,64,0.041025769653403134,-0.007781604640912,0.048807374294315135,True
RIC,zandvoort,MEDIUM,41,-0.018999513281993563,-0.007781604640912,-0.011217908641081563,True
RUS,zandvoort,MEDIUM,111,0.008333043832595647,-0.007781604640912,0.016114648473507645,True
SAI,zandvoort,MEDIUM,76,-0.010843624291546452,-0.007781604640912,-0.0030620196506344517,True
SAR,zandvoort,MEDIUM,20,-0.006958646616541553,-0.007781604640912,0.000822958024370447,True
STR,zandvoort,MEDIUM,66,0.010924743506538322,-0.007781604640912,0.01870634814745032,True
TSU,zandvoort,MEDIUM,57,0.018547162520241404,-0.007781604640912,0.026328767161153406,True
VER,zandvoort,MEDIUM,89,0.004173985818472844,-0.007781604640912,0.011955590459384845,True
VET,zandvoort,MEDIUM,49,-0.0313520632279534,-0.007781604640912,-0.023570458587041397,True
ZHO,zandvoort,MEDIUM,44,-0.04694111438736963,-0.007781604640912,-0.03915950974645763,True
ALB,zandvoort,SOFT,54,-0.023015767181590596,-0.0081773866170476,-0.014838380564542996,True
ALO,zandvoort,SOFT,124,-0.014074751539724586,-0.0081773866170476,-0.005897364922676986,True
ANT,zandvoort,SOFT,25,0.047067972513459906,-0.0081773866170476,0.05524535913050751,True
BOR,zandvoort,SOFT,25,0.019280454612328794,-0.0081773866170476,0.027457841229376397,True
BOT,zandvoort,SOFT,97,-0.03468187660208226,-0.0081773866170476,-0.026504489985034657,True
COL,zandvoort,SOFT,40,-0.003975961182309759,-0.0081773866170476,0.004201425434737841,True
GAS,zandvoort,SOFT,80,-0.007415435433286825,-0.0081773866170476,0.0007619511837607751,True
GIO,zandvoort,SOFT,25,-0.059712307692307766,-0.0081773866170476,-0.051534921075260164,True
HAD,zandvoort,SOFT,11,,-0.0081773866170476,,False
HAM,zandvoort,SOFT,135,0.022064055666231635,-0.0081773866170476,0.030241442283279234,True
HUL,zandvoort,SOFT,75,-0.025692207399232805,-0.0081773866170476,-0.017514820782185206,True
LAT,zandvoort,SOFT,21,-0.18420757937862786,-0.0081773866170476,-0.17603019276158027,True
LAW,zandvoort,SOFT,60,0.026749448449244477,-0.0081773866170476,0.03492683506629208,True
LEC,zandvoort,SOFT,106,0.0630778817800816,-0.0081773866170476,0.0712552683971292,True
MAG,zandvoort,SOFT,35,-0.026916099308232782,-0.0081773866170476,-0.018738712691185183,True
MSC,zandvoort,SOFT,19,-0.058897312198484104,-0.0081773866170476,-0.0507199255814365,True
NOR,zandvoort,SOFT,71,0.04258664606510087,-0.0081773866170476,0.05076403268214847,True
OCO,zandvoort,SOFT,106,-0.010586555833007253,-0.0081773866170476,-0.002409169215959652,True
PER,zandvoort,SOFT,84,-0.001232569955502406,-0.0081773866170476,0.006944816661545195,True
PIA,zandvoort,SOFT,53,-0.022022482845880455,-0.0081773866170476,-0.013845096228832855,True
RIC,zandvoort,SOFT,52,0.017343294364902312,-0.0081773866170476,0.025520680981949914,True
RUS,zandvoort,SOFT,43,-0.05149313841267249,-0.0081773866170476,-0.043315751795624885,True
SAI,zandvoort,SOFT,147,0.01676075618764816,-0.0081773866170476,0.024938142804695758,True
SAR,zandvoort,SOFT,6,,-0.0081773866170476,,False
STR,zandvoort,SOFT,86,-0.058256443286150636,-0.0081773866170476,-0.050079056669103034,True
TSU,zandvoort,SOFT,152,-0.02716695324521551,-0.0081773866170476,-0.018989566628167913,True
VER,zandvoort,SOFT,117,-0.012147289861926501,-0.0081773866170476,-0.0039699032448789005,True
VET,zandvoort,SOFT,29,-0.10665271234665785,-0.0081773866170476,-0.09847532572961025,True
ZHO,zandvoort,SOFT,82,0.008552685884818058,-0.0081773866170476,0.01673007250186566,True
