circuit,year,round,driver_a,driver_b,lap_a,lap_b,measurement_lap,direction,gap_seconds,tire_age_a,compound_a_before,compound_a_after,tire_age_b,compound_b,pit_loss_seconds,a_in_traffic,sc_vsc_affected,position_a_at_measurement,position_b_at_measurement,success,team_a,team,team_pit_speed_relative,n_stops,b_out_traffic,total_race_laps,race_progress
austin,2018,18,BOT,HAM,23,37,40,undercut_ahead,2.4729999999999563,26.0,SUPERSOFT,SOFT,11.0,SOFT,21.7025,False,False,4.0,3.0,0,Mercedes,Mercedes,-0.28500000000030923,29,0,56.0,0.4107142857142857
austin,2018,18,GAS,ERI,10,30,33,undercut_ahead,1.0710000000003674,10.0,SUPERSOFT,SOFT,9.0,SOFT,21.7025,False,True,12.0,14.0,1,Toro Rosso,Toro Rosso,0.04450000000019827,23,0,56.0,0.17857142857142858
austin,2018,18,HAM,RAI,11,21,24,undercut_ahead,1.4649999999996908,16.0,SUPERSOFT,SOFT,13.0,ULTRASOFT,21.7025,False,True,1.0,3.0,1,Mercedes,Mercedes,-0.28500000000030923,29,0,56.0,0.19642857142857142
austin,2018,18,HUL,SAI,23,24,27,defend_behind,-2.090000000000145,26.0,ULTRASOFT,SOFT,22.0,SUPERSOFT,21.7025,False,False,7.0,8.0,1,Renault,Renault,0.6220000000002983,21,1,56.0,0.4107142857142857
austin,2018,18,OCO,PER,22,25,28,defend_behind,-2.2650000000003274,25.0,ULTRASOFT,SOFT,24.0,ULTRASOFT,21.7025,False,False,9.0,13.0,1,Racing Point,Racing Point,0.25525000000038744,12,1,56.0,0.39285714285714285
austin,2018,18,PER,MAG,25,30,33,defend_behind,-1.0890000000008513,28.0,ULTRASOFT,SOFT,24.0,SUPERSOFT,21.7025,False,False,10.0,9.0,0,Racing Point,Racing Point,0.25525000000038744,12,1,56.0,0.44642857142857145
austin,2018,18,RAI,HAM,21,37,40,defend_behind,-0.6269999999999527,24.0,ULTRASOFT,SOFT,9.0,SOFT,21.7025,False,False,1.0,3.0,1,Ferrari,Ferrari,-0.22625000000005002,26,0,56.0,0.375
austin,2018,18,SIR,HAR,10,27,30,defend_behind,-1.7469999999998436,10.0,SUPERSOFT,SOFT,9.0,SUPERSOFT,21.7025,False,True,15.0,14.0,0,Williams,Williams,0.20049999999991996,32,0,56.0,0.17857142857142858
austin,2018,18,SIR,ERI,29,30,33,undercut_ahead,2.75,19.0,SOFT,SUPERSOFT,28.0,SOFT,21.7025,False,False,15.0,14.0,0,Williams,Williams,0.20049999999991996,32,0,56.0,0.5178571428571429
austin,2018,18,SIR,VAN,29,40,43,defend_behind,-1.1059999999997672,19.0,SOFT,SUPERSOFT,18.0,SOFT,21.7025,False,False,14.0,13.0,0,Williams,Williams,0.20049999999991996,32,0,56.0,0.5178571428571429
austin,2018,18,VAN,HAR,10,27,30,undercut_ahead,1.956000000000131,10.0,SUPERSOFT,SOFT,9.0,SUPERSOFT,21.7025,False,True,12.0,14.0,1,McLaren,McLaren,-0.06524999999987813,24,0,56.0,0.17857142857142858
austin,2018,18,VAN,ERI,10,30,33,defend_behind,-1.3619999999996253,10.0,SUPERSOFT,SOFT,9.0,SOFT,21.7025,False,True,11.0,14.0,1,McLaren,McLaren,-0.06524999999987813,24,0,56.0,0.17857142857142858
austin,2018,18,VER,BOT,22,23,26,undercut_ahead,2.2359999999998763,22.0,SOFT,SUPERSOFT,24.0,SUPERSOFT,21.7025,False,False,3.0,5.0,1,Red Bull Racing,Red Bull Racing,-0.4507500000000846,24,0,56.0,0.39285714285714285
austin,2019,19,GRO,KVY,24,39,42,defend_behind,-0.2529999999997017,24.0,MEDIUM,HARD,2.0,MEDIUM,21.7025,False,False,17.0,13.0,0,Haas F1 Team,Haas F1 Team,0.2179999999989377,35,0,56.0,0.42857142857142855
austin,2019,19,HAM,BOT,24,35,38,defend_behind,-0.7489999999997963,27.0,MEDIUM,HARD,9.0,HARD,21.7025,False,False,1.0,2.0,1,Mercedes,Mercedes,-0.2490000000004784,36,0,56.0,0.42857142857142855
austin,2019,19,KVY,PER,21,24,27,defend_behind,-0.7440000000001419,21.0,HARD,MEDIUM,20.0,MEDIUM,21.7025,False,False,13.0,14.0,1,Toro Rosso,Toro Rosso,0.05900000000019645,31,0,56.0,0.375
austin,2019,19,MAG,GRO,18,24,27,defend_behind,-0.9459999999999128,18.0,MEDIUM,HARD,17.0,MEDIUM,21.7025,False,False,15.0,17.0,1,Haas F1 Team,Haas F1 Team,0.2179999999989377,35,0,56.0,0.32142857142857145
austin,2019,19,PER,NOR,24,42,45,undercut_ahead,1.8220000000001164,24.0,MEDIUM,HARD,4.0,HARD,21.7025,False,False,9.0,10.0,1,Racing Point,Racing Point,0.1320000000005166,37,1,56.0,0.42857142857142855
austin,2019,19,RAI,HUL,18,27,30,defend_behind,-1.3479999999999563,18.0,SOFT,HARD,17.0,HARD,21.7025,False,False,10.0,13.0,1,Alfa Romeo Racing,Alfa Romeo Racing,0.44699999999988904,42,0,56.0,0.32142857142857145
austin,2019,19,SAI,GAS,18,19,22,undercut_ahead,2.644999999999982,21.0,SOFT,HARD,20.0,SOFT,21.7025,False,False,9.0,10.0,1,McLaren,McLaren,-0.26599999999962165,33,1,56.0,0.32142857142857145
austin,2019,19,SAI,RAI,18,40,43,defend_behind,-2.382000000000062,21.0,SOFT,HARD,17.0,SOFT,21.7025,False,False,6.0,12.0,1,McLaren,McLaren,-0.26599999999962165,33,1,56.0,0.32142857142857145
austin,2019,19,STR,GIO,9,17,20,undercut_ahead,0.8389999999999418,9.0,MEDIUM,HARD,8.0,MEDIUM,21.7025,True,True,15.0,18.0,1,Racing Point,Racing Point,0.1320000000005166,37,0,56.0,0.16071428571428573
austin,2019,19,STR,PER,9,24,27,defend_behind,-0.6010000000001128,9.0,MEDIUM,HARD,8.0,MEDIUM,21.7025,True,True,12.0,14.0,1,Racing Point,Racing Point,0.1320000000005166,37,0,56.0,0.16071428571428573
austin,2019,19,STR,KVY,29,39,42,defend_behind,-0.7579999999998108,20.0,HARD,SOFT,7.0,MEDIUM,21.7025,False,False,14.0,13.0,0,Racing Point,Racing Point,0.1320000000005166,37,0,56.0,0.5178571428571429
austin,2019,19,VER,HAM,13,24,27,defend_behind,-0.8339999999998327,16.0,MEDIUM,HARD,15.0,MEDIUM,21.7025,False,False,2.0,3.0,1,Red Bull Racing,Red Bull Racing,-0.16499999999996362,36,0,56.0,0.23214285714285715
austin,2021,17,ALO,VET,7,17,20,undercut_ahead,0.7249999999994543,7.0,MEDIUM,HARD,8.0,MEDIUM,21.7025,True,False,11.0,14.0,1,Alpine,Alpine,-0.09750000000008185,34,0,56.0,0.125
austin,2021,17,ALO,STR,7,18,21,defend_behind,-2.136000000000422,7.0,MEDIUM,HARD,6.0,MEDIUM,21.7025,True,False,11.0,15.0,1,Alpine,Alpine,-0.09750000000008185,34,0,56.0,0.125
austin,2021,17,BOT,RIC,15,30,33,defend_behind,-2.298999999999978,18.0,MEDIUM,HARD,3.0,HARD,21.7025,False,True,5.0,6.0,1,Mercedes,Mercedes,-0.20299999999974716,44,0,56.0,0.26785714285714285
austin,2021,17,GIO,ALO,26,28,31,undercut_ahead,1.6080000000001746,21.0,MEDIUM,HARD,18.0,HARD,21.7025,False,True,15.0,14.0,0,Alfa Romeo Racing,Alfa Romeo Racing,-0.047000000000025466,40,0,56.0,0.4642857142857143
austin,2021,17,GIO,VET,26,38,41,defend_behind,-0.9659999999994398,21.0,MEDIUM,HARD,10.0,MEDIUM,21.7025,False,True,11.0,12.0,1,Alfa Romeo Racing,Alfa Romeo Racing,-0.047000000000025466,40,0,56.0,0.4642857142857143
austin,2021,17,LAT,MSC,5,11,14,undercut_ahead,1.3610000000007858,5.0,MEDIUM,HARD,4.0,MEDIUM,21.7025,False,False,16.0,18.0,1,Williams,Williams,0.023500000000240107,38,0,56.0,0.08928571428571429
austin,2021,17,LEC,VER,12,29,32,defend_behind,-2.880999999999404,15.0,MEDIUM,HARD,1.0,HARD,21.7025,False,True,3.0,2.0,0,Ferrari,Ferrari,-0.08875000000011823,36,0,56.0,0.21428571428571427
austin,2021,17,MSC,TSU,11,32,35,defend_behind,-1.5090000000000146,11.0,MEDIUM,HARD,1.0,HARD,21.7025,False,True,18.0,10.0,0,Haas F1 Team,Haas F1 Team,0.6980000000005475,36,1,56.0,0.19642857142857142
austin,2021,17,NOR,SAI,10,11,14,undercut_ahead,2.246999999999389,13.0,MEDIUM,HARD,12.0,SOFT,21.7025,False,False,8.0,7.0,0,McLaren,McLaren,0.11550000000011096,38,1,56.0,0.17857142857142858
austin,2021,17,OCO,RAI,3,12,15,undercut_ahead,0.5380000000000109,6.0,MEDIUM,HARD,2.0,MEDIUM,21.7025,True,False,17.0,14.0,0,Alpine,Alpine,-0.09750000000008185,34,0,56.0,0.05357142857142857
austin,2021,17,OCO,RUS,3,9,12,defend_behind,-0.4989999999997963,6.0,MEDIUM,HARD,2.0,MEDIUM,21.7025,True,False,18.0,16.0,0,Alpine,Alpine,-0.09750000000008185,34,0,56.0,0.05357142857142857
austin,2021,17,RUS,RAI,9,12,15,undercut_ahead,2.395000000000437,9.0,MEDIUM,HARD,8.0,MEDIUM,21.7025,False,False,15.0,14.0,0,Williams,Williams,0.023500000000240107,38,0,56.0,0.16071428571428573
austin,2021,17,RUS,VET,9,17,20,defend_behind,-0.7669999999998254,9.0,MEDIUM,HARD,10.0,MEDIUM,21.7025,False,False,13.0,14.0,1,Williams,Williams,0.023500000000240107,38,0,56.0,0.16071428571428573
austin,2021,17,TSU,GAS,9,10,13,defend_behind,-1.3859999999995125,12.0,SOFT,HARD,11.0,MEDIUM,21.7025,False,False,11.0,12.0,1,AlphaTauri,AlphaTauri,0.047749999999723514,38,1,56.0,0.16071428571428573
austin,2021,17,VER,HAM,10,13,16,undercut_ahead,0.9279999999998836,13.0,MEDIUM,HARD,12.0,MEDIUM,21.7025,True,False,1.0,2.0,1,Red Bull Racing,Red Bull Racing,-0.37750000000096406,47,0,56.0,0.17857142857142858
austin,2022,19,ALB,TSU,18,33,36,undercut_ahead,1.563000000000102,9.0,MEDIUM,HARD,7.0,MEDIUM,21.7025,False,True,10.0,12.0,1,Williams,Williams,0.2810000000006312,50,1,56.0,0.32142857142857145
austin,2022,19,ALO,GAS,22,32,35,undercut_ahead,0.3089999999992869,4.0,MEDIUM,HARD,11.0,HARD,21.7025,True,True,9.0,17.0,1,Alpine,Alpine,-0.040499999999610736,45,0,56.0,0.39285714285714285
austin,2022,19,ALO,NOR,22,34,37,defend_behind,-0.5600000000004002,4.0,MEDIUM,HARD,7.0,HARD,21.7025,True,True,9.0,13.0,1,Alpine,Alpine,-0.040499999999610736,45,0,56.0,0.39285714285714285
austin,2022,19,GAS,NOR,11,14,17,defend_behind,-0.6569999999992433,11.0,MEDIUM,HARD,10.0,MEDIUM,21.7025,False,True,11.0,13.0,1,AlphaTauri,AlphaTauri,-0.24375000000009095,52,1,56.0,0.19642857142857142
austin,2022,19,LEC,HAM,18,34,37,defend_behind,-2.780999999999949,18.0,MEDIUM,HARD,5.0,HARD,21.7025,False,True,4.0,3.0,0,Ferrari,Ferrari,-0.5029999999997017,37,0,56.0,0.32142857142857145
austin,2022,19,LEC,PER,35,38,41,defend_behind,-1.0880000000006476,17.0,HARD,MEDIUM,20.0,HARD,21.7025,False,False,4.0,5.0,1,Ferrari,Ferrari,-0.5029999999997017,37,1,56.0,0.625
austin,2022,19,MAG,GAS,18,32,35,undercut_ahead,1.0090000000000146,18.0,HARD,MEDIUM,7.0,HARD,21.7025,False,True,7.0,17.0,1,Haas F1 Team,Haas F1 Team,0.6865000000007058,39,0,56.0,0.32142857142857145
austin,2022,19,MAG,NOR,18,34,37,defend_behind,-2.277000000000044,18.0,HARD,MEDIUM,3.0,HARD,21.7025,False,True,7.0,13.0,1,Haas F1 Team,Haas F1 Team,0.6865000000007058,39,0,56.0,0.32142857142857145
austin,2022,19,MSC,OCO,18,45,48,undercut_ahead,0.7509999999992942,18.0,HARD,MEDIUM,17.0,HARD,21.7025,True,True,14.0,15.0,1,Haas F1 Team,Haas F1 Team,0.6865000000007058,39,0,56.0,0.32142857142857145
austin,2022,19,MSC,GAS,18,32,35,defend_behind,-2.506000000000313,18.0,HARD,MEDIUM,7.0,HARD,21.7025,True,True,16.0,17.0,1,Haas F1 Team,Haas F1 Team,0.6865000000007058,39,1,56.0,0.32142857142857145
austin,2022,19,MSC,NOR,33,34,37,undercut_ahead,0.7390000000004875,15.0,MEDIUM,HARD,18.0,HARD,21.7025,True,False,15.0,13.0,0,Haas F1 Team,Haas F1 Team,0.6865000000007058,39,1,56.0,0.5892857142857143
austin,2022,19,RIC,TSU,10,33,36,undercut_ahead,1.2390000000004875,10.0,MEDIUM,HARD,9.0,MEDIUM,21.7025,True,True,17.0,12.0,0,McLaren,McLaren,-0.17475000000013097,52,1,56.0,0.17857142857142858
austin,2022,19,RIC,MSC,10,18,21,defend_behind,-0.5760000000000218,10.0,MEDIUM,HARD,9.0,HARD,21.7025,True,True,16.0,13.0,0,McLaren,McLaren,-0.17475000000013097,52,1,56.0,0.17857142857142858
austin,2022,19,RUS,PER,13,14,17,defend_behind,-1.094000000000051,13.0,MEDIUM,HARD,12.0,MEDIUM,21.7025,False,False,6.0,5.0,0,Mercedes,Mercedes,-0.0020000000004074536,45,1,56.0,0.23214285714285715
austin,2022,19,TSU,NOR,33,34,37,defend_behind,-0.6559999999999491,23.0,MEDIUM,HARD,18.0,HARD,21.7025,True,False,12.0,13.0,1,AlphaTauri,AlphaTauri,-0.24375000000009095,52,0,56.0,0.5892857142857143
austin,2022,19,ZHO,TSU,9,10,13,undercut_ahead,0.3980000000001382,9.0,MEDIUM,HARD,8.0,MEDIUM,21.7025,True,False,17.0,16.0,0,Alfa Romeo,Alfa Romeo,0.5190000000002328,39,0,56.0,0.16071428571428573
austin,2022,19,ZHO,RIC,9,10,13,defend_behind,-0.8299999999999272,9.0,MEDIUM,HARD,8.0,MEDIUM,21.7025,True,False,17.0,18.0,1,Alfa Romeo,Alfa Romeo,0.5190000000002328,39,0,56.0,0.16071428571428573
austin,2023,18,ALB,RIC,10,22,25,undercut_ahead,1.4650000000001455,13.0,MEDIUM,HARD,9.0,MEDIUM,21.7025,False,False,11.0,16.0,1,Williams,Williams,0.27400000000125146,48,1,56.0,0.17857142857142858
austin,2023,18,ALB,BOT,10,28,31,defend_behind,-0.6179999999994834,13.0,MEDIUM,HARD,9.0,MEDIUM,21.7025,False,False,15.0,16.0,1,Williams,Williams,0.27400000000125146,48,0,56.0,0.17857142857142858
austin,2023,18,ALB,STR,29,40,43,defend_behind,-1.7069999999994252,19.0,HARD,MEDIUM,8.0,MEDIUM,21.7025,False,False,12.0,11.0,0,Williams,Williams,0.27400000000125146,48,0,56.0,0.5178571428571429
austin,2023,18,BOT,ALB,10,29,32,undercut_ahead,0.6179999999994834,10.0,MEDIUM,HARD,12.0,MEDIUM,21.7025,True,False,16.0,15.0,0,Alfa Romeo,Alfa Romeo,0.4070000000001528,56,0,56.0,0.17857142857142858
austin,2023,18,BOT,MAG,10,29,32,defend_behind,-0.925000000000182,10.0,MEDIUM,HARD,9.0,MEDIUM,21.7025,True,False,16.0,18.0,1,Alfa Romeo,Alfa Romeo,0.4070000000001528,56,1,56.0,0.17857142857142858
austin,2023,18,HUL,STR,19,20,23,undercut_ahead,2.5830000000005384,19.0,HARD,MEDIUM,18.0,HARD,21.7025,False,False,18.0,16.0,0,Haas F1 Team,Haas F1 Team,0.2820000000001528,55,0,56.0,0.3392857142857143
austin,2023,18,LEC,NOR,23,34,37,defend_behind,-2.340000000000145,23.0,MEDIUM,HARD,5.0,HARD,21.7025,False,False,3.0,5.0,1,Ferrari,Ferrari,-0.42574999999987995,50,0,56.0,0.4107142857142857
austin,2023,18,MAG,BOT,10,28,31,undercut_ahead,0.925000000000182,10.0,MEDIUM,HARD,9.0,MEDIUM,21.7025,True,False,18.0,16.0,0,Haas F1 Team,Haas F1 Team,0.2820000000001528,55,0,56.0,0.17857142857142858
austin,2023,18,MAG,ALO,10,19,22,defend_behind,-0.5879999999997381,10.0,MEDIUM,HARD,9.0,MEDIUM,21.7025,True,False,17.0,13.0,0,Haas F1 Team,Haas F1 Team,0.2820000000001528,55,0,56.0,0.17857142857142858
austin,2023,18,NOR,HAM,17,20,23,defend_behind,-1.780999999999949,17.0,MEDIUM,HARD,16.0,MEDIUM,21.7025,False,False,2.0,4.0,1,McLaren,McLaren,-0.07900000000017826,57,0,56.0,0.30357142857142855
austin,2023,18,RUS,NOR,21,34,37,defend_behind,-1.1649999999999636,21.0,MEDIUM,HARD,3.0,HARD,21.7025,False,False,6.0,5.0,0,Mercedes,Mercedes,-0.1014999999997599,50,1,56.0,0.375
austin,2023,18,SAI,PER,35,37,40,defend_behind,-1.5850000000000364,18.0,MEDIUM,HARD,17.0,MEDIUM,21.7025,False,False,5.0,6.0,1,Ferrari,Ferrari,-0.42574999999987995,50,0,56.0,0.625
austin,2023,18,SAR,ALO,11,19,22,undercut_ahead,0.8959999999997308,11.0,MEDIUM,HARD,10.0,MEDIUM,21.7025,True,False,15.0,13.0,0,Williams,Williams,0.27400000000125146,48,1,56.0,0.19642857142857142
austin,2023,18,SAR,STR,11,20,23,defend_behind,-1.6520000000000437,11.0,MEDIUM,HARD,10.0,HARD,21.7025,True,False,14.0,16.0,1,Williams,Williams,0.27400000000125146,48,1,56.0,0.19642857142857142
austin,2023,18,SAR,HUL,32,34,37,undercut_ahead,1.1779999999998836,21.0,HARD,MEDIUM,12.0,MEDIUM,21.7025,False,False,16.0,14.0,0,Williams,Williams,0.27400000000125146,48,1,56.0,0.5714285714285714
austin,2023,18,SAR,RIC,32,47,50,defend_behind,-1.7139999999999418,21.0,HARD,MEDIUM,9.0,HARD,21.7025,False,False,13.0,17.0,1,Williams,Williams,0.27400000000125146,48,1,56.0,0.5714285714285714
austin,2023,18,STR,GAS,20,37,40,defend_behind,-1.8900000000003276,20.0,HARD,MEDIUM,1.0,MEDIUM,21.7025,False,False,8.0,10.0,1,Aston Martin,Aston Martin,0.011999999999716238,50,1,56.0,0.35714285714285715
austin,2023,18,TSU,ALO,34,42,45,defend_behind,-1.4409999999998035,17.0,HARD,MEDIUM,14.0,MEDIUM,21.7025,False,False,10.0,9.0,0,AlphaTauri,AlphaTauri,-0.2809999999981301,56,0,56.0,0.6071428571428571
austin,2023,18,ZHO,TSU,9,17,20,undercut_ahead,2.4929999999994834,9.0,MEDIUM,HARD,8.0,MEDIUM,21.7025,False,False,12.0,11.0,0,Alfa Romeo,Alfa Romeo,0.4070000000001528,56,0,56.0,0.16071428571428573
austin,2023,18,ZHO,RIC,9,22,25,defend_behind,-1.2690000000002328,9.0,MEDIUM,HARD,8.0,MEDIUM,21.7025,False,False,12.0,16.0,1,Alfa Romeo,Alfa Romeo,0.4070000000001528,56,0,56.0,0.16071428571428573
austin,2024,19,ALO,COL,26,39,42,undercut_ahead,2.6400000000003274,26.0,MEDIUM,HARD,25.0,HARD,21.7025,False,True,13.0,11.0,0,Aston Martin,Aston Martin,0.060000000000172804,56,0,56.0,0.4642857142857143
austin,2024,19,ALO,MAG,26,38,41,defend_behind,-2.80199999999968,26.0,MEDIUM,HARD,8.0,HARD,21.7025,False,True,13.0,12.0,0,Aston Martin,Aston Martin,0.060000000000172804,56,0,56.0,0.4642857142857143
austin,2024,19,BOT,COL,15,39,42,undercut_ahead,0.8649999999997817,15.0,MEDIUM,HARD,14.0,HARD,21.7025,True,True,15.0,11.0,0,Kick Sauber,Kick Sauber,0.38599999999996726,55,0,56.0,0.26785714285714285
austin,2024,19,BOT,OCO,15,31,34,defend_behind,-1.337999999999738,15.0,MEDIUM,HARD,14.0,MEDIUM,21.7025,True,False,15.0,16.0,1,Kick Sauber,Kick Sauber,0.38599999999996726,55,0,56.0,0.26785714285714285
austin,2024,19,HUL,RUS,27,40,43,defend_behind,-1.3010000000003856,27.0,MEDIUM,HARD,26.0,HARD,21.7025,False,True,7.0,8.0,1,Haas F1 Team,Haas F1 Team,0.35299999999961074,51,1,56.0,0.48214285714285715
austin,2024,19,MAG,GAS,17,18,21,undercut_ahead,2.4089999999996508,17.0,MEDIUM,HARD,16.0,MEDIUM,21.7025,False,False,14.0,16.0,1,Haas F1 Team,Haas F1 Team,0.35299999999961074,51,1,56.0,0.30357142857142855
austin,2024,19,MAG,TSU,17,18,21,defend_behind,-1.07300000000032,17.0,MEDIUM,HARD,16.0,MEDIUM,21.7025,False,False,14.0,17.0,1,Haas F1 Team,Haas F1 Team,0.35299999999961074,51,1,56.0,0.30357142857142855
austin,2024,19,PER,HUL,26,27,30,defend_behind,-2.488999999999578,26.0,MEDIUM,HARD,25.0,MEDIUM,21.7025,False,False,9.0,12.0,1,Red Bull Racing,Red Bull Racing,-0.2855000000001837,52,1,56.0,0.4642857142857143
austin,2024,19,SAI,VER,21,25,28,undercut_ahead,1.606999999999971,21.0,MEDIUM,HARD,20.0,MEDIUM,21.7025,False,False,4.0,5.0,1,Ferrari,Ferrari,-0.19399999999995998,51,0,56.0,0.375
austin,2024,19,STR,ALB,27,33,36,undercut_ahead,0.0810000000001309,28.0,HARD,MEDIUM,23.0,MEDIUM,21.7025,True,False,17.0,18.0,1,Aston Martin,Aston Martin,0.060000000000172804,56,1,56.0,0.48214285714285715
austin,2024,19,TSU,PER,18,26,29,undercut_ahead,0.7590000000000146,18.0,MEDIUM,HARD,17.0,MEDIUM,21.7025,True,False,14.0,9.0,0,RB,RB,-0.17949999999973443,44,0,56.0,0.32142857142857145
austin,2024,19,TSU,HUL,18,27,30,defend_behind,-0.5090000000000146,18.0,MEDIUM,HARD,17.0,MEDIUM,21.7025,True,False,14.0,12.0,0,RB,RB,-0.17949999999973443,44,0,56.0,0.32142857142857145
austin,2025,19,ALB,HAD,7,28,31,undercut_ahead,2.036000000000058,7.0,HARD,MEDIUM,6.0,HARD,21.7025,False,True,11.0,19.0,1,Williams,Williams,0.0014999999998508429,46,1,56.0,0.125
austin,2025,19,BEA,HUL,30,33,36,defend_behind,-1.6850000000004002,30.0,MEDIUM,SOFT,29.0,MEDIUM,21.7025,False,True,9.0,8.0,0,Haas F1 Team,Haas F1 Team,0.5172499999998763,42,1,56.0,0.5357142857142857
austin,2025,19,BOR,GAS,14,27,30,undercut_ahead,0.7839999999996508,14.0,SOFT,MEDIUM,13.0,MEDIUM,21.7025,True,False,15.0,18.0,1,Kick Sauber,Kick Sauber,-0.047999999999774445,41,0,56.0,0.25
austin,2025,19,BOR,STR,14,28,31,defend_behind,-1.8779999999997017,14.0,SOFT,MEDIUM,13.0,SOFT,21.7025,True,False,13.0,16.0,1,Kick Sauber,Kick Sauber,-0.047999999999774445,41,0,56.0,0.25
austin,2025,19,COL,BOR,32,36,39,defend_behind,-0.8350000000000364,32.0,MEDIUM,SOFT,17.0,MEDIUM,21.7025,False,True,18.0,19.0,1,Alpine,Alpine,0.2495000000001255,46,0,56.0,0.5714285714285714
austin,2025,19,GAS,ANT,27,31,34,defend_behind,-1.6729999999997744,27.0,MEDIUM,SOFT,26.0,MEDIUM,21.7025,False,True,16.0,17.0,1,Alpine,Alpine,0.2495000000001255,46,1,56.0,0.48214285714285715
austin,2025,19,HAD,COL,28,32,35,undercut_ahead,2.5890000000008517,28.0,HARD,SOFT,27.0,MEDIUM,21.7025,False,True,18.0,19.0,1,Racing Bulls,Racing Bulls,-0.18699999999989814,41,0,56.0,0.5
austin,2025,19,HAD,BOR,28,36,39,defend_behind,-0.7599999999993088,28.0,HARD,SOFT,13.0,MEDIUM,21.7025,False,True,17.0,19.0,1,Racing Bulls,Racing Bulls,-0.18699999999989814,41,0,56.0,0.5
austin,2025,19,LEC,NOR,22,32,35,undercut_ahead,0.8100000000004002,25.0,SOFT,MEDIUM,21.0,MEDIUM,21.7025,True,True,2.0,3.0,1,Ferrari,Ferrari,-0.24724999999943975,46,0,56.0,0.39285714285714285
austin,2025,19,LEC,HAM,22,31,34,defend_behind,-0.9960000000000946,25.0,SOFT,MEDIUM,21.0,MEDIUM,21.7025,True,True,2.0,4.0,1,Ferrari,Ferrari,-0.24724999999943975,46,0,56.0,0.39285714285714285
austin,2025,19,OCO,COL,24,32,35,undercut_ahead,1.53899999999976,24.0,HARD,MEDIUM,23.0,MEDIUM,21.7025,False,True,14.0,19.0,1,Haas F1 Team,Haas F1 Team,0.5172499999998763,42,0,56.0,0.42857142857142855
austin,2025,19,OCO,ALB,24,36,39,defend_behind,-1.181999999999789,24.0,HARD,MEDIUM,16.0,MEDIUM,21.7025,False,True,13.0,16.0,1,Haas F1 Team,Haas F1 Team,0.5172499999998763,42,0,56.0,0.42857142857142855
austin,2025,19,PIA,RUS,30,33,36,defend_behind,-1.324000000000524,30.0,MEDIUM,SOFT,29.0,MEDIUM,21.7025,False,True,5.0,6.0,1,McLaren,McLaren,-0.2272499999999127,48,0,56.0,0.5357142857142857
baku,2018,4,GAS,ALO,12,40,43,undercut_ahead,0.2769999999998163,11.0,ULTRASOFT,SOFT,10.0,SOFT,23.77,True,True,11.0,9.0,0,Toro Rosso,Toro Rosso,0.04450000000019827,23,0,51.0,0.23529411764705882
baku,2018,4,GAS,VAN,12,17,20,defend_behind,-0.6760000000001583,11.0,ULTRASOFT,SOFT,10.0,SUPERSOFT,23.77,True,True,16.0,15.0,0,Toro Rosso,Toro Rosso,0.04450000000019827,23,0,51.0,0.23529411764705882
baku,2018,4,HAR,MAG,22,39,42,defend_behind,-1.425000000000182,21.0,ULTRASOFT,SUPERSOFT,20.0,SOFT,23.77,False,True,13.0,11.0,0,Toro Rosso,Toro Rosso,0.04450000000019827,23,0,51.0,0.43137254901960786
baku,2018,4,LEC,PER,24,40,43,defend_behind,-2.337999999999738,23.0,SUPERSOFT,SOFT,21.0,SOFT,23.77,False,True,7.0,5.0,0,Sauber,Sauber,-0.10650000000055115,19,1,51.0,0.47058823529411764
baku,2018,4,PER,STR,2,23,26,undercut_ahead,1.3059999999999263,4.0,ULTRASOFT,SOFT,,,23.77,False,True,7.0,12.0,1,Force India,Force India,0.32549999999991996,14,1,51.0,0.0392156862745098
baku,2018,4,VAN,ALO,17,40,43,undercut_ahead,1.6340000000000146,16.0,SUPERSOFT,SOFT,15.0,SOFT,23.77,False,True,13.0,9.0,0,McLaren,McLaren,-0.06524999999987813,24,0,51.0,0.3333333333333333
baku,2018,4,VAN,MAG,25,39,42,undercut_ahead,1.7429999999999382,8.0,SOFT,ULTRASOFT,23.0,SOFT,23.77,False,True,14.0,11.0,0,McLaren,McLaren,-0.06524999999987813,24,0,51.0,0.49019607843137253
baku,2019,4,ALB,GRO,12,34,37,undercut_ahead,0.1639999999997599,12.0,SOFT,MEDIUM,11.0,MEDIUM,23.77,True,True,12.0,16.0,1,Toro Rosso,Toro Rosso,0.05900000000019645,31,0,51.0,0.23529411764705882
baku,2019,4,GIO,GRO,7,34,37,undercut_ahead,0.0640000000003055,10.0,SOFT,MEDIUM,6.0,MEDIUM,23.77,True,True,13.0,16.0,1,Alfa Romeo Racing,Alfa Romeo Racing,0.44699999999988904,42,0,51.0,0.13725490196078433
baku,2019,4,GIO,RUS,7,25,28,defend_behind,-1.92699999999968,10.0,SOFT,MEDIUM,6.0,MEDIUM,23.77,True,False,15.0,19.0,1,Alfa Romeo Racing,Alfa Romeo Racing,0.44699999999988904,42,0,51.0,0.13725490196078433
baku,2019,4,HUL,GRO,8,34,37,defend_behind,-1.8149999999996,8.0,SOFT,MEDIUM,7.0,MEDIUM,23.77,False,True,15.0,16.0,1,Renault,Renault,0.0,30,1,51.0,0.1568627450980392
baku,2019,4,KVY,STR,5,10,13,undercut_ahead,0.1550000000002001,10.0,SOFT,MEDIUM,4.0,SOFT,23.77,True,False,11.0,17.0,1,Toro Rosso,Toro Rosso,0.05900000000019645,31,0,51.0,0.09803921568627451
baku,2019,4,KVY,RIC,5,10,13,defend_behind,-0.2159999999998945,10.0,SOFT,MEDIUM,4.0,SOFT,23.77,True,False,11.0,16.0,1,Toro Rosso,Toro Rosso,0.05900000000019645,31,0,51.0,0.09803921568627451
baku,2019,4,NOR,SAI,9,12,15,undercut_ahead,0.1640000000002146,14.0,SOFT,MEDIUM,8.0,SOFT,23.77,True,False,8.0,10.0,1,McLaren,McLaren,-0.26599999999962165,33,1,51.0,0.17647058823529413
baku,2019,4,PER,SAI,10,12,15,defend_behind,-1.261000000000422,13.0,SOFT,MEDIUM,9.0,SOFT,23.77,False,False,7.0,10.0,1,Racing Point,Racing Point,0.1320000000005166,37,1,51.0,0.19607843137254902
baku,2019,4,RAI,GRO,6,34,37,undercut_ahead,0.5309999999999491,9.0,SOFT,MEDIUM,5.0,MEDIUM,23.77,True,True,11.0,16.0,1,Alfa Romeo Racing,Alfa Romeo Racing,0.44699999999988904,42,0,51.0,0.11764705882352941
baku,2019,4,RAI,RUS,6,25,28,defend_behind,-2.769999999999982,9.0,SOFT,MEDIUM,5.0,MEDIUM,23.77,True,False,13.0,19.0,1,Alfa Romeo Racing,Alfa Romeo Racing,0.44699999999988904,42,0,51.0,0.11764705882352941
baku,2019,4,RIC,ALB,10,12,15,defend_behind,-0.5390000000002146,10.0,SOFT,MEDIUM,9.0,SOFT,23.77,False,False,14.0,19.0,1,Renault,Renault,0.0,30,1,51.0,0.19607843137254902
baku,2019,4,VET,LEC,11,34,37,defend_behind,-2.7289999999998145,16.0,SOFT,MEDIUM,10.0,MEDIUM,23.77,False,True,3.0,5.0,1,Ferrari,Ferrari,-0.08799999999973807,43,0,51.0,0.21568627450980393
baku,2021,6,ALO,TSU,7,9,12,defend_behind,-0.0450000000000727,10.0,SOFT,HARD,12.0,SOFT,23.77,False,True,12.0,9.0,0,Alpine,Alpine,-0.09750000000008185,34,1,51.0,0.13725490196078433
baku,2021,6,ALO,SAI,34,47,50,undercut_ahead,1.4859999999998763,27.0,HARD,SOFT,23.0,HARD,23.77,False,True,6.0,8.0,1,Alpine,Alpine,-0.09750000000008185,34,1,51.0,0.6666666666666666
baku,2021,6,ALO,GIO,34,47,50,defend_behind,-0.8609999999998763,27.0,HARD,SOFT,31.0,HARD,23.77,False,True,6.0,11.0,1,Alpine,Alpine,-0.09750000000008185,34,1,51.0,0.6666666666666666
baku,2021,6,BOT,VET,11,18,21,undercut_ahead,1.849999999999909,15.0,SOFT,HARD,10.0,SOFT,23.77,False,True,10.0,7.0,0,Mercedes,Mercedes,-0.20299999999974716,44,1,51.0,0.21568627450980393
baku,2021,6,BOT,RIC,11,47,50,defend_behind,-2.6910000000002583,15.0,SOFT,HARD,10.0,SOFT,23.77,False,True,12.0,9.0,0,Mercedes,Mercedes,-0.20299999999974716,44,1,51.0,0.21568627450980393
baku,2021,6,BOT,GIO,47,48,51,undercut_ahead,2.847000000000662,36.0,HARD,SOFT,12.0,HARD,23.77,False,True,12.0,11.0,0,Mercedes,Mercedes,-0.20299999999974716,44,0,51.0,0.9215686274509803
baku,2021,6,GIO,RAI,2,13,16,undercut_ahead,0.8569999999999709,2.0,SOFT,HARD,1.0,MEDIUM,23.77,True,True,13.0,15.0,1,Alfa Romeo Racing,Alfa Romeo Racing,-0.047000000000025466,40,1,51.0,0.0392156862745098
baku,2021,6,HAM,VER,11,12,15,defend_behind,-0.7870000000002619,15.0,SOFT,HARD,11.0,SOFT,23.77,False,True,4.0,2.0,0,Mercedes,Mercedes,-0.20299999999974716,44,1,51.0,0.21568627450980393
baku,2021,6,LEC,PER,9,13,16,undercut_ahead,1.556999999999789,12.0,SOFT,HARD,11.0,SOFT,23.77,False,True,7.0,3.0,0,Ferrari,Ferrari,-0.08875000000011823,36,1,51.0,0.17647058823529413
baku,2021,6,LEC,GAS,9,11,14,defend_behind,-1.3400000000001455,12.0,SOFT,HARD,13.0,SOFT,23.77,False,True,7.0,6.0,0,Ferrari,Ferrari,-0.08875000000011823,36,1,51.0,0.17647058823529413
baku,2021,6,MAZ,ALO,9,34,37,undercut_ahead,0.1570000000001528,9.0,SOFT,HARD,1.0,HARD,23.77,True,True,18.0,11.0,0,Haas F1 Team,Haas F1 Team,0.6980000000005475,36,0,51.0,0.17647058823529413
baku,2021,6,MAZ,NOR,9,47,50,defend_behind,-0.5950000000002547,9.0,SOFT,HARD,1.0,HARD,23.77,True,True,14.0,5.0,0,Haas F1 Team,Haas F1 Team,0.6980000000005475,36,0,51.0,0.17647058823529413
baku,2021,6,MSC,LAT,8,9,12,undercut_ahead,2.7719999999999345,8.0,SOFT,HARD,7.0,MEDIUM,23.77,False,True,18.0,17.0,0,Haas F1 Team,Haas F1 Team,0.6980000000005475,36,0,51.0,0.1568627450980392
baku,2021,6,MSC,MAZ,8,9,12,defend_behind,-2.338000000000193,8.0,SOFT,HARD,7.0,SOFT,23.77,False,True,18.0,19.0,1,Haas F1 Team,Haas F1 Team,0.6980000000005475,36,0,51.0,0.1568627450980392
baku,2021,6,MSC,LAT,34,48,51,undercut_ahead,1.97400000000016,26.0,HARD,SOFT,24.0,HARD,23.77,False,True,14.0,13.0,0,Haas F1 Team,Haas F1 Team,0.6980000000005475,36,0,51.0,0.6666666666666666
baku,2021,6,NOR,BOT,7,11,14,undercut_ahead,1.7070000000003347,10.0,SOFT,HARD,10.0,SOFT,23.77,False,True,9.0,10.0,1,McLaren,McLaren,0.11550000000011096,38,1,51.0,0.13725490196078433
baku,2021,6,NOR,RIC,7,11,14,defend_behind,-0.4679999999998472,10.0,SOFT,HARD,6.0,SOFT,23.77,False,True,9.0,12.0,1,McLaren,McLaren,0.11550000000011096,38,1,51.0,0.13725490196078433
baku,2021,6,RIC,BOT,11,47,50,undercut_ahead,2.6910000000002583,11.0,SOFT,HARD,14.0,SOFT,23.77,False,True,9.0,12.0,1,McLaren,McLaren,0.11550000000011096,38,0,51.0,0.21568627450980393
baku,2021,6,SAI,GAS,10,11,14,undercut_ahead,2.550000000000182,13.0,SOFT,HARD,14.0,SOFT,23.77,False,True,14.0,6.0,0,Ferrari,Ferrari,-0.08875000000011823,36,0,51.0,0.19607843137254902
baku,2021,6,TSU,VET,9,18,21,defend_behind,-0.8190000000004147,15.0,SOFT,HARD,8.0,SOFT,23.77,False,True,8.0,7.0,0,AlphaTauri,AlphaTauri,0.047749999999723514,38,1,51.0,0.17647058823529413
baku,2021,6,VER,PER,12,13,16,defend_behind,-1.550000000000182,13.0,SOFT,HARD,14.0,SOFT,23.77,False,True,2.0,3.0,1,Red Bull Racing,Red Bull Racing,-0.37750000000096406,47,0,51.0,0.23529411764705882
baku,2022,8,ALB,BOT,9,33,36,defend_behind,-1.4329999999999927,9.0,MEDIUM,HARD,8.0,HARD,23.77,False,True,13.0,12.0,0,Williams,Williams,0.2810000000006312,50,0,51.0,0.17647058823529413
baku,2022,8,ALO,NOR,18,20,23,defend_behind,-0.556999999999789,18.0,MEDIUM,HARD,17.0,MEDIUM,23.77,False,False,11.0,15.0,1,Alpine,Alpine,-0.040499999999610736,45,1,51.0,0.35294117647058826
baku,2022,8,GAS,HAM,9,33,36,defend_behind,-2.886999999999716,9.0,MEDIUM,HARD,8.0,MEDIUM,23.77,False,True,4.0,5.0,1,AlphaTauri,AlphaTauri,-0.24375000000009095,52,1,51.0,0.17647058823529413
baku,2022,8,LEC,PER,9,16,19,undercut_ahead,2.125,9.0,MEDIUM,HARD,8.0,MEDIUM,23.77,False,True,1.0,3.0,1,Ferrari,Ferrari,-0.5029999999997017,37,0,51.0,0.17647058823529413
baku,2022,8,LEC,VER,9,18,21,defend_behind,-0.5619999999998981,9.0,MEDIUM,HARD,8.0,MEDIUM,23.77,False,True,17.0,1.0,0,Ferrari,Ferrari,-0.5029999999997017,37,0,51.0,0.17647058823529413
baku,2022,8,MSC,STR,9,30,33,undercut_ahead,2.1140000000004875,9.0,HARD,MEDIUM,9.0,HARD,23.77,False,True,15.0,14.0,0,Haas F1 Team,Haas F1 Team,0.6865000000007058,39,0,51.0,0.17647058823529413
baku,2022,8,NOR,RIC,20,33,36,defend_behind,-0.1040000000002692,20.0,MEDIUM,HARD,19.0,HARD,23.77,False,True,10.0,9.0,0,McLaren,McLaren,-0.17475000000013097,52,1,51.0,0.39215686274509803
baku,2022,8,PER,VER,16,18,21,undercut_ahead,2.358000000000174,16.0,MEDIUM,HARD,15.0,MEDIUM,23.77,False,False,2.0,1.0,0,Red Bull Racing,Red Bull Racing,-0.4772499999999127,56,0,51.0,0.3137254901960784
baku,2022,8,RIC,TSU,33,38,41,defend_behind,-1.356999999999971,33.0,HARD,MEDIUM,23.0,HARD,23.77,False,True,8.0,13.0,1,McLaren,McLaren,-0.17475000000013097,52,0,51.0,0.6470588235294118
baku,2022,8,TSU,ALO,9,18,21,defend_behind,-2.011999999999716,9.0,MEDIUM,HARD,8.0,MEDIUM,23.77,False,True,8.0,12.0,1,AlphaTauri,AlphaTauri,-0.24375000000009095,52,0,51.0,0.17647058823529413
baku,2022,8,VET,HAM,9,33,36,undercut_ahead,0.4880000000002837,10.0,MEDIUM,HARD,8.0,MEDIUM,23.77,True,True,7.0,5.0,0,Aston Martin,Aston Martin,-0.04449999999951615,47,1,51.0,0.17647058823529413
baku,2022,8,VET,TSU,9,38,41,defend_behind,-1.8079999999999927,10.0,MEDIUM,HARD,8.0,MEDIUM,23.77,True,True,6.0,13.0,1,Aston Martin,Aston Martin,-0.04449999999951615,47,1,51.0,0.17647058823529413
baku,2023,4,ALB,PIA,7,8,11,undercut_ahead,1.6710000000002765,7.0,MEDIUM,HARD,6.0,MEDIUM,23.77,False,True,15.0,14.0,0,Williams,Williams,0.27400000000125146,48,1,51.0,0.13725490196078433
baku,2023,4,ALB,MAG,7,10,13,defend_behind,-1.4549999999999272,7.0,MEDIUM,HARD,6.0,MEDIUM,23.77,False,True,15.0,17.0,1,Williams,Williams,0.27400000000125146,48,1,51.0,0.13725490196078433
baku,2023,4,GAS,SAR,5,8,11,undercut_ahead,0.6480000000001382,5.0,MEDIUM,HARD,4.0,MEDIUM,23.77,True,True,16.0,18.0,1,Alpine,Alpine,0.4069999999992433,51,0,51.0,0.09803921568627451
baku,2023,4,GAS,ZHO,5,11,14,defend_behind,-1.320999999999913,5.0,MEDIUM,HARD,4.0,MEDIUM,23.77,True,True,15.0,16.0,1,Alpine,Alpine,0.4069999999992433,51,0,51.0,0.09803921568627451
baku,2023,4,HAM,SAI,9,11,14,undercut_ahead,1.761000000000422,9.0,MEDIUM,HARD,8.0,MEDIUM,23.77,False,True,8.0,5.0,0,Mercedes,Mercedes,-0.1014999999997599,50,1,51.0,0.17647058823529413
baku,2023,4,HAM,ALO,9,11,14,defend_behind,-0.657999999999447,9.0,MEDIUM,HARD,8.0,MEDIUM,23.77,False,True,8.0,4.0,0,Mercedes,Mercedes,-0.1014999999997599,50,1,51.0,0.17647058823529413
baku,2023,4,NOR,STR,9,11,14,undercut_ahead,2.5039999999999054,9.0,MEDIUM,HARD,8.0,MEDIUM,23.77,False,True,11.0,6.0,0,McLaren,McLaren,-0.07900000000017826,57,0,51.0,0.17647058823529413
baku,2023,4,NOR,RUS,9,11,14,defend_behind,-1.168999999999869,9.0,MEDIUM,HARD,8.0,MEDIUM,23.77,False,True,11.0,7.0,0,McLaren,McLaren,-0.07900000000017826,57,0,51.0,0.17647058823529413
baku,2023,4,PIA,MAG,8,10,13,defend_behind,-2.668999999999869,8.0,MEDIUM,HARD,7.0,MEDIUM,23.77,False,True,13.0,17.0,1,McLaren,McLaren,-0.07900000000017826,57,1,51.0,0.1568627450980392
baku,2023,4,SAR,MAG,8,10,13,undercut_ahead,1.914999999999964,8.0,MEDIUM,HARD,7.0,MEDIUM,23.77,False,True,18.0,17.0,0,Williams,Williams,0.27400000000125146,48,1,51.0,0.1568627450980392
baku,2023,4,SAR,ZHO,8,11,14,defend_behind,-1.649000000000342,8.0,MEDIUM,HARD,7.0,MEDIUM,23.77,False,True,18.0,16.0,0,Williams,Williams,0.27400000000125146,48,1,51.0,0.1568627450980392
baku,2023,4,TSU,RUS,8,11,14,undercut_ahead,2.1409999999996217,8.0,MEDIUM,HARD,7.0,MEDIUM,23.77,False,True,12.0,7.0,0,AlphaTauri,AlphaTauri,-0.2809999999981301,56,1,51.0,0.1568627450980392
baku,2023,4,VER,PER,10,11,14,defend_behind,-0.6129999999993743,10.0,MEDIUM,HARD,9.0,MEDIUM,23.77,False,True,2.0,1.0,0,Red Bull Racing,Red Bull Racing,-0.4220000000004802,59,0,51.0,0.19607843137254902
baku,2024,17,ALB,NOR,31,37,40,defend_behind,-0.3410000000003492,31.0,HARD,MEDIUM,30.0,HARD,23.77,False,True,9.0,7.0,0,Williams,Williams,0.15499999999974534,49,1,51.0,0.6078431372549019
baku,2024,17,ALO,ALB,11,31,34,defend_behind,-2.3840000000000146,12.0,MEDIUM,HARD,10.0,HARD,23.77,False,False,8.0,11.0,1,Aston Martin,Aston Martin,0.060000000000172804,56,1,51.0,0.21568627450980393
baku,2024,17,COL,ALO,10,11,14,undercut_ahead,1.47400000000016,10.0,MEDIUM,HARD,10.0,MEDIUM,23.77,False,False,14.0,13.0,0,Williams,Williams,0.15499999999974534,49,0,51.0,0.19607843137254902
baku,2024,17,COL,ALB,10,31,34,defend_behind,-0.9729999999999565,10.0,MEDIUM,HARD,9.0,HARD,23.77,False,False,9.0,11.0,1,Williams,Williams,0.15499999999974534,49,0,51.0,0.19607843137254902
baku,2024,17,PER,PIA,13,15,18,undercut_ahead,2.063000000000102,13.0,MEDIUM,HARD,12.0,MEDIUM,23.77,False,False,4.0,2.0,0,Red Bull Racing,Red Bull Racing,-0.2855000000001837,52,1,51.0,0.2549019607843137
baku,2024,17,PER,SAI,13,17,20,defend_behind,-2.886000000000422,13.0,MEDIUM,HARD,12.0,MEDIUM,23.77,False,False,3.0,6.0,1,Red Bull Racing,Red Bull Racing,-0.2855000000001837,52,1,51.0,0.2549019607843137
baku,2025,17,ALB,GAS,15,35,38,undercut_ahead,0.0529999999998835,14.0,MEDIUM,HARD,14.0,HARD,23.77,True,True,12.0,19.0,1,Williams,Williams,0.0014999999998508429,46,0,51.0,0.29411764705882354
baku,2025,17,ALO,BOR,21,26,29,undercut_ahead,1.925999999999476,24.0,MEDIUM,HARD,20.0,HARD,23.77,False,False,17.0,14.0,0,Aston Martin,Aston Martin,0.1950000000001637,50,1,51.0,0.4117647058823529
baku,2025,17,ANT,LAW,18,20,23,undercut_ahead,0.462999999999738,23.0,MEDIUM,HARD,23.0,MEDIUM,23.77,True,True,9.0,10.0,1,Mercedes,Mercedes,-0.08674999999902866,48,0,51.0,0.35294117647058826
baku,2025,17,ANT,RUS,18,39,42,defend_behind,-0.829000000000633,23.0,MEDIUM,HARD,17.0,HARD,23.77,True,True,4.0,2.0,0,Mercedes,Mercedes,-0.08674999999902866,48,0,51.0,0.35294117647058826
baku,2025,17,BEA,HUL,28,36,39,undercut_ahead,0.7860000000000582,28.0,HARD,MEDIUM,27.0,HARD,23.77,True,False,14.0,16.0,1,Haas F1 Team,Haas F1 Team,0.5172499999998763,42,0,51.0,0.5490196078431373
baku,2025,17,COL,STR,16,37,40,defend_behind,-0.2730000000001382,16.0,MEDIUM,HARD,18.0,MEDIUM,23.77,False,True,18.0,17.0,0,Alpine,Alpine,0.2495000000001255,46,0,51.0,0.3137254901960784
baku,2025,17,LAW,RUS,20,39,42,defend_behind,-0.5239999999994325,26.0,MEDIUM,HARD,19.0,HARD,23.77,False,False,5.0,2.0,0,Racing Bulls,Racing Bulls,-0.18699999999989814,41,1,51.0,0.39215686274509803
baku,2025,17,LEC,TSU,19,38,41,undercut_ahead,0.7980000000006839,22.0,MEDIUM,HARD,18.0,HARD,23.77,True,True,8.0,6.0,0,Ferrari,Ferrari,-0.24724999999943975,46,0,51.0,0.37254901960784315
baku,2025,17,LEC,NOR,19,37,40,defend_behind,-1.350999999999658,22.0,MEDIUM,HARD,18.0,MEDIUM,23.77,True,True,8.0,7.0,0,Ferrari,Ferrari,-0.24724999999943975,46,0,51.0,0.37254901960784315
baku,2025,17,NOR,TSU,37,38,41,undercut_ahead,1.9350000000004,37.0,MEDIUM,HARD,36.0,HARD,23.77,False,False,7.0,6.0,0,McLaren,McLaren,-0.2272499999999127,48,1,51.0,0.7254901960784313
baku,2025,17,OCO,HUL,2,36,39,undercut_ahead,0.1530000000002473,1.0,MEDIUM,HARD,1.0,HARD,23.77,True,True,13.0,16.0,1,Haas F1 Team,Haas F1 Team,0.5172499999998763,42,1,51.0,0.0392156862745098
baku,2025,17,SAI,RUS,27,39,42,defend_behind,-2.6899999999996,32.0,MEDIUM,HARD,26.0,HARD,23.77,False,False,3.0,2.0,0,Williams,Williams,0.0014999999998508429,46,1,51.0,0.5294117647058824
barcelona,2018,5,ALO,OCO,21,29,32,defend_behind,-2.537000000000262,23.0,SUPERSOFT,MEDIUM,19.0,SOFT,23.367999999999995,False,False,11.0,16.0,1,McLaren,McLaren,-0.06524999999987813,24,1,66.0,0.3181818181818182
barcelona,2018,5,LEC,ALO,20,21,24,defend_behind,-2.1230000000000477,19.0,SOFT,MEDIUM,21.0,SUPERSOFT,23.367999999999995,False,False,14.0,15.0,1,Sauber,Sauber,-0.10650000000055115,19,0,66.0,0.30303030303030304
barcelona,2018,5,PER,VAN,26,34,37,defend_behind,-0.8859999999999673,25.0,SOFT,MEDIUM,27.0,SOFT,23.367999999999995,False,False,10.0,13.0,1,Force India,Force India,0.32549999999991996,14,0,66.0,0.3939393939393939
barcelona,2018,5,STR,PER,20,26,29,defend_behind,-2.280999999999949,19.0,SOFT,MEDIUM,18.0,SOFT,23.367999999999995,False,False,14.0,15.0,1,Williams,Williams,0.20049999999991996,32,0,66.0,0.30303030303030304
barcelona,2018,5,VET,BOT,17,19,22,defend_behind,-1.6089999999999236,19.0,SOFT,MEDIUM,18.0,SOFT,23.367999999999995,False,False,5.0,6.0,1,Ferrari,Ferrari,-0.22625000000005002,26,1,66.0,0.25757575757575757
barcelona,2019,5,ALB,GAS,25,46,49,defend_behind,-1.393000000000029,25.0,SOFT,MEDIUM,2.0,MEDIUM,23.367999999999995,False,True,11.0,6.0,0,Toro Rosso,Toro Rosso,0.05900000000019645,31,1,66.0,0.3787878787878788
barcelona,2019,5,GIO,STR,6,22,25,undercut_ahead,1.0339999999996508,6.0,SOFT,HARD,5.0,MEDIUM,23.367999999999995,False,False,18.0,17.0,0,Alfa Romeo Racing,Alfa Romeo Racing,0.44699999999988904,42,0,66.0,0.09090909090909091
barcelona,2019,5,GIO,NOR,6,26,29,defend_behind,-0.4920000000001892,6.0,SOFT,HARD,5.0,SOFT,23.367999999999995,False,False,18.0,16.0,0,Alfa Romeo Racing,Alfa Romeo Racing,0.44699999999988904,42,0,66.0,0.09090909090909091
barcelona,2019,5,GRO,VET,26,40,43,defend_behind,-2.552999999999884,29.0,SOFT,MEDIUM,6.0,MEDIUM,23.367999999999995,False,False,7.0,5.0,0,Haas F1 Team,Haas F1 Team,0.2179999999989377,35,1,66.0,0.3939393939393939
barcelona,2019,5,HUL,KVY,35,45,48,undercut_ahead,2.9409999999998035,35.0,MEDIUM,SOFT,13.0,MEDIUM,23.367999999999995,False,True,12.0,9.0,0,Renault,Renault,0.0,30,0,66.0,0.5303030303030303
barcelona,2019,5,HUL,ALB,35,45,48,defend_behind,-1.0270000000000437,35.0,MEDIUM,SOFT,9.0,MEDIUM,23.367999999999995,False,True,12.0,11.0,0,Renault,Renault,0.0,30,0,66.0,0.5303030303030303
barcelona,2019,5,KVY,MAG,21,23,26,undercut_ahead,2.5950000000002547,24.0,SOFT,MEDIUM,23.0,SOFT,23.367999999999995,False,False,10.0,9.0,0,Toro Rosso,Toro Rosso,0.05900000000019645,31,0,66.0,0.3181818181818182
barcelona,2019,5,KVY,ALB,21,25,28,defend_behind,-1.237999999999829,24.0,SOFT,MEDIUM,20.0,SOFT,23.367999999999995,False,False,10.0,11.0,1,Toro Rosso,Toro Rosso,0.05900000000019645,31,0,66.0,0.3181818181818182
barcelona,2019,5,MAG,VET,23,40,43,defend_behind,-1.3179999999997565,26.0,SOFT,MEDIUM,3.0,MEDIUM,23.367999999999995,False,False,9.0,5.0,0,Haas F1 Team,Haas F1 Team,0.2179999999989377,35,1,66.0,0.3484848484848485
barcelona,2019,5,PER,RIC,24,45,48,undercut_ahead,1.7519999999999527,24.0,SOFT,MEDIUM,26.0,SOFT,23.367999999999995,False,True,14.0,13.0,0,Racing Point,Racing Point,0.1320000000005166,37,0,66.0,0.36363636363636365
barcelona,2019,5,RAI,ALB,28,45,48,defend_behind,-0.4139999999997599,28.0,MEDIUM,HARD,2.0,MEDIUM,23.367999999999995,False,True,15.0,11.0,0,Alfa Romeo Racing,Alfa Romeo Racing,0.44699999999988904,42,0,66.0,0.42424242424242425
barcelona,2019,5,RIC,SAI,24,46,49,undercut_ahead,0.4290000000000873,27.0,SOFT,HARD,23.0,SOFT,23.367999999999995,True,True,13.0,10.0,0,Renault,Renault,0.0,30,0,66.0,0.36363636363636365
barcelona,2019,5,RIC,PER,24,45,48,defend_behind,-1.7519999999999527,27.0,SOFT,HARD,23.0,SOFT,23.367999999999995,True,True,13.0,14.0,1,Renault,Renault,0.0,30,1,66.0,0.36363636363636365
barcelona,2019,5,RIC,SAI,45,46,49,undercut_ahead,1.0330000000003563,21.0,HARD,MEDIUM,20.0,MEDIUM,23.367999999999995,False,True,13.0,10.0,0,Renault,Renault,0.0,30,1,66.0,0.6818181818181818
barcelona,2019,5,SAI,GAS,24,46,49,undercut_ahead,2.5670000000000077,24.0,SOFT,MEDIUM,1.0,MEDIUM,23.367999999999995,False,True,10.0,6.0,0,McLaren,McLaren,-0.26599999999962165,33,1,66.0,0.36363636363636365
barcelona,2019,5,SAI,RIC,24,45,48,defend_behind,-0.4290000000000873,24.0,SOFT,MEDIUM,26.0,SOFT,23.367999999999995,False,True,10.0,13.0,1,McLaren,McLaren,-0.26599999999962165,33,0,66.0,0.36363636363636365
barcelona,2019,5,STR,HUL,22,35,38,defend_behind,-1.3139999999998508,22.0,MEDIUM,SOFT,21.0,MEDIUM,23.367999999999995,False,False,14.0,16.0,1,Racing Point,Racing Point,0.1320000000005166,37,0,66.0,0.3333333333333333
barcelona,2020,6,ALB,SAI,17,22,25,defend_behind,-1.4729999999999563,20.0,SOFT,HARD,19.0,SOFT,23.367999999999995,False,False,11.0,12.0,1,Red Bull Racing,Red Bull Racing,-0.5859999999993306,25,1,66.0,0.25757575757575757
barcelona,2020,6,ALB,GAS,39,42,45,defend_behind,-0.8820000000005166,22.0,HARD,MEDIUM,17.0,MEDIUM,23.367999999999995,False,False,9.0,10.0,1,Red Bull Racing,Red Bull Racing,-0.5859999999993306,25,0,66.0,0.5909090909090909
barcelona,2020,6,GAS,SAI,21,22,25,undercut_ahead,2.417000000000371,24.0,SOFT,MEDIUM,23.0,SOFT,23.367999999999995,False,False,13.0,12.0,0,AlphaTauri,AlphaTauri,0.08175000000005639,24,0,66.0,0.3181818181818182
barcelona,2020,6,GAS,LEC,21,29,32,defend_behind,-0.6669999999999163,24.0,SOFT,MEDIUM,23.0,SOFT,23.367999999999995,False,False,10.0,12.0,1,AlphaTauri,AlphaTauri,0.08175000000005639,24,0,66.0,0.3181818181818182
barcelona,2020,6,GRO,RUS,32,35,38,undercut_ahead,2.9420000000000077,33.0,MEDIUM,SOFT,12.0,MEDIUM,23.367999999999995,False,True,18.0,17.0,0,Haas F1 Team,Haas F1 Team,0.9259999999999309,23,1,66.0,0.48484848484848486
barcelona,2020,6,GRO,RAI,32,44,47,defend_behind,-0.4499999999998181,33.0,MEDIUM,SOFT,14.0,MEDIUM,23.367999999999995,False,True,16.0,18.0,1,Haas F1 Team,Haas F1 Team,0.9259999999999309,23,1,66.0,0.48484848484848486
barcelona,2020,6,KVY,RIC,21,35,38,defend_behind,-1.2710000000001855,21.0,SOFT,MEDIUM,20.0,MEDIUM,23.367999999999995,False,True,10.0,12.0,1,AlphaTauri,AlphaTauri,0.08175000000005639,24,1,66.0,0.3181818181818182
barcelona,2020,6,MAG,OCO,28,34,37,defend_behind,-0.626999999999498,31.0,SOFT,MEDIUM,27.0,MEDIUM,23.367999999999995,False,True,15.0,16.0,1,Haas F1 Team,Haas F1 Team,0.9259999999999309,23,0,66.0,0.42424242424242425
barcelona,2020,6,OCO,ALB,34,39,42,undercut_ahead,2.212999999999738,34.0,MEDIUM,SOFT,16.0,HARD,23.367999999999995,False,True,16.0,11.0,0,Renault,Renault,-0.10424999999963802,18,0,66.0,0.5151515151515151
barcelona,2020,6,OCO,GAS,34,42,45,defend_behind,-0.543999999999869,34.0,MEDIUM,SOFT,12.0,MEDIUM,23.367999999999995,False,True,14.0,10.0,0,Renault,Renault,-0.10424999999963802,18,0,66.0,0.5151515151515151
barcelona,2020,6,RIC,STR,35,42,45,defend_behind,-0.6260000000002037,35.0,MEDIUM,SOFT,7.0,MEDIUM,23.367999999999995,False,True,12.0,7.0,0,Renault,Renault,-0.10424999999963802,18,1,66.0,0.5303030303030303
barcelona,2020,6,RUS,ALB,19,39,42,undercut_ahead,2.5039999999999054,19.0,SOFT,MEDIUM,1.0,HARD,23.367999999999995,False,True,17.0,11.0,0,Williams,Williams,-0.012500000000045475,28,0,66.0,0.2878787878787879
barcelona,2020,6,RUS,GRO,19,32,35,defend_behind,-2.3510000000001128,19.0,SOFT,MEDIUM,19.0,MEDIUM,23.367999999999995,False,False,15.0,19.0,1,Williams,Williams,-0.012500000000045475,28,0,66.0,0.2878787878787879
barcelona,2020,6,STR,PER,27,29,32,defend_behind,-1.261000000000422,30.0,SOFT,MEDIUM,29.0,SOFT,23.367999999999995,False,False,5.0,6.0,1,Racing Point,Racing Point,-0.055749999999989086,16,1,66.0,0.4090909090909091
barcelona,2020,6,VER,BOT,21,23,26,defend_behind,-1.9200000000000728,24.0,SOFT,MEDIUM,23.0,SOFT,23.367999999999995,False,False,2.0,3.0,1,Red Bull Racing,Red Bull Racing,-0.5859999999993306,25,0,66.0,0.3181818181818182
barcelona,2020,6,VET,RIC,29,35,38,defend_behind,-0.7460000000000946,29.0,MEDIUM,SOFT,28.0,MEDIUM,23.367999999999995,False,True,11.0,12.0,1,Ferrari,Ferrari,0.17799999999988358,21,0,66.0,0.4393939393939394
barcelona,2021,4,ALO,STR,21,22,25,undercut_ahead,1.549000000000433,24.0,SOFT,MEDIUM,20.0,SOFT,23.367999999999995,False,False,15.0,14.0,0,Alpine,Alpine,-0.09750000000008185,34,0,66.0,0.3181818181818182
barcelona,2021,4,ALO,VET,21,38,41,defend_behind,-1.2059999999996762,24.0,SOFT,MEDIUM,20.0,SOFT,23.367999999999995,False,False,10.0,16.0,1,Alpine,Alpine,-0.09750000000008185,34,0,66.0,0.3181818181818182
barcelona,2021,4,BOT,LEC,23,28,31,undercut_ahead,1.169999999999618,26.0,SOFT,MEDIUM,25.0,SOFT,23.367999999999995,False,False,3.0,4.0,1,Mercedes,Mercedes,-0.20299999999974716,44,0,66.0,0.3484848484848485
barcelona,2021,4,GAS,VET,18,21,24,undercut_ahead,0.9490000000000692,18.0,SOFT,MEDIUM,17.0,SOFT,23.367999999999995,True,False,17.0,16.0,0,AlphaTauri,AlphaTauri,0.047749999999723514,38,0,66.0,0.2727272727272727
barcelona,2021,4,GAS,RAI,18,37,40,defend_behind,-1.6799999999998363,18.0,SOFT,MEDIUM,17.0,MEDIUM,23.367999999999995,True,False,11.0,15.0,1,AlphaTauri,AlphaTauri,0.047749999999723514,38,0,66.0,0.2727272727272727
barcelona,2021,4,GAS,ALO,47,61,64,undercut_ahead,1.6840000000001965,29.0,MEDIUM,SOFT,25.0,MEDIUM,23.367999999999995,False,False,10.0,17.0,1,AlphaTauri,AlphaTauri,0.047749999999723514,38,0,66.0,0.7121212121212122
barcelona,2021,4,GIO,RAI,8,37,40,undercut_ahead,1.0369999999998072,8.0,SOFT,MEDIUM,7.0,MEDIUM,23.367999999999995,False,True,18.0,15.0,0,Alfa Romeo Racing,Alfa Romeo Racing,-0.047000000000025466,40,0,66.0,0.12121212121212122
barcelona,2021,4,LAT,MSC,9,23,26,undercut_ahead,1.2749999999996362,9.0,SOFT,MEDIUM,8.0,SOFT,23.367999999999995,False,True,9.0,18.0,1,Williams,Williams,0.023500000000240107,38,1,66.0,0.13636363636363635
barcelona,2021,4,MAZ,GAS,22,47,50,defend_behind,-2.617999999999938,22.0,SOFT,MEDIUM,3.0,MEDIUM,23.367999999999995,False,False,19.0,15.0,0,Haas F1 Team,Haas F1 Team,0.6980000000005475,36,0,66.0,0.3333333333333333
barcelona,2021,4,OCO,NOR,23,51,54,defend_behind,-2.893000000000029,26.0,SOFT,MEDIUM,25.0,SOFT,23.367999999999995,False,False,8.0,11.0,1,Alpine,Alpine,-0.09750000000008185,34,1,66.0,0.3484848484848485
barcelona,2021,4,RAI,NOR,37,51,54,defend_behind,-0.4700000000002546,37.0,MEDIUM,SOFT,13.0,MEDIUM,23.367999999999995,False,False,13.0,11.0,0,Alfa Romeo Racing,Alfa Romeo Racing,-0.047000000000025466,40,0,66.0,0.5606060606060606
barcelona,2021,4,RIC,PER,25,27,30,defend_behind,-1.2520000000004077,28.0,SOFT,MEDIUM,27.0,SOFT,23.367999999999995,False,False,5.0,6.0,1,McLaren,McLaren,0.11550000000011096,38,1,66.0,0.3787878787878788
barcelona,2021,4,RIC,PER,46,57,60,defend_behind,-0.6779999999998836,21.0,MEDIUM,SOFT,18.0,MEDIUM,23.367999999999995,False,False,6.0,5.0,0,McLaren,McLaren,0.11550000000011096,38,1,66.0,0.696969696969697
barcelona,2021,4,RUS,MSC,9,23,26,defend_behind,-2.050000000000182,9.0,SOFT,MEDIUM,8.0,SOFT,23.367999999999995,False,True,7.0,18.0,1,Williams,Williams,0.023500000000240107,38,1,66.0,0.13636363636363635
barcelona,2021,4,SAI,OCO,22,23,26,undercut_ahead,1.1350000000002185,25.0,SOFT,MEDIUM,24.0,SOFT,23.367999999999995,False,False,10.0,12.0,1,Ferrari,Ferrari,-0.08875000000011823,36,0,66.0,0.3333333333333333
barcelona,2021,4,SAI,NOR,22,23,26,defend_behind,-2.119999999999891,25.0,SOFT,MEDIUM,24.0,SOFT,23.367999999999995,False,False,10.0,13.0,1,Ferrari,Ferrari,-0.08875000000011823,36,0,66.0,0.3333333333333333
barcelona,2021,4,SAI,PER,46,57,60,undercut_ahead,2.1700000000000728,24.0,MEDIUM,SOFT,18.0,MEDIUM,23.367999999999995,False,False,7.0,5.0,0,Ferrari,Ferrari,-0.08875000000011823,36,1,66.0,0.696969696969697
barcelona,2021,4,STR,NOR,22,23,26,undercut_ahead,2.996999999999844,22.0,SOFT,MEDIUM,24.0,SOFT,23.367999999999995,False,False,14.0,13.0,0,Aston Martin,Aston Martin,-0.009999999999763531,41,1,66.0,0.3333333333333333
barcelona,2021,4,STR,ALO,39,61,64,defend_behind,-2.0109999999995125,17.0,MEDIUM,SOFT,17.0,MEDIUM,23.367999999999995,False,False,11.0,17.0,1,Aston Martin,Aston Martin,-0.009999999999763531,41,0,66.0,0.5909090909090909
barcelona,2021,4,VER,HAM,24,28,31,defend_behind,-0.8969999999999345,27.0,SOFT,MEDIUM,27.0,SOFT,23.367999999999995,False,False,1.0,2.0,1,Red Bull Racing,Red Bull Racing,-0.37750000000096406,47,1,66.0,0.36363636363636365
barcelona,2021,4,VET,ALO,21,61,64,undercut_ahead,1.2059999999996762,21.0,SOFT,MEDIUM,23.0,SOFT,23.367999999999995,False,False,13.0,17.0,1,Aston Martin,Aston Martin,-0.009999999999763531,41,1,66.0,0.3181818181818182
barcelona,2021,4,VET,RAI,21,37,40,defend_behind,-2.143000000000029,21.0,SOFT,MEDIUM,20.0,MEDIUM,23.367999999999995,False,False,16.0,15.0,0,Aston Martin,Aston Martin,-0.009999999999763531,41,1,66.0,0.3181818181818182
barcelona,2021,4,VET,ALO,38,61,64,undercut_ahead,1.1829999999999927,17.0,MEDIUM,SOFT,16.0,MEDIUM,23.367999999999995,False,False,13.0,17.0,1,Aston Martin,Aston Martin,-0.009999999999763531,41,1,66.0,0.5757575757575758
barcelona,2021,4,VET,GAS,38,47,50,defend_behind,-1.2429999999994834,17.0,MEDIUM,SOFT,19.0,MEDIUM,23.367999999999995,False,False,14.0,15.0,1,Aston Martin,Aston Martin,-0.009999999999763531,41,1,66.0,0.5757575757575758
barcelona,2022,6,ALB,STR,11,14,17,undercut_ahead,2.78400000000056,11.0,SOFT,MEDIUM,13.0,SOFT,23.367999999999995,True,False,18.0,17.0,0,Williams,Williams,0.2810000000006312,50,0,66.0,0.16666666666666666
barcelona,2022,6,ALB,LAT,11,12,15,defend_behind,-1.3239999999996144,11.0,SOFT,MEDIUM,10.0,SOFT,23.367999999999995,True,False,17.0,19.0,1,Williams,Williams,0.2810000000006312,50,0,66.0,0.16666666666666666
barcelona,2022,6,ALB,HAM,25,48,51,undercut_ahead,2.8779999999997017,14.0,MEDIUM,SOFT,2.0,MEDIUM,23.367999999999995,False,False,18.0,6.0,0,Williams,Williams,0.2810000000006312,50,0,66.0,0.3787878787878788
barcelona,2022,6,ALO,SAI,10,31,34,undercut_ahead,0.9510000000000218,10.0,SOFT,MEDIUM,12.0,SOFT,23.367999999999995,True,False,10.0,6.0,0,Alpine,Alpine,-0.040499999999610736,45,0,66.0,0.15151515151515152
barcelona,2022,6,ALO,GAS,10,29,32,defend_behind,-1.837000000000444,10.0,SOFT,MEDIUM,9.0,SOFT,23.367999999999995,True,False,11.0,14.0,1,Alpine,Alpine,-0.040499999999610736,45,0,66.0,0.15151515151515152
barcelona,2022,6,GAS,ALO,10,31,34,undercut_ahead,1.837000000000444,10.0,SOFT,MEDIUM,9.0,SOFT,23.367999999999995,False,False,14.0,10.0,0,AlphaTauri,AlphaTauri,-0.24375000000009095,52,0,66.0,0.15151515151515152
barcelona,2022,6,GAS,VET,10,21,24,defend_behind,-1.1850000000004002,10.0,SOFT,MEDIUM,12.0,SOFT,23.367999999999995,False,False,14.0,16.0,1,AlphaTauri,AlphaTauri,-0.24375000000009095,52,0,66.0,0.15151515151515152
barcelona,2022,6,GAS,VET,29,42,45,defend_behind,-0.5389999999997599,19.0,MEDIUM,SOFT,10.0,SOFT,23.367999999999995,False,False,14.0,13.0,0,AlphaTauri,AlphaTauri,-0.24375000000009095,52,0,66.0,0.4393939393939394
barcelona,2022,6,HAM,STR,22,27,30,defend_behind,-1.712999999999738,23.0,SOFT,MEDIUM,10.0,SOFT,23.367999999999995,False,False,12.0,15.0,1,Mercedes,Mercedes,-0.0020000000004074536,45,1,66.0,0.3333333333333333
barcelona,2022,6,MSC,RIC,30,31,34,defend_behind,-2.2849999999998545,21.0,SOFT,MEDIUM,21.0,SOFT,23.367999999999995,False,False,12.0,13.0,1,Haas F1 Team,Haas F1 Team,0.6865000000007058,39,0,66.0,0.45454545454545453
barcelona,2022,6,NOR,MSC,12,30,33,defend_behind,-2.5599999999994907,12.0,SOFT,MEDIUM,13.0,SOFT,23.367999999999995,False,False,6.0,12.0,1,McLaren,McLaren,-0.17475000000013097,52,1,66.0,0.18181818181818182
barcelona,2022,6,RUS,VER,13,28,31,defend_behind,-1.126999999999498,16.0,SOFT,MEDIUM,15.0,SOFT,23.367999999999995,False,False,2.0,3.0,1,Mercedes,Mercedes,-0.0020000000004074536,45,0,66.0,0.19696969696969696
barcelona,2022,6,SAI,TSU,10,11,14,undercut_ahead,0.6319999999996071,13.0,SOFT,MEDIUM,9.0,SOFT,23.367999999999995,True,False,8.0,11.0,1,Ferrari,Ferrari,-0.5029999999997017,37,0,66.0,0.15151515151515152
barcelona,2022,6,SAI,ALO,10,31,34,defend_behind,-0.9510000000000218,13.0,SOFT,MEDIUM,9.0,SOFT,23.367999999999995,True,False,6.0,10.0,1,Ferrari,Ferrari,-0.5029999999997017,37,0,66.0,0.15151515151515152
barcelona,2022,6,STR,GAS,27,29,32,undercut_ahead,0.4380000000001018,16.0,SOFT,MEDIUM,16.0,MEDIUM,23.367999999999995,True,False,15.0,14.0,0,Aston Martin,Aston Martin,-0.04449999999951615,47,0,66.0,0.4090909090909091
barcelona,2022,6,STR,VET,27,42,45,defend_behind,-2.373000000000502,16.0,SOFT,MEDIUM,8.0,SOFT,23.367999999999995,True,False,15.0,13.0,0,Aston Martin,Aston Martin,-0.04449999999951615,47,0,66.0,0.4090909090909091
barcelona,2022,6,TSU,RIC,11,31,34,undercut_ahead,0.2580000000007203,11.0,SOFT,MEDIUM,13.0,SOFT,23.367999999999995,True,False,11.0,13.0,1,AlphaTauri,AlphaTauri,-0.24375000000009095,52,1,66.0,0.16666666666666666
barcelona,2022,6,VER,RUS,13,36,39,undercut_ahead,1.126999999999498,16.0,SOFT,MEDIUM,15.0,SOFT,23.367999999999995,False,False,1.0,3.0,1,Red Bull Racing,Red Bull Racing,-0.4772499999999127,56,0,66.0,0.19696969696969696
barcelona,2022,6,VER,PER,13,17,20,defend_behind,-1.5590000000001965,16.0,SOFT,MEDIUM,15.0,SOFT,23.367999999999995,False,False,3.0,4.0,1,Red Bull Racing,Red Bull Racing,-0.4772499999999127,56,1,66.0,0.19696969696969696
barcelona,2022,6,VER,RUS,28,36,39,undercut_ahead,0.6359999999995125,15.0,MEDIUM,SOFT,14.0,MEDIUM,23.367999999999995,True,False,1.0,3.0,1,Red Bull Racing,Red Bull Racing,-0.4772499999999127,56,0,66.0,0.42424242424242425
barcelona,2022,6,VER,PER,28,37,40,defend_behind,-1.3580000000001746,15.0,MEDIUM,SOFT,10.0,MEDIUM,23.367999999999995,True,False,1.0,2.0,1,Red Bull Racing,Red Bull Racing,-0.4772499999999127,56,0,66.0,0.42424242424242425
barcelona,2022,6,VET,ALO,42,53,56,defend_behind,-0.7620000000006257,24.0,SOFT,MEDIUM,10.0,SOFT,23.367999999999995,False,False,12.0,9.0,0,Aston Martin,Aston Martin,-0.04449999999951615,47,1,66.0,0.6363636363636364
barcelona,2022,6,ZHO,VET,10,21,24,undercut_ahead,1.8429999999998472,10.0,SOFT,MEDIUM,12.0,SOFT,23.367999999999995,False,False,13.0,16.0,1,Alfa Romeo,Alfa Romeo,0.5190000000002328,39,0,66.0,0.15151515151515152
barcelona,2022,6,ZHO,STR,10,14,17,defend_behind,-1.5609999999996944,10.0,SOFT,MEDIUM,12.0,SOFT,23.367999999999995,False,False,15.0,17.0,1,Alfa Romeo,Alfa Romeo,0.5190000000002328,39,0,66.0,0.15151515151515152
barcelona,2023,7,ALB,STR,16,34,37,defend_behind,-1.4089999999996508,16.0,SOFT,HARD,4.0,SOFT,23.367999999999995,False,False,19.0,11.0,0,Williams,Williams,0.27400000000125146,48,0,66.0,0.24242424242424243
barcelona,2023,7,ALB,BOT,37,39,42,undercut_ahead,1.3679999999994834,21.0,HARD,MEDIUM,31.0,HARD,23.367999999999995,False,False,18.0,20.0,1,Williams,Williams,0.27400000000125146,48,0,66.0,0.5606060606060606
barcelona,2023,7,ALB,MAG,37,42,45,defend_behind,-0.98700000000008,21.0,HARD,MEDIUM,12.0,HARD,23.367999999999995,False,False,17.0,19.0,1,Williams,Williams,0.27400000000125146,48,0,66.0,0.5606060606060606
barcelona,2023,7,BOT,ALB,5,16,19,undercut_ahead,0.7689999999997781,5.0,SOFT,HARD,4.0,SOFT,23.367999999999995,True,False,16.0,19.0,1,Alfa Romeo,Alfa Romeo,0.4070000000001528,56,0,66.0,0.07575757575757576
barcelona,2023,7,BOT,LEC,5,16,19,defend_behind,-1.086999999999989,5.0,SOFT,HARD,4.0,HARD,23.367999999999995,True,False,16.0,17.0,1,Alfa Romeo,Alfa Romeo,0.4070000000001528,56,0,66.0,0.07575757575757576
barcelona,2023,7,DEV,GAS,9,19,22,undercut_ahead,0.4580000000005384,9.0,SOFT,HARD,11.0,SOFT,23.367999999999995,True,False,14.0,15.0,1,AlphaTauri,AlphaTauri,-0.2809999999981301,56,1,66.0,0.13636363636363635
barcelona,2023,7,DEV,LEC,9,16,19,defend_behind,-0.7699999999995271,9.0,SOFT,HARD,8.0,HARD,23.367999999999995,True,False,15.0,17.0,1,AlphaTauri,AlphaTauri,-0.2809999999981301,56,1,66.0,0.13636363636363635
barcelona,2023,7,GAS,SAI,19,41,44,defend_behind,-0.3389999999999418,22.0,SOFT,MEDIUM,3.0,MEDIUM,23.367999999999995,False,False,12.0,6.0,0,Alpine,Alpine,0.4069999999992433,51,1,66.0,0.2878787878787879
barcelona,2023,7,GAS,LEC,39,41,44,defend_behind,-2.951000000000022,20.0,MEDIUM,HARD,22.0,SOFT,23.367999999999995,False,False,12.0,13.0,1,Alpine,Alpine,0.4069999999992433,51,0,66.0,0.5909090909090909
barcelona,2023,7,HUL,TSU,8,10,13,undercut_ahead,1.1080000000001746,11.0,SOFT,MEDIUM,7.0,SOFT,23.367999999999995,False,False,14.0,16.0,1,Haas F1 Team,Haas F1 Team,0.2820000000001528,55,1,66.0,0.12121212121212122
barcelona,2023,7,HUL,PIA,8,17,20,defend_behind,-0.3689999999996871,11.0,SOFT,MEDIUM,9.0,SOFT,23.367999999999995,False,False,11.0,12.0,1,Haas F1 Team,Haas F1 Team,0.2820000000001528,55,1,66.0,0.12121212121212122
barcelona,2023,7,HUL,PIA,26,39,42,undercut_ahead,2.6940000000004147,18.0,MEDIUM,HARD,8.0,HARD,23.367999999999995,False,False,10.0,12.0,1,Haas F1 Team,Haas F1 Team,0.2820000000001528,55,0,66.0,0.3939393939393939
barcelona,2023,7,HUL,GAS,26,39,42,defend_behind,-0.8329999999996289,18.0,MEDIUM,HARD,6.0,MEDIUM,23.367999999999995,False,False,10.0,13.0,1,Haas F1 Team,Haas F1 Team,0.2820000000001528,55,0,66.0,0.3939393939393939
barcelona,2023,7,MAG,PIA,10,17,20,undercut_ahead,1.4340000000001965,10.0,SOFT,MEDIUM,11.0,SOFT,23.367999999999995,False,False,13.0,12.0,0,Haas F1 Team,Haas F1 Team,0.2820000000001528,55,1,66.0,0.15151515151515152
barcelona,2023,7,MAG,GAS,10,19,22,defend_behind,-0.4120000000002619,10.0,SOFT,MEDIUM,12.0,SOFT,23.367999999999995,False,False,13.0,15.0,1,Haas F1 Team,Haas F1 Team,0.2820000000001528,55,1,66.0,0.15151515151515152
barcelona,2023,7,MAG,GAS,24,39,42,defend_behind,-0.2409999999999854,14.0,MEDIUM,HARD,4.0,MEDIUM,23.367999999999995,False,False,17.0,13.0,0,Haas F1 Team,Haas F1 Team,0.2820000000001528,55,0,66.0,0.36363636363636365
barcelona,2023,7,NOR,BOT,22,39,42,undercut_ahead,1.8339999999998329,21.0,HARD,MEDIUM,16.0,HARD,23.367999999999995,False,False,16.0,20.0,1,McLaren,McLaren,-0.07900000000017826,57,0,66.0,0.3333333333333333
barcelona,2023,7,OCO,RUS,13,25,28,undercut_ahead,1.820999999999913,16.0,SOFT,MEDIUM,12.0,SOFT,23.367999999999995,False,False,6.0,4.0,0,Alpine,Alpine,0.4069999999992433,51,1,66.0,0.19696969696969696
barcelona,2023,7,OCO,ALO,13,19,22,defend_behind,-1.1700000000000728,16.0,SOFT,MEDIUM,15.0,SOFT,23.367999999999995,False,False,7.0,9.0,1,Alpine,Alpine,0.4069999999992433,51,1,66.0,0.19696969696969696
barcelona,2023,7,OCO,PER,35,50,53,undercut_ahead,2.036000000000058,22.0,MEDIUM,HARD,7.0,HARD,23.367999999999995,False,False,8.0,4.0,0,Alpine,Alpine,0.4069999999992433,51,1,66.0,0.5303030303030303
barcelona,2023,7,PIA,GAS,17,19,22,defend_behind,-1.5999999999994543,19.0,SOFT,HARD,19.0,SOFT,23.367999999999995,False,False,11.0,15.0,1,McLaren,McLaren,-0.07900000000017826,57,1,66.0,0.25757575757575757
barcelona,2023,7,SAI,HAM,15,24,27,defend_behind,-0.8280000000004293,18.0,SOFT,MEDIUM,17.0,SOFT,23.367999999999995,False,False,2.0,3.0,1,Ferrari,Ferrari,-0.42574999999987995,50,0,66.0,0.22727272727272727
barcelona,2023,7,SAR,OCO,17,35,38,undercut_ahead,0.9149999999999636,17.0,MEDIUM,HARD,3.0,MEDIUM,23.367999999999995,True,False,20.0,12.0,0,Williams,Williams,0.27400000000125146,48,0,66.0,0.25757575757575757
barcelona,2023,7,SAR,TSU,17,34,37,defend_behind,-0.4920000000001892,17.0,MEDIUM,HARD,6.0,HARD,23.367999999999995,True,False,20.0,12.0,0,Williams,Williams,0.27400000000125146,48,0,66.0,0.25757575757575757
barcelona,2023,7,STR,OCO,34,35,38,defend_behind,-2.0640000000003056,23.0,SOFT,HARD,20.0,MEDIUM,23.367999999999995,False,False,10.0,12.0,1,Aston Martin,Aston Martin,0.011999999999716238,50,0,66.0,0.5151515151515151
barcelona,2023,7,TSU,PER,10,27,30,undercut_ahead,2.255999999999404,10.0,SOFT,HARD,9.0,MEDIUM,23.367999999999995,False,False,7.0,9.0,1,AlphaTauri,AlphaTauri,-0.2809999999981301,56,1,66.0,0.15151515151515152
barcelona,2023,7,TSU,PIA,10,17,20,defend_behind,-2.3609999999998763,10.0,SOFT,HARD,11.0,SOFT,23.367999999999995,False,False,8.0,12.0,1,AlphaTauri,AlphaTauri,-0.2809999999981301,56,1,66.0,0.15151515151515152
barcelona,2023,7,TSU,PER,34,50,53,undercut_ahead,2.1700000000000728,24.0,HARD,MEDIUM,6.0,HARD,23.367999999999995,False,False,9.0,4.0,0,AlphaTauri,AlphaTauri,-0.2809999999981301,56,0,66.0,0.5151515151515151
barcelona,2023,7,TSU,ALO,34,44,47,defend_behind,-1.7899999999999636,24.0,HARD,MEDIUM,17.0,SOFT,23.367999999999995,False,False,8.0,10.0,1,AlphaTauri,AlphaTauri,-0.2809999999981301,56,0,66.0,0.5151515151515151
barcelona,2023,7,ZHO,ALO,9,19,22,undercut_ahead,0.7479999999995925,9.0,SOFT,HARD,11.0,SOFT,23.367999999999995,True,False,10.0,9.0,0,Alfa Romeo,Alfa Romeo,0.4070000000001528,56,1,66.0,0.13636363636363635
barcelona,2023,7,ZHO,PER,9,27,30,defend_behind,-0.3940000000002328,9.0,SOFT,HARD,8.0,MEDIUM,23.367999999999995,True,False,10.0,9.0,0,Alfa Romeo,Alfa Romeo,0.4070000000001528,56,1,66.0,0.13636363636363635
barcelona,2024,10,ALB,PER,18,31,34,undercut_ahead,2.71100000000024,18.0,MEDIUM,SOFT,7.0,SOFT,23.367999999999995,False,False,16.0,13.0,0,Williams,Williams,0.15499999999974534,49,0,66.0,0.2727272727272727
barcelona,2024,10,ALB,HUL,18,38,41,defend_behind,-0.2489999999997962,18.0,MEDIUM,SOFT,5.0,MEDIUM,23.367999999999995,False,False,15.0,14.0,0,Williams,Williams,0.15499999999974534,49,0,66.0,0.2727272727272727
barcelona,2024,10,ALO,GAS,19,38,41,defend_behind,-2.719000000000051,19.0,SOFT,MEDIUM,4.0,MEDIUM,23.367999999999995,False,False,10.0,9.0,0,Aston Martin,Aston Martin,0.060000000000172804,56,0,66.0,0.2878787878787879
barcelona,2024,10,BOT,ALO,28,45,48,undercut_ahead,1.7860000000000582,20.0,SOFT,HARD,9.0,MEDIUM,23.367999999999995,False,False,15.0,13.0,0,Kick Sauber,Kick Sauber,0.38599999999996726,55,0,66.0,0.42424242424242425
barcelona,2024,10,BOT,MAG,28,29,32,defend_behind,-2.582999999999629,20.0,SOFT,HARD,17.0,MEDIUM,23.367999999999995,False,False,18.0,20.0,1,Kick Sauber,Kick Sauber,0.38599999999996726,55,0,66.0,0.42424242424242425
barcelona,2024,10,GAS,PIA,14,21,24,defend_behind,-1.3659999999999854,17.0,SOFT,MEDIUM,16.0,SOFT,23.367999999999995,False,False,7.0,10.0,1,Alpine,Alpine,-0.08099999999967622,47,1,66.0,0.21212121212121213
barcelona,2024,10,HAM,NOR,16,23,26,undercut_ahead,1.5979999999999563,19.0,SOFT,MEDIUM,15.0,SOFT,23.367999999999995,False,False,3.0,5.0,1,Mercedes,Mercedes,-0.07200000000057116,51,1,66.0,0.24242424242424243
barcelona,2024,10,HAM,LEC,16,24,27,defend_behind,-1.347000000000662,19.0,SOFT,MEDIUM,15.0,SOFT,23.367999999999995,False,False,3.0,6.0,1,Mercedes,Mercedes,-0.07200000000057116,51,1,66.0,0.24242424242424243
barcelona,2024,10,HUL,OCO,12,13,16,undercut_ahead,2.63799999999992,12.0,SOFT,MEDIUM,14.0,SOFT,23.367999999999995,False,False,15.0,10.0,0,Haas F1 Team,Haas F1 Team,0.35299999999961074,51,1,66.0,0.18181818181818182
barcelona,2024,10,HUL,PER,12,13,16,defend_behind,-0.568000000000211,12.0,SOFT,MEDIUM,14.0,SOFT,23.367999999999995,False,False,15.0,14.0,0,Haas F1 Team,Haas F1 Team,0.35299999999961074,51,1,66.0,0.18181818181818182
barcelona,2024,10,HUL,PER,38,49,52,defend_behind,-2.324999999999818,26.0,MEDIUM,HARD,6.0,MEDIUM,23.367999999999995,False,False,11.0,9.0,0,Haas F1 Team,Haas F1 Team,0.35299999999961074,51,0,66.0,0.5757575757575758
barcelona,2024,10,MAG,ALO,10,19,22,undercut_ahead,0.5239999999994325,10.0,SOFT,MEDIUM,9.0,SOFT,23.367999999999995,True,False,15.0,16.0,1,Haas F1 Team,Haas F1 Team,0.35299999999961074,51,1,66.0,0.15151515151515152
barcelona,2024,10,MAG,RIC,29,42,45,defend_behind,-1.1270000000004077,19.0,MEDIUM,HARD,12.0,MEDIUM,23.367999999999995,False,False,16.0,17.0,1,Haas F1 Team,Haas F1 Team,0.35299999999961074,51,0,66.0,0.4393939393939394
barcelona,2024,10,OCO,PIA,13,21,24,undercut_ahead,2.893000000000029,16.0,SOFT,MEDIUM,15.0,SOFT,23.367999999999995,False,False,8.0,10.0,1,Alpine,Alpine,-0.08099999999967622,47,0,66.0,0.19696969696969696
barcelona,2024,10,PER,OCO,31,37,40,defend_behind,-1.3410000000003492,21.0,SOFT,MEDIUM,17.0,MEDIUM,23.367999999999995,False,False,8.0,12.0,1,Red Bull Racing,Red Bull Racing,-0.2855000000001837,52,0,66.0,0.4696969696969697
barcelona,2024,10,PIA,VER,21,44,47,defend_behind,-1.16399999999976,24.0,SOFT,MEDIUM,3.0,MEDIUM,23.367999999999995,False,False,8.0,2.0,0,McLaren,McLaren,-0.14574999999990723,52,1,66.0,0.3181818181818182
barcelona,2024,10,RUS,NOR,15,23,26,defend_behind,-1.26299999999992,18.0,SOFT,MEDIUM,14.0,SOFT,23.367999999999995,False,False,2.0,5.0,1,Mercedes,Mercedes,-0.07200000000057116,51,1,66.0,0.22727272727272727
barcelona,2024,10,RUS,NOR,36,47,50,undercut_ahead,1.0979999999999563,21.0,MEDIUM,HARD,12.0,MEDIUM,23.367999999999995,False,False,3.0,2.0,0,Mercedes,Mercedes,-0.07200000000057116,51,1,66.0,0.5454545454545454
barcelona,2024,10,RUS,HAM,36,43,46,defend_behind,-0.5349999999998545,21.0,MEDIUM,HARD,19.0,MEDIUM,23.367999999999995,False,False,4.0,5.0,1,Mercedes,Mercedes,-0.07200000000057116,51,1,66.0,0.5454545454545454
barcelona,2024,10,SAI,HAM,15,16,19,undercut_ahead,0.7580000000007203,15.0,SOFT,MEDIUM,17.0,SOFT,23.367999999999995,True,False,7.0,6.0,0,Ferrari,Ferrari,-0.19399999999995998,51,1,66.0,0.22727272727272727
barcelona,2024,10,SAI,LEC,15,24,27,defend_behind,-0.8629999999993743,15.0,SOFT,MEDIUM,14.0,SOFT,23.367999999999995,True,False,5.0,6.0,1,Ferrari,Ferrari,-0.19399999999995998,51,1,66.0,0.22727272727272727
barcelona,2024,10,SAI,LEC,36,47,50,defend_behind,-1.315000000000509,21.0,MEDIUM,HARD,11.0,MEDIUM,23.367999999999995,False,False,5.0,6.0,1,Ferrari,Ferrari,-0.19399999999995998,51,0,66.0,0.5454545454545454
barcelona,2024,10,SAR,ALB,14,18,21,undercut_ahead,2.157000000000153,14.0,SOFT,MEDIUM,13.0,MEDIUM,23.367999999999995,False,False,19.0,20.0,1,Williams,Williams,0.15499999999974534,49,0,66.0,0.21212121212121213
barcelona,2024,10,SAR,TSU,34,44,47,defend_behind,-1.8870000000006255,20.0,MEDIUM,HARD,6.0,HARD,23.367999999999995,False,False,19.0,20.0,1,Williams,Williams,0.15499999999974534,49,0,66.0,0.5151515151515151
barcelona,2024,10,STR,RUS,17,36,39,defend_behind,-1.3270000000002256,17.0,SOFT,MEDIUM,1.0,MEDIUM,23.367999999999995,False,False,17.0,6.0,0,Aston Martin,Aston Martin,0.060000000000172804,56,1,66.0,0.25757575757575757
barcelona,2024,10,STR,ZHO,37,41,44,undercut_ahead,2.193000000000211,21.0,MEDIUM,HARD,27.0,MEDIUM,23.367999999999995,False,False,14.0,13.0,0,Aston Martin,Aston Martin,0.060000000000172804,56,0,66.0,0.5606060606060606
barcelona,2024,10,STR,ALO,37,45,48,defend_behind,-0.9979999999995924,21.0,MEDIUM,HARD,18.0,MEDIUM,23.367999999999995,False,False,14.0,13.0,0,Aston Martin,Aston Martin,0.060000000000172804,56,0,66.0,0.5606060606060606
barcelona,2024,10,TSU,ZHO,9,41,44,undercut_ahead,1.4580000000000837,9.0,SOFT,MEDIUM,8.0,SOFT,23.367999999999995,False,False,18.0,13.0,0,RB,RB,-0.17949999999973443,44,0,66.0,0.13636363636363635
barcelona,2024,10,TSU,RIC,9,16,19,defend_behind,-0.7549999999996544,9.0,SOFT,MEDIUM,8.0,SOFT,23.367999999999995,False,False,17.0,18.0,1,RB,RB,-0.17949999999973443,44,0,66.0,0.13636363636363635
barcelona,2024,10,TSU,ALB,27,43,46,defend_behind,-1.725999999999658,18.0,MEDIUM,HARD,8.0,SOFT,23.367999999999995,False,False,20.0,18.0,0,RB,RB,-0.17949999999973443,44,0,66.0,0.4090909090909091
barcelona,2024,10,ZHO,MAG,9,10,13,undercut_ahead,1.393000000000029,9.0,SOFT,MEDIUM,8.0,SOFT,23.367999999999995,False,False,17.0,19.0,1,Kick Sauber,Kick Sauber,0.38599999999996726,55,0,66.0,0.13636363636363635
barcelona,2024,10,ZHO,TSU,9,27,30,defend_behind,-1.4580000000000837,9.0,SOFT,MEDIUM,8.0,SOFT,23.367999999999995,False,False,12.0,19.0,1,Kick Sauber,Kick Sauber,0.38599999999996726,55,0,66.0,0.13636363636363635
barcelona,2024,10,ZHO,ALO,41,45,48,defend_behind,-1.856999999999971,32.0,MEDIUM,HARD,22.0,MEDIUM,23.367999999999995,False,False,12.0,13.0,1,Kick Sauber,Kick Sauber,0.38599999999996726,55,1,66.0,0.6212121212121212
barcelona,2025,9,ALO,BOR,15,19,22,undercut_ahead,2.475999999999658,17.0,SOFT,MEDIUM,17.0,SOFT,23.367999999999995,False,False,15.0,18.0,1,Aston Martin,Aston Martin,0.1950000000001637,50,1,66.0,0.22727272727272727
barcelona,2025,9,ALO,OCO,15,20,23,defend_behind,-0.7979999999997744,17.0,SOFT,MEDIUM,14.0,SOFT,23.367999999999995,False,False,15.0,19.0,1,Aston Martin,Aston Martin,0.1950000000001637,50,1,66.0,0.22727272727272727
barcelona,2025,9,ALO,BOR,42,49,52,defend_behind,-2.167000000000371,28.0,MEDIUM,SOFT,22.0,MEDIUM,23.367999999999995,False,False,12.0,17.0,1,Aston Martin,Aston Martin,0.1950000000001637,50,1,66.0,0.6363636363636364
barcelona,2025,9,BEA,LAW,8,18,21,undercut_ahead,1.3909999999996217,8.0,SOFT,MEDIUM,7.0,SOFT,23.367999999999995,False,False,11.0,14.0,1,Haas F1 Team,Haas F1 Team,0.5172499999998763,42,0,66.0,0.12121212121212122
barcelona,2025,9,BEA,OCO,8,20,23,defend_behind,-0.9180000000005748,8.0,SOFT,MEDIUM,7.0,SOFT,23.367999999999995,False,False,11.0,19.0,1,Haas F1 Team,Haas F1 Team,0.5172499999998763,42,0,66.0,0.12121212121212122
barcelona,2025,9,BEA,SAI,54,55,58,defend_behind,-1.9749999999994543,19.0,MEDIUM,SOFT,19.0,MEDIUM,23.367999999999995,False,True,14.0,16.0,1,Haas F1 Team,Haas F1 Team,0.5172499999998763,42,1,66.0,0.8181818181818182
barcelona,2025,9,BOR,OCO,19,20,23,defend_behind,-1.5929999999998472,22.0,SOFT,MEDIUM,18.0,SOFT,23.367999999999995,False,False,18.0,19.0,1,Kick Sauber,Kick Sauber,-0.047999999999774445,41,0,66.0,0.2878787878787879
barcelona,2025,9,BOR,HUL,49,56,59,undercut_ahead,2.480000000000473,30.0,MEDIUM,SOFT,3.0,SOFT,23.367999999999995,False,True,12.0,8.0,0,Kick Sauber,Kick Sauber,-0.047999999999774445,41,0,66.0,0.7424242424242424
barcelona,2025,9,BOR,GAS,49,55,58,defend_behind,-0.931999999999789,30.0,MEDIUM,SOFT,17.0,MEDIUM,23.367999999999995,False,True,12.0,9.0,0,Kick Sauber,Kick Sauber,-0.047999999999774445,41,0,66.0,0.7424242424242424
barcelona,2025,9,COL,OCO,14,20,23,undercut_ahead,2.9729999999999563,14.0,SOFT,MEDIUM,13.0,SOFT,23.367999999999995,False,False,17.0,19.0,1,Alpine,Alpine,0.2495000000001255,46,1,66.0,0.21212121212121213
barcelona,2025,9,HAD,HAM,48,55,58,undercut_ahead,2.91399999999976,29.0,MEDIUM,SOFT,4.0,SOFT,23.367999999999995,False,True,7.0,6.0,0,Racing Bulls,Racing Bulls,-0.18699999999989814,41,0,66.0,0.7272727272727273
barcelona,2025,9,HAM,RUS,16,20,23,defend_behind,-1.7420000000001892,19.0,SOFT,MEDIUM,18.0,SOFT,23.367999999999995,False,False,5.0,6.0,1,Ferrari,Ferrari,-0.24724999999943975,46,0,66.0,0.24242424242424243
barcelona,2025,9,HUL,HAD,9,19,22,undercut_ahead,0.6649999999999636,9.0,SOFT,MEDIUM,11.0,SOFT,23.367999999999995,True,False,9.0,10.0,1,Kick Sauber,Kick Sauber,-0.047999999999774445,41,0,66.0,0.13636363636363635
barcelona,2025,9,HUL,ALO,9,15,18,defend_behind,-1.1279999999997017,9.0,SOFT,MEDIUM,10.0,SOFT,23.367999999999995,True,False,13.0,17.0,1,Kick Sauber,Kick Sauber,-0.047999999999774445,41,0,66.0,0.13636363636363635
barcelona,2025,9,OCO,GAS,20,31,34,undercut_ahead,1.9350000000004,20.0,SOFT,MEDIUM,12.0,SOFT,23.367999999999995,False,False,14.0,17.0,1,Haas F1 Team,Haas F1 Team,0.5172499999998763,42,0,66.0,0.30303030303030304
barcelona,2025,9,OCO,HUL,20,45,48,defend_behind,-0.2919999999994616,20.0,SOFT,MEDIUM,10.0,MEDIUM,23.367999999999995,False,False,17.0,9.0,0,Haas F1 Team,Haas F1 Team,0.5172499999998763,42,0,66.0,0.30303030303030304
barcelona,2025,9,RUS,VER,20,29,32,undercut_ahead,1.558999999999287,23.0,SOFT,MEDIUM,6.0,SOFT,23.367999999999995,False,False,6.0,4.0,0,Mercedes,Mercedes,-0.08674999999902866,48,0,66.0,0.30303030303030304
barcelona,2025,9,RUS,HAM,41,46,49,undercut_ahead,1.8910000000005311,21.0,MEDIUM,SOFT,24.0,MEDIUM,23.367999999999995,False,False,5.0,6.0,1,Mercedes,Mercedes,-0.08674999999902866,48,0,66.0,0.6212121212121212
barcelona,2025,9,SAI,BOR,34,49,52,defend_behind,-0.4329999999999927,25.0,SOFT,MEDIUM,14.0,MEDIUM,23.367999999999995,False,False,14.0,17.0,1,Williams,Williams,0.0014999999998508429,46,0,66.0,0.5151515151515151
barcelona,2025,9,TSU,COL,8,14,17,undercut_ahead,0.7799999999997453,8.0,MEDIUM,SOFT,7.0,SOFT,23.367999999999995,True,False,15.0,18.0,1,Red Bull Racing,Red Bull Racing,-0.06900000000041473,45,1,66.0,0.12121212121212122
barcelona,2026,7,ALB,BOR,13,15,18,undercut_ahead,1.5250000000005457,13.0,MEDIUM,HARD,12.0,MEDIUM,23.367999999999995,False,False,19.0,17.0,0,Williams,Williams,0.06700000000000728,29,1,66.0,0.19696969696969696
barcelona,2026,7,BEA,HAD,18,32,35,undercut_ahead,0.8980000000001382,18.0,MEDIUM,HARD,2.0,HARD,23.367999999999995,True,False,13.0,8.0,0,Haas F1 Team,Haas F1 Team,0.4760000000005675,19,1,66.0,0.2727272727272727
barcelona,2026,7,BEA,LAW,18,35,38,defend_behind,-1.2489999999997965,18.0,MEDIUM,HARD,6.0,HARD,23.367999999999995,True,False,12.0,11.0,0,Haas F1 Team,Haas F1 Team,0.4760000000005675,19,1,66.0,0.2727272727272727
barcelona,2026,7,BOR,BEA,15,18,21,undercut_ahead,1.6989999999996144,15.0,MEDIUM,HARD,14.0,MEDIUM,23.367999999999995,False,False,16.0,18.0,1,Audi,Audi,0.0,23,1,66.0,0.22727272727272727
barcelona,2026,7,COL,LIN,12,22,25,undercut_ahead,1.3489999999992506,12.0,SOFT,HARD,11.0,MEDIUM,23.367999999999995,False,False,12.0,16.0,1,Alpine,Alpine,0.0,23,1,66.0,0.18181818181818182
barcelona,2026,7,COL,GAS,12,14,17,defend_behind,-0.9020000000000435,12.0,SOFT,HARD,11.0,MEDIUM,23.367999999999995,False,False,13.0,14.0,1,Alpine,Alpine,0.0,23,1,66.0,0.18181818181818182
barcelona,2026,7,GAS,LIN,14,22,25,undercut_ahead,1.655999999999949,14.0,MEDIUM,HARD,13.0,MEDIUM,23.367999999999995,False,False,11.0,16.0,1,Alpine,Alpine,0.0,23,0,66.0,0.21212121212121213
barcelona,2026,7,HAD,VER,15,29,32,undercut_ahead,1.7409999999999854,15.0,MEDIUM,HARD,2.0,MEDIUM,23.367999999999995,False,False,8.0,7.0,0,Red Bull Racing,Red Bull Racing,-0.054500000000189175,22,1,66.0,0.22727272727272727
barcelona,2026,7,HAM,ANT,11,14,17,defend_behind,-2.1410000000000764,13.0,SOFT,HARD,10.0,MEDIUM,23.367999999999995,False,False,2.0,3.0,1,Ferrari,Ferrari,-0.23250000000007276,22,0,66.0,0.16666666666666666
barcelona,2026,7,HAM,RUS,27,36,39,undercut_ahead,2.837999999999738,16.0,HARD,MEDIUM,14.0,HARD,23.367999999999995,False,False,1.0,2.0,1,Ferrari,Ferrari,-0.23250000000007276,22,1,66.0,0.4090909090909091
barcelona,2026,7,HAM,ANT,27,37,40,defend_behind,-1.532999999999447,16.0,HARD,MEDIUM,12.0,HARD,23.367999999999995,False,True,1.0,3.0,1,Ferrari,Ferrari,-0.23250000000007276,22,1,66.0,0.4090909090909091
barcelona,2026,7,HUL,HAD,13,15,18,defend_behind,-1.143000000000029,13.0,SOFT,HARD,12.0,MEDIUM,23.367999999999995,False,False,11.0,9.0,0,Audi,Audi,0.0,23,0,66.0,0.19696969696969696
barcelona,2026,7,LAW,HUL,11,13,16,defend_behind,-1.1759999999999309,11.0,MEDIUM,HARD,10.0,SOFT,23.367999999999995,False,False,10.0,12.0,1,Racing Bulls,Racing Bulls,0.057999999999992724,21,1,66.0,0.16666666666666666
barcelona,2026,7,NOR,ANT,13,14,17,undercut_ahead,2.1350000000002183,13.0,MEDIUM,HARD,12.0,MEDIUM,23.367999999999995,False,False,4.0,3.0,0,McLaren,McLaren,-0.26050000000032014,23,0,66.0,0.19696969696969696
barcelona,2026,7,OCO,BEA,13,18,21,defend_behind,-0.97400000000016,13.0,SOFT,HARD,12.0,MEDIUM,23.367999999999995,False,False,15.0,18.0,1,Haas F1 Team,Haas F1 Team,0.4760000000005675,19,1,66.0,0.19696969696969696
barcelona,2026,7,PER,ALB,12,13,16,undercut_ahead,2.480999999999767,12.0,SOFT,HARD,11.0,MEDIUM,23.367999999999995,False,False,20.0,18.0,0,Cadillac,Cadillac,1.1917499999995016,18,0,66.0,0.18181818181818182
barcelona,2026,7,VER,LEC,12,16,19,defend_behind,-0.5619999999998981,15.0,SOFT,MEDIUM,11.0,MEDIUM,23.367999999999995,False,False,5.0,6.0,1,Red Bull Racing,Red Bull Racing,-0.054500000000189175,22,1,66.0,0.18181818181818182
barcelona,2026,7,VER,LEC,29,39,42,defend_behind,-1.5739999999996144,17.0,MEDIUM,HARD,12.0,HARD,23.367999999999995,False,True,5.0,6.0,1,Red Bull Racing,Red Bull Racing,-0.054500000000189175,22,0,66.0,0.4393939393939394
budapest,2018,12,BOT,VET,15,39,42,defend_behind,-1.5920000000000982,14.0,ULTRASOFT,SOFT,13.0,SOFT,22.373500000000007,False,False,2.0,3.0,1,Mercedes,Mercedes,-0.28500000000030923,29,0,70.0,0.21428571428571427
budapest,2018,12,ERI,SIR,6,31,34,undercut_ahead,1.1089999999999236,5.0,ULTRASOFT,MEDIUM,4.0,SOFT,22.373500000000007,False,True,17.0,18.0,1,Sauber,Sauber,-0.10650000000055115,19,0,70.0,0.08571428571428572
budapest,2018,12,ERI,STR,6,47,50,defend_behind,-1.1900000000000546,5.0,ULTRASOFT,MEDIUM,4.0,MEDIUM,22.373500000000007,False,True,15.0,17.0,1,Sauber,Sauber,-0.10650000000055115,19,0,70.0,0.08571428571428572
budapest,2018,12,HAR,GRO,24,29,32,defend_behind,-2.599999999999909,23.0,ULTRASOFT,MEDIUM,22.0,ULTRASOFT,22.373500000000007,False,False,13.0,12.0,0,Toro Rosso,Toro Rosso,0.04450000000019827,23,1,70.0,0.34285714285714286
budapest,2018,12,HUL,HAR,23,24,27,undercut_ahead,1.5729999999998654,22.0,SOFT,MEDIUM,21.0,ULTRASOFT,22.373500000000007,False,False,14.0,13.0,0,Renault,Renault,0.6220000000002983,21,0,70.0,0.32857142857142857
budapest,2018,12,HUL,GRO,23,29,32,defend_behind,-1.1440000000002328,22.0,SOFT,MEDIUM,21.0,ULTRASOFT,22.373500000000007,False,False,14.0,12.0,0,Renault,Renault,0.6220000000002983,21,0,70.0,0.32857142857142857
budapest,2018,12,PER,OCO,22,39,42,undercut_ahead,1.7770000000000437,21.0,ULTRASOFT,SOFT,20.0,SOFT,22.373500000000007,False,False,15.0,14.0,0,Force India,Force India,0.32549999999991996,14,0,70.0,0.3142857142857143
budapest,2018,12,RAI,VET,14,39,42,undercut_ahead,2.0109999999999677,13.0,ULTRASOFT,SOFT,12.0,SOFT,22.373500000000007,False,False,5.0,3.0,0,Ferrari,Ferrari,-0.22625000000005002,26,0,70.0,0.2
budapest,2019,12,ALB,HUL,28,36,39,undercut_ahead,1.243000000000393,28.0,MEDIUM,HARD,27.0,MEDIUM,22.373500000000007,False,False,13.0,14.0,1,Toro Rosso,Toro Rosso,0.05900000000019645,31,0,70.0,0.4
budapest,2019,12,BOT,SAI,5,29,32,defend_behind,-1.3049999999998363,8.0,MEDIUM,HARD,7.0,SOFT,22.373500000000007,False,False,11.0,5.0,0,Mercedes,Mercedes,-0.2490000000004784,36,0,70.0,0.07142857142857142
budapest,2019,12,GAS,RAI,28,29,32,undercut_ahead,1.2479999999995923,31.0,MEDIUM,HARD,30.0,SOFT,22.373500000000007,False,False,6.0,8.0,1,Red Bull Racing,Red Bull Racing,-0.16499999999996362,36,0,70.0,0.4
budapest,2019,12,GIO,STR,15,16,19,undercut_ahead,1.611000000000331,15.0,MEDIUM,HARD,14.0,MEDIUM,22.373500000000007,False,False,19.0,18.0,0,Alfa Romeo Racing,Alfa Romeo Racing,0.44699999999988904,42,0,70.0,0.21428571428571427
budapest,2019,12,GRO,HUL,19,36,39,defend_behind,-1.1839999999997417,22.0,SOFT,HARD,18.0,MEDIUM,22.373500000000007,False,False,16.0,14.0,0,Haas F1 Team,Haas F1 Team,0.2179999999989377,35,0,70.0,0.2714285714285714
budapest,2019,12,KVY,HUL,21,36,39,undercut_ahead,2.900000000000091,21.0,MEDIUM,HARD,20.0,MEDIUM,22.373500000000007,False,False,12.0,14.0,1,Toro Rosso,Toro Rosso,0.05900000000019645,31,1,70.0,0.3
budapest,2019,12,KVY,ALB,21,28,31,defend_behind,-1.639999999999873,21.0,MEDIUM,HARD,20.0,MEDIUM,22.373500000000007,False,False,14.0,15.0,1,Toro Rosso,Toro Rosso,0.05900000000019645,31,1,70.0,0.3
budapest,2019,12,LEC,VET,27,39,42,defend_behind,-1.22400000000016,30.0,MEDIUM,HARD,29.0,MEDIUM,22.373500000000007,False,False,3.0,4.0,1,Ferrari,Ferrari,-0.08799999999973807,43,0,70.0,0.38571428571428573
budapest,2019,12,MAG,RIC,38,46,49,defend_behind,-1.665999999999258,38.0,MEDIUM,SOFT,37.0,HARD,22.373500000000007,False,False,14.0,15.0,1,Haas F1 Team,Haas F1 Team,0.2179999999989377,35,0,70.0,0.5428571428571428
budapest,2019,12,NOR,RAI,28,29,32,defend_behind,-1.1010000000005675,31.0,SOFT,HARD,30.0,SOFT,22.373500000000007,False,False,10.0,8.0,0,McLaren,McLaren,-0.26599999999962165,33,1,70.0,0.4
budapest,2019,12,PER,HUL,18,36,39,undercut_ahead,1.0949999999998,18.0,MEDIUM,HARD,17.0,MEDIUM,22.373500000000007,False,False,11.0,14.0,1,Racing Point,Racing Point,0.1320000000005166,37,0,70.0,0.2571428571428571
budapest,2019,12,PER,ALB,18,28,31,defend_behind,-1.1579999999999018,18.0,MEDIUM,HARD,17.0,MEDIUM,22.373500000000007,False,False,13.0,15.0,1,Racing Point,Racing Point,0.1320000000005166,37,0,70.0,0.2571428571428571
budapest,2019,12,RUS,STR,16,50,53,defend_behind,-1.163000000000011,16.0,MEDIUM,HARD,15.0,MEDIUM,22.373500000000007,False,False,16.0,18.0,1,Williams,Williams,-0.25200000000040745,35,0,70.0,0.22857142857142856
budapest,2019,12,VER,HAM,25,31,34,defend_behind,-1.2789999999999964,28.0,MEDIUM,HARD,27.0,MEDIUM,22.373500000000007,False,False,1.0,2.0,1,Red Bull Racing,Red Bull Racing,-0.16499999999996362,36,0,70.0,0.35714285714285715
budapest,2020,3,ALB,LAT,3,4,7,undercut_ahead,0.6109999999998763,3.0,INTERMEDIATE,MEDIUM,2.0,INTERMEDIATE,22.373500000000007,True,True,9.0,20.0,1,Red Bull Racing,Red Bull Racing,-0.5859999999993306,25,1,70.0,0.04285714285714286
budapest,2020,3,ALB,PER,34,35,38,defend_behind,-2.696999999999207,31.0,MEDIUM,HARD,35.0,MEDIUM,22.373500000000007,False,False,8.0,10.0,1,Red Bull Racing,Red Bull Racing,-0.5859999999993306,25,0,70.0,0.4857142857142857
budapest,2020,3,BOT,LEC,2,20,23,undercut_ahead,0.6440000000002328,2.0,INTERMEDIATE,MEDIUM,1.0,INTERMEDIATE,22.373500000000007,True,True,4.0,15.0,1,Mercedes,Mercedes,0.0,27,0,70.0,0.02857142857142857
budapest,2020,3,BOT,PER,2,3,6,defend_behind,-1.5369999999998072,2.0,INTERMEDIATE,MEDIUM,1.0,INTERMEDIATE,22.373500000000007,True,True,7.0,10.0,1,Mercedes,Mercedes,0.0,27,0,70.0,0.02857142857142857
budapest,2020,3,GAS,NOR,3,4,7,defend_behind,-1.7089999999998329,3.0,INTERMEDIATE,SOFT,2.0,INTERMEDIATE,22.373500000000007,True,True,14.0,18.0,1,AlphaTauri,AlphaTauri,0.08175000000005639,24,1,70.0,0.04285714285714286
budapest,2020,3,GIO,RUS,4,19,22,undercut_ahead,2.955000000000382,4.0,INTERMEDIATE,SOFT,3.0,INTERMEDIATE,22.373500000000007,False,True,18.0,17.0,0,Alfa Romeo Racing,Alfa Romeo Racing,-0.12499999999931788,20,0,70.0,0.05714285714285714
budapest,2020,3,GIO,MAG,4,35,38,defend_behind,-0.211999999999989,4.0,INTERMEDIATE,SOFT,3.0,MEDIUM,22.373500000000007,False,True,18.0,9.0,0,Alfa Romeo Racing,Alfa Romeo Racing,-0.12499999999931788,20,0,70.0,0.05714285714285714
budapest,2020,3,GRO,SAI,34,40,43,defend_behind,-0.5070000000005166,34.0,MEDIUM,HARD,30.0,MEDIUM,22.373500000000007,False,True,13.0,11.0,0,Haas F1 Team,Haas F1 Team,0.9259999999999309,23,0,70.0,0.4857142857142857
budapest,2020,3,KVY,RAI,18,33,36,defend_behind,-0.4479999999998654,17.0,SOFT,HARD,14.0,MEDIUM,22.373500000000007,False,False,12.0,17.0,1,AlphaTauri,AlphaTauri,0.08175000000005639,24,0,70.0,0.2571428571428571
budapest,2020,3,LAT,RIC,3,4,7,undercut_ahead,0.9389999999998508,3.0,INTERMEDIATE,SOFT,2.0,INTERMEDIATE,22.373500000000007,True,True,20.0,11.0,0,Williams,Williams,-0.012500000000045475,28,0,70.0,0.04285714285714286
budapest,2020,3,LAT,ALB,3,34,37,defend_behind,-0.6109999999998763,3.0,INTERMEDIATE,SOFT,2.0,INTERMEDIATE,22.373500000000007,True,True,19.0,8.0,0,Williams,Williams,-0.012500000000045475,28,0,70.0,0.04285714285714286
budapest,2020,3,LAT,NOR,4,35,38,undercut_ahead,0.3469999999997526,1.0,SOFT,MEDIUM,3.0,INTERMEDIATE,22.373500000000007,True,True,19.0,15.0,0,Williams,Williams,-0.012500000000045475,28,0,70.0,0.05714285714285714
budapest,2020,3,LAT,RUS,4,19,22,defend_behind,-1.7100000000000364,1.0,SOFT,MEDIUM,3.0,INTERMEDIATE,22.373500000000007,True,True,19.0,17.0,0,Williams,Williams,-0.012500000000045475,28,0,70.0,0.05714285714285714
budapest,2020,3,LEC,VET,2,3,6,undercut_ahead,1.0070000000000618,2.0,INTERMEDIATE,SOFT,1.0,INTERMEDIATE,22.373500000000007,False,True,6.0,8.0,1,Ferrari,Ferrari,0.17799999999988358,21,1,70.0,0.02857142857142857
budapest,2020,3,LEC,BOT,2,33,36,defend_behind,-0.6440000000002328,2.0,INTERMEDIATE,SOFT,1.0,INTERMEDIATE,22.373500000000007,False,True,11.0,3.0,0,Ferrari,Ferrari,0.17799999999988358,21,1,70.0,0.02857142857142857
budapest,2020,3,LEC,VET,20,29,32,undercut_ahead,2.809999999999945,21.0,SOFT,HARD,16.0,MEDIUM,22.373500000000007,False,False,13.0,11.0,0,Ferrari,Ferrari,0.17799999999988358,21,0,70.0,0.2857142857142857
budapest,2020,3,LEC,PER,20,35,38,defend_behind,-0.6359999999999673,21.0,SOFT,HARD,21.0,MEDIUM,22.373500000000007,False,False,11.0,10.0,0,Ferrari,Ferrari,0.17799999999988358,21,0,70.0,0.2857142857142857
budapest,2020,3,NOR,OCO,4,31,34,undercut_ahead,2.371999999999844,4.0,INTERMEDIATE,MEDIUM,3.0,INTERMEDIATE,22.373500000000007,False,True,13.0,15.0,1,McLaren,McLaren,0.01900000000023283,23,1,70.0,0.05714285714285714
budapest,2020,3,NOR,RUS,4,19,22,defend_behind,-2.056999999999789,4.0,INTERMEDIATE,MEDIUM,3.0,INTERMEDIATE,22.373500000000007,False,True,14.0,17.0,1,McLaren,McLaren,0.01900000000023283,23,0,70.0,0.05714285714285714
budapest,2020,3,OCO,NOR,4,35,38,defend_behind,-2.371999999999844,4.0,INTERMEDIATE,MEDIUM,3.0,INTERMEDIATE,22.373500000000007,False,True,14.0,15.0,1,Renault,Renault,-0.10424999999963802,18,1,70.0,0.05714285714285714
budapest,2020,3,OCO,NOR,31,35,38,defend_behind,-1.4070000000001528,27.0,MEDIUM,HARD,26.0,MEDIUM,22.373500000000007,False,False,14.0,15.0,1,Renault,Renault,-0.10424999999963802,18,1,70.0,0.44285714285714284
budapest,2020,3,PER,SAI,3,40,43,defend_behind,-1.311999999999898,3.0,INTERMEDIATE,MEDIUM,2.0,INTERMEDIATE,22.373500000000007,False,True,8.0,11.0,1,Racing Point,Racing Point,-0.055749999999989086,16,1,70.0,0.04285714285714286
budapest,2020,3,RAI,OCO,3,4,7,undercut_ahead,1.4899999999997815,3.0,INTERMEDIATE,MEDIUM,2.0,INTERMEDIATE,22.373500000000007,False,True,15.0,16.0,1,Alfa Romeo Racing,Alfa Romeo Racing,-0.12499999999931788,20,1,70.0,0.04285714285714286
budapest,2020,3,RAI,RUS,3,4,7,defend_behind,-0.86200000000008,3.0,INTERMEDIATE,MEDIUM,2.0,INTERMEDIATE,22.373500000000007,False,True,15.0,17.0,1,Alfa Romeo Racing,Alfa Romeo Racing,-0.12499999999931788,20,1,70.0,0.04285714285714286
budapest,2020,3,RUS,NOR,4,35,38,undercut_ahead,2.056999999999789,4.0,INTERMEDIATE,SOFT,3.0,INTERMEDIATE,22.373500000000007,True,True,16.0,15.0,0,Williams,Williams,-0.012500000000045475,28,0,70.0,0.05714285714285714
budapest,2020,3,RUS,GIO,4,20,23,defend_behind,-2.955000000000382,4.0,INTERMEDIATE,SOFT,3.0,INTERMEDIATE,22.373500000000007,True,True,17.0,18.0,1,Williams,Williams,-0.012500000000045475,28,1,70.0,0.05714285714285714
budapest,2020,3,SAI,PER,3,35,38,undercut_ahead,1.311999999999898,3.0,INTERMEDIATE,MEDIUM,2.0,INTERMEDIATE,22.373500000000007,True,True,6.0,10.0,1,McLaren,McLaren,0.01900000000023283,23,1,70.0,0.04285714285714286
budapest,2020,3,SAI,RIC,3,4,7,defend_behind,-1.637000000000171,3.0,INTERMEDIATE,MEDIUM,2.0,INTERMEDIATE,22.373500000000007,True,True,12.0,11.0,0,McLaren,McLaren,0.01900000000023283,23,1,70.0,0.04285714285714286
budapest,2020,3,STR,VER,3,4,7,defend_behind,-0.3109999999996944,3.0,INTERMEDIATE,MEDIUM,2.0,INTERMEDIATE,22.373500000000007,False,True,4.0,2.0,0,Racing Point,Racing Point,-0.055749999999989086,16,1,70.0,0.04285714285714286
budapest,2020,3,VET,VER,3,4,7,undercut_ahead,2.7029999999999745,3.0,INTERMEDIATE,MEDIUM,2.0,INTERMEDIATE,22.373500000000007,False,True,8.0,2.0,0,Ferrari,Ferrari,0.17799999999988358,21,1,70.0,0.04285714285714286
budapest,2020,3,VET,ALB,29,34,37,undercut_ahead,0.8159999999998035,26.0,MEDIUM,HARD,25.0,MEDIUM,22.373500000000007,True,False,7.0,8.0,1,Ferrari,Ferrari,0.17799999999988358,21,1,70.0,0.4142857142857143
budapest,2020,3,VET,PER,29,35,38,defend_behind,-1.7020000000002256,26.0,MEDIUM,HARD,30.0,MEDIUM,22.373500000000007,True,False,7.0,10.0,1,Ferrari,Ferrari,0.17799999999988358,21,1,70.0,0.4142857142857143
budapest,2021,11,HAM,GAS,19,30,33,undercut_ahead,0.76299999999992,18.0,MEDIUM,HARD,15.0,MEDIUM,22.373500000000007,True,False,5.0,8.0,1,Mercedes,Mercedes,-0.20299999999974716,44,0,70.0,0.2714285714285714
budapest,2021,11,LAT,SAI,23,32,35,defend_behind,-2.230000000000473,20.0,MEDIUM,HARD,19.0,MEDIUM,22.373500000000007,False,False,7.0,4.0,0,Williams,Williams,0.023500000000240107,38,1,70.0,0.32857142857142857
budapest,2021,11,RAI,RUS,15,21,24,undercut_ahead,1.375,12.0,MEDIUM,HARD,11.0,MEDIUM,22.373500000000007,False,False,13.0,10.0,0,Alfa Romeo Racing,Alfa Romeo Racing,-0.047000000000025466,40,0,70.0,0.21428571428571427
budapest,2021,11,RAI,RIC,15,20,23,defend_behind,-1.1680000000005748,12.0,MEDIUM,HARD,11.0,MEDIUM,22.373500000000007,False,False,13.0,11.0,0,Alfa Romeo Racing,Alfa Romeo Racing,-0.047000000000025466,40,0,70.0,0.21428571428571427
budapest,2021,11,RIC,RUS,20,21,24,undercut_ahead,1.4049999999997451,17.0,MEDIUM,HARD,16.0,MEDIUM,22.373500000000007,False,False,11.0,10.0,0,McLaren,McLaren,0.11550000000011096,38,1,70.0,0.2857142857142857
budapest,2021,11,RIC,VER,20,40,43,defend_behind,-1.5720000000001164,17.0,MEDIUM,HARD,16.0,MEDIUM,22.373500000000007,False,False,10.0,12.0,1,McLaren,McLaren,0.11550000000011096,38,1,70.0,0.2857142857142857
budapest,2021,11,TSU,LAT,22,23,26,undercut_ahead,1.4149999999999636,19.0,MEDIUM,HARD,18.0,MEDIUM,22.373500000000007,False,False,6.0,7.0,1,AlphaTauri,AlphaTauri,0.047749999999723514,38,0,70.0,0.3142857142857143
budapest,2021,11,TSU,SAI,22,32,35,defend_behind,-1.4279999999998836,19.0,MEDIUM,HARD,18.0,MEDIUM,22.373500000000007,False,False,6.0,4.0,0,AlphaTauri,AlphaTauri,0.047749999999723514,38,0,70.0,0.3142857142857143
budapest,2021,11,VER,GAS,20,30,33,defend_behind,-1.394999999999527,17.0,MEDIUM,HARD,16.0,MEDIUM,22.373500000000007,False,False,12.0,8.0,0,Red Bull Racing,Red Bull Racing,-0.37750000000096406,47,1,70.0,0.2857142857142857
budapest,2021,11,VER,RAI,40,53,56,defend_behind,-2.4680000000007567,20.0,HARD,MEDIUM,24.0,HARD,22.373500000000007,False,False,11.0,12.0,1,Red Bull Racing,Red Bull Racing,-0.37750000000096406,47,0,70.0,0.5714285714285714
budapest,2021,11,VET,OCO,36,37,40,undercut_ahead,2.6200000000008004,33.0,MEDIUM,HARD,32.0,MEDIUM,22.373500000000007,False,False,2.0,1.0,0,Aston Martin,Aston Martin,-0.009999999999763531,41,0,70.0,0.5142857142857142
budapest,2022,13,ALB,STR,2,14,17,undercut_ahead,0.9809999999997672,2.0,SOFT,MEDIUM,4.0,SOFT,22.373500000000007,True,True,15.0,16.0,1,Williams,Williams,0.2810000000006312,50,0,70.0,0.02857142857142857
budapest,2022,13,ALB,TSU,2,13,16,defend_behind,-2.1910000000002583,2.0,SOFT,MEDIUM,1.0,SOFT,22.373500000000007,True,True,15.0,19.0,1,Williams,Williams,0.2810000000006312,50,0,70.0,0.02857142857142857
budapest,2022,13,ALO,VER,21,38,41,undercut_ahead,1.9229999999997744,21.0,MEDIUM,HARD,4.0,MEDIUM,22.373500000000007,False,True,11.0,4.0,0,Alpine,Alpine,-0.040499999999610736,45,1,70.0,0.3
budapest,2022,13,BOT,ZHO,26,27,30,defend_behind,-1.6610000000000582,26.0,MEDIUM,HARD,25.0,MEDIUM,22.373500000000007,False,False,14.0,17.0,1,Alfa Romeo,Alfa Romeo,0.5190000000002328,39,1,70.0,0.37142857142857144
budapest,2022,13,GAS,LAT,16,18,21,defend_behind,-2.591000000000349,16.0,SOFT,MEDIUM,15.0,MEDIUM,22.373500000000007,False,False,17.0,20.0,1,AlphaTauri,AlphaTauri,-0.24375000000009095,52,1,70.0,0.22857142857142856
budapest,2022,13,MAG,PER,6,18,21,undercut_ahead,2.548999999999978,6.0,MEDIUM,HARD,5.0,SOFT,22.373500000000007,False,False,19.0,8.0,0,Haas F1 Team,Haas F1 Team,0.6865000000007058,39,0,70.0,0.08571428571428572
budapest,2022,13,MAG,RIC,6,15,18,defend_behind,-0.4099999999998545,6.0,MEDIUM,HARD,7.0,SOFT,22.373500000000007,False,False,19.0,14.0,0,Haas F1 Team,Haas F1 Team,0.6865000000007058,39,0,70.0,0.08571428571428572
budapest,2022,13,MSC,PER,21,42,45,defend_behind,-0.3070000000006985,21.0,MEDIUM,HARD,2.0,MEDIUM,22.373500000000007,False,True,16.0,6.0,0,Haas F1 Team,Haas F1 Team,0.6865000000007058,39,1,70.0,0.3
budapest,2022,13,NOR,PER,14,18,21,undercut_ahead,2.6370000000006257,17.0,SOFT,MEDIUM,13.0,SOFT,22.373500000000007,False,False,9.0,8.0,0,McLaren,McLaren,-0.17475000000013097,52,1,70.0,0.2
budapest,2022,13,NOR,OCO,14,23,26,defend_behind,-2.030999999999949,17.0,SOFT,MEDIUM,13.0,MEDIUM,22.373500000000007,False,False,7.0,11.0,1,McLaren,McLaren,-0.17475000000013097,52,1,70.0,0.2
budapest,2022,13,OCO,HAM,23,51,54,defend_behind,-1.98700000000008,23.0,MEDIUM,HARD,3.0,MEDIUM,22.373500000000007,False,True,9.0,5.0,0,Alpine,Alpine,-0.040499999999610736,45,1,70.0,0.32857142857142857
budapest,2022,13,RIC,MSC,15,21,24,defend_behind,-1.4749999999994543,17.0,SOFT,MEDIUM,14.0,MEDIUM,22.373500000000007,False,False,10.0,17.0,1,McLaren,McLaren,-0.17475000000013097,52,1,70.0,0.21428571428571427
budapest,2022,13,RUS,SAI,16,17,20,defend_behind,-1.181999999999789,19.0,SOFT,MEDIUM,15.0,MEDIUM,22.373500000000007,False,False,2.0,3.0,1,Mercedes,Mercedes,-0.0020000000004074536,45,1,70.0,0.22857142857142856
budapest,2022,13,SAI,HAM,47,51,54,defend_behind,-2.325000000000728,30.0,MEDIUM,SOFT,27.0,MEDIUM,22.373500000000007,False,True,3.0,5.0,1,Ferrari,Ferrari,-0.5029999999997017,37,0,70.0,0.6714285714285714
budapest,2022,13,STR,BOT,14,26,29,undercut_ahead,1.1300000000001091,17.0,SOFT,MEDIUM,13.0,MEDIUM,22.373500000000007,False,False,9.0,14.0,1,Aston Martin,Aston Martin,-0.04449999999951615,47,0,70.0,0.2
budapest,2022,13,STR,VET,14,15,18,defend_behind,-0.6680000000005748,17.0,SOFT,MEDIUM,13.0,SOFT,22.373500000000007,False,False,15.0,17.0,1,Aston Martin,Aston Martin,-0.04449999999951615,47,0,70.0,0.2
budapest,2022,13,TSU,VET,13,15,18,undercut_ahead,1.597000000000662,13.0,SOFT,MEDIUM,12.0,SOFT,22.373500000000007,False,False,18.0,17.0,0,AlphaTauri,AlphaTauri,-0.24375000000009095,52,1,70.0,0.18571428571428572
budapest,2022,13,TSU,ZHO,13,27,30,defend_behind,-0.3219999999992069,13.0,SOFT,MEDIUM,12.0,MEDIUM,22.373500000000007,False,False,15.0,17.0,1,AlphaTauri,AlphaTauri,-0.24375000000009095,52,1,70.0,0.18571428571428572
budapest,2022,13,TSU,MSC,33,41,44,defend_behind,-1.8559999999997672,20.0,MEDIUM,SOFT,11.0,HARD,22.373500000000007,False,True,19.0,16.0,0,AlphaTauri,AlphaTauri,-0.24375000000009095,52,0,70.0,0.4714285714285714
budapest,2022,13,VER,HAM,16,19,22,undercut_ahead,0.9840000000003783,17.0,SOFT,MEDIUM,15.0,MEDIUM,22.373500000000007,True,False,4.0,6.0,1,Red Bull Racing,Red Bull Racing,-0.4772499999999127,56,0,70.0,0.22857142857142856
budapest,2022,13,VET,BOT,15,26,29,undercut_ahead,2.36200000000008,15.0,SOFT,MEDIUM,14.0,MEDIUM,22.373500000000007,False,False,12.0,14.0,1,Aston Martin,Aston Martin,-0.04449999999951615,47,1,70.0,0.21428571428571427
budapest,2022,13,VET,ZHO,15,27,30,defend_behind,-1.0869999999995343,15.0,SOFT,MEDIUM,14.0,MEDIUM,22.373500000000007,False,False,12.0,17.0,1,Aston Martin,Aston Martin,-0.04449999999951615,47,1,70.0,0.21428571428571427
budapest,2022,13,ZHO,RIC,27,46,49,defend_behind,-2.42699999999968,27.0,MEDIUM,HARD,11.0,MEDIUM,22.373500000000007,False,True,14.0,12.0,0,Alfa Romeo,Alfa Romeo,0.5190000000002328,39,0,70.0,0.38571428571428573
budapest,2023,11,ALB,MAG,8,14,17,undercut_ahead,0.8840000000000146,8.0,MEDIUM,HARD,7.0,MEDIUM,22.373500000000007,True,False,13.0,17.0,1,Williams,Williams,0.27400000000125146,48,0,70.0,0.11428571428571428
budapest,2023,11,ALB,ZHO,8,10,13,defend_behind,-0.9949999999998907,8.0,MEDIUM,HARD,10.0,MEDIUM,22.373500000000007,True,False,16.0,18.0,1,Williams,Williams,0.27400000000125146,48,0,70.0,0.11428571428571428
budapest,2023,11,ALO,NOR,20,44,47,defend_behind,-2.329000000000633,23.0,MEDIUM,HARD,2.0,HARD,22.373500000000007,False,False,9.0,3.0,0,Aston Martin,Aston Martin,0.011999999999716238,50,1,70.0,0.2857142857142857
budapest,2023,11,BOT,TSU,9,44,47,undercut_ahead,0.7150000000001455,12.0,MEDIUM,HARD,8.0,SOFT,22.373500000000007,True,False,12.0,16.0,1,Alfa Romeo,Alfa Romeo,0.4070000000001528,56,1,70.0,0.12857142857142856
budapest,2023,11,BOT,RUS,9,28,31,defend_behind,-1.056999999999789,12.0,MEDIUM,HARD,8.0,HARD,22.373500000000007,True,False,10.0,11.0,1,Alfa Romeo,Alfa Romeo,0.4070000000001528,56,1,70.0,0.12857142857142856
budapest,2023,11,HAM,LEC,16,17,20,defend_behind,-2.6049999999995634,19.0,MEDIUM,HARD,18.0,MEDIUM,22.373500000000007,False,False,7.0,9.0,1,Mercedes,Mercedes,-0.1014999999997599,50,1,70.0,0.22857142857142856
budapest,2023,11,HUL,RUS,16,28,31,defend_behind,-1.2990000000008877,19.0,MEDIUM,HARD,15.0,HARD,22.373500000000007,False,False,14.0,11.0,0,Haas F1 Team,Haas F1 Team,0.2820000000001528,55,1,70.0,0.22857142857142856
budapest,2023,11,MAG,RIC,14,18,21,defend_behind,-2.4080000000003565,14.0,MEDIUM,HARD,16.0,MEDIUM,22.373500000000007,False,False,16.0,18.0,1,Haas F1 Team,Haas F1 Team,0.2820000000001528,55,1,70.0,0.2
budapest,2023,11,NOR,PIA,17,18,21,undercut_ahead,2.0659999999998035,17.0,MEDIUM,HARD,18.0,MEDIUM,22.373500000000007,False,False,3.0,4.0,1,McLaren,McLaren,-0.07900000000017826,57,0,70.0,0.24285714285714285
budapest,2023,11,PIA,HAM,42,49,52,defend_behind,-2.555000000000291,24.0,HARD,MEDIUM,25.0,HARD,22.373500000000007,False,False,4.0,5.0,1,McLaren,McLaren,-0.07900000000017826,57,1,70.0,0.6
budapest,2023,11,RIC,HAM,18,49,52,undercut_ahead,0.8119999999998981,21.0,MEDIUM,HARD,1.0,HARD,22.373500000000007,True,False,13.0,5.0,0,AlphaTauri,AlphaTauri,-0.2809999999981301,56,0,70.0,0.2571428571428571
budapest,2023,11,RIC,SAI,18,44,47,defend_behind,-2.655999999999949,21.0,MEDIUM,HARD,2.0,HARD,22.373500000000007,True,False,13.0,7.0,0,AlphaTauri,AlphaTauri,-0.2809999999981301,56,0,70.0,0.2571428571428571
budapest,2023,11,RIC,SAR,29,34,37,undercut_ahead,0.6140000000004875,14.0,HARD,MEDIUM,18.0,HARD,22.373500000000007,True,False,17.0,18.0,1,AlphaTauri,AlphaTauri,-0.2809999999981301,56,0,70.0,0.4142857142857143
budapest,2023,11,RUS,PER,28,42,45,defend_behind,-0.7380000000002838,28.0,HARD,MEDIUM,9.0,MEDIUM,22.373500000000007,False,False,6.0,5.0,0,Mercedes,Mercedes,-0.1014999999997599,50,1,70.0,0.4
budapest,2023,11,SAI,PER,15,24,27,defend_behind,-0.5309999999999491,15.0,SOFT,HARD,17.0,HARD,22.373500000000007,False,False,7.0,6.0,0,Ferrari,Ferrari,-0.42574999999987995,50,0,70.0,0.21428571428571427
budapest,2023,11,SAR,MAG,13,14,17,undercut_ahead,1.3330000000005384,13.0,MEDIUM,HARD,12.0,MEDIUM,22.373500000000007,False,False,18.0,17.0,0,Williams,Williams,0.27400000000125146,48,0,70.0,0.18571428571428572
budapest,2023,11,SAR,RIC,13,18,21,defend_behind,-1.57300000000032,13.0,MEDIUM,HARD,15.0,MEDIUM,22.373500000000007,False,False,17.0,18.0,1,Williams,Williams,0.27400000000125146,48,0,70.0,0.18571428571428572
budapest,2023,11,STR,HUL,9,16,19,undercut_ahead,0.7569999999996071,9.0,SOFT,HARD,11.0,MEDIUM,22.373500000000007,True,False,9.0,14.0,1,Aston Martin,Aston Martin,0.011999999999716238,50,0,70.0,0.12857142857142856
budapest,2023,11,STR,TSU,9,44,47,defend_behind,-0.7600000000002183,9.0,SOFT,HARD,8.0,SOFT,22.373500000000007,True,False,10.0,16.0,1,Aston Martin,Aston Martin,0.011999999999716238,50,0,70.0,0.12857142857142856
budapest,2023,11,TSU,STR,9,34,37,undercut_ahead,0.7600000000002183,9.0,SOFT,HARD,8.0,SOFT,22.373500000000007,True,False,11.0,14.0,1,AlphaTauri,AlphaTauri,-0.2809999999981301,56,0,70.0,0.12857142857142856
budapest,2023,11,TSU,BOT,9,40,43,defend_behind,-0.7150000000001455,9.0,SOFT,HARD,11.0,MEDIUM,22.373500000000007,True,False,11.0,13.0,1,AlphaTauri,AlphaTauri,-0.2809999999981301,56,0,70.0,0.12857142857142856
budapest,2023,11,ZHO,MAG,10,14,17,undercut_ahead,1.2750000000005457,13.0,MEDIUM,HARD,9.0,MEDIUM,22.373500000000007,False,False,16.0,17.0,1,Alfa Romeo,Alfa Romeo,0.4070000000001528,56,0,70.0,0.14285714285714285
budapest,2023,11,ZHO,SAR,10,13,16,defend_behind,-1.1149999999997815,13.0,MEDIUM,HARD,9.0,MEDIUM,22.373500000000007,False,False,16.0,18.0,1,Alfa Romeo,Alfa Romeo,0.4070000000001528,56,0,70.0,0.14285714285714285
budapest,2024,13,ALB,STR,6,14,17,undercut_ahead,0.7139999999999418,6.0,SOFT,HARD,8.0,SOFT,22.373500000000007,True,False,13.0,14.0,1,Williams,Williams,0.15499999999974534,49,1,70.0,0.08571428571428572
budapest,2024,13,ALB,MAG,6,34,37,defend_behind,-0.8009999999999309,6.0,SOFT,HARD,5.0,SOFT,22.373500000000007,True,False,15.0,16.0,1,Williams,Williams,0.15499999999974534,49,0,70.0,0.08571428571428572
budapest,2024,13,ALO,STR,7,14,17,defend_behind,-0.7900000000004184,9.0,SOFT,MEDIUM,9.0,SOFT,22.373500000000007,False,False,12.0,14.0,1,Aston Martin,Aston Martin,0.060000000000172804,56,1,70.0,0.1
budapest,2024,13,ALO,PER,37,47,50,defend_behind,-0.7849999999998545,31.0,MEDIUM,HARD,8.0,MEDIUM,22.373500000000007,False,False,10.0,8.0,0,Aston Martin,Aston Martin,0.060000000000172804,56,1,70.0,0.5285714285714286
budapest,2024,13,BOT,RUS,16,33,36,defend_behind,-1.2219999999997526,17.0,MEDIUM,HARD,15.0,HARD,22.373500000000007,False,False,12.0,11.0,0,Kick Sauber,Kick Sauber,0.38599999999996726,55,1,70.0,0.22857142857142856
budapest,2024,13,HAM,VER,16,21,24,undercut_ahead,1.1520000000000437,16.0,MEDIUM,HARD,15.0,MEDIUM,22.373500000000007,False,False,3.0,4.0,1,Mercedes,Mercedes,-0.07200000000057116,51,1,70.0,0.22857142857142856
budapest,2024,13,HAM,LEC,16,23,26,defend_behind,-2.019000000000233,16.0,MEDIUM,HARD,15.0,MEDIUM,22.373500000000007,False,False,3.0,5.0,1,Mercedes,Mercedes,-0.07200000000057116,51,1,70.0,0.22857142857142856
budapest,2024,13,HUL,BOT,2,16,19,undercut_ahead,0.4909999999999854,2.0,MEDIUM,HARD,2.0,MEDIUM,22.373500000000007,True,False,11.0,17.0,1,Haas F1 Team,Haas F1 Team,0.35299999999961074,51,0,70.0,0.02857142857142857
budapest,2024,13,HUL,OCO,2,6,9,defend_behind,-0.4899999999997817,2.0,MEDIUM,HARD,1.0,MEDIUM,22.373500000000007,True,False,13.0,18.0,1,Haas F1 Team,Haas F1 Team,0.35299999999961074,51,0,70.0,0.02857142857142857
budapest,2024,13,LEC,VER,40,49,52,undercut_ahead,1.0839999999998329,17.0,HARD,MEDIUM,18.0,HARD,22.373500000000007,False,False,4.0,5.0,1,Ferrari,Ferrari,-0.19399999999995998,51,1,70.0,0.5714285714285714
budapest,2024,13,MAG,ALB,6,29,32,undercut_ahead,0.8009999999999309,6.0,SOFT,HARD,5.0,SOFT,22.373500000000007,True,False,12.0,19.0,1,Haas F1 Team,Haas F1 Team,0.35299999999961074,51,0,70.0,0.08571428571428572
budapest,2024,13,MAG,RIC,6,7,10,defend_behind,-0.5170000000002801,6.0,SOFT,HARD,5.0,MEDIUM,22.373500000000007,True,False,16.0,17.0,1,Haas F1 Team,Haas F1 Team,0.35299999999961074,51,1,70.0,0.08571428571428572
budapest,2024,13,NOR,PIA,45,47,50,undercut_ahead,2.0510000000003856,29.0,HARD,MEDIUM,27.0,HARD,22.373500000000007,False,False,1.0,2.0,1,McLaren,McLaren,-0.14574999999990723,52,1,70.0,0.6428571428571429
budapest,2024,13,OCO,BOT,6,16,19,undercut_ahead,0.8539999999998145,6.0,MEDIUM,HARD,6.0,MEDIUM,22.373500000000007,True,False,18.0,17.0,0,Alpine,Alpine,-0.08099999999967622,47,0,70.0,0.08571428571428572
budapest,2024,13,OCO,RUS,6,33,36,defend_behind,-0.4030000000002474,6.0,MEDIUM,HARD,5.0,HARD,22.373500000000007,True,False,18.0,11.0,0,Alpine,Alpine,-0.08099999999967622,47,0,70.0,0.08571428571428572
budapest,2024,13,PER,RUS,28,33,36,undercut_ahead,1.2769999999991342,28.0,HARD,MEDIUM,27.0,HARD,22.373500000000007,False,False,8.0,11.0,1,Red Bull Racing,Red Bull Racing,-0.2855000000001837,52,1,70.0,0.4
budapest,2024,13,RIC,STR,7,14,17,undercut_ahead,1.9109999999996037,7.0,MEDIUM,HARD,9.0,SOFT,22.373500000000007,False,False,16.0,14.0,0,RB,RB,-0.17949999999973443,44,1,70.0,0.1
budapest,2024,13,RIC,TSU,7,29,32,defend_behind,-0.9349999999999454,7.0,MEDIUM,HARD,6.0,MEDIUM,22.373500000000007,False,False,17.0,10.0,0,RB,RB,-0.17949999999973443,44,1,70.0,0.1
budapest,2024,13,SAI,PIA,21,47,50,defend_behind,-2.313000000000102,21.0,MEDIUM,HARD,3.0,HARD,22.373500000000007,False,False,6.0,2.0,0,Ferrari,Ferrari,-0.19399999999995998,51,1,70.0,0.3
budapest,2024,13,SAR,RUS,8,33,36,undercut_ahead,1.3730000000000473,8.0,MEDIUM,HARD,7.0,HARD,22.373500000000007,False,False,19.0,11.0,0,Williams,Williams,0.15499999999974534,49,1,70.0,0.11428571428571428
budapest,2024,13,SAR,PER,8,28,31,defend_behind,-0.6289999999999054,8.0,MEDIUM,HARD,7.0,HARD,22.373500000000007,False,False,14.0,11.0,0,Williams,Williams,0.15499999999974534,49,1,70.0,0.11428571428571428
budapest,2024,13,STR,TSU,14,29,32,defend_behind,-2.2470000000002983,17.0,SOFT,MEDIUM,13.0,MEDIUM,22.373500000000007,False,False,9.0,10.0,1,Aston Martin,Aston Martin,0.060000000000172804,56,1,70.0,0.2
budapest,2024,13,TSU,RUS,29,33,36,defend_behind,-0.7299999999995634,29.0,MEDIUM,HARD,28.0,HARD,22.373500000000007,False,False,10.0,11.0,1,RB,RB,-0.17949999999973443,44,0,70.0,0.4142857142857143
budapest,2024,13,ZHO,PER,7,28,31,undercut_ahead,0.6690000000003238,8.0,MEDIUM,HARD,6.0,HARD,22.373500000000007,True,False,15.0,11.0,0,Kick Sauber,Kick Sauber,0.38599999999996726,55,0,70.0,0.1
budapest,2024,13,ZHO,GAS,7,28,31,defend_behind,-0.75,8.0,MEDIUM,HARD,6.0,HARD,22.373500000000007,True,False,15.0,16.0,1,Kick Sauber,Kick Sauber,0.38599999999996726,55,0,70.0,0.1
budapest,2025,14,ALB,GAS,14,32,35,defend_behind,-0.9530000000004292,14.0,SOFT,MEDIUM,13.0,HARD,22.373500000000007,True,False,13.0,20.0,1,Williams,Williams,0.0014999999998508429,46,1,70.0,0.2
budapest,2025,14,ANT,HAD,21,33,36,undercut_ahead,0.9520000000002256,21.0,MEDIUM,HARD,20.0,MEDIUM,22.373500000000007,True,False,15.0,18.0,1,Mercedes,Mercedes,-0.08674999999902866,48,0,70.0,0.3
budapest,2025,14,ANT,HAM,21,42,45,defend_behind,-0.6239999999997963,21.0,MEDIUM,HARD,20.0,HARD,22.373500000000007,True,False,10.0,16.0,1,Mercedes,Mercedes,-0.08674999999902866,48,0,70.0,0.3
budapest,2025,14,BEA,HAD,30,33,36,defend_behind,-0.6540000000004511,30.0,MEDIUM,HARD,29.0,MEDIUM,22.373500000000007,False,False,17.0,18.0,1,Haas F1 Team,Haas F1 Team,0.5172499999998763,42,0,70.0,0.42857142857142855
budapest,2025,14,COL,GAS,13,32,35,undercut_ahead,0.806999999999789,13.0,MEDIUM,HARD,12.0,HARD,22.373500000000007,True,False,17.0,20.0,1,Alpine,Alpine,0.2495000000001255,46,0,70.0,0.18571428571428572
budapest,2025,14,COL,TSU,13,20,23,defend_behind,-1.2719999999999343,13.0,MEDIUM,HARD,12.0,MEDIUM,22.373500000000007,True,False,18.0,20.0,1,Alpine,Alpine,0.2495000000001255,46,0,70.0,0.18571428571428572
budapest,2025,14,GAS,HAM,32,42,45,undercut_ahead,1.9830000000001744,32.0,HARD,MEDIUM,31.0,HARD,22.373500000000007,False,False,15.0,16.0,1,Alpine,Alpine,0.2495000000001255,46,0,70.0,0.45714285714285713
budapest,2025,14,GAS,HUL,32,41,44,defend_behind,-0.5640000000003056,32.0,HARD,MEDIUM,26.0,MEDIUM,22.373500000000007,False,False,15.0,19.0,1,Alpine,Alpine,0.2495000000001255,46,0,70.0,0.45714285714285713
budapest,2025,14,HAD,HAM,33,42,45,defend_behind,-0.8980000000001382,33.0,MEDIUM,HARD,32.0,HARD,22.373500000000007,False,False,12.0,16.0,1,Racing Bulls,Racing Bulls,-0.18699999999989814,41,0,70.0,0.4714285714285714
budapest,2025,14,HUL,ALB,5,14,17,undercut_ahead,0.3920000000002801,5.0,SOFT,MEDIUM,4.0,SOFT,22.373500000000007,True,False,16.0,18.0,1,Kick Sauber,Kick Sauber,-0.047999999999774445,41,0,70.0,0.07142857142857142
budapest,2025,14,HUL,COL,5,13,16,defend_behind,-0.8559999999997672,5.0,SOFT,MEDIUM,4.0,MEDIUM,22.373500000000007,True,False,16.0,20.0,1,Kick Sauber,Kick Sauber,-0.047999999999774445,41,0,70.0,0.07142857142857142
budapest,2025,14,LAW,VER,40,48,51,defend_behind,-2.027999999999338,40.0,MEDIUM,HARD,22.0,HARD,22.373500000000007,False,False,8.0,9.0,1,Racing Bulls,Racing Bulls,-0.18699999999989814,41,1,70.0,0.5714285714285714
budapest,2025,14,OCO,HAM,14,42,45,undercut_ahead,0.9690000000000508,14.0,MEDIUM,HARD,13.0,HARD,22.373500000000007,True,False,13.0,16.0,1,Haas F1 Team,Haas F1 Team,0.5172499999998763,42,1,70.0,0.2
budapest,2025,14,OCO,ALB,14,38,41,defend_behind,-0.7529999999997017,14.0,MEDIUM,HARD,13.0,SOFT,22.373500000000007,True,False,14.0,18.0,1,Haas F1 Team,Haas F1 Team,0.5172499999998763,42,0,70.0,0.2
budapest,2025,14,PIA,LEC,18,19,22,undercut_ahead,2.507999999999811,18.0,MEDIUM,HARD,17.0,MEDIUM,22.373500000000007,False,False,3.0,2.0,0,McLaren,McLaren,-0.2272499999999127,48,0,70.0,0.2571428571428571
budapest,2025,14,RUS,NOR,19,31,34,defend_behind,-1.019999999999527,19.0,MEDIUM,HARD,18.0,MEDIUM,22.373500000000007,False,False,3.0,4.0,1,Mercedes,Mercedes,-0.08674999999902866,48,1,70.0,0.2714285714285714
budapest,2025,14,SAI,HAD,15,33,36,undercut_ahead,1.1580000000003563,15.0,SOFT,HARD,14.0,MEDIUM,22.373500000000007,False,False,12.0,18.0,1,Williams,Williams,0.0014999999998508429,46,0,70.0,0.21428571428571427
budapest,2025,14,SAI,ANT,15,21,24,defend_behind,-0.7079999999996289,15.0,SOFT,HARD,14.0,MEDIUM,22.373500000000007,False,False,15.0,19.0,1,Williams,Williams,0.0014999999998508429,46,0,70.0,0.21428571428571427
budapest,2025,14,STR,LAW,36,40,43,defend_behind,-0.5549999999993815,37.0,MEDIUM,HARD,35.0,MEDIUM,22.373500000000007,False,False,8.0,9.0,1,Aston Martin,Aston Martin,0.1950000000001637,50,1,70.0,0.5142857142857142
budapest,2025,14,TSU,GAS,20,32,35,undercut_ahead,2.8209999999999127,20.0,MEDIUM,SOFT,19.0,HARD,22.373500000000007,False,False,16.0,20.0,1,Red Bull Racing,Red Bull Racing,-0.06900000000041473,45,0,70.0,0.2857142857142857
budapest,2025,14,TSU,HUL,20,41,44,defend_behind,-0.3369999999995343,20.0,MEDIUM,SOFT,14.0,MEDIUM,22.373500000000007,False,False,18.0,19.0,1,Red Bull Racing,Red Bull Racing,-0.06900000000041473,45,0,70.0,0.2857142857142857
budapest,2025,14,VER,BOR,17,40,43,undercut_ahead,2.0219999999999345,17.0,MEDIUM,HARD,16.0,MEDIUM,22.373500000000007,False,False,5.0,7.0,1,Red Bull Racing,Red Bull Racing,-0.06900000000041473,45,0,70.0,0.24285714285714285
budapest,2025,14,VER,STR,17,36,39,defend_behind,-1.4049999999997451,17.0,MEDIUM,HARD,17.0,MEDIUM,22.373500000000007,False,False,8.0,11.0,1,Red Bull Racing,Red Bull Racing,-0.06900000000041473,45,0,70.0,0.24285714285714285
budapest,2026,11,ALB,STR,26,37,40,undercut_ahead,2.693999999999505,26.0,MEDIUM,HARD,17.0,MEDIUM,22.373500000000007,False,True,20.0,15.0,0,Williams,Williams,0.06700000000000728,29,0,70.0,0.37142857142857144
budapest,2026,11,ALB,COL,26,37,40,defend_behind,-0.2460000000000946,26.0,MEDIUM,HARD,10.0,HARD,22.373500000000007,False,True,20.0,17.0,0,Williams,Williams,0.06700000000000728,29,0,70.0,0.37142857142857144
budapest,2026,11,BEA,GAS,22,39,42,defend_behind,-0.337999999999738,22.0,MEDIUM,HARD,5.0,HARD,22.373500000000007,False,True,20.0,13.0,0,Haas F1 Team,Haas F1 Team,0.4760000000005675,19,0,70.0,0.3142857142857143
budapest,2026,11,BOR,RUS,29,54,57,defend_behind,-0.8100000000004002,29.0,SOFT,HARD,1.0,HARD,22.373500000000007,False,True,9.0,7.0,0,Audi,Audi,0.0,23,0,70.0,0.4142857142857143
budapest,2026,11,COL,OCO,15,17,20,undercut_ahead,1.1059999999997672,15.0,MEDIUM,HARD,14.0,MEDIUM,22.373500000000007,False,False,18.0,19.0,1,Alpine,Alpine,0.0,23,1,70.0,0.21428571428571427
budapest,2026,11,COL,ALO,15,34,37,defend_behind,-0.2119999999995343,15.0,MEDIUM,HARD,14.0,SOFT,22.373500000000007,False,False,15.0,16.0,1,Alpine,Alpine,0.0,23,1,70.0,0.21428571428571427
budapest,2026,11,HAD,PIA,19,33,36,defend_behind,-0.1990000000005238,19.0,MEDIUM,HARD,2.0,HARD,22.373500000000007,False,False,7.0,5.0,0,Red Bull Racing,Red Bull Racing,-0.054500000000189175,22,0,70.0,0.2714285714285714
budapest,2026,11,HAM,VER,13,14,17,undercut_ahead,0.706000000000131,13.0,SOFT,HARD,12.0,MEDIUM,22.373500000000007,True,False,6.0,5.0,0,Ferrari,Ferrari,-0.23250000000007276,22,0,70.0,0.18571428571428572
budapest,2026,11,HAM,LEC,13,16,19,defend_behind,-1.4470000000001164,13.0,SOFT,HARD,15.0,SOFT,22.373500000000007,True,False,5.0,6.0,1,Ferrari,Ferrari,-0.23250000000007276,22,0,70.0,0.18571428571428572
budapest,2026,11,HUL,LIN,19,20,23,undercut_ahead,1.2819999999992433,19.0,MEDIUM,HARD,18.0,MEDIUM,22.373500000000007,False,False,13.0,12.0,0,Audi,Audi,0.0,23,1,70.0,0.2714285714285714
budapest,2026,11,LAW,RUS,21,27,30,defend_behind,-0.1580000000003565,21.0,MEDIUM,HARD,20.0,MEDIUM,22.373500000000007,False,False,9.0,8.0,0,Racing Bulls,Racing Bulls,0.057999999999992724,21,1,70.0,0.3
budapest,2026,11,LEC,ANT,16,22,25,defend_behind,-1.7460000000000946,19.0,SOFT,HARD,15.0,MEDIUM,22.373500000000007,False,False,5.0,6.0,1,Ferrari,Ferrari,-0.23250000000007276,22,1,70.0,0.22857142857142856
budapest,2026,11,OCO,ALO,17,34,37,defend_behind,-1.0489999999999782,17.0,MEDIUM,HARD,16.0,SOFT,22.373500000000007,False,False,20.0,16.0,0,Haas F1 Team,Haas F1 Team,0.4760000000005675,19,0,70.0,0.24285714285714285
budapest,2026,11,PIA,NOR,16,17,20,defend_behind,-0.9669999999996436,16.0,MEDIUM,HARD,15.0,MEDIUM,22.373500000000007,False,False,2.0,3.0,1,McLaren,McLaren,-0.26050000000032014,23,1,70.0,0.22857142857142856
budapest,2026,11,SAI,BEA,18,22,25,undercut_ahead,1.230000000000473,18.0,SOFT,MEDIUM,17.0,MEDIUM,22.373500000000007,False,False,19.0,20.0,1,Williams,Williams,0.06700000000000728,29,0,70.0,0.2571428571428571
budapest,2026,11,STR,SAI,8,18,21,undercut_ahead,0.5039999999999054,8.0,SOFT,MEDIUM,7.0,SOFT,22.373500000000007,True,False,17.0,20.0,1,Aston Martin,Aston Martin,-0.06750000000010914,15,0,70.0,0.11428571428571428
budapest,2026,11,STR,ALB,8,26,29,defend_behind,-1.8970000000003893,8.0,SOFT,MEDIUM,7.0,MEDIUM,22.373500000000007,True,False,15.0,20.0,1,Aston Martin,Aston Martin,-0.06750000000010914,15,0,70.0,0.11428571428571428
budapest,2026,11,VER,LEC,14,16,19,defend_behind,-2.2650000000003274,14.0,MEDIUM,HARD,16.0,SOFT,22.373500000000007,False,False,4.0,6.0,1,Red Bull Racing,Red Bull Racing,-0.054500000000189175,22,1,70.0,0.2
imola,2020,13,ALB,KVY,14,51,54,defend_behind,-0.8899999999998727,17.0,SOFT,HARD,18.0,SOFT,30.51000000000002,False,True,5.0,7.0,1,Red Bull Racing,Red Bull Racing,-0.5859999999993306,25,1,63.0,0.2222222222222222
imola,2020,13,GIO,RUS,10,11,14,undercut_ahead,1.4279999999998836,10.0,SOFT,MEDIUM,9.0,MEDIUM,30.51000000000002,False,False,17.0,15.0,0,Alfa Romeo Racing,Alfa Romeo Racing,-0.12499999999931788,20,0,63.0,0.15873015873015872
imola,2020,13,GIO,VET,10,39,42,defend_behind,-0.6509999999998399,10.0,SOFT,MEDIUM,9.0,MEDIUM,30.51000000000002,False,True,13.0,14.0,1,Alfa Romeo Racing,Alfa Romeo Racing,-0.12499999999931788,20,0,63.0,0.15873015873015872
imola,2020,13,GRO,RAI,9,48,51,undercut_ahead,0.8559999999997672,9.0,MEDIUM,HARD,8.0,MEDIUM,30.51000000000002,True,True,16.0,11.0,0,Haas F1 Team,Haas F1 Team,0.9259999999999309,23,1,63.0,0.14285714285714285
imola,2020,13,GRO,LAT,9,34,37,defend_behind,-1.0330000000003563,9.0,MEDIUM,HARD,8.0,MEDIUM,30.51000000000002,True,True,16.0,15.0,0,Haas F1 Team,Haas F1 Team,0.9259999999999309,23,1,63.0,0.14285714285714285
imola,2020,13,KVY,ALB,14,59,62,undercut_ahead,0.8899999999998727,19.0,SOFT,HARD,16.0,SOFT,30.51000000000002,True,True,4.0,15.0,1,AlphaTauri,AlphaTauri,0.08175000000005639,24,0,63.0,0.2222222222222222
imola,2020,13,KVY,SAI,14,17,20,defend_behind,-2.155999999999949,19.0,SOFT,HARD,16.0,SOFT,30.51000000000002,True,False,12.0,13.0,1,AlphaTauri,AlphaTauri,0.08175000000005639,24,1,63.0,0.2222222222222222
imola,2020,13,KVY,ALB,51,59,62,undercut_ahead,1.1440000000002328,37.0,HARD,SOFT,36.0,HARD,30.51000000000002,False,True,4.0,15.0,1,AlphaTauri,AlphaTauri,0.08175000000005639,24,1,63.0,0.8095238095238095
imola,2020,13,LAT,PER,34,51,54,defend_behind,-1.7069999999994252,34.0,MEDIUM,HARD,6.0,HARD,30.51000000000002,False,True,12.0,6.0,0,Williams,Williams,-0.012500000000045475,28,1,63.0,0.5396825396825397
imola,2020,13,LEC,RIC,13,14,17,undercut_ahead,1.7029999999999743,17.0,SOFT,HARD,15.0,SOFT,30.51000000000002,False,False,11.0,10.0,0,Ferrari,Ferrari,0.17799999999988358,21,0,63.0,0.20634920634920634
imola,2020,13,LEC,ALB,13,14,17,defend_behind,-1.8049999999998363,17.0,SOFT,HARD,15.0,SOFT,30.51000000000002,False,False,11.0,12.0,1,Ferrari,Ferrari,0.17799999999988358,21,0,63.0,0.20634920634920634
imola,2020,13,NOR,SAI,13,17,20,undercut_ahead,1.7869999999998072,16.0,SOFT,MEDIUM,15.0,SOFT,30.51000000000002,False,False,14.0,13.0,0,McLaren,McLaren,0.01900000000023283,23,1,63.0,0.20634920634920634
imola,2020,13,NOR,PER,13,27,30,defend_behind,-0.6979999999998654,16.0,SOFT,MEDIUM,12.0,MEDIUM,30.51000000000002,False,True,13.0,7.0,0,McLaren,McLaren,0.01900000000023283,23,1,63.0,0.20634920634920634
imola,2020,13,RAI,PER,48,51,54,defend_behind,-0.8490000000001601,48.0,MEDIUM,SOFT,20.0,HARD,30.51000000000002,False,True,10.0,6.0,0,Alfa Romeo Racing,Alfa Romeo Racing,-0.12499999999931788,20,1,63.0,0.7619047619047619
imola,2020,13,RUS,OCO,11,13,16,undercut_ahead,2.4039999999999964,11.0,MEDIUM,HARD,10.0,MEDIUM,30.51000000000002,False,False,15.0,16.0,1,Williams,Williams,-0.012500000000045475,28,0,63.0,0.1746031746031746
imola,2020,13,RUS,VET,11,39,42,defend_behind,-2.673999999999978,11.0,MEDIUM,HARD,10.0,MEDIUM,30.51000000000002,False,True,12.0,14.0,1,Williams,Williams,-0.012500000000045475,28,0,63.0,0.1746031746031746
imola,2020,13,SAI,PER,17,27,30,defend_behind,-1.5460000000002765,20.0,SOFT,MEDIUM,16.0,MEDIUM,30.51000000000002,False,True,12.0,7.0,0,McLaren,McLaren,0.01900000000023283,23,1,63.0,0.2698412698412698
imola,2020,13,SAI,NOR,51,53,56,defend_behind,-2.167000000000371,34.0,MEDIUM,SOFT,37.0,MEDIUM,30.51000000000002,False,True,8.0,9.0,1,McLaren,McLaren,0.01900000000023283,23,1,63.0,0.8095238095238095
imola,2020,13,STR,GRO,29,50,53,undercut_ahead,0.9770000000007713,28.0,HARD,MEDIUM,19.0,HARD,30.51000000000002,True,True,15.0,13.0,0,Racing Point,Racing Point,-0.055749999999989086,16,0,63.0,0.4603174603174603
imola,2020,13,VER,BOT,18,19,22,undercut_ahead,2.507000000000062,21.0,MEDIUM,HARD,20.0,MEDIUM,30.51000000000002,False,False,3.0,2.0,0,Red Bull Racing,Red Bull Racing,-0.5859999999993306,25,0,63.0,0.2857142857142857
imola,2020,13,VER,HAM,18,30,33,defend_behind,-1.80600000000004,21.0,MEDIUM,HARD,20.0,MEDIUM,30.51000000000002,False,True,3.0,1.0,0,Red Bull Racing,Red Bull Racing,-0.5859999999993306,25,0,63.0,0.2857142857142857
imola,2021,2,GAS,TSU,14,25,28,undercut_ahead,1.5650000000000546,14.0,WET,INTERMEDIATE,13.0,INTERMEDIATE,30.51000000000002,False,False,16.0,14.0,0,AlphaTauri,AlphaTauri,0.047749999999723514,38,0,63.0,0.2222222222222222
imola,2021,2,GAS,VET,14,20,23,defend_behind,-0.4329999999999927,14.0,WET,INTERMEDIATE,10.0,INTERMEDIATE,30.51000000000002,False,False,16.0,17.0,1,AlphaTauri,AlphaTauri,0.047749999999723514,38,0,63.0,0.2222222222222222
imola,2021,2,OCO,ALO,27,28,31,defend_behind,-0.7319999999999709,26.0,INTERMEDIATE,MEDIUM,26.0,INTERMEDIATE,30.51000000000002,False,True,12.0,13.0,1,Alpine,Alpine,-0.09750000000008185,34,0,63.0,0.42857142857142855
imola,2021,2,VER,HAM,27,28,31,defend_behind,-2.0650000000005093,27.0,INTERMEDIATE,MEDIUM,26.0,INTERMEDIATE,30.51000000000002,False,True,1.0,7.0,1,Red Bull Racing,Red Bull Racing,-0.37750000000096406,47,0,63.0,0.42857142857142855
imola,2021,2,VET,OCO,20,27,30,defend_behind,-1.7709999999997308,17.0,INTERMEDIATE,MEDIUM,18.0,INTERMEDIATE,30.51000000000002,False,True,17.0,14.0,0,Aston Martin,Aston Martin,-0.009999999999763531,41,0,63.0,0.31746031746031744
imola,2021,2,VET,GAS,32,33,36,undercut_ahead,2.1019999999998618,12.0,MEDIUM,SOFT,5.0,MEDIUM,30.51000000000002,False,True,13.0,12.0,0,Aston Martin,Aston Martin,-0.009999999999763531,41,0,63.0,0.5079365079365079
imola,2022,4,ALB,LAT,17,18,21,defend_behind,-1.88799999999992,17.0,INTERMEDIATE,MEDIUM,16.0,INTERMEDIATE,30.51000000000002,False,False,12.0,16.0,1,Williams,Williams,0.2810000000006312,50,0,63.0,0.2698412698412698
imola,2022,4,LEC,PER,49,50,53,undercut_ahead,2.756000000000313,30.0,MEDIUM,SOFT,30.0,MEDIUM,30.51000000000002,False,True,5.0,2.0,0,Ferrari,Ferrari,-0.5029999999997017,37,1,63.0,0.7777777777777778
imola,2022,4,PER,LEC,18,19,22,defend_behind,-0.9350000000004002,18.0,INTERMEDIATE,MEDIUM,17.0,INTERMEDIATE,30.51000000000002,False,False,2.0,3.0,1,Red Bull Racing,Red Bull Racing,-0.4772499999999127,56,0,63.0,0.2857142857142857
imola,2022,4,VET,MAG,17,18,21,undercut_ahead,2.930000000000291,17.0,INTERMEDIATE,MEDIUM,16.0,INTERMEDIATE,30.51000000000002,False,False,7.0,8.0,1,Aston Martin,Aston Martin,-0.04449999999951615,47,0,63.0,0.2698412698412698
imola,2022,4,ZHO,MSC,18,52,55,defend_behind,-0.5249999999996362,18.0,INTERMEDIATE,MEDIUM,17.0,INTERMEDIATE,30.51000000000002,True,True,15.0,17.0,1,Alfa Romeo,Alfa Romeo,0.5190000000002328,39,1,63.0,0.2857142857142857
imola,2024,7,ALB,STR,8,37,40,undercut_ahead,1.2599999999997635,8.0,MEDIUM,HARD,8.0,MEDIUM,30.51000000000002,False,False,20.0,12.0,0,Williams,Williams,0.15499999999974534,49,0,63.0,0.12698412698412698
imola,2024,7,ALB,GAS,8,30,33,defend_behind,-0.68100000000004,8.0,MEDIUM,HARD,7.0,SOFT,30.51000000000002,False,False,20.0,18.0,0,Williams,Williams,0.15499999999974534,49,0,63.0,0.12698412698412698
imola,2024,7,ALB,ZHO,9,33,36,defend_behind,-0.1410000000000764,1.0,HARD,MEDIUM,8.0,HARD,30.51000000000002,False,False,20.0,17.0,0,Williams,Williams,0.15499999999974534,49,0,63.0,0.14285714285714285
imola,2024,7,ALO,SAR,7,31,34,undercut_ahead,0.8250000000002728,7.0,SOFT,HARD,6.0,HARD,30.51000000000002,True,False,15.0,19.0,1,Aston Martin,Aston Martin,0.060000000000172804,56,0,63.0,0.1111111111111111
imola,2024,7,BOT,MAG,8,37,40,undercut_ahead,1.3250000000002728,8.0,MEDIUM,HARD,7.0,MEDIUM,30.51000000000002,False,False,13.0,17.0,1,Kick Sauber,Kick Sauber,0.38599999999996726,55,0,63.0,0.12698412698412698
imola,2024,7,BOT,ZHO,8,33,36,defend_behind,-1.444999999999709,8.0,MEDIUM,HARD,7.0,HARD,30.51000000000002,False,False,14.0,17.0,1,Kick Sauber,Kick Sauber,0.38599999999996726,55,0,63.0,0.12698412698412698
imola,2024,7,GAS,ALB,8,9,12,undercut_ahead,0.68100000000004,8.0,SOFT,HARD,7.0,MEDIUM,30.51000000000002,True,False,17.0,20.0,1,Alpine,Alpine,-0.08099999999967622,47,0,63.0,0.12698412698412698
imola,2024,7,GAS,MAG,8,37,40,defend_behind,-0.5349999999998545,8.0,SOFT,HARD,7.0,MEDIUM,30.51000000000002,True,False,18.0,17.0,0,Alpine,Alpine,-0.08099999999967622,47,0,63.0,0.12698412698412698
imola,2024,7,HUL,PER,13,37,40,defend_behind,-1.943000000000211,13.0,MEDIUM,HARD,12.0,HARD,30.51000000000002,False,False,10.0,9.0,0,Haas F1 Team,Haas F1 Team,0.35299999999961074,51,1,63.0,0.20634920634920634
imola,2024,7,NOR,LEC,22,25,28,defend_behind,-1.4650000000001455,22.0,MEDIUM,HARD,21.0,MEDIUM,30.51000000000002,False,False,2.0,3.0,1,McLaren,McLaren,-0.14574999999990723,52,1,63.0,0.3492063492063492
imola,2024,7,OCO,MAG,25,37,40,defend_behind,-1.3260000000000218,25.0,MEDIUM,HARD,24.0,MEDIUM,30.51000000000002,False,False,14.0,17.0,1,Alpine,Alpine,-0.08099999999967622,47,0,63.0,0.3968253968253968
imola,2024,7,PIA,SAI,23,27,30,undercut_ahead,0.9019999999991342,23.0,MEDIUM,HARD,22.0,MEDIUM,30.51000000000002,True,False,4.0,5.0,1,McLaren,McLaren,-0.14574999999990723,52,1,63.0,0.36507936507936506
imola,2024,7,RIC,PER,11,37,40,undercut_ahead,0.8909999999996217,11.0,MEDIUM,HARD,10.0,HARD,30.51000000000002,True,False,11.0,9.0,0,RB,RB,-0.17949999999973443,44,1,63.0,0.1746031746031746
imola,2024,7,RIC,STR,11,37,40,defend_behind,-1.787000000000262,11.0,MEDIUM,HARD,11.0,MEDIUM,30.51000000000002,True,False,11.0,12.0,1,RB,RB,-0.17949999999973443,44,1,63.0,0.1746031746031746
imola,2024,7,RUS,HAM,21,27,30,defend_behind,-1.5150000000003274,21.0,MEDIUM,HARD,20.0,MEDIUM,30.51000000000002,False,False,7.0,9.0,1,Mercedes,Mercedes,-0.07200000000057116,51,1,63.0,0.3333333333333333
imola,2024,7,TSU,HUL,12,13,16,undercut_ahead,0.8450000000002547,12.0,MEDIUM,HARD,11.0,MEDIUM,30.51000000000002,True,False,14.0,15.0,1,RB,RB,-0.17949999999973443,44,0,63.0,0.19047619047619047
imola,2024,7,TSU,PER,12,37,40,defend_behind,-1.2219999999997526,12.0,MEDIUM,HARD,11.0,HARD,30.51000000000002,True,False,8.0,9.0,1,RB,RB,-0.17949999999973443,44,0,63.0,0.19047619047619047
imola,2025,7,ALO,NOR,12,28,31,undercut_ahead,1.9409999999998035,15.0,MEDIUM,HARD,11.0,MEDIUM,30.51000000000002,False,True,8.0,2.0,0,Aston Martin,Aston Martin,0.1950000000001637,50,1,63.0,0.19047619047619047
imola,2025,7,ALO,ALB,12,29,32,defend_behind,-1.0079999999998108,15.0,MEDIUM,HARD,11.0,MEDIUM,30.51000000000002,False,True,8.0,3.0,0,Aston Martin,Aston Martin,0.1950000000001637,50,1,63.0,0.19047619047619047
imola,2025,7,BOR,HAM,12,29,32,undercut_ahead,2.582999999999629,12.0,MEDIUM,HARD,11.0,HARD,30.51000000000002,True,True,18.0,7.0,0,Kick Sauber,Kick Sauber,-0.047999999999774445,41,0,63.0,0.19047619047619047
imola,2025,7,BOR,HUL,12,29,32,defend_behind,-2.6090000000003783,12.0,MEDIUM,HARD,11.0,HARD,30.51000000000002,True,True,18.0,11.0,0,Kick Sauber,Kick Sauber,-0.047999999999774445,41,0,63.0,0.19047619047619047
imola,2025,7,COL,BEA,22,29,32,defend_behind,-0.7659999999996217,22.0,MEDIUM,HARD,21.0,HARD,30.51000000000002,False,True,15.0,19.0,1,Alpine,Alpine,0.2495000000001255,46,0,63.0,0.3492063492063492
imola,2025,7,GAS,BOR,9,12,15,undercut_ahead,0.9169999999999164,9.0,MEDIUM,HARD,8.0,MEDIUM,30.51000000000002,True,False,16.0,20.0,1,Alpine,Alpine,0.2495000000001255,46,0,63.0,0.14285714285714285
imola,2025,7,GAS,LAW,9,10,13,defend_behind,-1.137000000000171,9.0,MEDIUM,HARD,8.0,MEDIUM,30.51000000000002,True,False,18.0,19.0,1,Alpine,Alpine,0.2495000000001255,46,0,63.0,0.14285714285714285
imola,2025,7,HAD,PIA,29,30,33,undercut_ahead,1.7780000000002474,29.0,MEDIUM,HARD,15.0,HARD,30.51000000000002,False,True,5.0,4.0,0,Racing Bulls,Racing Bulls,-0.18699999999989814,41,1,63.0,0.4603174603174603
imola,2025,7,HUL,BEA,29,31,34,defend_behind,-1.5479999999997744,29.0,HARD,MEDIUM,28.0,HARD,30.51000000000002,False,True,12.0,19.0,1,Kick Sauber,Kick Sauber,-0.047999999999774445,41,1,63.0,0.4603174603174603
imola,2025,7,LAW,BOR,10,12,15,undercut_ahead,1.993000000000393,10.0,MEDIUM,HARD,9.0,MEDIUM,30.51000000000002,False,False,18.0,20.0,1,Racing Bulls,Racing Bulls,-0.18699999999989814,41,1,63.0,0.15873015873015872
imola,2025,7,LAW,HUL,10,29,32,defend_behind,-1.6199999999998909,10.0,MEDIUM,HARD,9.0,HARD,30.51000000000002,False,True,17.0,11.0,0,Racing Bulls,Racing Bulls,-0.18699999999989814,41,1,63.0,0.15873015873015872
imola,2025,7,LEC,STR,10,14,17,undercut_ahead,0.6049999999995634,10.0,MEDIUM,HARD,12.0,MEDIUM,30.51000000000002,True,False,12.0,16.0,1,Ferrari,Ferrari,-0.24724999999943975,46,0,63.0,0.15873015873015872
imola,2025,7,LEC,HAD,10,29,32,defend_behind,-0.8780000000006112,10.0,MEDIUM,HARD,9.0,MEDIUM,30.51000000000002,True,True,9.0,5.0,0,Ferrari,Ferrari,-0.24724999999943975,46,0,63.0,0.15873015873015872
imola,2025,7,PIA,VER,13,29,32,undercut_ahead,2.7739999999994325,13.0,MEDIUM,HARD,12.0,MEDIUM,30.51000000000002,False,True,4.0,1.0,0,McLaren,McLaren,-0.2272499999999127,48,0,63.0,0.20634920634920634
imola,2025,7,RUS,NOR,11,28,31,defend_behind,-0.4710000000004584,14.0,MEDIUM,HARD,10.0,MEDIUM,30.51000000000002,False,True,12.0,2.0,0,Mercedes,Mercedes,-0.08674999999902866,48,1,63.0,0.1746031746031746
imola,2025,7,SAI,ALO,11,12,15,undercut_ahead,0.7889999999997599,11.0,MEDIUM,HARD,13.0,MEDIUM,30.51000000000002,True,False,14.0,15.0,1,Williams,Williams,0.0014999999998508429,46,1,63.0,0.1746031746031746
imola,2025,7,SAI,ALB,11,29,32,defend_behind,-0.5489999999999782,11.0,MEDIUM,HARD,10.0,MEDIUM,30.51000000000002,True,True,13.0,3.0,0,Williams,Williams,0.0014999999998508429,46,1,63.0,0.1746031746031746
imola,2025,7,STR,ALB,14,29,32,undercut_ahead,1.431999999999789,17.0,MEDIUM,HARD,13.0,MEDIUM,30.51000000000002,False,True,10.0,3.0,0,Aston Martin,Aston Martin,0.1950000000001637,50,1,63.0,0.2222222222222222
imola,2025,7,STR,HAD,14,29,32,defend_behind,-0.9809999999997672,17.0,MEDIUM,HARD,13.0,MEDIUM,30.51000000000002,False,True,10.0,5.0,0,Aston Martin,Aston Martin,0.1950000000001637,50,1,63.0,0.2222222222222222
jeddah,2021,21,ALO,SAI,10,13,16,undercut_ahead,1.975000000000364,10.0,MEDIUM,HARD,9.0,HARD,22.420000000000016,False,True,13.0,9.0,0,Alpine,Alpine,-0.09750000000008185,34,1,50.0,0.2
jeddah,2021,21,ALO,TSU,10,13,16,defend_behind,-0.7129999999997381,10.0,MEDIUM,HARD,16.0,MEDIUM,22.420000000000016,False,True,13.0,12.0,0,Alpine,Alpine,-0.09750000000008185,34,1,50.0,0.2
jeddah,2021,21,BOT,HAM,10,13,16,undercut_ahead,2.6099999999996726,17.0,MEDIUM,HARD,18.0,MEDIUM,22.420000000000016,False,True,5.0,2.0,0,Mercedes,Mercedes,-0.20299999999974716,44,1,50.0,0.2
jeddah,2021,21,BOT,VER,10,13,16,defend_behind,-1.2890000000006694,17.0,MEDIUM,HARD,13.0,MEDIUM,22.420000000000016,False,True,5.0,3.0,0,Mercedes,Mercedes,-0.20299999999974716,44,1,50.0,0.2
jeddah,2021,21,GAS,LEC,13,15,18,undercut_ahead,2.014000000000124,20.0,MEDIUM,HARD,2.0,HARD,22.420000000000016,False,True,6.0,10.0,1,AlphaTauri,AlphaTauri,0.047749999999723514,38,0,50.0,0.26
jeddah,2021,21,GIO,SAI,13,15,18,undercut_ahead,0.9589999999998328,19.0,MEDIUM,HARD,12.0,HARD,22.420000000000016,True,True,7.0,11.0,1,Alfa Romeo Racing,Alfa Romeo Racing,-0.047000000000025466,40,0,50.0,0.26
jeddah,2021,21,GIO,TSU,13,15,18,defend_behind,-1.3320000000003347,19.0,MEDIUM,HARD,19.0,MEDIUM,22.420000000000016,True,True,7.0,9.0,1,Alfa Romeo Racing,Alfa Romeo Racing,-0.047000000000025466,40,1,50.0,0.26
jeddah,2021,21,HAM,BOT,10,13,16,defend_behind,-2.6099999999996726,19.0,MEDIUM,HARD,16.0,MEDIUM,22.420000000000016,False,True,2.0,5.0,1,Mercedes,Mercedes,-0.20299999999974716,44,0,50.0,0.2
jeddah,2021,21,LAT,STR,13,15,18,undercut_ahead,2.063999999999396,3.0,HARD,MEDIUM,4.0,HARD,22.420000000000016,False,True,16.0,12.0,0,Williams,Williams,0.023500000000240107,38,0,50.0,0.26
jeddah,2021,21,NOR,OCO,10,13,16,defend_behind,-0.9650000000001456,14.0,SOFT,HARD,16.0,MEDIUM,22.420000000000016,False,True,16.0,1.0,0,McLaren,McLaren,0.11550000000011096,38,1,50.0,0.2
jeddah,2021,21,OCO,BOT,13,15,18,undercut_ahead,1.8969999999999343,20.0,MEDIUM,HARD,2.0,HARD,22.420000000000016,False,True,3.0,5.0,1,Alpine,Alpine,-0.09750000000008185,34,0,50.0,0.26
jeddah,2021,21,OCO,RIC,13,15,18,defend_behind,-2.2650000000003274,20.0,MEDIUM,HARD,12.0,HARD,22.420000000000016,False,True,3.0,4.0,1,Alpine,Alpine,-0.09750000000008185,34,1,50.0,0.26
jeddah,2021,21,RAI,VET,13,15,18,defend_behind,-0.9239999999999782,13.0,MEDIUM,HARD,13.0,HARD,22.420000000000016,False,True,13.0,8.0,0,Alfa Romeo Racing,Alfa Romeo Racing,-0.047000000000025466,40,0,50.0,0.26
jeddah,2021,21,RIC,OCO,13,15,18,undercut_ahead,2.2650000000003274,13.0,HARD,MEDIUM,19.0,MEDIUM,22.420000000000016,False,True,4.0,3.0,0,McLaren,McLaren,0.11550000000011096,38,0,50.0,0.26
jeddah,2021,21,RIC,LEC,13,15,18,defend_behind,-1.4979999999995923,13.0,HARD,MEDIUM,2.0,HARD,22.420000000000016,False,True,4.0,10.0,1,McLaren,McLaren,0.11550000000011096,38,0,50.0,0.26
jeddah,2021,21,SAI,GIO,13,15,18,defend_behind,-0.9589999999998328,13.0,HARD,MEDIUM,18.0,MEDIUM,22.420000000000016,False,True,11.0,7.0,0,Ferrari,Ferrari,-0.08875000000011823,36,1,50.0,0.26
jeddah,2021,21,TSU,GIO,13,15,18,undercut_ahead,1.3320000000003347,20.0,MEDIUM,HARD,18.0,MEDIUM,22.420000000000016,False,True,9.0,7.0,0,AlphaTauri,AlphaTauri,0.047749999999723514,38,0,50.0,0.26
jeddah,2021,21,VET,RAI,13,15,18,undercut_ahead,0.9239999999999782,14.0,HARD,MEDIUM,12.0,MEDIUM,22.420000000000016,True,True,8.0,13.0,1,Aston Martin,Aston Martin,-0.009999999999763531,41,1,50.0,0.26
jeddah,2021,21,VET,NOR,13,15,18,defend_behind,-1.3450000000002549,14.0,HARD,MEDIUM,2.0,HARD,22.420000000000016,True,True,8.0,15.0,1,Aston Martin,Aston Martin,-0.009999999999763531,41,0,50.0,0.26
jeddah,2022,2,GAS,HAM,15,40,43,undercut_ahead,2.311999999999898,15.0,MEDIUM,HARD,15.0,HARD,22.420000000000016,False,True,8.0,11.0,1,AlphaTauri,AlphaTauri,-0.24375000000009095,52,0,50.0,0.3
jeddah,2022,2,GAS,NOR,15,16,19,defend_behind,-2.6840000000001965,15.0,MEDIUM,HARD,14.0,MEDIUM,22.420000000000016,False,True,14.0,13.0,0,AlphaTauri,AlphaTauri,-0.24375000000009095,52,0,50.0,0.3
jeddah,2022,2,NOR,ZHO,16,27,30,defend_behind,-0.5389999999997599,16.0,MEDIUM,HARD,15.0,MEDIUM,22.420000000000016,True,True,12.0,17.0,1,McLaren,McLaren,-0.17475000000013097,52,0,50.0,0.32
jeddah,2022,2,OCO,MAG,16,37,40,defend_behind,-1.0239999999994325,16.0,MEDIUM,HARD,17.0,HARD,22.420000000000016,False,True,7.0,12.0,1,Alpine,Alpine,-0.040499999999610736,45,1,50.0,0.32
jeddah,2022,2,PER,LEC,15,16,19,defend_behind,-2.2479999999995925,15.0,MEDIUM,HARD,14.0,MEDIUM,22.420000000000016,False,True,3.0,1.0,0,Red Bull Racing,Red Bull Racing,-0.4772499999999127,56,1,50.0,0.3
jeddah,2022,2,RIC,STR,8,13,16,undercut_ahead,0.3640000000004875,8.0,MEDIUM,HARD,8.0,MEDIUM,22.420000000000016,True,True,14.0,16.0,1,McLaren,McLaren,-0.17475000000013097,52,0,50.0,0.16
jeddah,2022,2,STR,HUL,13,37,40,undercut_ahead,0.1909999999998035,14.0,MEDIUM,HARD,13.0,HARD,22.420000000000016,True,True,10.0,14.0,1,Aston Martin,Aston Martin,-0.04449999999951615,47,0,50.0,0.26
jeddah,2023,2,BOT,ALB,9,17,20,undercut_ahead,1.4409999999998035,9.0,MEDIUM,HARD,8.0,MEDIUM,22.420000000000016,False,True,18.0,12.0,0,Alfa Romeo,Alfa Romeo,0.4070000000001528,56,1,50.0,0.18
jeddah,2023,2,BOT,DEV,9,17,20,defend_behind,-0.3789999999999054,9.0,MEDIUM,HARD,8.0,MEDIUM,22.420000000000016,False,True,18.0,14.0,0,Alfa Romeo,Alfa Romeo,0.4070000000001528,56,1,50.0,0.18
jeddah,2023,2,BOT,NOR,17,19,22,defend_behind,-1.792000000000371,8.0,HARD,MEDIUM,14.0,HARD,22.420000000000016,False,True,19.0,18.0,0,Alfa Romeo,Alfa Romeo,0.4070000000001528,56,0,50.0,0.34
jeddah,2023,2,DEV,SAR,17,18,21,defend_behind,-1.594000000000051,17.0,MEDIUM,HARD,16.0,HARD,22.420000000000016,False,True,15.0,14.0,0,AlphaTauri,AlphaTauri,-0.2809999999981301,56,1,50.0,0.34
jeddah,2023,2,GAS,HAM,14,18,21,undercut_ahead,1.8610000000007856,14.0,MEDIUM,HARD,13.0,HARD,22.420000000000016,False,True,10.0,6.0,0,Alpine,Alpine,0.4069999999992433,51,1,50.0,0.28
jeddah,2023,2,HUL,ZHO,11,18,21,undercut_ahead,2.4769999999998618,11.0,MEDIUM,HARD,10.0,MEDIUM,22.420000000000016,False,True,12.0,16.0,1,Haas F1 Team,Haas F1 Team,0.2820000000001528,55,1,50.0,0.22
jeddah,2023,2,HUL,TSU,11,17,20,defend_behind,-2.243999999999687,11.0,MEDIUM,HARD,10.0,MEDIUM,22.420000000000016,False,True,13.0,8.0,0,Haas F1 Team,Haas F1 Team,0.2820000000001528,55,1,50.0,0.22
jeddah,2023,2,LEC,VER,16,18,21,defend_behind,-1.0349999999998545,16.0,SOFT,HARD,15.0,MEDIUM,22.420000000000016,False,True,7.0,4.0,0,Ferrari,Ferrari,-0.42574999999987995,50,0,50.0,0.32
jeddah,2023,2,MAG,HUL,8,11,14,undercut_ahead,0.6190000000005966,8.0,MEDIUM,HARD,7.0,MEDIUM,22.420000000000016,True,False,15.0,17.0,1,Haas F1 Team,Haas F1 Team,0.2820000000001528,55,0,50.0,0.16
jeddah,2023,2,MAG,TSU,8,17,20,defend_behind,-1.644999999999527,8.0,MEDIUM,HARD,7.0,MEDIUM,22.420000000000016,True,True,11.0,8.0,0,Haas F1 Team,Haas F1 Team,0.2820000000001528,55,0,50.0,0.16
jeddah,2023,2,NOR,ALB,2,17,20,undercut_ahead,0.3380000000001928,2.0,SOFT,HARD,1.0,MEDIUM,22.420000000000016,True,True,19.0,12.0,0,McLaren,McLaren,-0.07900000000017826,57,0,50.0,0.04
jeddah,2023,2,NOR,DEV,2,17,20,defend_behind,-0.4169999999999163,2.0,SOFT,HARD,1.0,MEDIUM,22.420000000000016,True,True,19.0,14.0,0,McLaren,McLaren,-0.07900000000017826,57,0,50.0,0.04
jeddah,2023,2,OCO,HAM,16,18,21,defend_behind,-1.0880000000006476,16.0,MEDIUM,HARD,15.0,HARD,22.420000000000016,False,True,9.0,6.0,0,Alpine,Alpine,0.4069999999992433,51,1,50.0,0.32
jeddah,2023,2,ZHO,GAS,11,14,17,undercut_ahead,2.418000000000575,11.0,MEDIUM,HARD,10.0,MEDIUM,22.420000000000016,False,True,15.0,13.0,0,Alfa Romeo,Alfa Romeo,0.4070000000001528,56,1,50.0,0.22
jeddah,2024,2,ALB,HUL,7,33,36,defend_behind,-2.0330000000003565,7.0,MEDIUM,HARD,6.0,MEDIUM,22.420000000000016,True,True,14.0,11.0,0,Williams,Williams,0.15499999999974534,49,1,50.0,0.14
jeddah,2024,2,ALO,NOR,7,37,40,defend_behind,-2.655999999999949,8.0,MEDIUM,HARD,6.0,MEDIUM,22.420000000000016,True,True,5.0,8.0,1,Aston Martin,Aston Martin,0.060000000000172804,56,1,50.0,0.14
jeddah,2024,2,OCO,BOT,7,35,38,defend_behind,-0.3310000000001309,7.0,MEDIUM,HARD,6.0,SOFT,22.420000000000016,False,True,13.0,18.0,1,Alpine,Alpine,-0.08099999999967622,47,0,50.0,0.14
jeddah,2024,2,RIC,HUL,7,33,36,undercut_ahead,0.6289999999999054,7.0,MEDIUM,HARD,6.0,MEDIUM,22.420000000000016,True,True,17.0,11.0,0,RB,RB,-0.17949999999973443,44,0,50.0,0.14
jeddah,2024,2,RUS,NOR,7,37,40,undercut_ahead,1.0029999999997017,7.0,MEDIUM,HARD,6.0,MEDIUM,22.420000000000016,False,True,6.0,8.0,1,Mercedes,Mercedes,-0.07200000000057116,51,0,50.0,0.14
jeddah,2024,2,RUS,HAM,7,36,39,defend_behind,-1.41399999999976,7.0,MEDIUM,HARD,6.0,MEDIUM,22.420000000000016,False,True,6.0,9.0,1,Mercedes,Mercedes,-0.07200000000057116,51,0,50.0,0.14
jeddah,2024,2,SAR,BOT,7,35,38,undercut_ahead,0.5169999999998254,7.0,MEDIUM,HARD,6.0,SOFT,22.420000000000016,True,True,16.0,18.0,1,Williams,Williams,0.15499999999974534,49,0,50.0,0.14
jeddah,2024,2,SAR,ZHO,7,41,44,defend_behind,-1.7280000000000657,7.0,MEDIUM,HARD,6.0,MEDIUM,22.420000000000016,True,True,15.0,18.0,1,Williams,Williams,0.15499999999974534,49,1,50.0,0.14
jeddah,2025,5,ALB,HAD,22,34,37,defend_behind,-0.2619999999997162,22.0,MEDIUM,HARD,21.0,HARD,22.420000000000016,False,False,9.0,10.0,1,Williams,Williams,0.0014999999998508429,46,1,50.0,0.44
jeddah,2025,5,ALO,LAW,19,20,23,undercut_ahead,1.4409999999998035,20.0,MEDIUM,HARD,18.0,MEDIUM,22.420000000000016,False,False,17.0,16.0,0,Aston Martin,Aston Martin,0.1950000000001637,50,0,50.0,0.38
jeddah,2025,5,ANT,NOR,19,34,37,defend_behind,-0.337999999999738,19.0,MEDIUM,HARD,18.0,HARD,22.420000000000016,False,False,6.0,5.0,0,Mercedes,Mercedes,-0.08674999999902866,48,0,50.0,0.38
jeddah,2025,5,BEA,STR,18,39,42,defend_behind,-1.8040000000000875,18.0,MEDIUM,HARD,18.0,HARD,22.420000000000016,False,False,13.0,17.0,1,Haas F1 Team,Haas F1 Team,0.5172499999998763,42,0,50.0,0.36
jeddah,2025,5,HUL,STR,33,39,42,undercut_ahead,2.978000000000065,33.0,HARD,MEDIUM,33.0,HARD,22.420000000000016,False,False,15.0,17.0,1,Kick Sauber,Kick Sauber,-0.047999999999774445,41,0,50.0,0.66
jeddah,2025,5,PIA,VER,19,21,24,undercut_ahead,2.8140000000003056,19.0,MEDIUM,HARD,18.0,MEDIUM,22.420000000000016,False,False,3.0,4.0,1,McLaren,McLaren,-0.2272499999999127,48,1,50.0,0.38
jeddah,2025,5,RUS,LEC,20,29,32,defend_behind,-2.094999999999345,20.0,MEDIUM,HARD,19.0,MEDIUM,22.420000000000016,False,False,4.0,5.0,1,Mercedes,Mercedes,-0.08674999999902866,48,0,50.0,0.4
jeddah,2025,5,SAI,ALB,21,22,25,defend_behind,-2.5469999999995707,21.0,MEDIUM,HARD,20.0,MEDIUM,22.420000000000016,False,False,12.0,13.0,1,Williams,Williams,0.0014999999998508429,46,1,50.0,0.42
lusail,2021,20,GAS,NOR,13,25,28,undercut_ahead,1.868000000000393,16.0,SOFT,MEDIUM,15.0,SOFT,29.0505,False,False,6.0,7.0,1,AlphaTauri,AlphaTauri,0.047749999999723514,38,1,57.0,0.22807017543859648
lusail,2021,20,GAS,PER,13,19,22,defend_behind,-0.0999999999994543,16.0,SOFT,MEDIUM,12.0,MEDIUM,29.0505,False,False,13.0,12.0,0,AlphaTauri,AlphaTauri,0.047749999999723514,38,1,57.0,0.22807017543859648
lusail,2021,20,GIO,VET,15,26,29,defend_behind,-0.7219999999997526,15.0,SOFT,MEDIUM,17.0,SOFT,29.0505,False,False,15.0,14.0,0,Alfa Romeo Racing,Alfa Romeo Racing,-0.047000000000025466,40,0,57.0,0.2631578947368421
lusail,2021,20,LAT,MSC,18,22,25,defend_behind,-0.6200000000008004,18.0,SOFT,HARD,20.0,SOFT,29.0505,False,False,19.0,20.0,1,Williams,Williams,0.023500000000240107,38,0,57.0,0.3157894736842105
lusail,2021,20,MSC,TSU,22,34,37,defend_behind,-2.067999999999301,25.0,SOFT,MEDIUM,12.0,MEDIUM,29.0505,False,True,18.0,16.0,0,Haas F1 Team,Haas F1 Team,0.6980000000005475,36,0,57.0,0.38596491228070173
lusail,2021,20,OCO,SAI,24,27,30,defend_behind,-1.5410000000001671,27.0,SOFT,HARD,26.0,MEDIUM,29.0505,False,False,8.0,10.0,1,Alpine,Alpine,-0.09750000000008185,34,0,57.0,0.42105263157894735
lusail,2021,20,PER,ALO,19,23,26,undercut_ahead,2.131999999999607,19.0,MEDIUM,HARD,21.0,SOFT,29.0505,False,False,7.0,6.0,0,Red Bull Racing,Red Bull Racing,-0.37750000000096406,47,1,57.0,0.3333333333333333
lusail,2021,20,RAI,LEC,10,27,30,undercut_ahead,0.8070000000006985,10.0,SOFT,MEDIUM,9.0,MEDIUM,29.0505,True,False,18.0,12.0,0,Alfa Romeo Racing,Alfa Romeo Racing,-0.047000000000025466,40,1,57.0,0.17543859649122806
lusail,2021,20,RAI,RIC,10,26,29,defend_behind,-0.3089999999992869,10.0,SOFT,MEDIUM,9.0,MEDIUM,29.0505,True,False,12.0,16.0,1,Alfa Romeo Racing,Alfa Romeo Racing,-0.047000000000025466,40,1,57.0,0.17543859649122806
lusail,2021,20,RUS,LAT,17,18,21,defend_behind,-0.8680000000003929,17.0,SOFT,HARD,16.0,SOFT,29.0505,False,False,19.0,20.0,1,Williams,Williams,0.023500000000240107,38,0,57.0,0.2982456140350877
lusail,2021,20,STR,SAI,23,27,30,undercut_ahead,1.1220000000002983,23.0,MEDIUM,HARD,25.0,MEDIUM,29.0505,False,False,9.0,10.0,1,Aston Martin,Aston Martin,-0.009999999999763531,41,0,57.0,0.40350877192982454
lusail,2021,20,STR,LEC,23,27,30,defend_behind,-2.2669999999998254,23.0,MEDIUM,HARD,22.0,MEDIUM,29.0505,False,False,9.0,12.0,1,Aston Martin,Aston Martin,-0.009999999999763531,41,0,57.0,0.40350877192982454
lusail,2021,20,TSU,STR,9,23,26,defend_behind,-0.2629999999999199,12.0,SOFT,MEDIUM,8.0,MEDIUM,29.0505,False,False,12.0,11.0,0,AlphaTauri,AlphaTauri,0.047749999999723514,38,0,57.0,0.15789473684210525
lusail,2023,17,ALB,NOR,31,44,47,defend_behind,-2.164999999999964,13.0,MEDIUM,HARD,3.0,MEDIUM,29.0505,False,True,13.0,4.0,0,Williams,Williams,0.27400000000125146,48,1,57.0,0.543859649122807
lusail,2023,17,ALO,NOR,26,27,30,defend_behind,-1.6460000000006405,20.0,MEDIUM,HARD,18.0,MEDIUM,29.0505,False,False,8.0,6.0,0,Aston Martin,Aston Martin,0.011999999999716238,50,0,57.0,0.45614035087719296
lusail,2023,17,BOT,TSU,3,9,12,undercut_ahead,1.3330000000000837,6.0,SOFT,MEDIUM,2.0,MEDIUM,29.0505,False,True,11.0,18.0,1,Alfa Romeo,Alfa Romeo,0.4070000000001528,56,1,57.0,0.05263157894736842
lusail,2023,17,BOT,HUL,3,13,16,defend_behind,-2.014000000000124,6.0,SOFT,MEDIUM,9.0,MEDIUM,29.0505,False,True,5.0,18.0,1,Alfa Romeo,Alfa Romeo,0.4070000000001528,56,1,57.0,0.05263157894736842
lusail,2023,17,BOT,ALO,21,26,29,undercut_ahead,1.8469999999997528,18.0,MEDIUM,HARD,14.0,MEDIUM,29.0505,False,False,9.0,8.0,0,Alfa Romeo,Alfa Romeo,0.4070000000001528,56,1,57.0,0.3684210526315789
lusail,2023,17,BOT,STR,21,39,42,defend_behind,-1.4179999999996653,18.0,MEDIUM,HARD,17.0,MEDIUM,29.0505,False,True,12.0,13.0,1,Alfa Romeo,Alfa Romeo,0.4070000000001528,56,0,57.0,0.3684210526315789
lusail,2023,17,GAS,RUS,26,32,35,undercut_ahead,1.3559999999997672,20.0,MEDIUM,HARD,11.0,MEDIUM,29.0505,False,True,11.0,4.0,0,Alpine,Alpine,0.4069999999992433,51,0,57.0,0.45614035087719296
lusail,2023,17,GAS,PER,26,31,34,defend_behind,-1.7860000000000582,20.0,MEDIUM,HARD,14.0,MEDIUM,29.0505,False,True,11.0,12.0,1,Alpine,Alpine,0.4069999999992433,51,0,57.0,0.45614035087719296
lusail,2023,17,HUL,RUS,13,14,17,defend_behind,-0.5369999999993524,20.0,MEDIUM,HARD,18.0,MEDIUM,29.0505,False,False,18.0,15.0,0,Haas F1 Team,Haas F1 Team,0.2820000000001528,55,0,57.0,0.22807017543859648
lusail,2023,17,HUL,ZHO,27,35,38,undercut_ahead,2.8710000000000946,14.0,HARD,MEDIUM,8.0,HARD,29.0505,False,True,17.0,15.0,0,Haas F1 Team,Haas F1 Team,0.2820000000001528,55,1,57.0,0.47368421052631576
lusail,2023,17,LAW,MAG,3,21,24,undercut_ahead,1.44800000000032,3.0,SOFT,HARD,2.0,SOFT,29.0505,False,True,18.0,16.0,0,AlphaTauri,AlphaTauri,-0.2809999999981301,56,1,57.0,0.05263157894736842
lusail,2023,17,LAW,ZHO,3,18,21,defend_behind,-1.043999999999869,3.0,SOFT,HARD,2.0,MEDIUM,29.0505,False,True,15.0,17.0,1,AlphaTauri,AlphaTauri,-0.2809999999981301,56,1,57.0,0.05263157894736842
lusail,2023,17,LEC,OCO,25,43,46,defend_behind,-2.1729999999997744,20.0,MEDIUM,HARD,19.0,MEDIUM,29.0505,False,True,5.0,8.0,1,Ferrari,Ferrari,-0.42574999999987995,50,0,57.0,0.43859649122807015
lusail,2023,17,MAG,STR,3,21,24,undercut_ahead,1.7679999999995744,3.0,SOFT,MEDIUM,10.0,MEDIUM,29.0505,False,True,16.0,15.0,0,Haas F1 Team,Haas F1 Team,0.2820000000001528,55,1,57.0,0.05263157894736842
lusail,2023,17,MAG,LAW,3,21,24,defend_behind,-1.44800000000032,3.0,SOFT,MEDIUM,2.0,SOFT,29.0505,False,True,16.0,18.0,1,Haas F1 Team,Haas F1 Team,0.2820000000001528,55,1,57.0,0.05263157894736842
lusail,2023,17,MAG,LAW,21,39,42,defend_behind,-0.8720000000002983,18.0,MEDIUM,HARD,17.0,HARD,29.0505,False,True,14.0,16.0,1,Haas F1 Team,Haas F1 Team,0.2820000000001528,55,0,57.0,0.3684210526315789
lusail,2023,17,OCO,LEC,25,43,46,undercut_ahead,2.1729999999997744,20.0,MEDIUM,HARD,19.0,MEDIUM,29.0505,False,True,8.0,5.0,0,Alpine,Alpine,0.4069999999992433,51,0,57.0,0.43859649122807015
lusail,2023,17,OCO,RUS,25,32,35,defend_behind,-0.7520000000004075,20.0,MEDIUM,HARD,10.0,MEDIUM,29.0505,False,True,10.0,4.0,0,Alpine,Alpine,0.4069999999992433,51,0,57.0,0.43859649122807015
lusail,2023,17,SAR,ZHO,26,35,38,defend_behind,-0.4650000000001455,13.0,MEDIUM,HARD,7.0,HARD,29.0505,False,True,18.0,15.0,0,Williams,Williams,0.27400000000125146,48,0,57.0,0.45614035087719296
lusail,2023,17,STR,BOT,21,39,42,undercut_ahead,1.4179999999996653,18.0,MEDIUM,HARD,17.0,MEDIUM,29.0505,False,True,13.0,12.0,0,Aston Martin,Aston Martin,0.011999999999716238,50,0,57.0,0.3684210526315789
lusail,2023,17,STR,NOR,21,27,30,defend_behind,-0.3870000000006257,18.0,MEDIUM,HARD,13.0,MEDIUM,29.0505,False,False,10.0,6.0,0,Aston Martin,Aston Martin,0.011999999999716238,50,1,57.0,0.3684210526315789
lusail,2023,17,STR,GAS,39,44,47,undercut_ahead,1.6340000000000146,18.0,HARD,MEDIUM,12.0,HARD,29.0505,False,True,10.0,11.0,1,Aston Martin,Aston Martin,0.011999999999716238,50,0,57.0,0.6842105263157895
lusail,2023,17,STR,PER,39,43,46,defend_behind,-2.505000000000109,18.0,HARD,MEDIUM,13.0,MEDIUM,29.0505,False,True,10.0,12.0,1,Aston Martin,Aston Martin,0.011999999999716238,50,0,57.0,0.6842105263157895
lusail,2023,17,TSU,PER,22,31,34,undercut_ahead,1.4650000000001455,13.0,MEDIUM,HARD,10.0,MEDIUM,29.0505,False,True,14.0,12.0,0,AlphaTauri,AlphaTauri,-0.2809999999981301,56,1,57.0,0.38596491228070173
lusail,2023,17,TSU,ALB,22,31,34,defend_behind,-0.5060000000003129,13.0,MEDIUM,HARD,3.0,MEDIUM,29.0505,False,True,14.0,15.0,1,AlphaTauri,AlphaTauri,-0.2809999999981301,56,1,57.0,0.38596491228070173
lusail,2024,23,ALB,TSU,35,36,39,undercut_ahead,2.126999999999498,35.0,MEDIUM,SOFT,34.0,MEDIUM,29.0505,False,True,12.0,11.0,0,Williams,Williams,0.15499999999974534,49,1,57.0,0.6140350877192983
lusail,2024,23,ALB,LAW,35,36,39,defend_behind,-1.3649999999997815,35.0,MEDIUM,SOFT,34.0,MEDIUM,29.0505,False,True,12.0,14.0,1,Williams,Williams,0.15499999999974534,49,1,57.0,0.6140350877192983
lusail,2024,23,ALO,RUS,35,36,39,undercut_ahead,1.0249999999996362,35.0,MEDIUM,HARD,11.0,HARD,29.0505,False,True,9.0,6.0,0,Aston Martin,Aston Martin,0.060000000000172804,56,0,57.0,0.6140350877192983
lusail,2024,23,ALO,ZHO,35,36,39,defend_behind,-1.4790000000002692,35.0,MEDIUM,HARD,34.0,MEDIUM,29.0505,False,True,9.0,8.0,0,Aston Martin,Aston Martin,0.060000000000172804,56,0,57.0,0.6140350877192983
lusail,2024,23,BOT,TSU,24,35,38,defend_behind,-2.994999999999891,24.0,MEDIUM,HARD,23.0,MEDIUM,29.0505,False,True,17.0,12.0,0,Kick Sauber,Kick Sauber,0.38599999999996726,55,0,57.0,0.42105263157894735
lusail,2024,23,HUL,ALB,31,35,38,undercut_ahead,0.5940000000000509,30.0,HARD,MEDIUM,30.0,MEDIUM,29.0505,True,True,14.0,13.0,0,Haas F1 Team,Haas F1 Team,0.35299999999961074,51,0,57.0,0.543859649122807
lusail,2024,23,HUL,LAW,31,35,38,defend_behind,-2.824999999999818,30.0,HARD,MEDIUM,30.0,MEDIUM,29.0505,True,True,14.0,15.0,1,Haas F1 Team,Haas F1 Team,0.35299999999961074,51,0,57.0,0.543859649122807
lusail,2024,23,LAW,ALB,35,36,39,undercut_ahead,1.3649999999997815,35.0,MEDIUM,HARD,34.0,MEDIUM,29.0505,False,True,14.0,12.0,0,RB,RB,-0.17949999999973443,44,0,57.0,0.6140350877192983
lusail,2024,23,LAW,MAG,35,36,39,defend_behind,-1.7510000000002035,35.0,MEDIUM,HARD,7.0,HARD,29.0505,False,True,14.0,10.0,0,RB,RB,-0.17949999999973443,44,0,57.0,0.6140350877192983
lusail,2024,23,LAW,HAM,40,47,50,defend_behind,-0.1820000000006985,5.0,HARD,SOFT,5.0,HARD,29.0505,True,True,13.0,15.0,1,RB,RB,-0.17949999999973443,44,0,57.0,0.7017543859649122
lusail,2024,23,MAG,GAS,27,35,38,defend_behind,-1.2249999999994543,27.0,MEDIUM,HARD,26.0,MEDIUM,29.0505,False,True,11.0,6.0,0,Haas F1 Team,Haas F1 Team,0.35299999999961074,51,0,57.0,0.47368421052631576
lusail,2024,23,NOR,VER,35,36,39,undercut_ahead,2.5090000000000146,35.0,MEDIUM,HARD,34.0,MEDIUM,29.0505,False,True,2.0,1.0,0,McLaren,McLaren,-0.14574999999990723,52,0,57.0,0.6140350877192983
lusail,2024,23,PIA,LEC,34,35,38,defend_behind,-1.4909999999999854,34.0,MEDIUM,HARD,34.0,MEDIUM,29.0505,False,True,4.0,3.0,0,McLaren,McLaren,-0.14574999999990723,52,0,57.0,0.5964912280701754
lusail,2024,23,RUS,PIA,23,34,37,defend_behind,-0.6040000000002692,24.0,MEDIUM,HARD,22.0,MEDIUM,29.0505,False,True,7.0,4.0,0,Mercedes,Mercedes,-0.07200000000057116,51,1,57.0,0.40350877192982454
lusail,2024,23,TSU,ALB,35,36,39,defend_behind,-2.126999999999498,35.0,MEDIUM,HARD,34.0,MEDIUM,29.0505,False,True,11.0,12.0,1,RB,RB,-0.17949999999973443,44,0,57.0,0.6140350877192983
lusail,2024,23,VER,NOR,35,36,39,defend_behind,-2.5090000000000146,35.0,MEDIUM,HARD,34.0,MEDIUM,29.0505,False,True,1.0,2.0,1,Red Bull Racing,Red Bull Racing,-0.2855000000001837,52,0,57.0,0.6140350877192983
lusail,2024,23,ZHO,ALO,35,36,39,undercut_ahead,1.4790000000002692,35.0,MEDIUM,HARD,34.0,MEDIUM,29.0505,False,True,8.0,9.0,1,Kick Sauber,Kick Sauber,0.38599999999996726,55,0,57.0,0.6140350877192983
lusail,2025,23,ALB,TSU,7,32,35,undercut_ahead,0.7319999999999709,7.0,HARD,MEDIUM,6.0,MEDIUM,29.0505,True,True,13.0,12.0,0,Williams,Williams,0.0014999999998508429,46,1,57.0,0.12280701754385964
lusail,2025,23,ALB,STR,7,24,27,defend_behind,-0.8049999999998363,7.0,HARD,MEDIUM,6.0,MEDIUM,29.0505,True,True,13.0,19.0,1,Williams,Williams,0.0014999999998508429,46,1,57.0,0.12280701754385964
lusail,2025,23,ANT,PIA,32,42,45,undercut_ahead,2.905999999999949,25.0,MEDIUM,HARD,7.0,MEDIUM,29.0505,False,False,4.0,2.0,0,Mercedes,Mercedes,-0.08674999999902866,48,1,57.0,0.5614035087719298
lusail,2025,23,ANT,NOR,32,44,47,defend_behind,-0.543999999999869,25.0,MEDIUM,HARD,6.0,MEDIUM,29.0505,False,False,4.0,5.0,1,Mercedes,Mercedes,-0.08674999999902866,48,1,57.0,0.5614035087719298
lusail,2025,23,COL,BOR,7,32,35,undercut_ahead,1.268000000000029,7.0,HARD,MEDIUM,6.0,MEDIUM,29.0505,False,True,16.0,15.0,0,Alpine,Alpine,0.2495000000001255,46,1,57.0,0.12280701754385964
lusail,2025,23,GAS,HAD,7,32,35,undercut_ahead,1.893999999999778,7.0,MEDIUM,HARD,6.0,MEDIUM,29.0505,False,True,19.0,7.0,0,Alpine,Alpine,0.2495000000001255,46,0,57.0,0.12280701754385964
lusail,2025,23,GAS,OCO,32,34,37,undercut_ahead,0.9920000000001892,25.0,HARD,MEDIUM,22.0,MEDIUM,29.0505,True,False,19.0,17.0,0,Alpine,Alpine,0.2495000000001255,46,1,57.0,0.5614035087719298
lusail,2025,23,HAM,LAW,7,32,35,undercut_ahead,0.9420000000000072,7.0,SOFT,MEDIUM,6.0,MEDIUM,29.0505,True,True,14.0,11.0,0,Ferrari,Ferrari,-0.24724999999943975,46,1,57.0,0.12280701754385964
lusail,2025,23,HAM,OCO,7,8,11,defend_behind,-0.6739999999999782,7.0,SOFT,MEDIUM,6.0,MEDIUM,29.0505,True,True,14.0,18.0,1,Ferrari,Ferrari,-0.24724999999943975,46,1,57.0,0.12280701754385964
lusail,2025,23,OCO,VER,9,32,35,undercut_ahead,0.2269999999998617,1.0,HARD,MEDIUM,1.0,MEDIUM,29.0505,True,True,17.0,3.0,0,Haas F1 Team,Haas F1 Team,0.5172499999998763,42,1,57.0,0.15789473684210525
lusail,2025,23,OCO,SAI,9,32,35,defend_behind,-1.268000000000029,1.0,HARD,MEDIUM,1.0,MEDIUM,29.0505,True,True,17.0,4.0,0,Haas F1 Team,Haas F1 Team,0.5172499999998763,42,1,57.0,0.15789473684210525
lusail,2025,23,SAI,PIA,32,42,45,defend_behind,-0.8949999999995271,25.0,MEDIUM,HARD,7.0,MEDIUM,29.0505,False,False,3.0,2.0,0,Williams,Williams,0.0014999999998508429,46,0,57.0,0.5614035087719298
melbourne,2018,1,LEC,STR,20,25,28,undercut_ahead,1.5609999999996944,19.0,SUPERSOFT,SOFT,18.0,SUPERSOFT,20.426999999999992,False,True,14.0,13.0,0,Sauber,Sauber,-0.10650000000055115,19,0,58.0,0.3448275862068966
melbourne,2018,1,PER,BOT,24,25,28,defend_behind,-0.5279999999997926,23.0,ULTRASOFT,SOFT,25.0,ULTRASOFT,20.426999999999992,False,True,11.0,9.0,0,Force India,Force India,0.32549999999991996,14,0,58.0,0.41379310344827586
melbourne,2018,1,SAI,ALO,22,26,29,defend_behind,-0.8890000000001237,24.0,ULTRASOFT,SOFT,20.0,ULTRASOFT,20.426999999999992,False,True,10.0,6.0,0,Renault,Renault,0.6220000000002983,21,0,58.0,0.3793103448275862
melbourne,2018,1,VER,HUL,21,24,27,undercut_ahead,1.5479999999997744,23.0,SUPERSOFT,SOFT,22.0,ULTRASOFT,20.426999999999992,False,True,5.0,7.0,1,Red Bull Racing,Red Bull Racing,-0.4507500000000846,24,0,58.0,0.3620689655172414
melbourne,2018,1,VER,SAI,21,22,25,defend_behind,-2.7049999999999272,23.0,SUPERSOFT,SOFT,22.0,ULTRASOFT,20.426999999999992,False,True,6.0,10.0,1,Red Bull Racing,Red Bull Racing,-0.4507500000000846,24,0,58.0,0.3620689655172414
melbourne,2019,1,ALB,NOR,14,15,18,undercut_ahead,2.824999999999818,14.0,SOFT,MEDIUM,16.0,SOFT,20.426999999999992,False,False,15.0,13.0,0,Toro Rosso,Toro Rosso,0.05900000000019645,31,0,58.0,0.2413793103448276
melbourne,2019,1,ALB,STR,14,27,30,defend_behind,-2.367999999999938,14.0,SOFT,MEDIUM,13.0,MEDIUM,20.426999999999992,False,True,14.0,10.0,0,Toro Rosso,Toro Rosso,0.05900000000019645,31,0,58.0,0.2413793103448276
melbourne,2019,1,HUL,GRO,13,15,18,undercut_ahead,0.9980000000000472,13.0,SOFT,HARD,15.0,SOFT,20.426999999999992,True,False,11.0,14.0,1,Renault,Renault,0.0,30,0,58.0,0.22413793103448276
melbourne,2019,1,KVY,STR,26,27,30,undercut_ahead,2.019000000000233,26.0,MEDIUM,HARD,25.0,MEDIUM,20.426999999999992,False,False,11.0,10.0,0,Toro Rosso,Toro Rosso,0.05900000000019645,31,0,58.0,0.4482758620689655
melbourne,2019,1,KVY,GAS,26,37,40,defend_behind,-0.8240000000005239,26.0,MEDIUM,HARD,25.0,MEDIUM,20.426999999999992,False,True,10.0,11.0,1,Toro Rosso,Toro Rosso,0.05900000000019645,31,0,58.0,0.4482758620689655
melbourne,2019,1,MAG,GRO,14,15,18,defend_behind,-1.3510000000001128,17.0,SOFT,MEDIUM,16.0,SOFT,20.426999999999992,False,False,9.0,14.0,1,Haas F1 Team,Haas F1 Team,0.2179999999989377,35,1,58.0,0.2413793103448276
melbourne,2019,1,PER,ALB,13,14,17,undercut_ahead,1.2900000000004184,16.0,SOFT,HARD,12.0,SOFT,20.426999999999992,False,False,16.0,15.0,0,Racing Point,Racing Point,0.1320000000005166,37,1,58.0,0.22413793103448276
melbourne,2019,1,PER,STR,13,27,30,defend_behind,-1.05199999999968,16.0,SOFT,HARD,12.0,MEDIUM,20.426999999999992,False,True,13.0,10.0,0,Racing Point,Racing Point,0.1320000000005166,37,1,58.0,0.22413793103448276
melbourne,2019,1,RAI,HUL,12,13,16,undercut_ahead,2.3409999999998945,15.0,SOFT,MEDIUM,11.0,SOFT,20.426999999999992,False,False,12.0,11.0,0,Alfa Romeo Racing,Alfa Romeo Racing,0.44699999999988904,42,1,58.0,0.20689655172413793
melbourne,2019,1,RAI,NOR,12,15,18,defend_behind,-1.9929999999999384,15.0,SOFT,MEDIUM,14.0,SOFT,20.426999999999992,False,False,12.0,13.0,1,Alfa Romeo Racing,Alfa Romeo Racing,0.44699999999988904,42,1,58.0,0.20689655172413793
melbourne,2019,1,STR,GAS,27,37,40,defend_behind,-2.6530000000002474,27.0,MEDIUM,HARD,26.0,MEDIUM,20.426999999999992,False,True,9.0,11.0,1,Racing Point,Racing Point,0.1320000000005166,37,1,58.0,0.46551724137931033
melbourne,2019,1,VET,VER,14,25,28,defend_behind,-1.7699999999999818,17.0,SOFT,MEDIUM,16.0,SOFT,20.426999999999992,False,False,3.0,4.0,1,Ferrari,Ferrari,-0.08799999999973807,43,0,58.0,0.2413793103448276
melbourne,2022,3,GAS,ALO,21,39,42,undercut_ahead,1.7309999999997672,21.0,MEDIUM,HARD,20.0,HARD,20.426999999999992,False,True,10.0,13.0,1,AlphaTauri,AlphaTauri,-0.24375000000009095,52,0,58.0,0.3620689655172414
melbourne,2022,3,GAS,BOT,21,22,25,defend_behind,-0.5630000000001019,21.0,MEDIUM,HARD,20.0,MEDIUM,20.426999999999992,False,True,14.0,12.0,0,AlphaTauri,AlphaTauri,-0.24375000000009095,52,0,58.0,0.3620689655172414
melbourne,2022,3,HAM,RUS,22,23,26,defend_behind,-2.1959999999999127,22.0,MEDIUM,HARD,21.0,MEDIUM,20.426999999999992,False,True,6.0,3.0,0,Mercedes,Mercedes,-0.0020000000004074536,45,1,58.0,0.3793103448275862
melbourne,2022,3,MSC,ZHO,14,21,24,undercut_ahead,2.7460000000000946,16.0,MEDIUM,HARD,13.0,MEDIUM,20.426999999999992,False,True,16.0,17.0,1,Haas F1 Team,Haas F1 Team,0.6865000000007058,39,0,58.0,0.2413793103448276
melbourne,2022,3,NOR,RIC,20,21,24,defend_behind,-0.7539999999999054,20.0,MEDIUM,HARD,19.0,MEDIUM,20.426999999999992,False,True,8.0,9.0,1,McLaren,McLaren,-0.17475000000013097,52,1,58.0,0.3448275862068966
melbourne,2022,3,OCO,GAS,17,21,24,defend_behind,-0.7789999999995416,17.0,MEDIUM,HARD,16.0,MEDIUM,20.426999999999992,False,True,11.0,14.0,1,Alpine,Alpine,-0.040499999999610736,45,1,58.0,0.29310344827586204
melbourne,2022,3,PER,HAM,20,22,25,defend_behind,-0.5239999999994325,20.0,MEDIUM,HARD,19.0,MEDIUM,20.426999999999992,False,True,5.0,6.0,1,Red Bull Racing,Red Bull Racing,-0.4772499999999127,56,1,58.0,0.3448275862068966
melbourne,2022,3,STR,LAT,3,13,16,undercut_ahead,0.5349999999998545,4.0,HARD,MEDIUM,2.0,MEDIUM,20.426999999999992,True,True,16.0,19.0,1,Aston Martin,Aston Martin,-0.04449999999951615,47,0,58.0,0.05172413793103448
melbourne,2022,3,TSU,ZHO,18,21,24,defend_behind,-0.5979999999999563,18.0,MEDIUM,HARD,17.0,MEDIUM,20.426999999999992,False,True,15.0,17.0,1,AlphaTauri,AlphaTauri,-0.24375000000009095,52,1,58.0,0.3103448275862069
melbourne,2022,3,ZHO,MAG,21,39,42,undercut_ahead,1.5470000000004802,21.0,MEDIUM,HARD,20.0,HARD,20.426999999999992,False,True,14.0,16.0,1,Alfa Romeo,Alfa Romeo,0.5190000000002328,39,0,58.0,0.3620689655172414
melbourne,2023,3,ALO,VER,8,55,58,undercut_ahead,2.57299999999941,9.0,MEDIUM,HARD,7.0,MEDIUM,20.426999999999992,False,True,3.0,1.0,0,Aston Martin,Aston Martin,0.011999999999716238,50,1,58.0,0.13793103448275862
melbourne,2023,3,HAM,VER,8,55,58,defend_behind,-1.3640000000004875,8.0,MEDIUM,HARD,7.0,MEDIUM,20.426999999999992,False,True,2.0,1.0,0,Mercedes,Mercedes,-0.1014999999997599,50,0,58.0,0.13793103448275862
melbourne,2023,3,MAG,NOR,7,8,11,undercut_ahead,0.8539999999993597,7.0,MEDIUM,HARD,6.0,MEDIUM,20.426999999999992,True,True,14.0,10.0,0,Haas F1 Team,Haas F1 Team,0.2820000000001528,55,0,58.0,0.1206896551724138
melbourne,2023,3,MAG,PIA,7,8,11,defend_behind,-0.6460000000006403,7.0,MEDIUM,HARD,6.0,MEDIUM,20.426999999999992,True,True,14.0,11.0,0,Haas F1 Team,Haas F1 Team,0.2820000000001528,55,0,58.0,0.1206896551724138
melbourne,2023,3,NOR,TSU,8,54,57,undercut_ahead,0.9620000000004438,8.0,MEDIUM,HARD,7.0,MEDIUM,20.426999999999992,True,True,7.0,11.0,1,McLaren,McLaren,-0.07900000000017826,57,1,58.0,0.13793103448275862
melbourne,2023,3,NOR,PIA,8,54,57,defend_behind,-0.6629999999995562,8.0,MEDIUM,HARD,7.0,MEDIUM,20.426999999999992,True,True,7.0,9.0,1,McLaren,McLaren,-0.07900000000017826,57,1,58.0,0.13793103448275862
melbourne,2023,3,PIA,NOR,8,55,58,undercut_ahead,0.6629999999995562,8.0,MEDIUM,HARD,7.0,MEDIUM,20.426999999999992,True,True,9.0,7.0,0,McLaren,McLaren,-0.07900000000017826,57,1,58.0,0.13793103448275862
melbourne,2023,3,PIA,DEV,8,45,48,defend_behind,-1.363999999999578,8.0,MEDIUM,HARD,7.0,HARD,20.426999999999992,True,True,11.0,17.0,1,McLaren,McLaren,-0.07900000000017826,57,1,58.0,0.13793103448275862
melbourne,2023,3,RUS,HAM,7,8,11,defend_behind,-0.6369999999997162,7.0,MEDIUM,HARD,6.0,MEDIUM,20.426999999999992,False,True,5.0,1.0,0,Mercedes,Mercedes,-0.1014999999997599,50,0,58.0,0.1206896551724138
melbourne,2023,3,SAI,VER,7,8,11,undercut_ahead,1.4790000000002692,7.0,MEDIUM,HARD,6.0,MEDIUM,20.426999999999992,False,True,9.0,2.0,0,Ferrari,Ferrari,-0.42574999999987995,50,0,58.0,0.1206896551724138
melbourne,2023,3,SAI,ALO,7,8,11,defend_behind,-0.8090000000001965,7.0,MEDIUM,HARD,7.0,MEDIUM,20.426999999999992,False,True,9.0,3.0,0,Ferrari,Ferrari,-0.42574999999987995,50,0,58.0,0.1206896551724138
melbourne,2023,3,SAR,BOT,8,53,56,undercut_ahead,0.4609999999993306,7.0,HARD,MEDIUM,6.0,HARD,20.426999999999992,True,True,16.0,13.0,0,Williams,Williams,0.27400000000125146,48,1,58.0,0.13793103448275862
melbourne,2023,3,SAR,BOT,36,53,56,undercut_ahead,1.5099999999993088,28.0,MEDIUM,HARD,34.0,HARD,20.426999999999992,False,True,16.0,13.0,0,Williams,Williams,0.27400000000125146,48,0,58.0,0.6206896551724138
melbourne,2023,3,TSU,NOR,8,55,58,defend_behind,-0.9620000000004438,8.0,MEDIUM,HARD,7.0,MEDIUM,20.426999999999992,False,True,11.0,7.0,0,AlphaTauri,AlphaTauri,-0.2809999999981301,56,1,58.0,0.13793103448275862
melbourne,2023,3,VER,HAM,8,55,58,undercut_ahead,1.3640000000004875,8.0,MEDIUM,HARD,7.0,MEDIUM,20.426999999999992,False,True,1.0,2.0,1,Red Bull Racing,Red Bull Racing,-0.4220000000004802,59,1,58.0,0.13793103448275862
melbourne,2023,3,VER,ALO,8,55,58,defend_behind,-2.57299999999941,8.0,MEDIUM,HARD,8.0,MEDIUM,20.426999999999992,False,True,1.0,3.0,1,Red Bull Racing,Red Bull Racing,-0.4220000000004802,59,1,58.0,0.13793103448275862
melbourne,2024,3,ALB,MAG,6,7,10,undercut_ahead,0.4780000000000655,6.0,MEDIUM,HARD,5.0,MEDIUM,20.426999999999992,True,False,13.0,15.0,1,Williams,Williams,0.15499999999974534,49,0,58.0,0.10344827586206896
melbourne,2024,3,ALB,OCO,6,9,12,defend_behind,-0.650000000000091,6.0,MEDIUM,HARD,5.0,MEDIUM,20.426999999999992,True,False,13.0,14.0,1,Williams,Williams,0.15499999999974534,49,0,58.0,0.10344827586206896
melbourne,2024,3,BOT,ALO,8,17,20,undercut_ahead,1.7119999999995343,9.0,MEDIUM,HARD,8.0,HARD,20.426999999999992,False,True,16.0,5.0,0,Kick Sauber,Kick Sauber,0.38599999999996726,55,0,58.0,0.13793103448275862
melbourne,2024,3,BOT,OCO,8,9,12,defend_behind,-2.4329999999999927,9.0,MEDIUM,HARD,7.0,MEDIUM,20.426999999999992,False,False,18.0,14.0,0,Kick Sauber,Kick Sauber,0.38599999999996726,55,0,58.0,0.13793103448275862
melbourne,2024,3,GAS,RUS,17,45,48,undercut_ahead,1.6669999999994616,17.0,MEDIUM,HARD,8.0,HARD,20.426999999999992,False,True,14.0,7.0,0,Alpine,Alpine,-0.08099999999967622,47,1,58.0,0.29310344827586204
melbourne,2024,3,GAS,STR,17,37,40,defend_behind,-0.3250000000007276,17.0,MEDIUM,HARD,9.0,HARD,20.426999999999992,False,True,10.0,8.0,0,Alpine,Alpine,-0.08099999999967622,47,1,58.0,0.29310344827586204
melbourne,2024,3,HAM,TSU,7,9,12,undercut_ahead,0.4660000000003492,7.0,SOFT,HARD,6.0,MEDIUM,20.426999999999992,True,False,11.0,12.0,1,Mercedes,Mercedes,-0.07200000000057116,51,0,58.0,0.1206896551724138
melbourne,2024,3,HUL,RUS,17,45,48,defend_behind,-0.3230000000003201,17.0,HARD,MEDIUM,8.0,HARD,20.426999999999992,False,True,10.0,7.0,0,Haas F1 Team,Haas F1 Team,0.35299999999961074,51,1,58.0,0.29310344827586204
melbourne,2024,3,LEC,NOR,9,14,17,undercut_ahead,0.8780000000006112,9.0,MEDIUM,HARD,8.0,MEDIUM,20.426999999999992,True,True,2.0,4.0,1,Ferrari,Ferrari,-0.19399999999995998,51,1,58.0,0.15517241379310345
melbourne,2024,3,LEC,PIA,9,39,42,defend_behind,-0.8220000000001164,9.0,MEDIUM,HARD,8.0,MEDIUM,20.426999999999992,True,True,2.0,4.0,1,Ferrari,Ferrari,-0.19399999999995998,51,1,58.0,0.15517241379310345
melbourne,2024,3,MAG,BOT,7,8,11,undercut_ahead,1.958000000000084,7.0,MEDIUM,HARD,7.0,MEDIUM,20.426999999999992,False,False,15.0,18.0,1,Haas F1 Team,Haas F1 Team,0.35299999999961074,51,1,58.0,0.1206896551724138
melbourne,2024,3,MAG,OCO,7,9,12,defend_behind,-1.014999999999873,7.0,MEDIUM,HARD,6.0,MEDIUM,20.426999999999992,False,False,15.0,14.0,0,Haas F1 Team,Haas F1 Team,0.35299999999961074,51,1,58.0,0.1206896551724138
melbourne,2024,3,OCO,HUL,9,17,20,defend_behind,-2.9349999999994907,9.0,MEDIUM,HARD,8.0,HARD,20.426999999999992,False,True,17.0,12.0,0,Alpine,Alpine,-0.08099999999967622,47,1,58.0,0.15517241379310345
melbourne,2024,3,PER,ALO,14,17,20,defend_behind,-1.9929999999994836,14.0,MEDIUM,HARD,14.0,HARD,20.426999999999992,False,True,7.0,5.0,0,Red Bull Racing,Red Bull Racing,-0.2855000000001837,52,1,58.0,0.2413793103448276
melbourne,2024,3,PIA,LEC,9,34,37,undercut_ahead,0.8220000000001164,9.0,MEDIUM,HARD,8.0,MEDIUM,20.426999999999992,True,True,3.0,4.0,1,McLaren,McLaren,-0.14574999999990723,52,1,58.0,0.15517241379310345
melbourne,2024,3,RIC,GAS,5,17,20,undercut_ahead,0.9020000000000435,5.0,SOFT,HARD,4.0,MEDIUM,20.426999999999992,True,True,13.0,15.0,1,RB,RB,-0.17949999999973443,44,0,58.0,0.08620689655172414
melbourne,2024,3,RIC,ZHO,5,6,9,defend_behind,-0.524000000000342,5.0,SOFT,HARD,4.0,SOFT,20.426999999999992,True,False,16.0,17.0,1,RB,RB,-0.17949999999973443,44,0,58.0,0.08620689655172414
melbourne,2024,3,RUS,PER,8,14,17,defend_behind,-0.6440000000002328,8.0,MEDIUM,HARD,7.0,MEDIUM,20.426999999999992,False,True,6.0,8.0,1,Mercedes,Mercedes,-0.07200000000057116,51,1,58.0,0.13793103448275862
melbourne,2024,3,STR,PER,8,14,17,undercut_ahead,0.8549999999995634,9.0,MEDIUM,HARD,7.0,MEDIUM,20.426999999999992,True,True,7.0,8.0,1,Aston Martin,Aston Martin,0.060000000000172804,56,1,58.0,0.13793103448275862
melbourne,2024,3,STR,TSU,8,9,12,defend_behind,-0.949000000000524,9.0,MEDIUM,HARD,7.0,MEDIUM,20.426999999999992,True,False,10.0,12.0,1,Aston Martin,Aston Martin,0.060000000000172804,56,1,58.0,0.13793103448275862
melbourne,2024,3,TSU,PER,9,14,17,undercut_ahead,2.136999999999716,9.0,MEDIUM,HARD,8.0,MEDIUM,20.426999999999992,False,True,9.0,8.0,0,RB,RB,-0.17949999999973443,44,0,58.0,0.15517241379310345
melbourne,2024,3,TSU,ALO,9,17,20,defend_behind,-0.8119999999998981,9.0,MEDIUM,HARD,9.0,HARD,20.426999999999992,False,True,9.0,5.0,0,RB,RB,-0.17949999999973443,44,0,58.0,0.15517241379310345
melbourne,2024,3,ZHO,GAS,6,17,20,undercut_ahead,1.0610000000001492,6.0,SOFT,HARD,5.0,MEDIUM,20.426999999999992,False,True,14.0,15.0,1,Kick Sauber,Kick Sauber,0.38599999999996726,55,1,58.0,0.10344827586206896
melbourne,2025,1,ALB,TSU,33,47,50,undercut_ahead,1.0789999999997235,31.0,INTERMEDIATE,MEDIUM,32.0,INTERMEDIATE,20.426999999999992,False,True,4.0,11.0,1,Williams,Williams,0.0014999999998508429,46,1,57.0,0.5789473684210527
melbourne,2025,1,ALB,HAM,33,47,50,defend_behind,-1.4470000000001164,31.0,INTERMEDIATE,MEDIUM,32.0,INTERMEDIATE,20.426999999999992,False,True,4.0,9.0,1,Williams,Williams,0.0014999999998508429,46,1,57.0,0.5789473684210527
melbourne,2025,1,ALB,LEC,44,47,50,undercut_ahead,0.4319999999988795,11.0,MEDIUM,INTERMEDIATE,10.0,HARD,20.426999999999992,True,True,4.0,10.0,1,Williams,Williams,0.0014999999998508429,46,1,57.0,0.7719298245614035
melbourne,2025,1,ALB,HAM,44,47,50,defend_behind,-0.4150000000008731,11.0,MEDIUM,INTERMEDIATE,11.0,HARD,20.426999999999992,True,True,4.0,9.0,1,Williams,Williams,0.0014999999998508429,46,1,57.0,0.7719298245614035
melbourne,2025,1,ANT,GAS,44,46,49,undercut_ahead,0.363999999999578,11.0,HARD,INTERMEDIATE,10.0,HARD,20.426999999999992,True,True,5.0,8.0,1,Mercedes,Mercedes,-0.08674999999902866,48,1,57.0,0.7719298245614035
melbourne,2025,1,BEA,OCO,39,46,49,undercut_ahead,2.5780000000013388,35.0,INTERMEDIATE,MEDIUM,34.0,INTERMEDIATE,20.426999999999992,False,True,14.0,12.0,0,Haas F1 Team,Haas F1 Team,0.5172499999998763,42,0,57.0,0.6842105263157895
melbourne,2025,1,GAS,HAM,33,47,50,undercut_ahead,2.1210000000000946,33.0,INTERMEDIATE,HARD,32.0,INTERMEDIATE,20.426999999999992,False,True,8.0,9.0,1,Alpine,Alpine,0.2495000000001255,46,1,57.0,0.5789473684210527
melbourne,2025,1,GAS,TSU,46,47,50,undercut_ahead,0.0020000000004074,13.0,HARD,INTERMEDIATE,12.0,MEDIUM,20.426999999999992,True,True,8.0,11.0,1,Alpine,Alpine,0.2495000000001255,46,1,57.0,0.8070175438596491
melbourne,2025,1,HAM,ALB,33,44,47,undercut_ahead,1.4470000000001164,33.0,INTERMEDIATE,HARD,30.0,INTERMEDIATE,20.426999999999992,False,True,9.0,4.0,0,Ferrari,Ferrari,-0.24724999999943975,46,1,57.0,0.5789473684210527
melbourne,2025,1,HAM,GAS,33,46,49,defend_behind,-2.1210000000000946,33.0,INTERMEDIATE,HARD,32.0,INTERMEDIATE,20.426999999999992,False,True,9.0,8.0,0,Ferrari,Ferrari,-0.24724999999943975,46,1,57.0,0.5789473684210527
melbourne,2025,1,OCO,BEA,39,44,47,defend_behind,-2.5780000000013388,35.0,INTERMEDIATE,MEDIUM,34.0,INTERMEDIATE,20.426999999999992,True,True,12.0,14.0,1,Haas F1 Team,Haas F1 Team,0.5172499999998763,42,0,57.0,0.6842105263157895
melbourne,2025,1,PIA,VER,44,46,49,defend_behind,-0.9650000000001456,11.0,HARD,INTERMEDIATE,9.0,MEDIUM,20.426999999999992,False,True,13.0,2.0,0,McLaren,McLaren,-0.2272499999999127,48,0,57.0,0.7719298245614035
melbourne,2025,1,RUS,TSU,44,47,50,defend_behind,-1.162000000000262,10.0,HARD,INTERMEDIATE,10.0,MEDIUM,20.426999999999992,False,True,3.0,11.0,1,Mercedes,Mercedes,-0.08674999999902866,48,1,57.0,0.7719298245614035
melbourne,2025,1,TSU,ALB,33,44,47,defend_behind,-1.0789999999997235,33.0,INTERMEDIATE,MEDIUM,30.0,INTERMEDIATE,20.426999999999992,False,True,11.0,4.0,0,Racing Bulls,Racing Bulls,-0.18699999999989814,41,0,57.0,0.5789473684210527
melbourne,2026,1,ALB,SAI,33,45,48,defend_behind,-2.411000000000058,21.0,HARD,SOFT,21.0,HARD,20.426999999999992,False,True,12.0,15.0,1,Williams,Williams,0.06700000000000728,29,0,58.0,0.5689655172413793
melbourne,2026,1,ANT,HAM,12,28,31,undercut_ahead,0.8679999999994834,12.0,MEDIUM,HARD,11.0,MEDIUM,20.426999999999992,True,True,2.0,4.0,1,Mercedes,Mercedes,-0.48700000000008004,21,1,58.0,0.20689655172413793
melbourne,2026,1,BEA,VER,18,41,44,undercut_ahead,1.85399999999936,18.0,MEDIUM,HARD,17.0,HARD,20.426999999999992,False,True,7.0,6.0,0,Haas F1 Team,Haas F1 Team,0.4760000000005675,19,1,58.0,0.3103448275862069
melbourne,2026,1,BEA,BOR,18,33,36,defend_behind,-2.449000000000524,18.0,MEDIUM,HARD,17.0,MEDIUM,20.426999999999992,False,True,7.0,11.0,1,Haas F1 Team,Haas F1 Team,0.4760000000005675,19,1,58.0,0.3103448275862069
melbourne,2026,1,BOR,NOR,18,34,37,defend_behind,-1.7539999999999054,18.0,MEDIUM,HARD,6.0,HARD,20.426999999999992,False,True,11.0,8.0,0,Audi,Audi,0.0,23,1,58.0,0.3103448275862069
melbourne,2026,1,GAS,VER,11,18,21,undercut_ahead,0.7380000000002838,11.0,MEDIUM,HARD,10.0,HARD,20.426999999999992,True,True,10.0,6.0,0,Alpine,Alpine,0.0,23,0,58.0,0.1896551724137931
melbourne,2026,1,GAS,BEA,11,18,21,defend_behind,-1.02599999999984,11.0,MEDIUM,HARD,10.0,MEDIUM,20.426999999999992,True,True,10.0,8.0,0,Alpine,Alpine,0.0,23,0,58.0,0.1896551724137931
melbourne,2026,1,LEC,HAM,25,28,31,defend_behind,-2.3649999999997817,25.0,MEDIUM,HARD,24.0,MEDIUM,20.426999999999992,False,False,3.0,4.0,1,Ferrari,Ferrari,-0.23250000000007276,22,0,58.0,0.43103448275862066
melbourne,2026,1,LIN,VER,18,41,44,defend_behind,-0.6660000000001673,18.0,MEDIUM,HARD,17.0,HARD,20.426999999999992,False,True,8.0,6.0,0,Racing Bulls,Racing Bulls,0.057999999999992724,21,1,58.0,0.3103448275862069
melbourne,2026,1,NOR,LIN,11,18,21,undercut_ahead,0.4909999999999854,11.0,MEDIUM,HARD,10.0,MEDIUM,20.426999999999992,True,True,5.0,7.0,1,McLaren,McLaren,-0.26050000000032014,23,0,58.0,0.1896551724137931
melbourne,2026,1,NOR,VER,34,41,44,defend_behind,-0.6890000000003056,23.0,HARD,MEDIUM,15.0,MEDIUM,20.426999999999992,False,True,5.0,6.0,1,McLaren,McLaren,-0.26050000000032014,23,0,58.0,0.5862068965517241
melbourne,2026,1,OCO,NOR,11,34,37,undercut_ahead,2.623000000000502,11.0,MEDIUM,HARD,10.0,MEDIUM,20.426999999999992,False,True,9.0,8.0,0,Haas F1 Team,Haas F1 Team,0.4760000000005675,19,0,58.0,0.1896551724137931
melbourne,2026,1,OCO,VER,11,18,21,defend_behind,-1.0049999999991996,11.0,MEDIUM,HARD,10.0,HARD,20.426999999999992,False,True,11.0,6.0,0,Haas F1 Team,Haas F1 Team,0.4760000000005675,19,0,58.0,0.1896551724137931
melbourne,2026,1,RUS,LEC,12,25,28,undercut_ahead,1.0119999999997162,12.0,MEDIUM,HARD,11.0,MEDIUM,20.426999999999992,False,True,1.0,3.0,1,Mercedes,Mercedes,-0.48700000000008004,21,0,58.0,0.20689655172413793
melbourne,2026,1,RUS,HAM,12,28,31,defend_behind,-1.0410000000001671,12.0,MEDIUM,HARD,11.0,MEDIUM,20.426999999999992,False,True,1.0,4.0,1,Mercedes,Mercedes,-0.48700000000008004,21,0,58.0,0.20689655172413793
melbourne,2026,1,SAI,ALB,11,12,15,undercut_ahead,1.4510000000000218,11.0,SOFT,HARD,10.0,MEDIUM,20.426999999999992,False,True,13.0,12.0,0,Williams,Williams,0.06700000000000728,29,1,58.0,0.1896551724137931
melbourne,2026,1,SAI,COL,45,46,49,undercut_ahead,0.8819999999996071,12.0,MEDIUM,SOFT,44.0,HARD,20.426999999999992,True,False,15.0,14.0,0,Williams,Williams,0.06700000000000728,29,0,58.0,0.7758620689655172
melbourne,2026,1,STR,BOT,11,12,15,undercut_ahead,2.524999999999636,11.0,MEDIUM,HARD,10.0,HARD,20.426999999999992,False,True,17.0,18.0,1,Aston Martin,Aston Martin,-0.06750000000010914,15,0,58.0,0.1896551724137931
mexico_city,2018,19,BOT,RAI,11,17,20,defend_behind,-1.723999999999705,16.0,ULTRASOFT,SUPERSOFT,14.0,ULTRASOFT,23.216999999999985,False,False,5.0,6.0,1,Mercedes,Mercedes,-0.28500000000030923,29,1,71.0,0.15492957746478872
mexico_city,2018,19,GAS,GRO,5,44,47,undercut_ahead,0.58199999999988,5.0,HYPERSOFT,SUPERSOFT,4.0,SUPERSOFT,23.216999999999985,True,True,14.0,17.0,1,Toro Rosso,Toro Rosso,0.04450000000019827,23,0,71.0,0.07042253521126761
mexico_city,2018,19,HAM,RIC,11,12,15,defend_behind,-0.9819999999999708,14.0,ULTRASOFT,SUPERSOFT,13.0,ULTRASOFT,23.216999999999985,False,False,4.0,5.0,1,Mercedes,Mercedes,-0.28500000000030923,29,0,71.0,0.15492957746478872
mexico_city,2018,19,HAR,GRO,24,44,47,undercut_ahead,1.9780000000000653,23.0,ULTRASOFT,SUPERSOFT,23.0,SUPERSOFT,23.216999999999985,False,True,11.0,17.0,1,Toro Rosso,Toro Rosso,0.04450000000019827,23,1,71.0,0.3380281690140845
mexico_city,2018,19,HAR,OCO,24,30,33,defend_behind,-1.018000000000029,23.0,ULTRASOFT,SUPERSOFT,27.0,SUPERSOFT,23.216999999999985,False,True,14.0,15.0,1,Toro Rosso,Toro Rosso,0.04450000000019827,23,1,71.0,0.3380281690140845
mexico_city,2018,19,LEC,BOT,13,48,51,undercut_ahead,0.0340000000001055,16.0,HYPERSOFT,SUPERSOFT,1.0,SUPERSOFT,23.216999999999985,True,True,8.0,6.0,0,Sauber,Sauber,-0.10650000000055115,19,1,71.0,0.18309859154929578
mexico_city,2018,19,OCO,GRO,30,44,47,undercut_ahead,0.6149999999997817,34.0,SUPERSOFT,ULTRASOFT,29.0,SUPERSOFT,23.216999999999985,True,True,12.0,17.0,1,Racing Point,Racing Point,0.25525000000038744,12,1,71.0,0.4225352112676056
mexico_city,2018,19,RAI,HAM,17,47,50,defend_behind,-0.6020000000003165,21.0,ULTRASOFT,SUPERSOFT,5.0,SUPERSOFT,23.216999999999985,False,True,4.0,5.0,1,Ferrari,Ferrari,-0.22625000000005002,26,0,71.0,0.23943661971830985
mexico_city,2018,19,RIC,VET,12,17,20,defend_behind,-2.1989999999996144,15.0,ULTRASOFT,SUPERSOFT,14.0,ULTRASOFT,23.216999999999985,False,False,3.0,4.0,1,Red Bull Racing,Red Bull Racing,-0.4507500000000846,24,0,71.0,0.16901408450704225
mexico_city,2018,19,SAI,HUL,11,12,15,defend_behind,-2.557000000000244,14.0,HYPERSOFT,SUPERSOFT,13.0,HYPERSOFT,23.216999999999985,False,False,8.0,10.0,1,Renault,Renault,0.6220000000002983,21,1,71.0,0.15492957746478872
mexico_city,2018,19,SIR,GRO,11,44,47,defend_behind,-0.6729999999997744,11.0,ULTRASOFT,SUPERSOFT,10.0,SUPERSOFT,23.216999999999985,False,True,15.0,17.0,1,Williams,Williams,0.20049999999991996,32,0,71.0,0.15492957746478872
mexico_city,2018,19,VAN,MAG,12,43,46,undercut_ahead,1.417000000000371,12.0,ULTRASOFT,SUPERSOFT,11.0,SUPERSOFT,23.216999999999985,False,True,9.0,16.0,1,McLaren,McLaren,-0.06524999999987813,24,1,71.0,0.16901408450704225
mexico_city,2019,18,GAS,RIC,9,50,53,undercut_ahead,0.280999999999949,12.0,SOFT,HARD,8.0,HARD,23.216999999999985,True,False,12.0,8.0,0,Toro Rosso,Toro Rosso,0.05900000000019645,31,0,71.0,0.1267605633802817
mexico_city,2019,18,GAS,HUL,9,18,21,defend_behind,-1.362999999999829,12.0,SOFT,HARD,8.0,MEDIUM,23.216999999999985,True,False,14.0,12.0,0,Toro Rosso,Toro Rosso,0.05900000000019645,31,0,71.0,0.1267605633802817
mexico_city,2019,18,HAM,VET,23,37,40,undercut_ahead,1.6189999999996871,26.0,MEDIUM,HARD,25.0,MEDIUM,23.216999999999985,False,False,2.0,4.0,1,Mercedes,Mercedes,-0.2490000000004784,36,0,71.0,0.323943661971831
mexico_city,2019,18,HUL,RIC,18,50,53,undercut_ahead,0.9039999999999964,18.0,MEDIUM,HARD,17.0,HARD,23.216999999999985,True,False,9.0,8.0,0,Renault,Renault,0.0,30,0,71.0,0.2535211267605634
mexico_city,2019,18,KUB,RAI,21,52,55,undercut_ahead,2.6709999999998217,21.0,MEDIUM,HARD,5.0,HARD,23.216999999999985,False,False,17.0,15.0,0,Williams,Williams,-0.25200000000040745,35,0,71.0,0.29577464788732394
mexico_city,2019,18,KUB,RUS,21,22,25,defend_behind,-0.9710000000000036,21.0,MEDIUM,HARD,20.0,MEDIUM,23.216999999999985,False,False,18.0,19.0,1,Williams,Williams,-0.25200000000040745,35,0,71.0,0.29577464788732394
mexico_city,2019,18,KVY,NOR,10,12,15,undercut_ahead,2.2239999999997053,13.0,SOFT,HARD,12.0,SOFT,23.216999999999985,False,False,15.0,20.0,1,Toro Rosso,Toro Rosso,0.05900000000019645,31,1,71.0,0.14084507042253522
mexico_city,2019,18,KVY,PER,10,20,23,defend_behind,-0.5590000000001965,13.0,SOFT,HARD,9.0,MEDIUM,23.216999999999985,False,False,9.0,8.0,0,Toro Rosso,Toro Rosso,0.05900000000019645,31,1,71.0,0.14084507042253522
mexico_city,2019,18,NOR,SAI,12,15,18,undercut_ahead,2.2029999999999745,15.0,SOFT,HARD,14.0,SOFT,23.216999999999985,False,False,20.0,13.0,0,McLaren,McLaren,-0.26599999999962165,33,0,71.0,0.16901408450704225
mexico_city,2019,18,NOR,PER,12,20,23,defend_behind,-1.1539999999999964,15.0,SOFT,HARD,11.0,MEDIUM,23.216999999999985,False,False,20.0,8.0,0,McLaren,McLaren,-0.26599999999962165,33,0,71.0,0.16901408450704225
mexico_city,2019,18,PER,RIC,20,50,53,defend_behind,-2.524999999999636,20.0,MEDIUM,HARD,19.0,HARD,23.216999999999985,False,False,7.0,8.0,1,Racing Point,Racing Point,0.1320000000005166,37,1,71.0,0.28169014084507044
mexico_city,2019,18,RAI,STR,15,37,40,undercut_ahead,2.219000000000051,15.0,MEDIUM,HARD,14.0,MEDIUM,23.216999999999985,False,False,13.0,11.0,0,Alfa Romeo Racing,Alfa Romeo Racing,0.44699999999988904,42,1,71.0,0.2112676056338028
mexico_city,2019,18,RAI,GIO,15,21,24,defend_behind,-1.3449999999998,15.0,MEDIUM,HARD,14.0,MEDIUM,23.216999999999985,False,False,14.0,17.0,1,Alfa Romeo Racing,Alfa Romeo Racing,0.44699999999988904,42,1,71.0,0.2112676056338028
mexico_city,2019,18,RUS,GRO,22,37,40,defend_behind,-1.4050000000002,22.0,MEDIUM,HARD,21.0,MEDIUM,23.216999999999985,False,False,18.0,19.0,1,Williams,Williams,-0.25200000000040745,35,1,71.0,0.30985915492957744
mexico_city,2019,18,SAI,PER,15,20,23,defend_behind,-1.686999999999898,18.0,SOFT,HARD,14.0,MEDIUM,23.216999999999985,False,False,10.0,8.0,0,McLaren,McLaren,-0.26599999999962165,33,1,71.0,0.2112676056338028
mexico_city,2019,18,SAI,GAS,35,49,52,defend_behind,-0.5990000000001601,20.0,HARD,MEDIUM,25.0,HARD,23.216999999999985,False,False,14.0,12.0,0,McLaren,McLaren,-0.26599999999962165,33,0,71.0,0.49295774647887325
mexico_city,2019,18,VER,NOR,5,12,15,undercut_ahead,1.3279999999999743,8.0,MEDIUM,HARD,7.0,SOFT,23.216999999999985,False,True,19.0,20.0,1,Red Bull Racing,Red Bull Racing,-0.16499999999996362,36,0,71.0,0.07042253521126761
mexico_city,2019,18,VER,BOT,5,36,39,defend_behind,-0.5010000000002037,8.0,MEDIUM,HARD,7.0,MEDIUM,23.216999999999985,False,True,8.0,5.0,0,Red Bull Racing,Red Bull Racing,-0.16499999999996362,36,0,71.0,0.07042253521126761
mexico_city,2021,18,GIO,VET,16,33,36,defend_behind,-0.9930000000003928,20.0,MEDIUM,HARD,18.0,MEDIUM,23.216999999999985,False,False,13.0,9.0,0,Alfa Romeo Racing,Alfa Romeo Racing,-0.047000000000025466,40,1,71.0,0.22535211267605634
mexico_city,2021,18,HAM,PER,29,40,43,defend_behind,-1.57300000000032,32.0,MEDIUM,HARD,31.0,MEDIUM,23.216999999999985,False,False,2.0,3.0,1,Mercedes,Mercedes,-0.20299999999974716,44,0,71.0,0.4084507042253521
mexico_city,2021,18,LAT,OCO,11,14,17,undercut_ahead,1.5609999999996944,11.0,MEDIUM,HARD,10.0,SOFT,23.216999999999985,False,False,17.0,15.0,0,Williams,Williams,0.023500000000240107,38,0,71.0,0.15492957746478872
mexico_city,2021,18,LAT,STR,11,12,15,defend_behind,-0.5200000000004366,11.0,MEDIUM,HARD,12.0,MEDIUM,23.216999999999985,False,False,17.0,16.0,0,Williams,Williams,0.023500000000240107,38,0,71.0,0.15492957746478872
mexico_city,2021,18,LEC,SAI,30,42,45,defend_behind,-2.7969999999995707,35.0,MEDIUM,HARD,34.0,MEDIUM,23.216999999999985,False,False,5.0,6.0,1,Ferrari,Ferrari,-0.08875000000011823,36,1,71.0,0.4225352112676056
mexico_city,2021,18,MAZ,OCO,13,14,17,undercut_ahead,2.2650000000003274,13.0,MEDIUM,HARD,12.0,SOFT,23.216999999999985,False,False,18.0,15.0,0,Haas F1 Team,Haas F1 Team,0.6980000000005475,36,0,71.0,0.18309859154929578
mexico_city,2021,18,MAZ,RIC,13,38,41,defend_behind,-1.326999999999316,13.0,MEDIUM,HARD,11.0,HARD,23.216999999999985,False,False,18.0,12.0,0,Haas F1 Team,Haas F1 Team,0.6980000000005475,36,0,71.0,0.18309859154929578
mexico_city,2021,18,RIC,BOT,38,40,43,defend_behind,-0.6220000000002983,37.0,HARD,MEDIUM,36.0,HARD,23.216999999999985,False,False,12.0,14.0,1,McLaren,McLaren,0.11550000000011096,38,1,71.0,0.5352112676056338
mexico_city,2021,18,RUS,NOR,15,44,47,defend_behind,-0.5309999999999491,15.0,MEDIUM,HARD,17.0,MEDIUM,23.216999999999985,False,False,15.0,10.0,0,Williams,Williams,0.023500000000240107,38,1,71.0,0.2112676056338028
mexico_city,2021,18,STR,OCO,12,14,17,undercut_ahead,2.155000000000655,14.0,MEDIUM,HARD,11.0,SOFT,23.216999999999985,False,False,16.0,15.0,0,Aston Martin,Aston Martin,-0.009999999999763531,41,0,71.0,0.16901408450704225
mexico_city,2021,18,STR,RIC,12,38,41,defend_behind,-2.26299999999992,14.0,MEDIUM,HARD,10.0,HARD,23.216999999999985,False,False,16.0,12.0,0,Aston Martin,Aston Martin,-0.009999999999763531,41,0,71.0,0.16901408450704225
mexico_city,2022,20,LAT,MSC,23,24,27,undercut_ahead,1.8090000000001965,23.0,SOFT,HARD,27.0,SOFT,23.216999999999985,False,False,20.0,19.0,0,Williams,Williams,0.2810000000006312,50,0,71.0,0.323943661971831
mexico_city,2022,20,LAT,MAG,23,38,41,defend_behind,-0.6459999999997308,23.0,SOFT,HARD,22.0,MEDIUM,23.216999999999985,False,False,20.0,19.0,0,Williams,Williams,0.2810000000006312,50,0,71.0,0.323943661971831
mexico_city,2022,20,MSC,MAG,24,38,41,defend_behind,-2.949999999999818,29.0,SOFT,MEDIUM,23.0,MEDIUM,23.216999999999985,False,False,17.0,19.0,1,Haas F1 Team,Haas F1 Team,0.6865000000007058,39,0,71.0,0.3380281690140845
mexico_city,2022,20,PER,RUS,23,34,37,defend_behind,-1.7579999999998108,26.0,SOFT,MEDIUM,22.0,MEDIUM,23.216999999999985,False,False,3.0,4.0,1,Red Bull Racing,Red Bull Racing,-0.4772499999999127,56,0,71.0,0.323943661971831
mexico_city,2022,20,STR,GAS,17,40,43,undercut_ahead,2.5919999999996435,18.0,MEDIUM,SOFT,16.0,MEDIUM,23.216999999999985,False,False,18.0,16.0,0,Aston Martin,Aston Martin,-0.04449999999951615,47,0,71.0,0.23943661971830985
mexico_city,2022,20,STR,ALB,17,38,41,defend_behind,-0.9020000000000435,18.0,MEDIUM,SOFT,16.0,MEDIUM,23.216999999999985,False,False,18.0,15.0,0,Aston Martin,Aston Martin,-0.04449999999951615,47,0,71.0,0.23943661971830985
mexico_city,2022,20,TSU,NOR,29,31,34,undercut_ahead,2.904000000000451,29.0,SOFT,MEDIUM,28.0,MEDIUM,23.216999999999985,False,False,16.0,15.0,0,AlphaTauri,AlphaTauri,-0.24375000000009095,52,0,71.0,0.4084507042253521
mexico_city,2022,20,TSU,RIC,29,44,47,defend_behind,-0.8419999999996435,29.0,SOFT,MEDIUM,28.0,MEDIUM,23.216999999999985,False,False,11.0,12.0,1,AlphaTauri,AlphaTauri,-0.24375000000009095,52,0,71.0,0.4084507042253521
mexico_city,2022,20,VER,HAM,25,29,32,defend_behind,-1.6989999999996144,28.0,SOFT,MEDIUM,24.0,MEDIUM,23.216999999999985,False,False,2.0,3.0,1,Red Bull Racing,Red Bull Racing,-0.4772499999999127,56,0,71.0,0.352112676056338
mexico_city,2022,20,VET,GAS,38,40,43,defend_behind,-1.4770000000007713,38.0,SOFT,MEDIUM,37.0,MEDIUM,23.216999999999985,False,False,14.0,16.0,1,Aston Martin,Aston Martin,-0.04449999999951615,47,1,71.0,0.5352112676056338
mexico_city,2023,19,ALO,OCO,29,34,37,defend_behind,-1.0889999999999418,30.0,MEDIUM,HARD,28.0,HARD,23.216999999999985,False,True,17.0,11.0,0,Aston Martin,Aston Martin,0.011999999999716238,50,0,71.0,0.4084507042253521
mexico_city,2023,19,BOT,NOR,31,33,36,undercut_ahead,2.2299999999995634,31.0,MEDIUM,HARD,19.0,HARD,23.216999999999985,False,True,13.0,14.0,1,Alfa Romeo,Alfa Romeo,0.4070000000001528,56,1,71.0,0.43661971830985913
mexico_city,2023,19,BOT,TSU,31,34,37,defend_behind,-2.84900000000016,31.0,MEDIUM,HARD,21.0,HARD,23.216999999999985,False,True,13.0,8.0,0,Alfa Romeo,Alfa Romeo,0.4070000000001528,56,1,71.0,0.43661971830985913
mexico_city,2023,19,HAM,SAI,24,30,33,undercut_ahead,1.3890000000001237,24.0,MEDIUM,HARD,23.0,MEDIUM,23.216999999999985,False,True,3.0,4.0,1,Mercedes,Mercedes,-0.1014999999997599,50,0,71.0,0.3380281690140845
mexico_city,2023,19,HUL,GAS,23,28,31,defend_behind,-0.8909999999996217,23.0,MEDIUM,HARD,22.0,MEDIUM,23.216999999999985,False,False,12.0,13.0,1,Haas F1 Team,Haas F1 Team,0.2820000000001528,55,1,71.0,0.323943661971831
mexico_city,2023,19,NOR,MAG,11,23,26,undercut_ahead,1.6970000000001164,11.0,SOFT,HARD,10.0,MEDIUM,23.216999999999985,False,False,11.0,19.0,1,McLaren,McLaren,-0.07900000000017826,57,0,71.0,0.15492957746478872
mexico_city,2023,19,NOR,SAR,11,22,25,defend_behind,-1.7650000000003274,11.0,SOFT,HARD,10.0,MEDIUM,23.216999999999985,False,False,12.0,18.0,1,McLaren,McLaren,-0.07900000000017826,57,0,71.0,0.15492957746478872
mexico_city,2023,19,PIA,VER,25,33,36,undercut_ahead,2.75,25.0,MEDIUM,HARD,5.0,HARD,23.216999999999985,False,True,7.0,1.0,0,McLaren,McLaren,-0.07900000000017826,57,1,71.0,0.352112676056338
mexico_city,2023,19,PIA,RUS,25,26,29,defend_behind,-1.3910000000005311,25.0,MEDIUM,HARD,24.0,MEDIUM,23.216999999999985,False,False,6.0,7.0,1,McLaren,McLaren,-0.07900000000017826,57,1,71.0,0.352112676056338
mexico_city,2023,19,SAI,VER,30,33,36,undercut_ahead,2.3779999999997017,30.0,MEDIUM,HARD,10.0,HARD,23.216999999999985,False,True,4.0,1.0,0,Ferrari,Ferrari,-0.42574999999987995,50,0,71.0,0.4225352112676056
mexico_city,2023,19,SAR,MAG,22,23,26,undercut_ahead,0.7860000000000582,22.0,MEDIUM,HARD,21.0,MEDIUM,23.216999999999985,True,False,18.0,19.0,1,Williams,Williams,0.27400000000125146,48,0,71.0,0.30985915492957744
mexico_city,2023,19,SAR,STR,22,30,33,defend_behind,-1.530999999999949,22.0,MEDIUM,HARD,22.0,MEDIUM,23.216999999999985,True,True,15.0,17.0,1,Williams,Williams,0.27400000000125146,48,0,71.0,0.30985915492957744
mexico_city,2023,19,STR,TSU,30,34,37,defend_behind,-0.5780000000004293,31.0,MEDIUM,HARD,20.0,HARD,23.216999999999985,False,True,15.0,8.0,0,Aston Martin,Aston Martin,0.011999999999716238,50,0,71.0,0.4225352112676056
mexico_city,2023,19,TSU,MAG,9,23,26,undercut_ahead,1.0430000000005748,9.0,MEDIUM,HARD,8.0,MEDIUM,23.216999999999985,False,False,13.0,19.0,1,AlphaTauri,AlphaTauri,-0.2809999999981301,56,0,71.0,0.1267605633802817
mexico_city,2023,19,TSU,NOR,9,11,14,defend_behind,-0.7409999999999854,9.0,MEDIUM,HARD,8.0,SOFT,23.216999999999985,False,False,19.0,18.0,0,AlphaTauri,AlphaTauri,-0.2809999999981301,56,0,71.0,0.1267605633802817
mexico_city,2023,19,ZHO,ALB,21,33,36,undercut_ahead,0.7750000000005457,21.0,MEDIUM,HARD,20.0,HARD,23.216999999999985,True,True,15.0,9.0,0,Alfa Romeo,Alfa Romeo,0.4070000000001528,56,0,71.0,0.29577464788732394
mexico_city,2023,19,ZHO,BOT,21,31,34,defend_behind,-0.6639999999997599,21.0,MEDIUM,HARD,20.0,MEDIUM,23.216999999999985,True,True,13.0,16.0,1,Alfa Romeo,Alfa Romeo,0.4070000000001528,56,0,71.0,0.29577464788732394
mexico_city,2024,20,GAS,LAW,28,39,42,defend_behind,-0.9110000000000582,28.0,MEDIUM,HARD,27.0,HARD,23.216999999999985,False,False,11.0,16.0,1,Alpine,Alpine,-0.08099999999967622,47,1,71.0,0.39436619718309857
mexico_city,2024,20,LAW,COL,39,47,50,defend_behind,-2.2470000000002983,39.0,HARD,MEDIUM,38.0,HARD,23.216999999999985,False,False,12.0,13.0,1,RB,RB,-0.17949999999973443,44,1,71.0,0.5492957746478874
mexico_city,2024,20,PER,STR,20,26,29,defend_behind,-1.238999999999578,20.0,HARD,MEDIUM,20.0,MEDIUM,23.216999999999985,False,False,16.0,17.0,1,Red Bull Racing,Red Bull Racing,-0.2855000000001837,52,0,71.0,0.28169014084507044
mexico_city,2024,20,STR,COL,26,47,50,defend_behind,-0.8379999999997381,27.0,MEDIUM,HARD,25.0,HARD,23.216999999999985,False,False,11.0,13.0,1,Aston Martin,Aston Martin,0.060000000000172804,56,0,71.0,0.36619718309859156
mexico_city,2024,20,VER,NOR,26,30,33,defend_behind,-0.7770000000000437,26.0,MEDIUM,HARD,25.0,MEDIUM,23.216999999999985,False,False,9.0,3.0,0,Red Bull Racing,Red Bull Racing,-0.2855000000001837,52,0,71.0,0.36619718309859156
mexico_city,2024,20,ZHO,LAW,43,65,68,defend_behind,-0.405999999999949,44.0,HARD,MEDIUM,3.0,MEDIUM,23.216999999999985,False,False,16.0,17.0,1,Kick Sauber,Kick Sauber,0.38599999999996726,55,1,71.0,0.6056338028169014
mexico_city,2025,20,ALO,STR,20,26,29,defend_behind,-0.5649999999995998,20.0,SOFT,MEDIUM,19.0,SOFT,23.216999999999985,False,False,15.0,16.0,1,Aston Martin,Aston Martin,0.1950000000001637,50,0,71.0,0.28169014084507044
mexico_city,2025,20,ANT,VER,22,37,40,undercut_ahead,1.4699999999993452,25.0,SOFT,MEDIUM,21.0,MEDIUM,23.216999999999985,False,False,4.0,8.0,1,Mercedes,Mercedes,-0.08674999999902866,48,1,71.0,0.30985915492957744
mexico_city,2025,20,ANT,RUS,22,25,28,defend_behind,-1.2650000000003274,25.0,SOFT,MEDIUM,24.0,SOFT,23.216999999999985,False,False,6.0,8.0,1,Mercedes,Mercedes,-0.08674999999902866,48,1,71.0,0.30985915492957744
mexico_city,2025,20,ANT,RUS,47,48,51,undercut_ahead,1.2590000000000146,25.0,MEDIUM,SOFT,21.0,MEDIUM,23.216999999999985,False,False,7.0,5.0,0,Mercedes,Mercedes,-0.08674999999902866,48,0,71.0,0.6619718309859155
mexico_city,2025,20,BEA,VER,24,37,40,defend_behind,-2.313000000000102,27.0,SOFT,MEDIUM,23.0,MEDIUM,23.216999999999985,False,False,3.0,8.0,1,Haas F1 Team,Haas F1 Team,0.5172499999998763,42,1,71.0,0.3380281690140845
mexico_city,2025,20,BOR,SAI,37,46,49,undercut_ahead,1.644999999999527,37.0,MEDIUM,SOFT,22.0,SOFT,23.216999999999985,False,False,11.0,14.0,1,Kick Sauber,Kick Sauber,-0.047999999999774445,41,1,71.0,0.5211267605633803
mexico_city,2025,20,GAS,COL,33,48,51,defend_behind,-0.831000000000131,33.0,MEDIUM,SOFT,32.0,HARD,23.216999999999985,False,False,16.0,17.0,1,Alpine,Alpine,0.2495000000001255,46,0,71.0,0.4647887323943662
mexico_city,2025,20,HAD,BOR,34,37,40,defend_behind,-1.186999999999898,34.0,MEDIUM,SOFT,33.0,MEDIUM,23.216999999999985,False,False,13.0,14.0,1,Racing Bulls,Racing Bulls,-0.18699999999989814,41,0,71.0,0.4788732394366197
mexico_city,2025,20,OCO,TSU,27,36,39,undercut_ahead,2.152000000000044,27.0,SOFT,MEDIUM,26.0,MEDIUM,23.216999999999985,False,False,10.0,15.0,1,Haas F1 Team,Haas F1 Team,0.5172499999998763,42,0,71.0,0.38028169014084506
mexico_city,2025,20,OCO,HAD,27,34,37,defend_behind,-2.2600000000002183,27.0,SOFT,MEDIUM,26.0,MEDIUM,23.216999999999985,False,False,11.0,14.0,1,Haas F1 Team,Haas F1 Team,0.5172499999998763,42,0,71.0,0.38028169014084506
mexico_city,2025,20,PIA,RUS,24,25,28,undercut_ahead,1.220999999999549,27.0,SOFT,MEDIUM,26.0,SOFT,23.216999999999985,False,False,10.0,8.0,0,McLaren,McLaren,-0.2272499999999127,48,1,71.0,0.3380281690140845
mexico_city,2025,20,RUS,VER,25,37,40,undercut_ahead,2.774999999999636,28.0,SOFT,MEDIUM,24.0,MEDIUM,23.216999999999985,False,False,5.0,8.0,1,Mercedes,Mercedes,-0.08674999999902866,48,1,71.0,0.352112676056338
mexico_city,2025,20,SAI,BOR,17,37,40,undercut_ahead,2.287000000000262,17.0,MEDIUM,SOFT,16.0,MEDIUM,23.216999999999985,False,False,9.0,14.0,1,Williams,Williams,0.0014999999998508429,46,0,71.0,0.23943661971830985
mexico_city,2025,20,SAI,ALO,17,20,23,defend_behind,-0.6729999999997744,17.0,MEDIUM,SOFT,16.0,SOFT,23.216999999999985,False,False,16.0,19.0,1,Williams,Williams,0.0014999999998508429,46,0,71.0,0.23943661971830985
mexico_city,2025,20,STR,ANT,26,47,50,undercut_ahead,2.7070000000003347,26.0,SOFT,MEDIUM,3.0,MEDIUM,23.216999999999985,False,False,15.0,7.0,0,Aston Martin,Aston Martin,0.1950000000001637,50,1,71.0,0.36619718309859156
mexico_city,2025,20,STR,ALB,26,41,44,defend_behind,-2.938999999999396,26.0,SOFT,MEDIUM,25.0,HARD,23.216999999999985,False,False,15.0,14.0,0,Aston Martin,Aston Martin,0.1950000000001637,50,1,71.0,0.36619718309859156
mexico_city,2025,20,TSU,HAM,36,47,50,undercut_ahead,1.962999999999738,36.0,MEDIUM,SOFT,12.0,MEDIUM,23.216999999999985,False,False,12.0,8.0,0,Red Bull Racing,Red Bull Racing,-0.06900000000041473,45,0,71.0,0.5070422535211268
monaco,2018,6,ERI,VER,17,47,50,undercut_ahead,2.3450000000000277,16.0,ULTRASOFT,SUPERSOFT,15.0,ULTRASOFT,19.290000000000006,False,False,14.0,11.0,0,Sauber,Sauber,-0.10650000000055115,19,0,78.0,0.21794871794871795
monaco,2018,6,HAM,RAI,12,17,20,defend_behind,-1.0260000000000673,14.0,HYPERSOFT,ULTRASOFT,13.0,HYPERSOFT,19.290000000000006,False,True,3.0,4.0,1,Mercedes,Mercedes,-0.28500000000030923,29,1,78.0,0.15384615384615385
monaco,2018,6,HAR,VER,13,47,50,undercut_ahead,1.8649999999997815,12.0,HYPERSOFT,ULTRASOFT,11.0,ULTRASOFT,19.290000000000006,False,True,12.0,11.0,0,Toro Rosso,Toro Rosso,0.04450000000019827,23,0,78.0,0.16666666666666666
monaco,2018,6,HAR,ERI,13,17,20,defend_behind,-1.2510000000002035,12.0,HYPERSOFT,ULTRASOFT,11.0,ULTRASOFT,19.290000000000006,False,True,13.0,15.0,1,Toro Rosso,Toro Rosso,0.04450000000019827,23,0,78.0,0.16666666666666666
monaco,2018,6,LEC,VAN,14,20,23,undercut_ahead,1.16599999999994,13.0,ULTRASOFT,SUPERSOFT,12.0,ULTRASOFT,19.290000000000006,False,False,13.0,17.0,1,Sauber,Sauber,-0.10650000000055115,19,1,78.0,0.1794871794871795
monaco,2018,6,LEC,VER,14,47,50,defend_behind,-0.5509999999999309,13.0,ULTRASOFT,SUPERSOFT,12.0,ULTRASOFT,19.290000000000006,False,False,13.0,11.0,0,Sauber,Sauber,-0.10650000000055115,19,1,78.0,0.1794871794871795
monaco,2018,6,PER,GAS,21,37,40,defend_behind,-2.555000000000064,23.0,HYPERSOFT,SUPERSOFT,24.0,HYPERSOFT,19.290000000000006,False,False,15.0,10.0,0,Force India,Force India,0.32549999999991996,14,1,78.0,0.2692307692307692
monaco,2018,6,SAI,PER,16,21,24,defend_behind,-0.7760000000000673,18.0,HYPERSOFT,ULTRASOFT,17.0,HYPERSOFT,19.290000000000006,False,False,11.0,15.0,1,Renault,Renault,0.6220000000002983,21,0,78.0,0.20512820512820512
monaco,2018,6,SIR,GRO,19,68,71,defend_behind,-0.3119999999998981,19.0,HYPERSOFT,ULTRASOFT,4.0,SUPERSOFT,19.290000000000006,False,True,17.0,16.0,0,Williams,Williams,0.20049999999991996,32,0,78.0,0.24358974358974358
monaco,2018,6,STR,HAR,9,13,16,undercut_ahead,1.530999999999949,8.0,ULTRASOFT,SUPERSOFT,7.0,HYPERSOFT,19.290000000000006,False,True,20.0,16.0,0,Williams,Williams,0.20049999999991996,32,0,78.0,0.11538461538461539
monaco,2018,6,STR,ERI,9,17,20,defend_behind,-0.4560000000001309,8.0,ULTRASOFT,SUPERSOFT,7.0,ULTRASOFT,19.290000000000006,False,True,20.0,15.0,0,Williams,Williams,0.20049999999991996,32,0,78.0,0.11538461538461539
monaco,2018,6,VAN,VER,20,47,50,defend_behind,-0.5389999999999873,19.0,ULTRASOFT,SUPERSOFT,18.0,ULTRASOFT,19.290000000000006,False,False,17.0,11.0,0,McLaren,McLaren,-0.06524999999987813,24,0,78.0,0.2564102564102564
monaco,2019,6,ALB,GRO,40,50,53,defend_behind,-1.3289999999997235,45.0,SOFT,MEDIUM,39.0,SOFT,19.290000000000006,False,True,8.0,9.0,1,Toro Rosso,Toro Rosso,0.05900000000019645,31,0,78.0,0.5128205128205128
monaco,2019,6,GAS,SAI,27,30,33,defend_behind,-2.298000000000684,31.0,SOFT,MEDIUM,31.0,SOFT,19.290000000000006,False,False,7.0,8.0,1,Red Bull Racing,Red Bull Racing,-0.16499999999996362,36,0,78.0,0.34615384615384615
monaco,2019,6,GRO,GAS,50,62,65,defend_behind,-2.5349999999998545,50.0,SOFT,MEDIUM,22.0,MEDIUM,19.290000000000006,False,False,9.0,5.0,0,Haas F1 Team,Haas F1 Team,0.2179999999989377,35,1,78.0,0.6410256410256411
monaco,2019,6,HAM,BOT,11,12,15,defend_behind,-1.1300000000001091,16.0,SOFT,MEDIUM,15.0,SOFT,19.290000000000006,False,True,1.0,4.0,1,Mercedes,Mercedes,-0.2490000000004784,36,1,78.0,0.14102564102564102
monaco,2019,6,HUL,ALB,9,40,43,undercut_ahead,1.1030000000000657,9.0,MEDIUM,HARD,13.0,SOFT,19.290000000000006,False,True,15.0,9.0,0,Renault,Renault,0.0,30,1,78.0,0.11538461538461539
monaco,2019,6,HUL,GRO,9,50,53,defend_behind,-1.481999999999971,9.0,MEDIUM,HARD,8.0,SOFT,19.290000000000006,False,True,14.0,9.0,0,Renault,Renault,0.0,30,1,78.0,0.11538461538461539
monaco,2019,6,KUB,GIO,21,44,47,defend_behind,-0.2339999999999236,21.0,MEDIUM,HARD,20.0,SOFT,19.290000000000006,False,True,18.0,19.0,1,Williams,Williams,-0.25200000000040745,35,0,78.0,0.2692307692307692
monaco,2019,6,MAG,GAS,11,27,30,defend_behind,-1.2260000000001128,16.0,SOFT,MEDIUM,14.0,SOFT,19.290000000000006,False,True,14.0,9.0,0,Haas F1 Team,Haas F1 Team,0.2179999999989377,35,1,78.0,0.14102564102564102
monaco,2019,6,PER,STR,11,39,42,undercut_ahead,0.6509999999998399,11.0,MEDIUM,HARD,10.0,MEDIUM,19.290000000000006,True,True,14.0,18.0,1,Racing Point,Racing Point,0.1320000000005166,37,1,78.0,0.14102564102564102
monaco,2019,6,PER,RAI,11,46,49,defend_behind,-1.436999999999898,11.0,MEDIUM,HARD,10.0,SOFT,19.290000000000006,True,True,13.0,17.0,1,Racing Point,Racing Point,0.1320000000005166,37,1,78.0,0.14102564102564102
monaco,2019,6,RUS,GIO,10,44,47,undercut_ahead,1.8609999999998763,10.0,MEDIUM,HARD,9.0,SOFT,19.290000000000006,False,True,15.0,19.0,1,Williams,Williams,-0.25200000000040745,35,1,78.0,0.1282051282051282
monaco,2019,6,SAI,KVY,30,32,35,defend_behind,-1.1239999999997965,35.0,SOFT,MEDIUM,34.0,SOFT,19.290000000000006,False,False,8.0,9.0,1,McLaren,McLaren,-0.26599999999962165,33,1,78.0,0.38461538461538464
monaco,2019,6,VER,BOT,11,12,15,undercut_ahead,1.655999999999949,14.0,SOFT,HARD,15.0,SOFT,19.290000000000006,False,True,2.0,4.0,1,Red Bull Racing,Red Bull Racing,-0.16499999999996362,36,1,78.0,0.14102564102564102
monaco,2021,5,GIO,HAM,33,67,70,undercut_ahead,2.905999999999949,38.0,SOFT,HARD,3.0,HARD,19.290000000000006,False,False,10.0,7.0,0,Alfa Romeo Racing,Alfa Romeo Racing,-0.047000000000025466,40,0,78.0,0.4230769230769231
monaco,2021,5,GIO,OCO,33,37,40,defend_behind,-1.2619999999997162,38.0,SOFT,HARD,32.0,SOFT,19.290000000000006,False,False,11.0,10.0,0,Alfa Romeo Racing,Alfa Romeo Racing,-0.047000000000025466,40,0,78.0,0.4230769230769231
monaco,2021,5,HAM,GAS,29,30,33,undercut_ahead,1.3039999999991778,33.0,SOFT,HARD,34.0,SOFT,19.290000000000006,False,False,7.0,6.0,0,Mercedes,Mercedes,-0.20299999999974716,44,0,78.0,0.3717948717948718
monaco,2021,5,LAT,TSU,43,64,67,defend_behind,-0.6180000000003929,43.0,MEDIUM,HARD,42.0,HARD,19.290000000000006,False,False,15.0,16.0,1,Williams,Williams,0.023500000000240107,38,0,78.0,0.5512820512820513
monaco,2021,5,OCO,STR,37,58,61,defend_behind,-2.399999999999636,37.0,SOFT,MEDIUM,36.0,HARD,19.290000000000006,False,False,9.0,8.0,0,Alpine,Alpine,-0.09750000000008185,34,1,78.0,0.47435897435897434
monaco,2021,5,RUS,LAT,31,43,46,defend_behind,-0.97400000000016,31.0,MEDIUM,HARD,30.0,MEDIUM,19.290000000000006,False,False,15.0,16.0,1,Williams,Williams,0.023500000000240107,38,0,78.0,0.3974358974358974
monaco,2021,5,STR,HAM,58,67,70,undercut_ahead,2.229000000000269,58.0,HARD,SOFT,28.0,HARD,19.290000000000006,False,False,8.0,7.0,0,Aston Martin,Aston Martin,-0.009999999999763531,41,0,78.0,0.7435897435897436
monaco,2021,5,VET,PER,31,35,38,defend_behind,-1.261000000000422,36.0,SOFT,HARD,35.0,SOFT,19.290000000000006,False,False,5.0,4.0,0,Aston Martin,Aston Martin,-0.009999999999763531,41,1,78.0,0.3974358974358974
monaco,2022,7,ALB,ZHO,18,19,22,undercut_ahead,1.7550000000010186,18.0,WET,HARD,17.0,WET,19.290000000000006,False,True,19.0,16.0,0,Williams,Williams,0.2810000000006312,50,1,64.0,0.28125
monaco,2022,7,ALB,TSU,18,21,24,defend_behind,-0.4719999999997526,18.0,WET,HARD,11.0,INTERMEDIATE,19.290000000000006,False,True,19.0,15.0,0,Williams,Williams,0.2810000000006312,50,1,64.0,0.28125
monaco,2022,7,ALB,RIC,22,30,33,undercut_ahead,2.646999999999025,,HARD,MEDIUM,,HARD,19.290000000000006,False,True,18.0,13.0,0,Williams,Williams,0.2810000000006312,50,0,64.0,0.34375
monaco,2022,7,ALB,ZHO,22,29,32,defend_behind,-0.5960000000013679,,HARD,MEDIUM,,HARD,19.290000000000006,False,True,18.0,16.0,0,Williams,Williams,0.2810000000006312,50,0,64.0,0.34375
monaco,2022,7,ALO,RUS,21,30,33,undercut_ahead,1.6040000000011787,21.0,WET,HARD,20.0,WET,19.290000000000006,False,True,7.0,5.0,0,Alpine,Alpine,-0.040499999999610736,45,0,64.0,0.328125
monaco,2022,7,ALO,NOR,21,22,25,defend_behind,-0.6229999999995925,21.0,WET,HARD,,INTERMEDIATE,19.290000000000006,False,False,7.0,6.0,0,Alpine,Alpine,-0.040499999999610736,45,0,64.0,0.328125
monaco,2022,7,BOT,GAS,20,22,25,defend_behind,-1.6890000000003056,20.0,WET,HARD,17.0,INTERMEDIATE,19.290000000000006,False,True,10.0,12.0,1,Alfa Romeo,Alfa Romeo,0.5190000000002328,39,0,64.0,0.3125
monaco,2022,7,GAS,VET,22,23,26,defend_behind,-1.7780000000002474,20.0,INTERMEDIATE,HARD,15.0,INTERMEDIATE,19.290000000000006,False,True,12.0,11.0,0,AlphaTauri,AlphaTauri,-0.24375000000009095,52,0,64.0,0.34375
monaco,2022,7,MSC,RIC,4,19,22,undercut_ahead,0.7150000000001455,4.0,WET,INTERMEDIATE,3.0,WET,19.290000000000006,True,True,17.0,14.0,0,Haas F1 Team,Haas F1 Team,0.6865000000007058,39,0,64.0,0.0625
monaco,2022,7,MSC,ALB,4,18,21,defend_behind,-0.5469999999995707,4.0,WET,INTERMEDIATE,3.0,WET,19.290000000000006,True,True,18.0,16.0,0,Haas F1 Team,Haas F1 Team,0.6865000000007058,39,0,64.0,0.0625
monaco,2022,7,MSC,ALB,17,18,21,undercut_ahead,0.3910000000014406,13.0,INTERMEDIATE,HARD,16.0,WET,19.290000000000006,True,True,18.0,16.0,0,Haas F1 Team,Haas F1 Team,0.6865000000007058,39,0,64.0,0.265625
monaco,2022,7,MSC,TSU,17,21,24,defend_behind,-0.6170000000001892,13.0,INTERMEDIATE,HARD,10.0,INTERMEDIATE,19.290000000000006,True,True,17.0,15.0,0,Haas F1 Team,Haas F1 Team,0.6865000000007058,39,0,64.0,0.265625
monaco,2022,7,OCO,HAM,21,22,25,defend_behind,-0.1769999999996798,21.0,WET,HARD,,INTERMEDIATE,19.290000000000006,False,False,9.0,8.0,0,Alpine,Alpine,-0.040499999999610736,45,0,64.0,0.328125
monaco,2022,7,PER,SAI,16,21,24,undercut_ahead,2.856999999999971,16.0,WET,INTERMEDIATE,15.0,WET,19.290000000000006,False,True,1.0,2.0,1,Red Bull Racing,Red Bull Racing,-0.4772499999999127,56,0,64.0,0.25
monaco,2022,7,PER,VER,16,18,21,defend_behind,-2.1599999999998545,16.0,WET,INTERMEDIATE,15.0,WET,19.290000000000006,False,True,1.0,2.0,1,Red Bull Racing,Red Bull Racing,-0.4772499999999127,56,0,64.0,0.25
monaco,2022,7,RIC,VET,19,23,26,defend_behind,-0.2119999999995343,19.0,WET,HARD,12.0,INTERMEDIATE,19.290000000000006,False,True,13.0,11.0,0,McLaren,McLaren,-0.17475000000013097,52,1,64.0,0.296875
monaco,2022,7,RUS,ALO,21,30,33,defend_behind,-1.6040000000011787,21.0,WET,HARD,20.0,WET,19.290000000000006,False,True,5.0,7.0,1,Mercedes,Mercedes,-0.0020000000004074536,45,0,64.0,0.328125
monaco,2022,7,RUS,NOR,30,51,54,defend_behind,-2.365999999999985,,HARD,MEDIUM,7.0,HARD,19.290000000000006,False,True,5.0,6.0,1,Mercedes,Mercedes,-0.0020000000004074536,45,0,64.0,0.46875
monaco,2022,7,STR,TSU,29,56,59,defend_behind,-2.915999999999258,6.0,HARD,,,HARD,19.290000000000006,False,True,14.0,17.0,1,Aston Martin,Aston Martin,-0.04449999999951615,47,0,64.0,0.453125
monaco,2022,7,TSU,OCO,6,21,24,undercut_ahead,2.893000000000029,6.0,WET,INTERMEDIATE,5.0,WET,19.290000000000006,False,True,15.0,9.0,0,AlphaTauri,AlphaTauri,-0.24375000000009095,52,1,64.0,0.09375
monaco,2022,7,TSU,BOT,6,20,23,defend_behind,-0.6509999999998399,6.0,WET,INTERMEDIATE,5.0,WET,19.290000000000006,False,True,15.0,11.0,0,AlphaTauri,AlphaTauri,-0.24375000000009095,52,1,64.0,0.09375
monaco,2022,7,VET,HAM,6,15,18,undercut_ahead,2.305000000000291,6.0,WET,INTERMEDIATE,5.0,WET,19.290000000000006,False,True,14.0,9.0,0,Aston Martin,Aston Martin,-0.04449999999951615,47,1,64.0,0.09375
monaco,2022,7,ZHO,VET,19,23,26,undercut_ahead,0.9650000000001456,19.0,WET,HARD,12.0,INTERMEDIATE,19.290000000000006,True,True,16.0,11.0,0,Alfa Romeo,Alfa Romeo,0.5190000000002328,39,1,64.0,0.296875
monaco,2022,7,ZHO,TSU,19,21,24,defend_behind,-2.6999999999989086,19.0,WET,HARD,12.0,INTERMEDIATE,19.290000000000006,True,True,16.0,15.0,0,Alfa Romeo,Alfa Romeo,0.5190000000002328,39,1,64.0,0.296875
monaco,2022,7,ZHO,TSU,29,56,59,undercut_ahead,1.1660000000010768,,HARD,MEDIUM,,HARD,19.290000000000006,False,True,16.0,17.0,1,Alfa Romeo,Alfa Romeo,0.5190000000002328,39,0,64.0,0.453125
monaco,2023,6,ALB,BOT,18,51,54,defend_behind,-0.3360000000002401,18.0,MEDIUM,HARD,17.0,HARD,19.290000000000006,False,True,16.0,14.0,0,Williams,Williams,0.27400000000125146,48,0,78.0,0.23076923076923078
monaco,2023,6,ALB,PER,52,53,56,defend_behind,-0.8649999999997817,34.0,HARD,INTERMEDIATE,18.0,MEDIUM,19.290000000000006,True,True,15.0,16.0,1,Williams,Williams,0.27400000000125146,48,0,78.0,0.6666666666666666
monaco,2023,6,DEV,NOR,53,54,57,undercut_ahead,2.962999999999738,53.0,MEDIUM,INTERMEDIATE,2.0,HARD,19.290000000000006,False,True,13.0,11.0,0,AlphaTauri,AlphaTauri,-0.2809999999981301,56,1,78.0,0.6794871794871795
monaco,2023,6,GAS,RUS,47,54,57,defend_behind,-1.931999999999789,47.0,HARD,MEDIUM,46.0,HARD,19.290000000000006,False,True,7.0,5.0,0,Alpine,Alpine,0.4069999999992433,51,0,78.0,0.6025641025641025
monaco,2023,6,HAM,SAI,31,33,36,undercut_ahead,2.6989999999996144,31.0,MEDIUM,HARD,30.0,HARD,19.290000000000006,False,False,8.0,7.0,0,Mercedes,Mercedes,-0.1014999999997599,50,0,78.0,0.3974358974358974
monaco,2023,6,HAM,LEC,31,44,47,defend_behind,-1.475999999999658,31.0,MEDIUM,HARD,30.0,HARD,19.290000000000006,False,False,6.0,8.0,1,Mercedes,Mercedes,-0.1014999999997599,50,0,78.0,0.3974358974358974
monaco,2023,6,LEC,GAS,44,47,50,defend_behind,-1.300999999999476,44.0,HARD,MEDIUM,43.0,HARD,19.290000000000006,False,False,7.0,8.0,1,Ferrari,Ferrari,-0.42574999999987995,50,0,78.0,0.5641025641025641
monaco,2023,6,MAG,PER,56,57,60,defend_behind,-0.7129999999997381,56.0,HARD,WET,2.0,INTERMEDIATE,19.290000000000006,True,True,19.0,16.0,0,Haas F1 Team,Haas F1 Team,0.2820000000001528,55,0,78.0,0.717948717948718
monaco,2023,6,OCO,SAI,32,33,36,defend_behind,-2.082999999999629,32.0,MEDIUM,HARD,31.0,HARD,19.290000000000006,False,False,6.0,7.0,1,Alpine,Alpine,0.4069999999992433,51,0,78.0,0.41025641025641024
monaco,2023,6,OCO,SAI,54,55,58,defend_behind,-0.4819999999999709,22.0,HARD,INTERMEDIATE,20.0,MEDIUM,19.290000000000006,False,True,3.0,8.0,1,Alpine,Alpine,0.4069999999992433,51,1,78.0,0.6923076923076923
monaco,2023,6,PER,HUL,34,54,57,defend_behind,-0.7889999999997599,33.0,HARD,MEDIUM,32.0,HARD,19.290000000000006,False,True,17.0,16.0,0,Red Bull Racing,Red Bull Racing,-0.4220000000004802,59,1,78.0,0.4358974358974359
monaco,2023,6,SAR,HUL,20,54,57,undercut_ahead,1.6329999999998108,20.0,MEDIUM,HARD,18.0,HARD,19.290000000000006,False,True,18.0,16.0,0,Williams,Williams,0.27400000000125146,48,0,78.0,0.2564102564102564
monaco,2023,6,SAR,ZHO,20,52,55,defend_behind,-0.23700000000008,20.0,MEDIUM,HARD,18.0,HARD,19.290000000000006,False,True,19.0,14.0,0,Williams,Williams,0.27400000000125146,48,0,78.0,0.2564102564102564
monaco,2024,8,BOT,SAR,15,57,60,defend_behind,-0.5039999999999054,14.0,MEDIUM,HARD,14.0,HARD,19.290000000000006,True,True,13.0,16.0,1,Kick Sauber,Kick Sauber,0.38599999999996726,55,0,78.0,0.19230769230769232
monaco,2024,8,HAM,VER,51,52,55,undercut_ahead,1.4420000000009168,50.0,MEDIUM,HARD,49.0,MEDIUM,19.290000000000006,False,True,7.0,6.0,0,Mercedes,Mercedes,-0.07200000000057116,51,0,78.0,0.6538461538461539
monaco,2024,8,SAR,ZHO,57,70,73,defend_behind,-0.168999999999869,57.0,HARD,MEDIUM,55.0,HARD,19.290000000000006,False,False,15.0,16.0,1,Williams,Williams,0.15499999999974534,49,0,78.0,0.7307692307692307
monaco,2025,8,BEA,TSU,17,73,76,undercut_ahead,0.9660000000003492,16.0,HARD,MEDIUM,15.0,HARD,19.290000000000006,True,True,12.0,17.0,1,Haas F1 Team,Haas F1 Team,0.5172499999998763,42,1,78.0,0.21794871794871795
monaco,2025,8,BEA,BOR,17,26,29,defend_behind,-0.1539999999995416,16.0,HARD,MEDIUM,15.0,HARD,19.290000000000006,True,False,17.0,18.0,1,Haas F1 Team,Haas F1 Team,0.5172499999998763,42,1,78.0,0.21794871794871795
monaco,2025,8,BOR,TSU,26,73,76,undercut_ahead,1.2029999999995198,25.0,HARD,SOFT,24.0,HARD,19.290000000000006,False,True,14.0,17.0,1,Kick Sauber,Kick Sauber,-0.047999999999774445,41,1,78.0,0.3333333333333333
monaco,2025,8,BOR,HUL,26,44,47,defend_behind,-0.805000000000291,25.0,HARD,SOFT,13.0,HARD,19.290000000000006,False,True,17.0,18.0,1,Kick Sauber,Kick Sauber,-0.047999999999774445,41,1,78.0,0.3333333333333333
monaco,2025,8,COL,ANT,13,69,72,undercut_ahead,0.7799999999997453,13.0,HARD,MEDIUM,12.0,HARD,19.290000000000006,True,True,14.0,18.0,1,Alpine,Alpine,0.2495000000001255,46,0,78.0,0.16666666666666666
monaco,2025,8,COL,STR,13,17,20,defend_behind,-0.600999999999658,13.0,HARD,MEDIUM,13.0,HARD,19.290000000000006,True,False,17.0,18.0,1,Alpine,Alpine,0.2495000000001255,46,0,78.0,0.16666666666666666
monaco,2025,8,HAD,VER,14,28,31,undercut_ahead,2.4530000000004293,14.0,MEDIUM,SOFT,13.0,HARD,19.290000000000006,False,False,7.0,4.0,0,Racing Bulls,Racing Bulls,-0.18699999999989814,41,0,78.0,0.1794871794871795
monaco,2025,8,HUL,SAI,12,48,51,undercut_ahead,0.3649999999997817,12.0,MEDIUM,HARD,11.0,HARD,19.290000000000006,True,True,18.0,9.0,0,Kick Sauber,Kick Sauber,-0.047999999999774445,41,0,78.0,0.15384615384615385
monaco,2025,8,HUL,RUS,12,53,56,defend_behind,-1.027999999999338,12.0,MEDIUM,HARD,11.0,HARD,19.290000000000006,True,True,18.0,10.0,0,Kick Sauber,Kick Sauber,-0.047999999999774445,41,0,78.0,0.15384615384615385
monaco,2025,8,HUL,TSU,44,73,76,undercut_ahead,0.47400000000016,32.0,HARD,SOFT,42.0,HARD,19.290000000000006,True,False,16.0,17.0,1,Kick Sauber,Kick Sauber,-0.047999999999774445,41,0,78.0,0.5641025641025641
monaco,2025,8,HUL,STR,44,64,67,defend_behind,-0.693000000000211,32.0,HARD,SOFT,27.0,HARD,19.290000000000006,True,False,17.0,18.0,1,Kick Sauber,Kick Sauber,-0.047999999999774445,41,0,78.0,0.5641025641025641
monaco,2025,8,LAW,ALB,31,32,35,defend_behind,-1.6829999999999927,31.0,MEDIUM,SOFT,34.0,MEDIUM,19.290000000000006,False,False,9.0,10.0,1,Racing Bulls,Racing Bulls,-0.18699999999989814,41,0,78.0,0.3974358974358974
monaco,2025,8,PIA,LEC,20,22,25,undercut_ahead,2.8270000000002256,20.0,MEDIUM,HARD,19.0,MEDIUM,19.290000000000006,False,False,4.0,3.0,0,McLaren,McLaren,-0.2272499999999127,48,0,78.0,0.2564102564102564
monaco,2025,8,PIA,VER,20,28,31,defend_behind,-2.677999999999884,20.0,MEDIUM,HARD,19.0,HARD,19.290000000000006,False,False,3.0,4.0,1,McLaren,McLaren,-0.2272499999999127,48,0,78.0,0.2564102564102564
monaco,2025,8,STR,TSU,64,73,76,undercut_ahead,0.4009999999998399,48.0,HARD,MEDIUM,62.0,HARD,19.290000000000006,True,False,15.0,17.0,1,Aston Martin,Aston Martin,0.1950000000001637,50,0,78.0,0.8205128205128205
monaco,2026,6,ALO,OCO,3,9,12,undercut_ahead,1.3820000000000618,3.0,MEDIUM,SOFT,2.0,MEDIUM,19.290000000000006,False,False,16.0,15.0,0,Aston Martin,Aston Martin,-0.06750000000010914,15,1,78.0,0.038461538461538464
monaco,2026,6,ALO,STR,3,4,7,defend_behind,-1.6709999999998215,3.0,MEDIUM,SOFT,2.0,MEDIUM,19.290000000000006,False,False,17.0,18.0,1,Aston Martin,Aston Martin,-0.06750000000010914,15,0,78.0,0.038461538461538464
monaco,2026,6,BOR,PER,43,59,62,undercut_ahead,0.8209999999999127,42.0,HARD,MEDIUM,38.0,MEDIUM,19.290000000000006,True,True,17.0,16.0,0,Audi,Audi,0.0,23,0,78.0,0.5512820512820513
monaco,2026,6,COL,SAI,35,52,55,undercut_ahead,0.8280000000004293,35.0,MEDIUM,HARD,34.0,MEDIUM,19.290000000000006,True,False,14.0,10.0,0,Alpine,Alpine,0.0,23,0,78.0,0.44871794871794873
monaco,2026,6,COL,LIN,35,59,62,defend_behind,-0.3000000000001819,35.0,MEDIUM,HARD,34.0,MEDIUM,19.290000000000006,True,True,14.0,9.0,0,Alpine,Alpine,0.0,23,0,78.0,0.44871794871794873
monaco,2026,6,COL,HUL,67,68,71,undercut_ahead,2.811999999999898,32.0,HARD,SOFT,54.0,HARD,19.290000000000006,False,True,15.0,10.0,0,Alpine,Alpine,0.0,23,0,78.0,0.8589743589743589
monaco,2026,6,HAD,PIA,32,48,51,defend_behind,-2.5280000000002474,32.0,MEDIUM,HARD,31.0,MEDIUM,19.290000000000006,False,False,5.0,6.0,1,Red Bull Racing,Red Bull Racing,-0.054500000000189175,22,1,78.0,0.41025641025641024
monaco,2026,6,HAD,RUS,68,72,75,defend_behind,-2.8060000000004948,36.0,HARD,SOFT,11.0,SOFT,19.290000000000006,False,True,4.0,14.0,1,Red Bull Racing,Red Bull Racing,-0.054500000000189175,22,1,78.0,0.8717948717948718
monaco,2026,6,HAM,LEC,28,35,38,defend_behind,-2.8919999999998254,28.0,MEDIUM,HARD,27.0,MEDIUM,19.290000000000006,False,False,2.0,3.0,1,Ferrari,Ferrari,-0.23250000000007276,22,0,78.0,0.358974358974359
monaco,2026,6,HAM,LEC,60,61,64,defend_behind,-2.912999999999556,32.0,HARD,SOFT,24.0,HARD,19.290000000000006,False,True,2.0,3.0,1,Ferrari,Ferrari,-0.23250000000007276,22,0,78.0,0.7692307692307693
monaco,2026,6,HUL,SAI,12,52,55,undercut_ahead,2.365000000000691,12.0,MEDIUM,HARD,11.0,MEDIUM,19.290000000000006,False,False,12.0,10.0,0,Audi,Audi,0.0,23,0,78.0,0.15384615384615385
monaco,2026,6,HUL,COL,12,35,38,defend_behind,-0.9969999999993888,12.0,MEDIUM,HARD,11.0,MEDIUM,19.290000000000006,False,False,13.0,15.0,1,Audi,Audi,0.0,23,0,78.0,0.15384615384615385
monaco,2026,6,HUL,OCO,67,68,71,undercut_ahead,1.9030000000002476,55.0,HARD,SOFT,57.0,HARD,19.290000000000006,False,True,10.0,11.0,1,Audi,Audi,0.0,23,0,78.0,0.8589743589743589
monaco,2026,6,HUL,COL,67,68,71,defend_behind,-2.811999999999898,55.0,HARD,SOFT,31.0,HARD,19.290000000000006,False,True,10.0,15.0,1,Audi,Audi,0.0,23,0,78.0,0.8589743589743589
monaco,2026,6,LEC,HAM,60,61,64,undercut_ahead,2.912999999999556,25.0,HARD,SOFT,31.0,HARD,19.290000000000006,False,True,3.0,2.0,0,Ferrari,Ferrari,-0.23250000000007276,22,0,78.0,0.7692307692307693
monaco,2026,6,LIN,ALB,67,68,71,defend_behind,-1.4920000000001892,67.0,MEDIUM,SOFT,23.0,SOFT,19.290000000000006,False,True,8.0,9.0,1,Racing Bulls,Racing Bulls,0.057999999999992724,21,0,78.0,0.8589743589743589
monaco,2026,6,OCO,LIN,9,59,62,undercut_ahead,0.9640000000003964,9.0,MEDIUM,HARD,8.0,MEDIUM,19.290000000000006,True,True,12.0,9.0,0,Haas F1 Team,Haas F1 Team,0.4760000000005675,19,0,78.0,0.11538461538461539
monaco,2026,6,OCO,HUL,67,68,71,defend_behind,-1.9030000000002476,58.0,HARD,SOFT,54.0,HARD,19.290000000000006,False,True,11.0,10.0,0,Haas F1 Team,Haas F1 Team,0.4760000000005675,19,0,78.0,0.8589743589743589
monaco,2026,6,PER,COL,4,35,38,undercut_ahead,0.7869999999998072,4.0,SOFT,MEDIUM,3.0,MEDIUM,19.290000000000006,True,False,18.0,15.0,0,Cadillac,Cadillac,1.1917499999995016,18,0,78.0,0.05128205128205128
monaco,2026,6,PER,LIN,4,59,62,defend_behind,-0.831000000000131,4.0,SOFT,MEDIUM,3.0,MEDIUM,19.290000000000006,True,True,16.0,9.0,0,Cadillac,Cadillac,1.1917499999995016,18,0,78.0,0.05128205128205128
monaco,2026,6,RUS,HAD,31,32,35,undercut_ahead,0.5039999999999054,31.0,MEDIUM,HARD,30.0,MEDIUM,19.290000000000006,True,False,7.0,8.0,1,Mercedes,Mercedes,-0.48700000000008004,21,0,78.0,0.3974358974358974
monaco,2026,6,RUS,PIA,31,48,51,defend_behind,-2.0789999999997235,31.0,MEDIUM,HARD,30.0,MEDIUM,19.290000000000006,True,False,4.0,6.0,1,Mercedes,Mercedes,-0.48700000000008004,21,1,78.0,0.3974358974358974
montr_al,2018,7,ALO,LEC,18,19,22,undercut_ahead,0.6600000000000819,17.0,ULTRASOFT,SUPERSOFT,16.0,ULTRASOFT,20.11099999999999,True,False,12.0,13.0,1,McLaren,McLaren,-0.06524999999987813,24,0,70.0,0.2571428571428571
montr_al,2018,7,ALO,GAS,18,23,26,defend_behind,-1.6140000000000327,17.0,ULTRASOFT,SUPERSOFT,16.0,HYPERSOFT,20.11099999999999,True,False,11.0,13.0,1,McLaren,McLaren,-0.06524999999987813,24,0,70.0,0.2571428571428571
montr_al,2018,7,HAM,RIC,16,17,20,defend_behind,-0.7480000000000473,18.0,ULTRASOFT,SUPERSOFT,17.0,HYPERSOFT,20.11099999999999,False,False,6.0,5.0,0,Mercedes,Mercedes,-0.28500000000030923,29,1,70.0,0.22857142857142856
montr_al,2018,7,HUL,SAI,13,14,17,defend_behind,-1.6419999999998254,15.0,HYPERSOFT,SUPERSOFT,14.0,HYPERSOFT,20.11099999999999,False,False,12.0,13.0,1,Renault,Renault,0.6220000000002983,21,1,70.0,0.18571428571428572
montr_al,2018,7,LEC,GAS,19,23,26,defend_behind,-2.002999999999929,18.0,ULTRASOFT,SUPERSOFT,17.0,HYPERSOFT,20.11099999999999,False,False,12.0,13.0,1,Sauber,Sauber,-0.10650000000055115,19,1,70.0,0.2714285714285714
montr_al,2018,7,MAG,GRO,22,48,51,defend_behind,-1.1390000000001237,21.0,ULTRASOFT,SUPERSOFT,20.0,ULTRASOFT,20.11099999999999,False,False,13.0,12.0,0,Haas F1 Team,Haas F1 Team,0.08375000000012278,24,1,70.0,0.3142857142857143
montr_al,2018,7,OCO,HUL,11,13,16,defend_behind,-0.5180000000000291,13.0,HYPERSOFT,SUPERSOFT,12.0,HYPERSOFT,20.11099999999999,False,False,14.0,12.0,0,Force India,Force India,0.32549999999991996,14,1,70.0,0.15714285714285714
montr_al,2018,7,PER,GAS,9,23,26,undercut_ahead,0.4649999999999181,11.0,HYPERSOFT,SUPERSOFT,7.0,HYPERSOFT,20.11099999999999,True,False,14.0,13.0,0,Force India,Force India,0.32549999999991996,14,0,70.0,0.12857142857142856
montr_al,2018,7,RIC,RAI,17,32,35,defend_behind,-1.806999999999789,19.0,HYPERSOFT,SUPERSOFT,18.0,ULTRASOFT,20.11099999999999,False,False,4.0,6.0,1,Red Bull Racing,Red Bull Racing,-0.4507500000000846,24,1,70.0,0.24285714285714285
montr_al,2018,7,SIR,VAN,26,48,51,defend_behind,-0.9149999999999636,25.0,SUPERSOFT,ULTRASOFT,24.0,SUPERSOFT,20.11099999999999,False,False,17.0,16.0,0,Williams,Williams,0.20049999999991996,32,0,70.0,0.37142857142857144
montr_al,2019,7,BOT,VER,30,48,51,defend_behind,-1.8479999999999563,33.0,MEDIUM,HARD,29.0,HARD,20.11099999999999,False,True,4.0,5.0,1,Mercedes,Mercedes,-0.2490000000004784,36,0,70.0,0.42857142857142855
montr_al,2019,7,GAS,RIC,7,8,11,undercut_ahead,1.305000000000291,10.0,SOFT,HARD,9.0,SOFT,20.11099999999999,False,True,10.0,9.0,0,Red Bull Racing,Red Bull Racing,-0.16499999999996362,36,0,70.0,0.1
montr_al,2019,7,GAS,HUL,7,16,19,defend_behind,-1.2519999999999527,10.0,SOFT,HARD,9.0,SOFT,20.11099999999999,False,True,9.0,7.0,0,Red Bull Racing,Red Bull Racing,-0.16499999999996362,36,0,70.0,0.1
montr_al,2019,7,GRO,RAI,34,58,61,defend_behind,-0.3009999999994761,34.0,MEDIUM,HARD,27.0,HARD,20.11099999999999,False,False,14.0,15.0,1,Haas F1 Team,Haas F1 Team,0.2179999999989377,35,0,70.0,0.4857142857142857
montr_al,2019,7,HAM,LEC,28,33,36,defend_behind,-2.3109999999996944,31.0,MEDIUM,HARD,32.0,MEDIUM,20.11099999999999,False,True,2.0,3.0,1,Mercedes,Mercedes,-0.2490000000004784,36,1,70.0,0.4
montr_al,2019,7,HUL,BOT,16,30,33,defend_behind,-1.417000000000371,19.0,SOFT,HARD,18.0,MEDIUM,20.11099999999999,False,True,7.0,6.0,0,Renault,Renault,0.0,30,1,70.0,0.22857142857142856
montr_al,2019,7,KVY,STR,12,45,48,defend_behind,-1.043999999999869,12.0,MEDIUM,HARD,11.0,HARD,20.11099999999999,False,True,11.0,10.0,0,Toro Rosso,Toro Rosso,0.05900000000019645,31,1,70.0,0.17142857142857143
montr_al,2019,7,PER,STR,11,45,48,undercut_ahead,0.899000000000342,11.0,MEDIUM,HARD,10.0,HARD,20.11099999999999,True,True,12.0,10.0,0,Racing Point,Racing Point,0.1320000000005166,37,0,70.0,0.15714285714285714
montr_al,2019,7,RAI,RUS,6,9,12,defend_behind,-1.72400000000016,6.0,MEDIUM,HARD,5.0,MEDIUM,20.11099999999999,False,True,16.0,17.0,1,Alfa Romeo Racing,Alfa Romeo Racing,0.44699999999988904,42,0,70.0,0.08571428571428572
montr_al,2019,7,RIC,HUL,8,16,19,defend_behind,-2.927999999999884,11.0,SOFT,HARD,10.0,SOFT,20.11099999999999,False,True,6.0,7.0,1,Renault,Renault,0.0,30,1,70.0,0.11428571428571428
montr_al,2019,7,RUS,MAG,9,39,42,undercut_ahead,0.3940000000002328,9.0,MEDIUM,HARD,8.0,HARD,20.11099999999999,True,True,17.0,18.0,1,Williams,Williams,-0.25200000000040745,35,0,70.0,0.12857142857142856
montr_al,2019,7,VET,HAM,26,28,31,defend_behind,-1.7210000000000036,31.0,MEDIUM,HARD,28.0,MEDIUM,20.11099999999999,False,True,2.0,3.0,1,Ferrari,Ferrari,-0.08799999999973807,43,0,70.0,0.37142857142857144
montr_al,2022,9,ALB,LEC,18,41,44,undercut_ahead,0.0749999999998181,18.0,MEDIUM,HARD,17.0,HARD,20.11099999999999,True,True,15.0,10.0,0,Williams,Williams,0.2810000000006312,50,1,70.0,0.2571428571428571
montr_al,2022,9,ALB,NOR,18,19,22,defend_behind,-0.5209999999997308,18.0,MEDIUM,HARD,17.0,HARD,20.11099999999999,True,True,16.0,17.0,1,Williams,Williams,0.2810000000006312,50,1,70.0,0.2571428571428571
montr_al,2022,9,ALO,RUS,28,45,48,defend_behind,-2.412000000000262,28.0,MEDIUM,HARD,8.0,HARD,20.11099999999999,False,True,6.0,4.0,0,Alpine,Alpine,-0.040499999999610736,45,0,70.0,0.4
montr_al,2022,9,GAS,STR,5,47,50,undercut_ahead,0.6100000000001273,5.0,MEDIUM,HARD,4.0,HARD,20.11099999999999,True,True,14.0,13.0,0,AlphaTauri,AlphaTauri,-0.24375000000009095,52,0,70.0,0.07142857142857142
montr_al,2022,9,GAS,TSU,5,9,12,defend_behind,-0.5329999999999018,5.0,MEDIUM,HARD,4.0,MEDIUM,20.11099999999999,True,True,17.0,15.0,0,AlphaTauri,AlphaTauri,-0.24375000000009095,52,0,70.0,0.07142857142857142
montr_al,2022,9,HAM,ALO,9,28,31,undercut_ahead,1.811999999999898,9.0,MEDIUM,HARD,8.0,MEDIUM,20.11099999999999,False,True,3.0,7.0,1,Mercedes,Mercedes,-0.0020000000004074536,45,1,70.0,0.12857142857142856
montr_al,2022,9,LEC,OCO,41,49,52,undercut_ahead,0.4529999999995198,41.0,HARD,MEDIUM,21.0,HARD,20.11099999999999,True,True,7.0,5.0,0,Ferrari,Ferrari,-0.5029999999997017,37,1,70.0,0.5857142857142857
montr_al,2022,9,LEC,ALO,41,49,52,defend_behind,-2.23700000000008,41.0,HARD,MEDIUM,12.0,HARD,20.11099999999999,True,True,7.0,6.0,0,Ferrari,Ferrari,-0.5029999999997017,37,1,70.0,0.5857142857142857
montr_al,2022,9,MAG,RUS,7,19,22,undercut_ahead,1.0050000000001091,7.0,MEDIUM,HARD,6.0,MEDIUM,20.11099999999999,False,True,15.0,5.0,0,Haas F1 Team,Haas F1 Team,0.6865000000007058,39,0,70.0,0.1
montr_al,2022,9,MAG,OCO,7,19,22,defend_behind,-0.3519999999998617,7.0,MEDIUM,HARD,6.0,MEDIUM,20.11099999999999,False,True,15.0,6.0,0,Haas F1 Team,Haas F1 Team,0.6865000000007058,39,0,70.0,0.1
montr_al,2022,9,NOR,ALB,42,48,51,undercut_ahead,0.7260000000005675,23.0,HARD,MEDIUM,23.0,HARD,20.11099999999999,True,True,16.0,15.0,0,McLaren,McLaren,-0.17475000000013097,52,0,70.0,0.6
montr_al,2022,9,RIC,ZHO,19,49,52,undercut_ahead,1.6220000000002983,19.0,MEDIUM,HARD,18.0,MEDIUM,20.11099999999999,False,True,11.0,10.0,0,McLaren,McLaren,-0.17475000000013097,52,0,70.0,0.2714285714285714
montr_al,2022,9,RUS,ALO,19,28,31,undercut_ahead,2.4309999999995853,19.0,MEDIUM,HARD,18.0,MEDIUM,20.11099999999999,False,True,4.0,7.0,1,Mercedes,Mercedes,-0.0020000000004074536,45,0,70.0,0.2714285714285714
montr_al,2022,9,RUS,HAM,19,44,47,defend_behind,-1.7579999999998108,19.0,MEDIUM,HARD,9.0,HARD,20.11099999999999,False,True,4.0,3.0,0,Mercedes,Mercedes,-0.0020000000004074536,45,0,70.0,0.2714285714285714
montr_al,2022,9,STR,ZHO,47,49,52,defend_behind,-0.6190000000005966,47.0,HARD,MEDIUM,27.0,HARD,20.11099999999999,False,True,13.0,10.0,0,Aston Martin,Aston Martin,-0.04449999999951615,47,0,70.0,0.6714285714285714
montr_al,2022,9,VER,SAI,9,20,23,defend_behind,-2.6289999999999054,9.0,MEDIUM,HARD,8.0,MEDIUM,20.11099999999999,False,True,1.0,2.0,1,Red Bull Racing,Red Bull Racing,-0.4772499999999127,56,0,70.0,0.12857142857142856
montr_al,2022,9,VET,NOR,5,19,22,undercut_ahead,0.4380000000001018,6.0,MEDIUM,HARD,4.0,HARD,20.11099999999999,True,True,14.0,17.0,1,Aston Martin,Aston Martin,-0.04449999999951615,47,0,70.0,0.07142857142857142
montr_al,2022,9,VET,LEC,5,41,44,defend_behind,-0.79300000000012,6.0,MEDIUM,HARD,4.0,HARD,20.11099999999999,True,True,13.0,10.0,0,Aston Martin,Aston Martin,-0.04449999999951615,47,0,70.0,0.07142857142857142
montr_al,2022,9,ZHO,RIC,19,49,52,defend_behind,-1.6220000000002983,19.0,MEDIUM,HARD,18.0,MEDIUM,20.11099999999999,True,True,10.0,11.0,1,Alfa Romeo,Alfa Romeo,0.5190000000002328,39,1,70.0,0.2714285714285714
montr_al,2023,8,ALB,LEC,12,39,42,undercut_ahead,0.88799999999992,13.0,MEDIUM,HARD,11.0,MEDIUM,20.11099999999999,True,True,7.0,4.0,0,Williams,Williams,0.27400000000125146,48,1,70.0,0.17142857142857143
montr_al,2023,8,ALB,SAI,12,38,41,defend_behind,-0.5460000000002765,13.0,MEDIUM,HARD,11.0,MEDIUM,20.11099999999999,True,True,7.0,5.0,0,Williams,Williams,0.27400000000125146,48,1,70.0,0.17142857142857143
montr_al,2023,8,ALO,HAM,12,40,43,undercut_ahead,0.6649999999999636,12.0,MEDIUM,HARD,11.0,MEDIUM,20.11099999999999,True,True,2.0,3.0,1,Aston Martin,Aston Martin,0.011999999999716238,50,1,70.0,0.17142857142857143
montr_al,2023,8,DEV,BOT,11,36,39,undercut_ahead,0.6219999999993888,11.0,MEDIUM,HARD,10.0,HARD,20.11099999999999,True,True,18.0,10.0,0,AlphaTauri,AlphaTauri,-0.2809999999981301,56,1,70.0,0.15714285714285714
montr_al,2023,8,GAS,PER,10,37,40,undercut_ahead,0.7820000000001528,10.0,SOFT,HARD,9.0,HARD,20.11099999999999,True,True,15.0,6.0,0,Alpine,Alpine,0.4069999999992433,51,0,70.0,0.14285714285714285
montr_al,2023,8,GAS,STR,10,11,14,defend_behind,-0.420999999999367,10.0,SOFT,HARD,9.0,MEDIUM,20.11099999999999,True,True,18.0,16.0,0,Alpine,Alpine,0.4069999999992433,51,0,70.0,0.14285714285714285
montr_al,2023,8,HAM,ALO,12,41,44,defend_behind,-0.6649999999999636,12.0,MEDIUM,HARD,11.0,MEDIUM,20.11099999999999,False,True,3.0,2.0,0,Mercedes,Mercedes,-0.1014999999997599,50,1,70.0,0.17142857142857143
montr_al,2023,8,HUL,PIA,11,12,15,undercut_ahead,2.456999999999425,11.0,MEDIUM,HARD,10.0,MEDIUM,20.11099999999999,False,True,15.0,10.0,0,Haas F1 Team,Haas F1 Team,0.2820000000001528,55,1,70.0,0.15714285714285714
montr_al,2023,8,HUL,NOR,11,12,15,defend_behind,-0.4360000000006039,11.0,MEDIUM,HARD,10.0,MEDIUM,20.11099999999999,False,True,15.0,11.0,0,Haas F1 Team,Haas F1 Team,0.2820000000001528,55,1,70.0,0.15714285714285714
montr_al,2023,8,MAG,DEV,35,50,53,defend_behind,-0.1440000000002328,35.0,HARD,MEDIUM,23.0,HARD,20.11099999999999,False,True,18.0,19.0,1,Haas F1 Team,Haas F1 Team,0.2820000000001528,55,0,70.0,0.5
montr_al,2023,8,NOR,PIA,12,37,40,undercut_ahead,2.9550000000008367,12.0,MEDIUM,HARD,11.0,MEDIUM,20.11099999999999,False,True,11.0,13.0,1,McLaren,McLaren,-0.07900000000017826,57,1,70.0,0.17142857142857143
montr_al,2023,8,NOR,LEC,12,39,42,defend_behind,-0.0819999999994252,12.0,MEDIUM,HARD,11.0,MEDIUM,20.11099999999999,False,True,11.0,4.0,0,McLaren,McLaren,-0.07900000000017826,57,1,70.0,0.17142857142857143
montr_al,2023,8,PIA,NOR,12,35,38,defend_behind,-2.9550000000008367,12.0,MEDIUM,HARD,11.0,MEDIUM,20.11099999999999,False,True,13.0,11.0,0,McLaren,McLaren,-0.07900000000017826,57,1,70.0,0.17142857142857143
montr_al,2023,8,RUS,ALO,12,41,44,undercut_ahead,1.2960000000002765,12.0,MEDIUM,HARD,11.0,MEDIUM,20.11099999999999,False,True,8.0,2.0,0,Mercedes,Mercedes,-0.1014999999997599,50,0,70.0,0.17142857142857143
montr_al,2023,8,SAI,LEC,38,39,42,undercut_ahead,1.7820000000001528,38.0,MEDIUM,HARD,37.0,MEDIUM,20.11099999999999,False,False,5.0,4.0,0,Ferrari,Ferrari,-0.42574999999987995,50,0,70.0,0.5428571428571428
montr_al,2023,8,STR,PER,11,37,40,undercut_ahead,1.030999999999949,11.0,MEDIUM,HARD,10.0,HARD,20.11099999999999,False,True,12.0,6.0,0,Aston Martin,Aston Martin,0.011999999999716238,50,0,70.0,0.15714285714285714
montr_al,2023,8,STR,MAG,11,35,38,defend_behind,-0.5880000000006476,11.0,MEDIUM,HARD,10.0,HARD,20.11099999999999,False,True,12.0,19.0,1,Aston Martin,Aston Martin,0.011999999999716238,50,0,70.0,0.15714285714285714
montr_al,2024,9,BOT,RIC,42,43,46,undercut_ahead,0.4960000000000946,42.0,INTERMEDIATE,MEDIUM,15.0,INTERMEDIATE,20.11099999999999,True,False,16.0,11.0,0,Kick Sauber,Kick Sauber,0.38599999999996726,55,0,70.0,0.6
montr_al,2024,9,BOT,SAI,42,43,46,defend_behind,-1.5399999999999636,42.0,INTERMEDIATE,MEDIUM,16.0,INTERMEDIATE,20.11099999999999,True,False,16.0,12.0,0,Kick Sauber,Kick Sauber,0.38599999999996726,55,0,70.0,0.6
montr_al,2024,9,GAS,SAI,40,43,46,undercut_ahead,0.9420000000000072,15.0,INTERMEDIATE,HARD,14.0,INTERMEDIATE,20.11099999999999,True,True,15.0,12.0,0,Alpine,Alpine,-0.08099999999967622,47,0,70.0,0.5714285714285714
montr_al,2024,9,GAS,PER,40,43,46,defend_behind,-0.6049999999995634,15.0,INTERMEDIATE,HARD,14.0,INTERMEDIATE,20.11099999999999,True,True,15.0,13.0,0,Alpine,Alpine,-0.08099999999967622,47,0,70.0,0.5714285714285714
montr_al,2024,9,HAM,PIA,43,44,47,undercut_ahead,0.6409999999996217,18.0,INTERMEDIATE,MEDIUM,17.0,INTERMEDIATE,20.11099999999999,True,False,5.0,4.0,0,Mercedes,Mercedes,-0.07200000000057116,51,0,70.0,0.6142857142857143
montr_al,2024,9,HUL,RIC,12,26,29,undercut_ahead,0.9109999999998308,12.0,WET,INTERMEDIATE,11.0,INTERMEDIATE,20.11099999999999,True,True,17.0,10.0,0,Haas F1 Team,Haas F1 Team,0.35299999999961074,51,1,70.0,0.17142857142857143
montr_al,2024,9,HUL,STR,12,25,28,defend_behind,-0.1630000000000109,12.0,WET,INTERMEDIATE,11.0,INTERMEDIATE,20.11099999999999,True,True,17.0,8.0,0,Haas F1 Team,Haas F1 Team,0.35299999999961074,51,1,70.0,0.17142857142857143
montr_al,2024,9,MAG,NOR,7,26,29,undercut_ahead,1.3949999999999818,7.0,WET,INTERMEDIATE,6.0,INTERMEDIATE,20.11099999999999,False,True,14.0,3.0,0,Haas F1 Team,Haas F1 Team,0.35299999999961074,51,0,70.0,0.1
montr_al,2024,9,MAG,PER,41,43,46,undercut_ahead,1.6779999999998836,16.0,INTERMEDIATE,MEDIUM,15.0,INTERMEDIATE,20.11099999999999,False,True,17.0,13.0,0,Haas F1 Team,Haas F1 Team,0.35299999999961074,51,0,70.0,0.5857142857142857
montr_al,2024,9,MAG,HUL,41,44,47,defend_behind,-1.68100000000004,16.0,INTERMEDIATE,MEDIUM,15.0,INTERMEDIATE,20.11099999999999,False,True,17.0,15.0,0,Haas F1 Team,Haas F1 Team,0.35299999999961074,51,0,70.0,0.5857142857142857
montr_al,2024,9,PIA,NOR,44,47,50,undercut_ahead,1.4429999999993015,19.0,INTERMEDIATE,MEDIUM,17.0,INTERMEDIATE,20.11099999999999,False,True,4.0,3.0,0,McLaren,McLaren,-0.14574999999990723,52,0,70.0,0.6285714285714286
montr_al,2024,9,RIC,OCO,43,44,47,undercut_ahead,2.5039999999999054,17.0,INTERMEDIATE,MEDIUM,42.0,INTERMEDIATE,20.11099999999999,False,False,12.0,9.0,0,RB,RB,-0.17949999999973443,44,1,70.0,0.6142857142857143
montr_al,2024,9,RUS,NOR,45,47,50,defend_behind,-0.4309999999995852,20.0,INTERMEDIATE,HARD,18.0,INTERMEDIATE,20.11099999999999,False,True,2.0,3.0,1,Mercedes,Mercedes,-0.07200000000057116,51,1,70.0,0.6428571428571429
montr_al,2025,10,ALO,LEC,15,28,31,undercut_ahead,2.5919999999996435,19.0,MEDIUM,HARD,14.0,HARD,20.11099999999999,False,False,10.0,6.0,0,Aston Martin,Aston Martin,0.1950000000001637,50,1,70.0,0.21428571428571427
montr_al,2025,10,ALO,RUS,15,42,45,defend_behind,-0.9669999999996436,19.0,MEDIUM,HARD,2.0,HARD,20.11099999999999,False,False,8.0,3.0,0,Aston Martin,Aston Martin,0.1950000000001637,50,1,70.0,0.21428571428571427
montr_al,2025,10,ANT,PIA,14,16,19,defend_behind,-1.8800000000001087,20.0,MEDIUM,HARD,13.0,MEDIUM,20.11099999999999,False,False,5.0,6.0,1,Mercedes,Mercedes,-0.08674999999902866,48,0,70.0,0.2
montr_al,2025,10,BEA,SAI,18,57,60,undercut_ahead,0.7260000000005675,18.0,MEDIUM,HARD,17.0,HARD,20.11099999999999,True,True,12.0,11.0,0,Haas F1 Team,Haas F1 Team,0.5172499999998763,42,0,70.0,0.2571428571428571
montr_al,2025,10,BEA,TSU,18,56,59,defend_behind,-0.4589999999998326,18.0,MEDIUM,HARD,17.0,HARD,20.11099999999999,True,True,12.0,15.0,1,Haas F1 Team,Haas F1 Team,0.5172499999998763,42,0,70.0,0.2571428571428571
montr_al,2025,10,BOR,COL,49,66,69,defend_behind,-0.4349999999994907,49.0,HARD,MEDIUM,34.0,HARD,20.11099999999999,False,True,14.0,13.0,0,Kick Sauber,Kick Sauber,-0.047999999999774445,41,0,70.0,0.7
montr_al,2025,10,COL,VER,14,37,40,undercut_ahead,1.5159999999996217,19.0,MEDIUM,HARD,1.0,HARD,20.11099999999999,False,False,14.0,5.0,0,Alpine,Alpine,0.2495000000001255,46,0,70.0,0.2
montr_al,2025,10,COL,ALB,14,23,26,defend_behind,-1.5780000000004293,19.0,MEDIUM,HARD,17.0,MEDIUM,20.11099999999999,False,False,16.0,20.0,1,Alpine,Alpine,0.2495000000001255,46,0,70.0,0.2
montr_al,2025,10,GAS,HAD,53,66,69,undercut_ahead,1.7599999999993088,53.0,HARD,MEDIUM,40.0,HARD,20.11099999999999,False,True,15.0,16.0,1,Alpine,Alpine,0.2495000000001255,46,0,70.0,0.7571428571428571
montr_al,2025,10,HAD,ALB,13,23,26,undercut_ahead,0.5289999999995416,13.0,MEDIUM,HARD,16.0,MEDIUM,20.11099999999999,True,False,17.0,20.0,1,Racing Bulls,Racing Bulls,-0.18699999999989814,41,0,70.0,0.18571428571428572
montr_al,2025,10,HAD,BEA,13,18,21,defend_behind,-0.3990000000003419,13.0,MEDIUM,HARD,12.0,MEDIUM,20.11099999999999,True,False,19.0,20.0,1,Racing Bulls,Racing Bulls,-0.18699999999989814,41,0,70.0,0.18571428571428572
montr_al,2025,10,HAM,PIA,15,16,19,undercut_ahead,2.768999999999324,15.0,MEDIUM,HARD,14.0,MEDIUM,20.11099999999999,False,False,9.0,6.0,0,Ferrari,Ferrari,-0.24724999999943975,46,1,70.0,0.21428571428571427
montr_al,2025,10,HAM,NOR,15,29,32,defend_behind,-0.9290000000000872,15.0,MEDIUM,HARD,14.0,HARD,20.11099999999999,False,False,7.0,5.0,0,Ferrari,Ferrari,-0.24724999999943975,46,1,70.0,0.21428571428571427
montr_al,2025,10,HUL,PIA,19,45,48,undercut_ahead,0.8379999999997381,19.0,MEDIUM,HARD,2.0,HARD,20.11099999999999,True,True,11.0,5.0,0,Kick Sauber,Kick Sauber,-0.047999999999774445,41,1,70.0,0.2714285714285714
montr_al,2025,10,LEC,RUS,53,67,70,defend_behind,-1.5779999999995198,25.0,HARD,MEDIUM,10.0,HARD,20.11099999999999,False,True,5.0,1.0,0,Ferrari,Ferrari,-0.24724999999943975,46,0,70.0,0.7571428571428571
montr_al,2025,10,NOR,RUS,29,42,45,defend_behind,-1.4880000000002838,29.0,HARD,MEDIUM,16.0,HARD,20.11099999999999,False,False,1.0,3.0,1,McLaren,McLaren,-0.2272499999999127,48,0,70.0,0.4142857142857143
montr_al,2025,10,RUS,ANT,13,14,17,defend_behind,-2.9960000000000946,16.0,MEDIUM,HARD,18.0,MEDIUM,20.11099999999999,False,False,3.0,5.0,1,Mercedes,Mercedes,-0.08674999999902866,48,1,70.0,0.18571428571428572
montr_al,2025,10,SAI,HUL,57,66,69,undercut_ahead,0.1549999999997453,57.0,HARD,MEDIUM,37.0,HARD,20.11099999999999,True,True,10.0,8.0,0,Williams,Williams,0.0014999999998508429,46,1,70.0,0.8142857142857143
montr_al,2025,10,SAI,ALO,57,66,69,defend_behind,-1.699000000000524,57.0,HARD,MEDIUM,7.0,HARD,20.11099999999999,True,True,10.0,7.0,0,Williams,Williams,0.0014999999998508429,46,1,70.0,0.8142857142857143
montr_al,2025,10,STR,HAD,51,66,69,undercut_ahead,0.8039999999991778,28.0,HARD,MEDIUM,38.0,HARD,20.11099999999999,True,True,17.0,16.0,0,Aston Martin,Aston Martin,0.1950000000001637,50,0,70.0,0.7285714285714285
montr_al,2025,10,STR,GAS,51,53,56,defend_behind,-0.8550000000004729,28.0,HARD,MEDIUM,50.0,HARD,20.11099999999999,True,False,18.0,17.0,0,Aston Martin,Aston Martin,0.1950000000001637,50,0,70.0,0.7285714285714285
montr_al,2025,10,VER,RUS,12,13,16,undercut_ahead,2.269999999999527,15.0,MEDIUM,HARD,14.0,MEDIUM,20.11099999999999,False,False,4.0,3.0,0,Red Bull Racing,Red Bull Racing,-0.06900000000041473,45,1,70.0,0.17142857142857143
montr_al,2025,10,VER,ANT,12,14,17,defend_behind,-0.4510000000000218,15.0,MEDIUM,HARD,17.0,MEDIUM,20.11099999999999,False,False,4.0,5.0,1,Red Bull Racing,Red Bull Racing,-0.06900000000041473,45,1,70.0,0.17142857142857143
montr_al,2026,5,BOR,GAS,2,30,33,undercut_ahead,0.1069999999999709,2.0,INTERMEDIATE,SOFT,1.0,MEDIUM,20.11099999999999,True,True,14.0,8.0,0,Audi,Audi,0.0,23,1,68.0,0.029411764705882353
montr_al,2026,5,BOR,ALO,2,20,23,defend_behind,-0.5770000000002256,2.0,INTERMEDIATE,SOFT,1.0,SOFT,20.11099999999999,True,True,16.0,17.0,1,Audi,Audi,0.0,23,1,68.0,0.029411764705882353
montr_al,2026,5,BOT,STR,3,14,17,defend_behind,-0.5149999999998727,3.0,INTERMEDIATE,SOFT,2.0,SOFT,20.11099999999999,False,True,20.0,19.0,0,Cadillac,Cadillac,1.1917499999995016,18,0,68.0,0.04411764705882353
montr_al,2026,5,HUL,LAW,2,30,33,undercut_ahead,0.6410000000000764,2.0,INTERMEDIATE,SOFT,1.0,MEDIUM,20.11099999999999,True,True,13.0,7.0,0,Audi,Audi,0.0,23,0,68.0,0.029411764705882353
montr_al,2026,5,HUL,BEA,2,30,33,defend_behind,-1.43100000000004,2.0,INTERMEDIATE,SOFT,6.0,SOFT,20.11099999999999,True,True,13.0,11.0,0,Audi,Audi,0.0,23,0,68.0,0.029411764705882353
montr_al,2026,5,NOR,ANT,2,31,34,defend_behind,-1.1590000000001055,2.0,INTERMEDIATE,MEDIUM,5.0,SOFT,20.11099999999999,False,True,9.0,1.0,0,McLaren,McLaren,-0.26050000000032014,23,1,68.0,0.029411764705882353
montr_al,2026,5,OCO,ALO,16,20,23,undercut_ahead,0.1610000000000582,16.0,SOFT,MEDIUM,15.0,SOFT,20.11099999999999,True,True,15.0,17.0,1,Haas F1 Team,Haas F1 Team,0.4760000000005675,19,0,68.0,0.23529411764705882
montr_al,2026,5,PER,SAI,2,30,33,undercut_ahead,0.2670000000002801,2.0,INTERMEDIATE,SOFT,1.0,INTERMEDIATE,20.11099999999999,True,True,16.0,10.0,0,Cadillac,Cadillac,1.1917499999995016,18,1,68.0,0.029411764705882353
montr_al,2026,5,PER,BOT,2,3,6,defend_behind,-0.349999999999909,2.0,INTERMEDIATE,SOFT,1.0,INTERMEDIATE,20.11099999999999,True,False,20.0,21.0,1,Cadillac,Cadillac,1.1917499999995016,18,1,68.0,0.029411764705882353
montr_al,2026,5,SAI,OCO,2,16,19,undercut_ahead,1.3519999999998618,2.0,INTERMEDIATE,MEDIUM,1.0,SOFT,20.11099999999999,False,True,11.0,16.0,1,Williams,Williams,0.06700000000000728,29,0,68.0,0.029411764705882353
montr_al,2026,5,SAI,PER,2,15,18,defend_behind,-0.2670000000002801,2.0,INTERMEDIATE,MEDIUM,1.0,INTERMEDIATE,20.11099999999999,False,True,11.0,18.0,1,Williams,Williams,0.06700000000000728,29,0,68.0,0.029411764705882353
monza,2019,14,GRO,STR,7,15,18,undercut_ahead,1.4079999999999018,7.0,SOFT,MEDIUM,9.0,SOFT,25.67349999999999,False,False,19.0,17.0,0,Haas F1 Team,Haas F1 Team,0.2179999999989377,35,0,53.0,0.1320754716981132
monza,2019,14,GRO,GAS,7,28,31,defend_behind,-0.5410000000001673,7.0,SOFT,MEDIUM,6.0,MEDIUM,25.67349999999999,False,True,18.0,11.0,0,Haas F1 Team,Haas F1 Team,0.2179999999989377,35,0,53.0,0.1320754716981132
monza,2019,14,HAM,LEC,19,20,23,undercut_ahead,1.55600000000004,22.0,SOFT,MEDIUM,21.0,SOFT,25.67349999999999,False,False,4.0,3.0,0,Mercedes,Mercedes,-0.2490000000004784,36,0,53.0,0.3584905660377358
monza,2019,14,HAM,BOT,19,27,30,defend_behind,-1.6709999999998215,22.0,SOFT,MEDIUM,21.0,SOFT,25.67349999999999,False,True,2.0,3.0,1,Mercedes,Mercedes,-0.2490000000004784,36,0,53.0,0.3584905660377358
monza,2019,14,LEC,BOT,20,27,30,defend_behind,-2.92699999999968,23.0,SOFT,HARD,22.0,SOFT,25.67349999999999,False,True,1.0,3.0,1,Ferrari,Ferrari,-0.08799999999973807,43,1,53.0,0.37735849056603776
monza,2019,14,MAG,PER,20,28,31,defend_behind,-0.6399999999998727,20.0,SOFT,MEDIUM,19.0,MEDIUM,25.67349999999999,False,True,9.0,8.0,0,Haas F1 Team,Haas F1 Team,0.2179999999989377,35,0,53.0,0.37735849056603776
monza,2019,14,NOR,VER,23,27,30,undercut_ahead,1.3709999999996398,23.0,MEDIUM,HARD,21.0,SOFT,25.67349999999999,False,True,10.0,12.0,1,McLaren,McLaren,-0.26599999999962165,33,0,53.0,0.4339622641509434
monza,2019,14,NOR,GAS,23,28,31,defend_behind,-1.3700000000003456,23.0,MEDIUM,HARD,22.0,MEDIUM,25.67349999999999,False,True,10.0,11.0,1,McLaren,McLaren,-0.26599999999962165,33,0,53.0,0.4339622641509434
monza,2019,14,RAI,VET,26,41,44,undercut_ahead,1.34900000000016,26.0,MEDIUM,SOFT,19.0,HARD,25.67349999999999,False,True,15.0,14.0,0,Alfa Romeo Racing,Alfa Romeo Racing,0.44699999999988904,42,0,53.0,0.49056603773584906
monza,2019,14,STR,RUS,22,23,26,undercut_ahead,2.264000000000124,25.0,SOFT,MEDIUM,21.0,MEDIUM,25.67349999999999,False,False,16.0,17.0,1,Racing Point,Racing Point,0.1320000000005166,37,0,53.0,0.41509433962264153
monza,2019,14,STR,MAG,22,34,37,defend_behind,-2.88799999999992,25.0,SOFT,MEDIUM,1.0,MEDIUM,25.67349999999999,False,True,12.0,15.0,1,Racing Point,Racing Point,0.1320000000005166,37,0,53.0,0.41509433962264153
monza,2019,14,VER,PER,27,28,31,undercut_ahead,1.2550000000001091,26.0,SOFT,MEDIUM,26.0,MEDIUM,25.67349999999999,False,True,12.0,8.0,0,Red Bull Racing,Red Bull Racing,-0.16499999999996362,36,1,53.0,0.5094339622641509
monza,2019,14,VER,GAS,27,28,31,defend_behind,-2.652000000000044,26.0,SOFT,MEDIUM,26.0,MEDIUM,25.67349999999999,False,True,12.0,11.0,0,Red Bull Racing,Red Bull Racing,-0.16499999999996362,36,1,53.0,0.5094339622641509
monza,2019,14,VET,BOT,6,27,30,undercut_ahead,0.9650000000001456,10.0,SOFT,HARD,8.0,SOFT,25.67349999999999,True,True,15.0,3.0,0,Ferrari,Ferrari,-0.08799999999973807,43,0,53.0,0.11320754716981132
monza,2020,8,ALB,KVY,22,26,29,undercut_ahead,2.974999999999909,25.0,SOFT,MEDIUM,21.0,HARD,25.67349999999999,False,True,16.0,10.0,0,Red Bull Racing,Red Bull Racing,-0.5859999999993306,25,1,53.0,0.41509433962264153
monza,2020,8,BOT,RIC,22,26,29,undercut_ahead,0.9079999999999018,25.0,SOFT,MEDIUM,24.0,SOFT,25.67349999999999,True,True,7.0,8.0,1,Mercedes,Mercedes,0.0,27,1,53.0,0.41509433962264153
monza,2020,8,BOT,VER,22,26,29,defend_behind,-0.8730000000000473,25.0,SOFT,MEDIUM,24.0,SOFT,25.67349999999999,True,True,7.0,14.0,1,Mercedes,Mercedes,0.0,27,1,53.0,0.41509433962264153
monza,2020,8,GAS,OCO,19,22,25,undercut_ahead,2.4900000000002365,22.0,SOFT,HARD,18.0,SOFT,25.67349999999999,False,True,3.0,12.0,1,AlphaTauri,AlphaTauri,0.08175000000005639,24,0,53.0,0.3584905660377358
monza,2020,8,GAS,KVY,19,22,25,defend_behind,-0.6630000000000109,22.0,SOFT,HARD,18.0,HARD,25.67349999999999,False,True,3.0,13.0,1,AlphaTauri,AlphaTauri,0.08175000000005639,24,0,53.0,0.3584905660377358
monza,2020,8,GIO,GRO,20,22,25,defend_behind,-2.2219999999997526,20.0,MEDIUM,HARD,19.0,MEDIUM,25.67349999999999,False,True,5.0,17.0,1,Alfa Romeo Racing,Alfa Romeo Racing,-0.12499999999931788,20,1,53.0,0.37735849056603776
monza,2020,8,GRO,RUS,22,26,29,defend_behind,-2.34900000000016,22.0,MEDIUM,HARD,21.0,MEDIUM,25.67349999999999,False,True,13.0,15.0,1,Haas F1 Team,Haas F1 Team,0.9259999999999309,23,1,53.0,0.41509433962264153
monza,2020,8,KVY,OCO,22,26,29,undercut_ahead,2.2719999999999345,22.0,HARD,MEDIUM,21.0,SOFT,25.67349999999999,False,True,10.0,9.0,0,AlphaTauri,AlphaTauri,0.08175000000005639,24,1,53.0,0.41509433962264153
monza,2020,8,KVY,ALB,22,26,29,defend_behind,-2.974999999999909,22.0,HARD,MEDIUM,24.0,SOFT,25.67349999999999,False,True,10.0,16.0,1,AlphaTauri,AlphaTauri,0.08175000000005639,24,1,53.0,0.41509433962264153
monza,2020,8,LAT,RUS,16,22,25,undercut_ahead,2.8730000000000477,16.0,MEDIUM,HARD,15.0,MEDIUM,25.67349999999999,False,True,9.0,15.0,1,Williams,Williams,-0.012500000000045475,28,1,53.0,0.3018867924528302
monza,2020,8,NOR,HAM,22,26,29,undercut_ahead,2.1510000000002947,25.0,SOFT,MEDIUM,1.0,MEDIUM,25.67349999999999,False,True,6.0,17.0,1,McLaren,McLaren,0.01900000000023283,23,1,53.0,0.41509433962264153
monza,2020,8,NOR,PER,22,26,29,defend_behind,-0.8609999999998763,25.0,SOFT,MEDIUM,24.0,SOFT,25.67349999999999,False,True,6.0,11.0,1,McLaren,McLaren,0.01900000000023283,23,1,53.0,0.41509433962264153
monza,2020,8,OCO,STR,22,26,29,undercut_ahead,1.1199999999998909,22.0,SOFT,MEDIUM,24.0,SOFT,25.67349999999999,False,True,9.0,5.0,0,Renault,Renault,-0.10424999999963802,18,1,53.0,0.41509433962264153
monza,2020,8,OCO,KVY,22,26,29,defend_behind,-2.2719999999999345,22.0,SOFT,MEDIUM,21.0,HARD,25.67349999999999,False,True,9.0,10.0,1,Renault,Renault,-0.10424999999963802,18,1,53.0,0.41509433962264153
monza,2020,8,PER,NOR,22,26,29,undercut_ahead,0.8609999999998763,25.0,SOFT,MEDIUM,24.0,SOFT,25.67349999999999,True,True,11.0,6.0,0,Racing Point,Racing Point,-0.055749999999989086,16,1,53.0,0.41509433962264153
monza,2020,8,PER,RIC,22,26,29,defend_behind,-1.824999999999818,25.0,SOFT,MEDIUM,24.0,SOFT,25.67349999999999,True,True,11.0,8.0,0,Racing Point,Racing Point,-0.055749999999989086,16,1,53.0,0.41509433962264153
monza,2020,8,RAI,KVY,18,22,25,undercut_ahead,1.9479999999998652,18.0,MEDIUM,HARD,17.0,HARD,25.67349999999999,False,True,4.0,13.0,1,Alfa Romeo Racing,Alfa Romeo Racing,-0.12499999999931788,20,0,53.0,0.33962264150943394
monza,2020,8,RAI,GIO,26,30,33,defend_behind,-0.9960000000000946,8.0,HARD,SOFT,5.0,HARD,25.67349999999999,False,True,2.0,16.0,1,Alfa Romeo Racing,Alfa Romeo Racing,-0.12499999999931788,20,0,53.0,0.49056603773584906
monza,2020,8,RIC,PER,22,26,29,undercut_ahead,1.824999999999818,25.0,SOFT,MEDIUM,24.0,SOFT,25.67349999999999,False,True,8.0,11.0,1,Renault,Renault,-0.10424999999963802,18,1,53.0,0.41509433962264153
monza,2020,8,RIC,BOT,22,26,29,defend_behind,-0.9079999999999018,25.0,SOFT,MEDIUM,24.0,SOFT,25.67349999999999,False,True,8.0,7.0,0,Renault,Renault,-0.10424999999963802,18,1,53.0,0.41509433962264153
monza,2020,8,RUS,GRO,22,26,29,undercut_ahead,2.34900000000016,22.0,MEDIUM,HARD,21.0,MEDIUM,25.67349999999999,False,True,15.0,13.0,0,Williams,Williams,-0.012500000000045475,28,1,53.0,0.41509433962264153
monza,2020,8,SAI,HAM,22,26,29,defend_behind,-1.8530000000000653,25.0,SOFT,MEDIUM,1.0,MEDIUM,25.67349999999999,False,True,4.0,17.0,1,McLaren,McLaren,0.01900000000023283,23,1,53.0,0.41509433962264153
monza,2020,8,STR,HAM,26,28,31,undercut_ahead,0.7680000000000291,29.0,SOFT,MEDIUM,5.0,MEDIUM,25.67349999999999,True,True,4.0,15.0,1,Racing Point,Racing Point,-0.055749999999989086,16,0,53.0,0.49056603773584906
monza,2020,8,VER,BOT,22,26,29,undercut_ahead,0.8730000000000473,25.0,SOFT,MEDIUM,24.0,SOFT,25.67349999999999,True,True,14.0,7.0,0,Red Bull Racing,Red Bull Racing,-0.5859999999993306,25,1,53.0,0.41509433962264153
monza,2020,8,VER,STR,22,26,29,defend_behind,-1.2720000000003893,25.0,SOFT,MEDIUM,24.0,SOFT,25.67349999999999,True,True,14.0,5.0,0,Red Bull Racing,Red Bull Racing,-0.5859999999993306,25,1,53.0,0.41509433962264153
monza,2021,14,LAT,OCO,23,26,29,defend_behind,-1.402999999999338,23.0,MEDIUM,HARD,22.0,MEDIUM,25.67349999999999,False,True,10.0,11.0,1,Williams,Williams,0.023500000000240107,38,0,53.0,0.4339622641509434
monza,2021,14,MAZ,VET,24,26,29,undercut_ahead,2.356999999999971,24.0,MEDIUM,SOFT,3.0,HARD,25.67349999999999,False,True,16.0,13.0,0,Haas F1 Team,Haas F1 Team,0.6980000000005475,36,0,53.0,0.4528301886792453
monza,2021,14,MSC,MAZ,23,24,27,defend_behind,-2.03899999999976,23.0,MEDIUM,HARD,22.0,MEDIUM,25.67349999999999,False,True,14.0,16.0,1,Haas F1 Team,Haas F1 Team,0.6980000000005475,36,0,53.0,0.4339622641509434
monza,2021,14,VET,OCO,22,26,29,undercut_ahead,0.9780000000000656,24.0,MEDIUM,HARD,21.0,MEDIUM,25.67349999999999,True,True,13.0,11.0,0,Aston Martin,Aston Martin,-0.009999999999763531,41,0,53.0,0.41509433962264153
monza,2021,14,VET,RUS,22,26,29,defend_behind,-2.806999999999789,24.0,MEDIUM,HARD,21.0,MEDIUM,25.67349999999999,True,True,13.0,9.0,0,Aston Martin,Aston Martin,-0.009999999999763531,41,0,53.0,0.41509433962264153
monza,2022,16,GAS,RIC,18,19,22,undercut_ahead,0.944999999999709,18.0,MEDIUM,HARD,17.0,MEDIUM,25.67349999999999,True,False,13.0,12.0,0,AlphaTauri,AlphaTauri,-0.24375000000009095,52,0,53.0,0.33962264150943394
monza,2022,16,LAT,TSU,15,19,22,undercut_ahead,2.1289999999999054,15.0,MEDIUM,HARD,14.0,MEDIUM,25.67349999999999,False,False,19.0,17.0,0,Williams,Williams,0.2810000000006312,50,0,53.0,0.2830188679245283
monza,2022,16,LAT,MAG,15,24,27,defend_behind,-1.493000000000393,15.0,MEDIUM,HARD,14.0,MEDIUM,25.67349999999999,False,False,17.0,19.0,1,Williams,Williams,0.2810000000006312,50,0,53.0,0.2830188679245283
monza,2022,16,LEC,VER,12,25,28,defend_behind,-1.3350000000000364,12.0,SOFT,MEDIUM,11.0,SOFT,25.67349999999999,False,True,1.0,2.0,1,Ferrari,Ferrari,-0.5029999999997017,37,0,53.0,0.22641509433962265
monza,2022,16,OCO,HAM,19,33,36,undercut_ahead,2.7590000000000146,19.0,SOFT,HARD,18.0,MEDIUM,25.67349999999999,False,False,12.0,7.0,0,Alpine,Alpine,-0.040499999999610736,45,1,53.0,0.3584905660377358
monza,2022,16,OCO,TSU,19,47,50,defend_behind,-0.4859999999998763,19.0,SOFT,HARD,18.0,MEDIUM,25.67349999999999,False,True,11.0,14.0,1,Alpine,Alpine,-0.040499999999610736,45,1,53.0,0.3584905660377358
monza,2022,16,PER,OCO,7,19,22,defend_behind,-0.706000000000131,7.0,MEDIUM,HARD,6.0,SOFT,25.67349999999999,True,True,9.0,16.0,1,Red Bull Racing,Red Bull Racing,-0.4772499999999127,56,0,53.0,0.1320754716981132
monza,2022,16,RIC,NOR,19,35,38,defend_behind,-1.4350000000004002,19.0,MEDIUM,HARD,18.0,MEDIUM,25.67349999999999,False,False,8.0,7.0,0,McLaren,McLaren,-0.17475000000013097,52,1,53.0,0.3584905660377358
monza,2022,16,SAI,RUS,30,47,50,defend_behind,-2.438000000000102,30.0,MEDIUM,SOFT,6.0,HARD,25.67349999999999,False,True,4.0,3.0,0,Ferrari,Ferrari,-0.5029999999997017,37,1,53.0,0.5660377358490566
monza,2022,16,STR,HAM,18,33,36,undercut_ahead,1.7950000000000728,19.0,MEDIUM,HARD,17.0,MEDIUM,25.67349999999999,False,False,16.0,7.0,0,Aston Martin,Aston Martin,-0.04449999999951615,47,0,53.0,0.33962264150943394
monza,2022,16,STR,OCO,18,19,22,defend_behind,-0.4880000000002837,19.0,MEDIUM,HARD,17.0,SOFT,25.67349999999999,False,False,18.0,16.0,0,Aston Martin,Aston Martin,-0.04449999999951615,47,0,53.0,0.33962264150943394
monza,2022,16,ZHO,DEV,18,19,22,undercut_ahead,0.9420000000000072,18.0,MEDIUM,HARD,17.0,SOFT,25.67349999999999,True,False,15.0,14.0,0,Alfa Romeo,Alfa Romeo,0.5190000000002328,39,0,53.0,0.33962264150943394
monza,2023,14,ALB,PIA,15,23,26,defend_behind,-0.6220000000002983,18.0,MEDIUM,HARD,14.0,MEDIUM,25.67349999999999,False,False,7.0,9.0,1,Williams,Williams,0.27400000000125146,48,0,51.0,0.29411764705882354
monza,2023,14,ALO,HAM,21,27,30,undercut_ahead,2.7340000000003783,21.0,MEDIUM,HARD,23.0,HARD,25.67349999999999,False,False,10.0,9.0,0,Aston Martin,Aston Martin,0.011999999999716238,50,1,51.0,0.4117647058823529
monza,2023,14,GAS,OCO,10,24,27,undercut_ahead,0.6530000000002474,10.0,MEDIUM,HARD,9.0,MEDIUM,25.67349999999999,True,False,15.0,19.0,1,Alpine,Alpine,0.4069999999992433,51,0,51.0,0.19607843137254902
monza,2023,14,GAS,STR,10,20,23,defend_behind,-2.1909999999998035,10.0,MEDIUM,HARD,9.0,MEDIUM,25.67349999999999,True,False,17.0,18.0,1,Alpine,Alpine,0.4069999999992433,51,0,51.0,0.19607843137254902
monza,2023,14,GAS,HUL,31,39,42,undercut_ahead,1.7730000000001382,24.0,HARD,MEDIUM,21.0,HARD,25.67349999999999,False,False,16.0,17.0,1,Alpine,Alpine,0.4069999999992433,51,0,51.0,0.6078431372549019
monza,2023,14,LAW,ALO,13,21,24,undercut_ahead,2.696000000000822,16.0,MEDIUM,HARD,12.0,MEDIUM,25.67349999999999,False,False,13.0,11.0,0,AlphaTauri,AlphaTauri,-0.2809999999981301,56,1,51.0,0.2549019607843137
monza,2023,14,LAW,HUL,13,14,17,defend_behind,-0.7899999999999636,16.0,MEDIUM,HARD,15.0,MEDIUM,25.67349999999999,False,False,14.0,17.0,1,AlphaTauri,AlphaTauri,-0.2809999999981301,56,1,51.0,0.2549019607843137
monza,2023,14,LEC,PER,20,21,24,defend_behind,-0.7930000000005748,20.0,MEDIUM,HARD,19.0,MEDIUM,25.67349999999999,False,False,4.0,5.0,1,Ferrari,Ferrari,-0.42574999999987995,50,1,51.0,0.39215686274509803
monza,2023,14,NOR,PIA,22,23,26,undercut_ahead,0.8289999999997235,22.0,MEDIUM,HARD,21.0,MEDIUM,25.67349999999999,True,False,8.0,9.0,1,McLaren,McLaren,-0.07900000000017826,57,1,51.0,0.43137254901960786
monza,2023,14,NOR,HAM,22,27,30,defend_behind,-0.7190000000000509,22.0,MEDIUM,HARD,24.0,HARD,25.67349999999999,True,False,7.0,9.0,1,McLaren,McLaren,-0.07900000000017826,57,1,51.0,0.43137254901960786
monza,2023,14,PIA,HAM,23,27,30,defend_behind,-1.282999999999447,23.0,MEDIUM,HARD,25.0,HARD,25.67349999999999,False,False,8.0,9.0,1,McLaren,McLaren,-0.07900000000017826,57,1,51.0,0.45098039215686275
monza,2023,14,RUS,PER,19,21,24,undercut_ahead,1.550999999999476,19.0,MEDIUM,HARD,18.0,MEDIUM,25.67349999999999,False,False,6.0,5.0,0,Mercedes,Mercedes,-0.1014999999997599,50,1,51.0,0.37254901960784315
monza,2023,14,SAI,LEC,19,20,23,defend_behind,-0.6300000000001091,19.0,MEDIUM,HARD,18.0,MEDIUM,25.67349999999999,False,False,4.0,5.0,1,Ferrari,Ferrari,-0.42574999999987995,50,1,51.0,0.37254901960784315
monza,2023,14,SAR,HUL,14,39,42,undercut_ahead,0.6259999999992942,17.0,MEDIUM,HARD,16.0,MEDIUM,25.67349999999999,True,False,10.0,17.0,1,Williams,Williams,0.27400000000125146,48,0,51.0,0.27450980392156865
monza,2023,14,SAR,BOT,14,25,28,defend_behind,-1.0150000000003274,17.0,MEDIUM,HARD,16.0,HARD,25.67349999999999,True,False,13.0,16.0,1,Williams,Williams,0.27400000000125146,48,1,51.0,0.27450980392156865
monza,2023,14,STR,OCO,20,24,27,undercut_ahead,1.9029999999993377,20.0,MEDIUM,HARD,19.0,MEDIUM,25.67349999999999,False,False,17.0,19.0,1,Aston Martin,Aston Martin,0.011999999999716238,50,0,51.0,0.39215686274509803
monza,2023,14,ZHO,BOT,11,25,28,undercut_ahead,0.4939999999996871,11.0,MEDIUM,HARD,13.0,HARD,25.67349999999999,True,False,12.0,16.0,1,Alfa Romeo,Alfa Romeo,0.4070000000001528,56,0,51.0,0.21568627450980393
monza,2023,14,ZHO,OCO,11,24,27,defend_behind,-1.0,11.0,MEDIUM,HARD,10.0,MEDIUM,25.67349999999999,True,False,12.0,19.0,1,Alfa Romeo,Alfa Romeo,0.4070000000001528,56,0,51.0,0.21568627450980393
monza,2024,16,ALB,NOR,17,32,35,defend_behind,-1.389999999999418,17.0,MEDIUM,HARD,2.0,HARD,25.67349999999999,False,False,10.0,6.0,0,Williams,Williams,0.15499999999974534,49,1,53.0,0.32075471698113206
monza,2024,16,ALO,ALB,12,17,20,undercut_ahead,0.9650000000001456,13.0,MEDIUM,HARD,11.0,MEDIUM,25.67349999999999,True,False,11.0,12.0,1,Aston Martin,Aston Martin,0.060000000000172804,56,1,53.0,0.22641509433962265
monza,2024,16,ALO,MAG,12,14,17,defend_behind,-1.751999999999498,13.0,MEDIUM,HARD,11.0,MEDIUM,25.67349999999999,True,False,13.0,15.0,1,Aston Martin,Aston Martin,0.060000000000172804,56,1,53.0,0.22641509433962265
monza,2024,16,BOT,STR,33,36,39,undercut_ahead,1.4440000000004147,34.0,HARD,MEDIUM,15.0,HARD,25.67349999999999,False,False,18.0,16.0,0,Kick Sauber,Kick Sauber,0.38599999999996726,55,0,53.0,0.6226415094339622
monza,2024,16,COL,BOT,16,33,36,defend_behind,-0.9179999999996652,16.0,MEDIUM,HARD,16.0,HARD,25.67349999999999,False,False,12.0,18.0,1,Williams,Williams,0.15499999999974534,49,1,53.0,0.3018867924528302
monza,2024,16,GAS,OCO,10,31,34,undercut_ahead,1.6440000000002328,10.0,MEDIUM,HARD,9.0,HARD,25.67349999999999,False,False,17.0,15.0,0,Alpine,Alpine,-0.08099999999967622,47,0,53.0,0.18867924528301888
monza,2024,16,GAS,STR,10,19,22,defend_behind,-1.6059999999997672,10.0,MEDIUM,HARD,10.0,HARD,25.67349999999999,False,False,13.0,17.0,1,Alpine,Alpine,-0.08099999999967622,47,0,53.0,0.18867924528301888
monza,2024,16,HAM,SAI,15,19,22,undercut_ahead,2.584999999999127,15.0,MEDIUM,HARD,14.0,MEDIUM,25.67349999999999,False,False,7.0,6.0,0,Mercedes,Mercedes,-0.07200000000057116,51,0,53.0,0.2830188679245283
monza,2024,16,HAM,VER,15,22,25,defend_behind,-0.6950000000006185,15.0,MEDIUM,HARD,14.0,HARD,25.67349999999999,False,False,5.0,6.0,1,Mercedes,Mercedes,-0.07200000000057116,51,0,53.0,0.2830188679245283
monza,2024,16,HUL,COL,5,16,19,defend_behind,-0.5520000000001346,5.0,MEDIUM,HARD,4.0,MEDIUM,25.67349999999999,True,False,18.0,17.0,0,Haas F1 Team,Haas F1 Team,0.35299999999961074,51,0,53.0,0.09433962264150944
monza,2024,16,MAG,OCO,14,31,34,defend_behind,-1.126999999999498,14.0,MEDIUM,HARD,13.0,HARD,25.67349999999999,False,False,9.0,15.0,1,Haas F1 Team,Haas F1 Team,0.35299999999961074,51,1,53.0,0.2641509433962264
monza,2024,16,NOR,LEC,14,15,18,undercut_ahead,0.9529999999995198,14.0,MEDIUM,HARD,13.0,MEDIUM,25.67349999999999,True,False,5.0,6.0,1,McLaren,McLaren,-0.14574999999990723,52,1,53.0,0.2641509433962264
monza,2024,16,RIC,ALO,11,12,15,undercut_ahead,1.0979999999999563,11.0,MEDIUM,HARD,11.0,MEDIUM,25.67349999999999,False,False,18.0,15.0,0,RB,RB,-0.17949999999973443,44,0,53.0,0.20754716981132076
monza,2024,16,RIC,MAG,11,14,17,defend_behind,-0.3720000000002983,11.0,MEDIUM,HARD,10.0,MEDIUM,25.67349999999999,False,False,16.0,15.0,0,RB,RB,-0.17949999999973443,44,0,53.0,0.20754716981132076
monza,2024,16,RUS,VER,11,22,25,undercut_ahead,2.2020000000002256,11.0,MEDIUM,HARD,10.0,HARD,25.67349999999999,False,False,8.0,6.0,0,Mercedes,Mercedes,-0.07200000000057116,51,0,53.0,0.20754716981132076
monza,2024,16,RUS,PER,11,23,26,defend_behind,-0.1589999999996507,11.0,MEDIUM,HARD,10.0,HARD,25.67349999999999,False,False,8.0,7.0,0,Mercedes,Mercedes,-0.07200000000057116,51,0,53.0,0.20754716981132076
monza,2024,16,ZHO,BOT,15,33,36,undercut_ahead,2.7260000000005675,16.0,MEDIUM,HARD,15.0,HARD,25.67349999999999,False,False,16.0,18.0,1,Kick Sauber,Kick Sauber,0.38599999999996726,55,0,53.0,0.2830188679245283
monza,2025,16,BEA,ANT,18,28,31,undercut_ahead,0.4970000000002983,18.0,MEDIUM,HARD,17.0,MEDIUM,25.67349999999999,True,False,15.0,13.0,0,Haas F1 Team,Haas F1 Team,0.5172499999998763,42,0,53.0,0.33962264150943394
monza,2025,16,BEA,SAI,18,30,33,defend_behind,-0.7159999999994398,18.0,MEDIUM,HARD,17.0,MEDIUM,25.67349999999999,True,False,14.0,15.0,1,Haas F1 Team,Haas F1 Team,0.5172499999998763,42,0,53.0,0.33962264150943394
monza,2025,16,COL,GAS,33,49,52,undercut_ahead,1.8850000000002185,33.0,MEDIUM,HARD,32.0,HARD,25.67349999999999,False,True,17.0,16.0,0,Alpine,Alpine,0.2495000000001255,46,0,53.0,0.6226415094339622
monza,2025,16,HAD,STR,32,49,52,undercut_ahead,0.7910000000001673,33.0,HARD,MEDIUM,32.0,HARD,25.67349999999999,True,True,10.0,18.0,1,Racing Bulls,Racing Bulls,-0.18699999999989814,41,0,53.0,0.6037735849056604
monza,2025,16,LAW,STR,9,49,52,defend_behind,-0.7460000000000946,9.0,SOFT,HARD,9.0,HARD,25.67349999999999,True,True,14.0,18.0,1,Racing Bulls,Racing Bulls,-0.18699999999989814,41,0,53.0,0.16981132075471697
monza,2025,16,RUS,HAM,27,38,41,defend_behind,-1.5150000000003274,27.0,MEDIUM,HARD,26.0,MEDIUM,25.67349999999999,False,True,6.0,8.0,1,Mercedes,Mercedes,-0.08674999999902866,48,1,53.0,0.5094339622641509
monza,2025,16,SAI,ALB,30,41,44,undercut_ahead,2.420999999999367,30.0,MEDIUM,HARD,29.0,HARD,25.67349999999999,False,True,14.0,9.0,0,Williams,Williams,0.0014999999998508429,46,0,53.0,0.5660377358490566
monza,2025,16,TSU,ANT,19,28,31,undercut_ahead,0.7979999999997744,19.0,MEDIUM,HARD,18.0,MEDIUM,25.67349999999999,True,False,17.0,13.0,0,Red Bull Racing,Red Bull Racing,-0.06900000000041473,45,1,53.0,0.3584905660377358
monza,2025,16,TSU,SAI,19,30,33,defend_behind,-1.22400000000016,19.0,MEDIUM,HARD,18.0,MEDIUM,25.67349999999999,True,False,17.0,15.0,0,Red Bull Racing,Red Bull Racing,-0.06900000000041473,45,1,53.0,0.3584905660377358
monza,2026,13,ALB,PER,3,27,30,undercut_ahead,1.08600000000024,3.0,MEDIUM,HARD,2.0,SOFT,25.67349999999999,False,True,13.0,18.0,1,Williams,Williams,0.06700000000000728,29,0,53.0,0.05660377358490566
monza,2026,13,ANT,HUL,3,27,30,defend_behind,-0.5479999999997744,3.0,HARD,MEDIUM,2.0,MEDIUM,25.67349999999999,True,True,5.0,14.0,1,Mercedes,Mercedes,-0.48700000000008004,21,1,53.0,0.05660377358490566
monza,2026,13,BOR,OCO,3,27,30,undercut_ahead,0.3699999999998908,3.0,SOFT,MEDIUM,2.0,SOFT,25.67349999999999,True,True,11.0,16.0,1,Audi,Audi,0.0,23,1,53.0,0.05660377358490566
monza,2026,13,BOR,ANT,3,28,31,defend_behind,-0.5770000000002256,3.0,SOFT,MEDIUM,2.0,HARD,25.67349999999999,True,True,11.0,4.0,0,Audi,Audi,0.0,23,0,53.0,0.05660377358490566
monza,2026,13,GAS,VER,3,28,31,defend_behind,-0.5910000000003492,3.0,MEDIUM,HARD,2.0,SOFT,25.67349999999999,True,True,7.0,6.0,0,Alpine,Alpine,0.0,23,1,53.0,0.05660377358490566
monza,2026,13,HAM,OCO,3,27,30,defend_behind,-1.0,3.0,SOFT,MEDIUM,2.0,SOFT,25.67349999999999,True,True,3.0,16.0,1,Ferrari,Ferrari,-0.23250000000007276,22,1,53.0,0.05660377358490566
monza,2026,13,HUL,ANT,3,28,31,undercut_ahead,0.5479999999997744,3.0,MEDIUM,HARD,2.0,HARD,25.67349999999999,True,True,14.0,4.0,0,Audi,Audi,0.0,23,0,53.0,0.05660377358490566
monza,2026,13,LAW,SAI,3,27,30,undercut_ahead,0.431999999999789,3.0,MEDIUM,HARD,2.0,SOFT,25.67349999999999,True,True,17.0,15.0,0,Red Bull Racing,Red Bull Racing,-0.054500000000189175,22,0,53.0,0.05660377358490566
monza,2026,13,LAW,PER,3,27,30,defend_behind,-0.3569999999999709,3.0,MEDIUM,HARD,2.0,SOFT,25.67349999999999,True,True,17.0,18.0,1,Red Bull Racing,Red Bull Racing,-0.054500000000189175,22,0,53.0,0.05660377358490566
monza,2026,13,LAW,HUL,12,27,30,defend_behind,-0.2690000000002328,9.0,HARD,MEDIUM,8.0,HARD,25.67349999999999,False,True,17.0,14.0,0,Red Bull Racing,Red Bull Racing,-0.054500000000189175,22,0,53.0,0.22641509433962265
monza,2026,13,PIA,VER,3,28,31,undercut_ahead,0.6579999999999018,3.0,MEDIUM,HARD,2.0,SOFT,25.67349999999999,True,True,2.0,6.0,1,McLaren,McLaren,-0.26050000000032014,23,0,53.0,0.05660377358490566
monza,2026,13,SAI,LAW,3,12,15,defend_behind,-0.431999999999789,3.0,SOFT,HARD,2.0,MEDIUM,25.67349999999999,True,True,14.0,21.0,1,Williams,Williams,0.06700000000000728,29,0,53.0,0.05660377358490566
monza,2026,13,SAI,ALB,27,46,49,defend_behind,-1.0739999999996144,24.0,HARD,MEDIUM,23.0,HARD,25.67349999999999,True,True,14.0,17.0,1,Williams,Williams,0.06700000000000728,29,1,53.0,0.5094339622641509
monza,2026,13,TSU,HUL,3,27,30,undercut_ahead,2.0150000000003274,3.0,HARD,MEDIUM,2.0,MEDIUM,25.67349999999999,False,True,9.0,14.0,1,Racing Bulls,Racing Bulls,0.057999999999992724,21,0,53.0,0.05660377358490566
monza,2026,13,TSU,SAI,3,27,30,defend_behind,-0.9130000000000108,3.0,HARD,MEDIUM,2.0,SOFT,25.67349999999999,False,True,9.0,15.0,1,Racing Bulls,Racing Bulls,0.057999999999992724,21,0,53.0,0.05660377358490566
s_o_paulo,2018,20,ALO,OCO,15,40,43,undercut_ahead,0.9739999999997052,15.0,SOFT,MEDIUM,14.0,SOFT,21.919999999999987,True,True,18.0,16.0,0,McLaren,McLaren,-0.06524999999987813,24,0,71.0,0.2112676056338028
s_o_paulo,2018,20,ALO,HAR,15,49,52,defend_behind,-0.6170000000001892,15.0,SOFT,MEDIUM,14.0,MEDIUM,21.919999999999987,True,True,18.0,12.0,0,McLaren,McLaren,-0.06524999999987813,24,0,71.0,0.2112676056338028
s_o_paulo,2018,20,BOT,RAI,18,31,34,defend_behind,-1.063000000000102,21.0,SUPERSOFT,MEDIUM,20.0,SOFT,21.919999999999987,False,True,5.0,7.0,1,Mercedes,Mercedes,-0.28500000000030923,29,0,71.0,0.2535211267605634
s_o_paulo,2018,20,GAS,SAI,22,25,28,defend_behind,-0.8789999999999054,26.0,SUPERSOFT,MEDIUM,21.0,SOFT,21.919999999999987,False,False,14.0,15.0,1,Toro Rosso,Toro Rosso,0.04450000000019827,23,0,71.0,0.30985915492957744
s_o_paulo,2018,20,GRO,VET,32,53,56,undercut_ahead,1.9780000000000653,35.0,SUPERSOFT,MEDIUM,4.0,MEDIUM,21.919999999999987,False,True,8.0,7.0,0,Haas F1 Team,Haas F1 Team,0.08375000000012278,24,1,71.0,0.4507042253521127
s_o_paulo,2018,20,GRO,MAG,32,41,44,defend_behind,-0.9579999999996288,35.0,SUPERSOFT,MEDIUM,31.0,SOFT,21.919999999999987,False,True,8.0,9.0,1,Haas F1 Team,Haas F1 Team,0.08375000000012278,24,1,71.0,0.4507042253521127
s_o_paulo,2018,20,HAM,VER,19,35,38,defend_behind,-1.5670000000000073,22.0,SUPERSOFT,MEDIUM,21.0,SUPERSOFT,21.919999999999987,False,True,2.0,3.0,1,Mercedes,Mercedes,-0.28500000000030923,29,1,71.0,0.2676056338028169
s_o_paulo,2018,20,LEC,BOT,35,59,62,defend_behind,-2.824999999999818,40.0,SUPERSOFT,MEDIUM,16.0,MEDIUM,21.919999999999987,False,True,7.0,5.0,0,Sauber,Sauber,-0.10650000000055115,19,1,71.0,0.49295774647887325
s_o_paulo,2018,20,RAI,RIC,31,39,42,defend_behind,-2.0690000000004147,34.0,SOFT,MEDIUM,33.0,SUPERSOFT,21.919999999999987,False,False,4.0,6.0,1,Ferrari,Ferrari,-0.22625000000005002,26,1,71.0,0.43661971830985913
s_o_paulo,2018,20,SIR,HAR,16,49,52,undercut_ahead,1.2070000000003347,16.0,SOFT,MEDIUM,15.0,MEDIUM,21.919999999999987,False,True,15.0,12.0,0,Williams,Williams,0.20049999999991996,32,0,71.0,0.22535211267605634
s_o_paulo,2018,20,SIR,STR,16,17,20,defend_behind,-0.8309999999996762,16.0,SOFT,MEDIUM,15.0,SOFT,21.919999999999987,False,True,17.0,18.0,1,Williams,Williams,0.20049999999991996,32,0,71.0,0.22535211267605634
s_o_paulo,2018,20,STR,HAR,17,49,52,undercut_ahead,2.664000000000214,17.0,SOFT,MEDIUM,16.0,MEDIUM,21.919999999999987,False,True,16.0,12.0,0,Williams,Williams,0.20049999999991996,32,0,71.0,0.23943661971830985
s_o_paulo,2018,20,STR,VAN,17,28,31,defend_behind,-0.5970000000002074,17.0,SOFT,MEDIUM,16.0,SOFT,21.919999999999987,False,True,17.0,18.0,1,Williams,Williams,0.20049999999991996,32,0,71.0,0.23943661971830985
s_o_paulo,2018,20,VET,RAI,27,31,34,undercut_ahead,2.8150000000000546,30.0,SOFT,MEDIUM,29.0,SOFT,21.919999999999987,False,False,6.0,7.0,1,Ferrari,Ferrari,-0.22625000000005002,26,1,71.0,0.38028169014084506
s_o_paulo,2018,20,VET,RIC,27,39,42,defend_behind,-0.80600000000004,30.0,SOFT,MEDIUM,29.0,SUPERSOFT,21.919999999999987,False,False,5.0,6.0,1,Ferrari,Ferrari,-0.22625000000005002,26,1,71.0,0.38028169014084506
s_o_paulo,2019,20,ALB,VER,24,44,47,undercut_ahead,1.1210000000000946,27.0,SOFT,MEDIUM,2.0,SOFT,21.919999999999987,False,False,4.0,2.0,0,Red Bull Racing,Red Bull Racing,-0.16499999999996362,36,1,71.0,0.3380281690140845
s_o_paulo,2019,20,ALB,HAM,24,43,46,defend_behind,-0.2329999999997198,27.0,SOFT,MEDIUM,5.0,SOFT,21.919999999999987,False,False,4.0,3.0,0,Red Bull Racing,Red Bull Racing,-0.16499999999996362,36,1,71.0,0.3380281690140845
s_o_paulo,2019,20,BOT,VER,26,44,47,defend_behind,-1.0909999999998945,29.0,SOFT,HARD,4.0,SOFT,21.919999999999987,False,False,6.0,2.0,0,Mercedes,Mercedes,-0.2490000000004784,36,0,71.0,0.36619718309859156
s_o_paulo,2019,20,GIO,GRO,20,26,29,undercut_ahead,1.2570000000000618,20.0,SOFT,MEDIUM,22.0,SOFT,21.919999999999987,False,False,10.0,13.0,1,Alfa Romeo Racing,Alfa Romeo Racing,0.44699999999988904,42,1,71.0,0.28169014084507044
s_o_paulo,2019,20,GIO,NOR,20,27,30,defend_behind,-1.0320000000001528,20.0,SOFT,MEDIUM,19.0,SOFT,21.919999999999987,False,False,9.0,13.0,1,Alfa Romeo Racing,Alfa Romeo Racing,0.44699999999988904,42,1,71.0,0.28169014084507044
s_o_paulo,2019,20,GRO,ALB,26,50,53,undercut_ahead,0.1169999999997344,29.0,SOFT,MEDIUM,1.0,MEDIUM,21.919999999999987,True,True,7.0,5.0,0,Haas F1 Team,Haas F1 Team,0.2179999999989377,35,1,71.0,0.36619718309859156
s_o_paulo,2019,20,GRO,NOR,26,27,30,defend_behind,-1.4760000000001128,29.0,SOFT,MEDIUM,25.0,SOFT,21.919999999999987,True,False,12.0,13.0,1,Haas F1 Team,Haas F1 Team,0.2179999999989377,35,1,71.0,0.36619718309859156
s_o_paulo,2019,20,HUL,GAS,27,47,50,undercut_ahead,2.5969999999997526,27.0,MEDIUM,HARD,4.0,MEDIUM,21.919999999999987,False,False,18.0,7.0,0,Renault,Renault,0.0,30,0,71.0,0.38028169014084506
s_o_paulo,2019,20,HUL,RAI,27,47,50,defend_behind,-0.5529999999998836,27.0,MEDIUM,HARD,5.0,MEDIUM,21.919999999999987,False,False,18.0,11.0,0,Renault,Renault,0.0,30,0,71.0,0.38028169014084506
s_o_paulo,2019,20,KVY,HUL,23,27,30,undercut_ahead,2.597000000000208,23.0,MEDIUM,SOFT,22.0,MEDIUM,21.919999999999987,False,False,14.0,17.0,1,Toro Rosso,Toro Rosso,0.05900000000019645,31,0,71.0,0.323943661971831
s_o_paulo,2019,20,LEC,VET,29,49,52,defend_behind,-0.1279999999997016,32.0,MEDIUM,HARD,3.0,MEDIUM,21.919999999999987,False,True,4.0,3.0,0,Ferrari,Ferrari,-0.08799999999973807,43,0,71.0,0.4084507042253521
s_o_paulo,2019,20,MAG,RIC,27,40,43,undercut_ahead,1.6950000000001637,30.0,SOFT,MEDIUM,18.0,SOFT,21.919999999999987,False,False,17.0,18.0,1,Haas F1 Team,Haas F1 Team,0.2179999999989377,35,0,71.0,0.38028169014084506
s_o_paulo,2019,20,NOR,SAI,27,29,32,defend_behind,-1.6539999999999964,27.0,SOFT,HARD,26.0,SOFT,21.919999999999987,False,False,13.0,15.0,1,McLaren,McLaren,-0.26599999999962165,33,1,71.0,0.38028169014084506
s_o_paulo,2019,20,PER,SAI,17,29,32,undercut_ahead,1.5970000000002074,17.0,SOFT,MEDIUM,16.0,SOFT,21.919999999999987,False,False,10.0,15.0,1,Racing Point,Racing Point,0.1320000000005166,37,1,71.0,0.23943661971830985
s_o_paulo,2019,20,PER,HUL,17,27,30,defend_behind,-1.4580000000000837,17.0,SOFT,MEDIUM,16.0,MEDIUM,21.919999999999987,False,False,10.0,17.0,1,Racing Point,Racing Point,0.1320000000005166,37,1,71.0,0.23943661971830985
s_o_paulo,2019,20,RIC,MAG,8,27,30,undercut_ahead,0.3410000000003492,8.0,MEDIUM,SOFT,10.0,SOFT,21.919999999999987,True,True,11.0,18.0,1,Renault,Renault,0.0,30,0,71.0,0.11267605633802817
s_o_paulo,2019,20,RIC,SAI,8,29,32,defend_behind,-0.3840000000000145,8.0,MEDIUM,SOFT,7.0,SOFT,21.919999999999987,True,True,11.0,15.0,1,Renault,Renault,0.0,30,0,71.0,0.11267605633802817
s_o_paulo,2019,20,SAI,GAS,29,47,50,defend_behind,-1.719000000000051,29.0,SOFT,MEDIUM,6.0,MEDIUM,21.919999999999987,False,False,10.0,7.0,0,McLaren,McLaren,-0.26599999999962165,33,0,71.0,0.4084507042253521
s_o_paulo,2019,20,STR,GAS,28,47,50,undercut_ahead,1.7970000000000257,28.0,SOFT,MEDIUM,5.0,MEDIUM,21.919999999999987,False,False,12.0,7.0,0,Racing Point,Racing Point,0.1320000000005166,37,0,71.0,0.39436619718309857
s_o_paulo,2019,20,STR,RAI,28,47,50,defend_behind,-2.1039999999998145,28.0,SOFT,MEDIUM,6.0,MEDIUM,21.919999999999987,False,False,12.0,11.0,0,Racing Point,Racing Point,0.1320000000005166,37,0,71.0,0.39436619718309857
s_o_paulo,2019,20,VER,HAM,54,66,69,defend_behind,-1.2619999999997162,10.0,MEDIUM,SOFT,10.0,MEDIUM,21.919999999999987,False,True,1.0,4.0,1,Red Bull Racing,Red Bull Racing,-0.16499999999996362,36,0,71.0,0.7605633802816901
s_o_paulo,2019,20,VET,VER,49,54,57,defend_behind,-1.9920000000001887,24.0,MEDIUM,SOFT,4.0,MEDIUM,21.919999999999987,False,True,3.0,2.0,0,Ferrari,Ferrari,-0.08799999999973807,43,0,71.0,0.6901408450704225
s_o_paulo,2021,19,ALO,LEC,34,52,55,undercut_ahead,2.068000000000211,34.0,MEDIUM,HARD,6.0,MEDIUM,21.919999999999987,False,False,7.0,5.0,0,Alpine,Alpine,-0.09750000000008185,34,1,71.0,0.4788732394366197
s_o_paulo,2021,19,ALO,SAI,34,53,56,defend_behind,-1.9200000000000728,34.0,MEDIUM,HARD,7.0,MEDIUM,21.919999999999987,False,False,7.0,6.0,0,Alpine,Alpine,-0.09750000000008185,34,1,71.0,0.4788732394366197
s_o_paulo,2021,19,GAS,SAI,25,26,29,undercut_ahead,2.78899999999976,25.0,MEDIUM,HARD,24.0,MEDIUM,21.919999999999987,False,False,11.0,9.0,0,AlphaTauri,AlphaTauri,0.047749999999723514,38,1,71.0,0.352112676056338
s_o_paulo,2021,19,GAS,RIC,25,30,33,defend_behind,-1.5510000000003856,25.0,MEDIUM,HARD,24.0,MEDIUM,21.919999999999987,False,True,8.0,9.0,1,AlphaTauri,AlphaTauri,0.047749999999723514,38,1,71.0,0.352112676056338
s_o_paulo,2021,19,GIO,GAS,29,51,54,undercut_ahead,0.006999999999607,29.0,MEDIUM,HARD,3.0,HARD,21.919999999999987,True,True,14.0,9.0,0,Alfa Romeo Racing,Alfa Romeo Racing,-0.047000000000025466,40,0,71.0,0.4084507042253521
s_o_paulo,2021,19,GIO,TSU,29,39,42,defend_behind,-1.5330000000003563,29.0,MEDIUM,HARD,24.0,HARD,21.919999999999987,True,True,15.0,17.0,1,Alfa Romeo Racing,Alfa Romeo Racing,-0.047000000000025466,40,0,71.0,0.4084507042253521
s_o_paulo,2021,19,GIO,RAI,42,52,55,defend_behind,-0.0169999999998253,13.0,HARD,MEDIUM,13.0,HARD,21.919999999999987,False,False,14.0,12.0,0,Alfa Romeo Racing,Alfa Romeo Racing,-0.047000000000025466,40,0,71.0,0.5915492957746479
s_o_paulo,2021,19,LAT,TSU,13,39,42,undercut_ahead,0.5389999999997599,13.0,MEDIUM,HARD,8.0,HARD,21.919999999999987,True,True,18.0,17.0,0,Williams,Williams,0.023500000000240107,38,0,71.0,0.18309859154929578
s_o_paulo,2021,19,LAT,RUS,13,41,44,defend_behind,-0.818000000000211,13.0,MEDIUM,HARD,6.0,HARD,21.919999999999987,True,True,18.0,15.0,0,Williams,Williams,0.023500000000240107,38,0,71.0,0.18309859154929578
s_o_paulo,2021,19,LEC,SAI,52,53,56,defend_behind,-2.7470000000002983,25.0,MEDIUM,HARD,25.0,MEDIUM,21.919999999999987,False,False,5.0,6.0,1,Ferrari,Ferrari,-0.08875000000011823,36,0,71.0,0.7323943661971831
s_o_paulo,2021,19,MSC,MAZ,11,34,37,undercut_ahead,0.693000000000211,11.0,MEDIUM,HARD,10.0,MEDIUM,21.919999999999987,True,True,20.0,19.0,0,Haas F1 Team,Haas F1 Team,0.6980000000005475,36,0,71.0,0.15492957746478872
s_o_paulo,2021,19,MSC,RAI,11,28,31,defend_behind,-0.0109999999995125,11.0,MEDIUM,HARD,10.0,MEDIUM,21.919999999999987,True,True,20.0,18.0,0,Haas F1 Team,Haas F1 Team,0.6980000000005475,36,0,71.0,0.15492957746478872
s_o_paulo,2021,19,OCO,PER,30,42,45,undercut_ahead,2.5820000000003347,30.0,MEDIUM,HARD,1.0,HARD,21.919999999999987,False,True,9.0,4.0,0,Alpine,Alpine,-0.09750000000008185,34,1,71.0,0.4225352112676056
s_o_paulo,2021,19,OCO,ALO,30,34,37,defend_behind,-1.2150000000001455,30.0,MEDIUM,HARD,29.0,MEDIUM,21.919999999999987,False,True,9.0,13.0,1,Alpine,Alpine,-0.09750000000008185,34,1,71.0,0.4225352112676056
s_o_paulo,2021,19,PER,BOT,28,30,33,defend_behind,-1.5289999999995416,28.0,MEDIUM,HARD,27.0,MEDIUM,21.919999999999987,False,True,4.0,3.0,0,Red Bull Racing,Red Bull Racing,-0.37750000000096406,47,0,71.0,0.39436619718309857
s_o_paulo,2021,19,RAI,RUS,28,41,44,defend_behind,-2.5820000000003347,28.0,MEDIUM,HARD,21.0,HARD,21.919999999999987,False,True,13.0,15.0,1,Alfa Romeo Racing,Alfa Romeo Racing,-0.047000000000025466,40,0,71.0,0.39436619718309857
s_o_paulo,2021,19,RUS,RAI,6,7,10,undercut_ahead,0.8029999999998836,6.0,MEDIUM,HARD,5.0,MEDIUM,21.919999999999987,True,True,20.0,16.0,0,Williams,Williams,0.023500000000240107,38,0,71.0,0.08450704225352113
s_o_paulo,2021,19,STR,ALO,22,34,37,undercut_ahead,1.4240000000008877,24.0,MEDIUM,HARD,21.0,MEDIUM,21.919999999999987,False,True,15.0,13.0,0,Aston Martin,Aston Martin,-0.009999999999763531,41,1,71.0,0.30985915492957744
s_o_paulo,2021,19,STR,GIO,22,29,32,defend_behind,-0.3609999999998763,24.0,MEDIUM,HARD,21.0,MEDIUM,21.919999999999987,False,True,15.0,16.0,1,Aston Martin,Aston Martin,-0.009999999999763531,41,1,71.0,0.30985915492957744
s_o_paulo,2021,19,TSU,STR,4,7,10,undercut_ahead,0.4159999999997126,4.0,SOFT,HARD,5.0,MEDIUM,21.919999999999987,True,True,18.0,12.0,0,AlphaTauri,AlphaTauri,0.047749999999723514,38,0,71.0,0.056338028169014086
s_o_paulo,2021,19,TSU,GIO,4,7,10,defend_behind,-1.425000000000182,4.0,SOFT,HARD,3.0,MEDIUM,21.919999999999987,True,True,18.0,13.0,0,AlphaTauri,AlphaTauri,0.047749999999723514,38,0,71.0,0.056338028169014086
s_o_paulo,2021,19,VET,OCO,28,30,33,defend_behind,-1.0209999999997308,30.0,MEDIUM,HARD,27.0,MEDIUM,21.919999999999987,False,True,14.0,12.0,0,Aston Martin,Aston Martin,-0.009999999999763531,41,0,71.0,0.39436619718309857
s_o_paulo,2022,21,ALB,LAT,4,20,23,undercut_ahead,1.4470000000001164,4.0,HARD,MEDIUM,3.0,MEDIUM,21.919999999999987,False,True,11.0,18.0,1,Williams,Williams,0.2810000000006312,50,1,71.0,0.056338028169014086
s_o_paulo,2022,21,ALB,TSU,4,20,23,defend_behind,-0.7419999999997344,4.0,HARD,MEDIUM,3.0,MEDIUM,21.919999999999987,False,True,11.0,16.0,1,Williams,Williams,0.2810000000006312,50,0,71.0,0.056338028169014086
s_o_paulo,2022,21,BOT,NOR,24,45,48,undercut_ahead,0.8040000000000873,24.0,SOFT,MEDIUM,23.0,SOFT,21.919999999999987,True,False,7.0,13.0,1,Alfa Romeo,Alfa Romeo,0.5190000000002328,39,1,71.0,0.3380281690140845
s_o_paulo,2022,21,BOT,OCO,24,47,50,defend_behind,-1.6570000000001528,24.0,SOFT,MEDIUM,23.0,SOFT,21.919999999999987,True,False,6.0,9.0,1,Alfa Romeo,Alfa Romeo,0.5190000000002328,39,1,71.0,0.3380281690140845
s_o_paulo,2022,21,GAS,NOR,19,24,27,undercut_ahead,2.55199999999968,19.0,SOFT,MEDIUM,18.0,SOFT,21.919999999999987,False,False,7.0,12.0,1,AlphaTauri,AlphaTauri,-0.24375000000009095,52,1,71.0,0.2676056338028169
s_o_paulo,2022,21,GAS,BOT,19,24,27,defend_behind,-0.8670000000001892,19.0,SOFT,MEDIUM,18.0,SOFT,21.919999999999987,False,False,7.0,8.0,1,AlphaTauri,AlphaTauri,-0.24375000000009095,52,1,71.0,0.2676056338028169
s_o_paulo,2022,21,GAS,NOR,35,45,48,defend_behind,-0.4520000000002255,16.0,MEDIUM,SOFT,10.0,MEDIUM,21.919999999999987,False,False,12.0,13.0,1,AlphaTauri,AlphaTauri,-0.24375000000009095,52,0,71.0,0.49295774647887325
s_o_paulo,2022,21,LAT,VER,20,23,26,undercut_ahead,0.0689999999995052,20.0,MEDIUM,HARD,12.0,MEDIUM,21.919999999999987,True,False,18.0,17.0,0,Williams,Williams,0.2810000000006312,50,0,71.0,0.28169014084507044
s_o_paulo,2022,21,LAT,ALO,20,35,38,defend_behind,-2.331000000000131,20.0,MEDIUM,HARD,5.0,MEDIUM,21.919999999999987,True,False,18.0,13.0,0,Williams,Williams,0.2810000000006312,50,0,71.0,0.28169014084507044
s_o_paulo,2022,21,LEC,GAS,21,35,38,undercut_ahead,1.5510000000003856,14.0,MEDIUM,SOFT,1.0,MEDIUM,21.919999999999987,False,False,9.0,16.0,1,Ferrari,Ferrari,-0.5029999999997017,37,0,71.0,0.29577464788732394
s_o_paulo,2022,21,LEC,ZHO,21,37,40,defend_behind,-0.6710000000002765,14.0,MEDIUM,SOFT,4.0,MEDIUM,21.919999999999987,False,False,9.0,17.0,1,Ferrari,Ferrari,-0.5029999999997017,37,0,71.0,0.29577464788732394
s_o_paulo,2022,21,MSC,STR,24,29,32,defend_behind,-1.761000000000422,24.0,MEDIUM,SOFT,24.0,MEDIUM,21.919999999999987,False,False,12.0,15.0,1,Haas F1 Team,Haas F1 Team,0.6865000000007058,39,0,71.0,0.3380281690140845
s_o_paulo,2022,21,NOR,BOT,24,45,48,defend_behind,-0.8040000000000873,24.0,SOFT,MEDIUM,23.0,SOFT,21.919999999999987,False,False,13.0,7.0,0,McLaren,McLaren,-0.17475000000013097,52,0,71.0,0.3380281690140845
s_o_paulo,2022,21,OCO,BOT,24,45,48,undercut_ahead,1.6570000000001528,24.0,SOFT,MEDIUM,23.0,SOFT,21.919999999999987,False,False,11.0,7.0,0,Alpine,Alpine,-0.040499999999610736,45,1,71.0,0.3380281690140845
s_o_paulo,2022,21,OCO,SAI,24,36,39,defend_behind,-0.2390000000004875,24.0,SOFT,MEDIUM,6.0,SOFT,21.919999999999987,False,False,7.0,4.0,0,Alpine,Alpine,-0.040499999999610736,45,1,71.0,0.3380281690140845
s_o_paulo,2022,21,SAI,HAM,36,48,51,defend_behind,-2.285000000000764,19.0,SOFT,MEDIUM,6.0,MEDIUM,21.919999999999987,False,False,2.0,3.0,1,Ferrari,Ferrari,-0.5029999999997017,37,0,71.0,0.5070422535211268
s_o_paulo,2022,21,TSU,ALB,20,25,28,undercut_ahead,1.6459999999997308,20.0,MEDIUM,SOFT,15.0,MEDIUM,21.919999999999987,False,False,14.0,16.0,1,AlphaTauri,AlphaTauri,-0.24375000000009095,52,0,71.0,0.28169014084507044
s_o_paulo,2022,21,VER,HAM,7,29,32,undercut_ahead,0.1229999999995925,7.0,SOFT,MEDIUM,6.0,SOFT,21.919999999999987,True,True,16.0,4.0,0,Red Bull Racing,Red Bull Racing,-0.4772499999999127,56,0,71.0,0.09859154929577464
s_o_paulo,2022,21,VER,PER,7,23,26,defend_behind,-0.191000000000713,7.0,SOFT,MEDIUM,6.0,SOFT,21.919999999999987,True,True,17.0,3.0,0,Red Bull Racing,Red Bull Racing,-0.4772499999999127,56,0,71.0,0.09859154929577464
s_o_paulo,2022,21,VER,ALB,23,25,28,undercut_ahead,1.095999999999549,16.0,MEDIUM,SOFT,18.0,MEDIUM,21.919999999999987,False,False,17.0,16.0,0,Red Bull Racing,Red Bull Racing,-0.4772499999999127,56,0,71.0,0.323943661971831
s_o_paulo,2022,21,VER,ALO,23,35,38,defend_behind,-1.7380000000002838,16.0,MEDIUM,SOFT,8.0,MEDIUM,21.919999999999987,False,False,11.0,13.0,1,Red Bull Racing,Red Bull Racing,-0.4772499999999127,56,0,71.0,0.323943661971831
s_o_paulo,2022,21,VET,RUS,26,49,52,undercut_ahead,2.1940000000004147,26.0,SOFT,MEDIUM,1.0,MEDIUM,21.919999999999987,False,True,8.0,1.0,0,Aston Martin,Aston Martin,-0.04449999999951615,47,1,71.0,0.36619718309859156
s_o_paulo,2022,21,VET,PER,26,47,50,defend_behind,-1.6409999999996217,26.0,SOFT,MEDIUM,2.0,MEDIUM,21.919999999999987,False,False,7.0,4.0,0,Aston Martin,Aston Martin,-0.04449999999951615,47,1,71.0,0.36619718309859156
s_o_paulo,2022,21,ZHO,STR,16,29,32,undercut_ahead,0.2439999999996871,16.0,SOFT,MEDIUM,16.0,MEDIUM,21.919999999999987,True,False,11.0,15.0,1,Alfa Romeo,Alfa Romeo,0.5190000000002328,39,0,71.0,0.22535211267605634
s_o_paulo,2022,21,ZHO,LEC,37,44,47,undercut_ahead,1.820999999999913,21.0,MEDIUM,SOFT,15.0,SOFT,21.919999999999987,False,False,13.0,11.0,0,Alfa Romeo,Alfa Romeo,0.5190000000002328,39,0,71.0,0.5211267605633803
s_o_paulo,2022,21,ZHO,MSC,37,46,49,defend_behind,-0.5529999999998836,21.0,MEDIUM,SOFT,12.0,SOFT,21.919999999999987,False,False,13.0,14.0,1,Alfa Romeo,Alfa Romeo,0.5190000000002328,39,0,71.0,0.5211267605633803
s_o_paulo,2023,20,BOT,TSU,18,26,29,defend_behind,-2.3299999999999272,16.0,SOFT,MEDIUM,15.0,SOFT,21.919999999999987,False,False,10.0,13.0,1,Alfa Romeo,Alfa Romeo,0.4070000000001528,56,1,71.0,0.2535211267605634
s_o_paulo,2023,20,GAS,SAI,26,51,54,undercut_ahead,2.744999999999891,27.0,SOFT,MEDIUM,27.0,SOFT,21.919999999999987,False,False,8.0,7.0,0,Alpine,Alpine,0.4069999999992433,51,0,71.0,0.36619718309859156
s_o_paulo,2023,20,GAS,TSU,26,55,58,defend_behind,-2.706000000000131,27.0,SOFT,MEDIUM,23.0,SOFT,21.919999999999987,False,False,7.0,9.0,1,Alpine,Alpine,0.4069999999992433,51,0,71.0,0.36619718309859156
s_o_paulo,2023,20,GAS,TSU,46,55,58,defend_behind,-2.6859999999996944,20.0,MEDIUM,SOFT,19.0,MEDIUM,21.919999999999987,False,False,7.0,9.0,1,Alpine,Alpine,0.4069999999992433,51,0,71.0,0.647887323943662
s_o_paulo,2023,20,HAM,PER,18,20,23,defend_behind,-0.4179999999996653,19.0,SOFT,MEDIUM,18.0,SOFT,21.919999999999987,False,False,8.0,7.0,0,Mercedes,Mercedes,-0.1014999999997599,50,0,71.0,0.2535211267605634
s_o_paulo,2023,20,OCO,TSU,14,26,29,undercut_ahead,0.9329999999999928,15.0,SOFT,MEDIUM,11.0,SOFT,21.919999999999987,True,False,9.0,13.0,1,Alpine,Alpine,0.4069999999992433,51,0,71.0,0.19718309859154928
s_o_paulo,2023,20,OCO,BOT,14,18,21,defend_behind,-0.7250000000003638,15.0,SOFT,MEDIUM,11.0,SOFT,21.919999999999987,True,False,12.0,13.0,1,Alpine,Alpine,0.4069999999992433,51,0,71.0,0.19718309859154928
s_o_paulo,2023,20,PER,STR,20,22,25,defend_behind,-2.84900000000016,21.0,SOFT,MEDIUM,20.0,SOFT,21.919999999999987,False,False,7.0,9.0,1,Red Bull Racing,Red Bull Racing,-0.4220000000004802,59,1,71.0,0.28169014084507044
s_o_paulo,2023,20,RUS,PER,19,20,23,undercut_ahead,1.9470000000001164,20.0,SOFT,MEDIUM,19.0,SOFT,21.919999999999987,False,False,9.0,7.0,0,Mercedes,Mercedes,-0.1014999999997599,50,1,71.0,0.2676056338028169
s_o_paulo,2023,20,RUS,STR,19,22,25,defend_behind,-0.5559999999995853,20.0,SOFT,MEDIUM,19.0,SOFT,21.919999999999987,False,False,10.0,9.0,0,Mercedes,Mercedes,-0.1014999999997599,50,1,71.0,0.2676056338028169
s_o_paulo,2023,20,RUS,GAS,45,46,49,undercut_ahead,1.3829999999998108,26.0,MEDIUM,SOFT,18.0,MEDIUM,21.919999999999987,False,False,11.0,9.0,0,Mercedes,Mercedes,-0.1014999999997599,50,0,71.0,0.6338028169014085
s_o_paulo,2023,20,SAI,GAS,26,46,49,defend_behind,-2.744999999999891,28.0,SOFT,MEDIUM,26.0,SOFT,21.919999999999987,False,False,4.0,9.0,1,Ferrari,Ferrari,-0.42574999999987995,50,1,71.0,0.36619718309859156
s_o_paulo,2023,20,STR,SAI,22,26,29,defend_behind,-0.6430000000000291,23.0,SOFT,MEDIUM,23.0,SOFT,21.919999999999987,False,False,5.0,8.0,1,Aston Martin,Aston Martin,0.011999999999716238,50,1,71.0,0.30985915492957744
s_o_paulo,2023,20,TSU,GAS,26,46,49,undercut_ahead,2.706000000000131,24.0,SOFT,MEDIUM,26.0,SOFT,21.919999999999987,False,False,7.0,9.0,1,AlphaTauri,AlphaTauri,-0.2809999999981301,56,0,71.0,0.36619718309859156
s_o_paulo,2023,20,ZHO,BOT,15,18,21,undercut_ahead,1.7650000000003274,13.0,SOFT,MEDIUM,12.0,SOFT,21.919999999999987,False,False,14.0,13.0,0,Alfa Romeo,Alfa Romeo,0.4070000000001528,56,0,71.0,0.2112676056338028
s_o_paulo,2023,20,ZHO,SAR,15,17,20,defend_behind,-1.305000000000291,13.0,SOFT,MEDIUM,12.0,SOFT,21.919999999999987,False,False,14.0,15.0,1,Alfa Romeo,Alfa Romeo,0.4070000000001528,56,0,71.0,0.2112676056338028
s_o_paulo,2024,21,PER,SAI,27,32,35,undercut_ahead,2.0540000000000878,27.0,INTERMEDIATE,WET,26.0,INTERMEDIATE,21.919999999999987,False,True,12.0,13.0,1,Red Bull Racing,Red Bull Racing,-0.2855000000001837,52,1,69.0,0.391304347826087
s_o_paulo,2024,21,PER,BOT,27,32,35,defend_behind,-2.67699999999968,27.0,INTERMEDIATE,WET,26.0,INTERMEDIATE,21.919999999999987,False,True,12.0,15.0,1,Red Bull Racing,Red Bull Racing,-0.2855000000001837,52,1,69.0,0.391304347826087
s_o_paulo,2024,21,TSU,OCO,28,32,35,undercut_ahead,1.4569999999994252,31.0,INTERMEDIATE,WET,29.0,INTERMEDIATE,21.919999999999987,False,True,8.0,1.0,0,RB,RB,-0.17949999999973443,44,0,69.0,0.4057971014492754
s_o_paulo,2024,21,TSU,VER,28,32,35,defend_behind,-0.8950000000004366,31.0,INTERMEDIATE,WET,27.0,INTERMEDIATE,21.919999999999987,False,True,8.0,2.0,0,RB,RB,-0.17949999999973443,44,0,69.0,0.4057971014492754
s_o_paulo,2025,21,ALB,HUL,35,36,39,undercut_ahead,1.303000000000793,41.0,MEDIUM,SOFT,34.0,MEDIUM,21.919999999999987,False,False,12.0,11.0,0,Williams,Williams,0.0014999999998508429,46,1,71.0,0.49295774647887325
s_o_paulo,2025,21,ALB,BEA,35,42,45,defend_behind,-0.0529999999998835,41.0,MEDIUM,SOFT,17.0,MEDIUM,21.919999999999987,False,False,9.0,10.0,1,Williams,Williams,0.0014999999998508429,46,1,71.0,0.49295774647887325
s_o_paulo,2025,21,ALO,BEA,28,42,45,defend_behind,-0.9810000000006768,28.0,HARD,MEDIUM,10.0,MEDIUM,21.919999999999987,False,False,11.0,10.0,0,Aston Martin,Aston Martin,0.1950000000001637,50,0,71.0,0.39436619718309857
s_o_paulo,2025,21,ANT,PIA,21,38,41,undercut_ahead,2.831000000000131,24.0,SOFT,MEDIUM,20.0,MEDIUM,21.919999999999987,False,False,2.0,6.0,1,Mercedes,Mercedes,-0.08674999999902866,48,1,71.0,0.29577464788732394
s_o_paulo,2025,21,ANT,RUS,21,34,37,defend_behind,-2.350999999999658,24.0,SOFT,MEDIUM,24.0,MEDIUM,21.919999999999987,False,False,3.0,4.0,1,Mercedes,Mercedes,-0.08674999999902866,48,1,71.0,0.29577464788732394
s_o_paulo,2025,21,BEA,HAD,17,18,21,undercut_ahead,1.287000000000262,19.0,SOFT,MEDIUM,19.0,SOFT,21.919999999999987,False,False,12.0,14.0,1,Haas F1 Team,Haas F1 Team,0.5172499999998763,42,1,71.0,0.23943661971830985
s_o_paulo,2025,21,BEA,LAW,17,19,22,defend_behind,-1.355000000000473,19.0,SOFT,MEDIUM,19.0,SOFT,21.919999999999987,False,False,12.0,15.0,1,Haas F1 Team,Haas F1 Team,0.5172499999998763,42,1,71.0,0.23943661971830985
s_o_paulo,2025,21,COL,BEA,29,42,45,undercut_ahead,2.177999999999884,29.0,MEDIUM,SOFT,11.0,MEDIUM,21.919999999999987,False,False,17.0,10.0,0,Alpine,Alpine,0.2495000000001255,46,1,71.0,0.4084507042253521
s_o_paulo,2025,21,COL,STR,29,54,57,defend_behind,-0.6459999999997308,29.0,MEDIUM,SOFT,28.0,HARD,21.919999999999987,False,False,14.0,16.0,1,Alpine,Alpine,0.2495000000001255,46,1,71.0,0.4084507042253521
s_o_paulo,2025,21,COL,STR,43,54,57,undercut_ahead,0.92699999999968,14.0,SOFT,MEDIUM,19.0,MEDIUM,21.919999999999987,True,False,14.0,16.0,1,Alpine,Alpine,0.2495000000001255,46,0,71.0,0.6056338028169014
s_o_paulo,2025,21,GAS,LAW,18,19,22,undercut_ahead,0.6510000000007494,21.0,SOFT,MEDIUM,20.0,SOFT,21.919999999999987,True,False,14.0,15.0,1,Alpine,Alpine,0.2495000000001255,46,1,71.0,0.2535211267605634
s_o_paulo,2025,21,GAS,ALB,18,35,38,defend_behind,-0.6099999999996726,21.0,SOFT,MEDIUM,23.0,MEDIUM,21.919999999999987,True,False,7.0,13.0,1,Alpine,Alpine,0.2495000000001255,46,1,71.0,0.2535211267605634
s_o_paulo,2025,21,HAD,LAW,18,19,22,defend_behind,-2.32799999999952,21.0,SOFT,MEDIUM,20.0,SOFT,21.919999999999987,False,False,13.0,15.0,1,Racing Bulls,Racing Bulls,-0.18699999999989814,41,1,71.0,0.2535211267605634
s_o_paulo,2025,21,HAM,COL,2,29,32,undercut_ahead,0.2940000000003238,2.0,SOFT,HARD,1.0,MEDIUM,21.919999999999987,True,True,15.0,16.0,1,Ferrari,Ferrari,-0.24724999999943975,46,0,71.0,0.028169014084507043
s_o_paulo,2025,21,HAM,VER,2,7,10,defend_behind,-0.3219999999996616,2.0,SOFT,HARD,1.0,HARD,21.919999999999987,True,True,15.0,16.0,1,Ferrari,Ferrari,-0.24724999999943975,46,0,71.0,0.028169014084507043
s_o_paulo,2025,21,HAM,COL,14,29,32,undercut_ahead,1.3710000000000946,12.0,HARD,MEDIUM,13.0,MEDIUM,21.919999999999987,False,False,15.0,16.0,1,Ferrari,Ferrari,-0.24724999999943975,46,0,71.0,0.19718309859154928
s_o_paulo,2025,21,HUL,BEA,36,42,45,defend_behind,-0.6390000000001237,36.0,MEDIUM,SOFT,18.0,MEDIUM,21.919999999999987,False,False,8.0,10.0,1,Kick Sauber,Kick Sauber,-0.047999999999774445,41,1,71.0,0.5070422535211268
s_o_paulo,2025,21,LAW,ALB,19,35,38,defend_behind,-1.190000000000509,22.0,SOFT,MEDIUM,24.0,MEDIUM,21.919999999999987,False,False,8.0,13.0,1,Racing Bulls,Racing Bulls,-0.18699999999989814,41,1,71.0,0.2676056338028169
s_o_paulo,2025,21,OCO,TSU,8,24,27,undercut_ahead,0.5119999999997162,8.0,HARD,MEDIUM,5.0,MEDIUM,21.919999999999987,True,True,16.0,18.0,1,Haas F1 Team,Haas F1 Team,0.5172499999998763,42,0,71.0,0.11267605633802817
s_o_paulo,2025,21,OCO,HAM,8,14,17,defend_behind,-0.555000000000291,8.0,HARD,MEDIUM,5.0,HARD,21.919999999999987,True,True,17.0,18.0,1,Haas F1 Team,Haas F1 Team,0.5172499999998763,42,0,71.0,0.11267605633802817
s_o_paulo,2025,21,SAI,ALB,17,35,38,undercut_ahead,1.2899999999999636,17.0,SOFT,MEDIUM,22.0,MEDIUM,21.919999999999987,False,False,10.0,13.0,1,Williams,Williams,0.0014999999998508429,46,1,71.0,0.23943661971830985
s_o_paulo,2025,21,SAI,ALO,17,28,31,defend_behind,-0.3649999999997817,17.0,SOFT,MEDIUM,16.0,HARD,21.919999999999987,False,False,12.0,15.0,1,Williams,Williams,0.0014999999998508429,46,1,71.0,0.23943661971830985
s_o_paulo,2025,21,STR,COL,29,43,46,undercut_ahead,0.6459999999997308,29.0,HARD,MEDIUM,28.0,MEDIUM,21.919999999999987,True,False,11.0,17.0,1,Aston Martin,Aston Martin,0.1950000000001637,50,1,71.0,0.4084507042253521
s_o_paulo,2025,21,STR,HAD,29,37,40,defend_behind,-1.430000000000291,29.0,HARD,MEDIUM,16.0,MEDIUM,21.919999999999987,True,False,13.0,14.0,1,Aston Martin,Aston Martin,0.1950000000001637,50,1,71.0,0.4084507042253521
s_o_paulo,2025,21,TSU,SAI,2,17,20,undercut_ahead,0.5479999999997744,2.0,HARD,MEDIUM,1.0,SOFT,21.919999999999987,True,True,9.0,17.0,1,Red Bull Racing,Red Bull Racing,-0.06900000000041473,45,0,71.0,0.028169014084507043
s_o_paulo,2025,21,TSU,STR,2,29,32,defend_behind,-0.8580000000001746,2.0,HARD,MEDIUM,1.0,HARD,21.919999999999987,True,True,18.0,17.0,0,Red Bull Racing,Red Bull Racing,-0.06900000000041473,45,0,71.0,0.028169014084507043
s_o_paulo,2025,21,VER,HUL,7,36,39,undercut_ahead,0.6720000000000255,7.0,HARD,MEDIUM,6.0,MEDIUM,21.919999999999987,True,True,5.0,11.0,1,Red Bull Racing,Red Bull Racing,-0.06900000000041473,45,1,71.0,0.09859154929577464
s_o_paulo,2025,21,VER,COL,7,29,32,defend_behind,-0.8500000000003638,7.0,HARD,MEDIUM,6.0,MEDIUM,21.919999999999987,True,True,4.0,16.0,1,Red Bull Racing,Red Bull Racing,-0.06900000000041473,45,1,71.0,0.09859154929577464
sakhir,2018,2,ALO,HUL,14,15,18,undercut_ahead,1.755999999999858,13.0,SOFT,MEDIUM,15.0,SUPERSOFT,24.876000000000005,True,False,12.0,11.0,0,McLaren,McLaren,-0.06524999999987813,24,1,57.0,0.24561403508771928
sakhir,2018,2,ALO,OCO,14,15,18,defend_behind,-2.6469999999999345,13.0,SOFT,MEDIUM,15.0,SUPERSOFT,24.876000000000005,True,False,12.0,15.0,1,McLaren,McLaren,-0.06524999999987813,24,1,57.0,0.24561403508771928
sakhir,2018,2,ERI,MAG,23,27,30,defend_behind,-0.4070000000001528,22.0,SOFT,MEDIUM,12.0,SUPERSOFT,24.876000000000005,False,True,11.0,9.0,0,Sauber,Sauber,-0.10650000000055115,19,0,57.0,0.40350877192982454
sakhir,2018,2,GRO,ERI,18,23,26,undercut_ahead,1.6969999999996617,17.0,SUPERSOFT,SOFT,16.0,SOFT,24.876000000000005,False,True,12.0,14.0,1,Haas F1 Team,Haas F1 Team,0.08375000000012278,24,0,57.0,0.3157894736842105
sakhir,2018,2,GRO,GAS,18,34,37,defend_behind,-1.4640000000003963,17.0,SUPERSOFT,SOFT,2.0,SOFT,24.876000000000005,False,True,11.0,6.0,0,Haas F1 Team,Haas F1 Team,0.08375000000012278,24,0,57.0,0.3157894736842105
sakhir,2018,2,GRO,OCO,30,35,38,undercut_ahead,0.5839999999998327,12.0,SOFT,SUPERSOFT,14.0,MEDIUM,24.876000000000005,True,False,11.0,14.0,1,Haas F1 Team,Haas F1 Team,0.08375000000012278,24,1,57.0,0.5263157894736842
sakhir,2018,2,HAR,ERI,20,23,26,defend_behind,-1.8539999999998145,19.0,SUPERSOFT,SOFT,18.0,SOFT,24.876000000000005,False,True,17.0,14.0,0,Toro Rosso,Toro Rosso,0.04450000000019827,23,0,57.0,0.3508771929824561
sakhir,2018,2,HAR,GRO,42,45,48,defend_behind,-1.345999999999549,22.0,SOFT,SUPERSOFT,11.0,SUPERSOFT,24.876000000000005,False,False,14.0,16.0,1,Toro Rosso,Toro Rosso,0.04450000000019827,23,0,57.0,0.7368421052631579
sakhir,2018,2,LEC,GRO,3,18,21,undercut_ahead,1.40199999999993,2.0,SOFT,MEDIUM,1.0,SUPERSOFT,24.876000000000005,False,True,17.0,15.0,0,Sauber,Sauber,-0.10650000000055115,19,0,57.0,0.05263157894736842
sakhir,2018,2,LEC,VAN,3,10,13,defend_behind,-1.3799999999999957,2.0,SOFT,MEDIUM,1.0,SUPERSOFT,24.876000000000005,False,True,16.0,17.0,1,Sauber,Sauber,-0.10650000000055115,19,0,57.0,0.05263157894736842
sakhir,2018,2,MAG,HUL,27,39,42,defend_behind,-1.4200000000000728,17.0,SUPERSOFT,SOFT,11.0,SOFT,24.876000000000005,False,True,5.0,6.0,1,Haas F1 Team,Haas F1 Team,0.08375000000012278,24,1,57.0,0.47368421052631576
sakhir,2018,2,OCO,HAR,15,20,23,defend_behind,-1.5019999999999527,17.0,SUPERSOFT,MEDIUM,13.0,SUPERSOFT,24.876000000000005,True,False,12.0,17.0,1,Force India,Force India,0.32549999999991996,14,1,57.0,0.2631578947368421
sakhir,2018,2,PER,GRO,9,18,21,undercut_ahead,0.8260000000000218,8.0,SOFT,MEDIUM,7.0,SUPERSOFT,24.876000000000005,True,True,13.0,15.0,1,Force India,Force India,0.32549999999991996,14,0,57.0,0.15789473684210525
sakhir,2018,2,PER,HAR,32,42,45,defend_behind,-0.68100000000004,23.0,MEDIUM,SUPERSOFT,11.0,SOFT,24.876000000000005,False,True,13.0,15.0,1,Force India,Force India,0.32549999999991996,14,0,57.0,0.5614035087719298
sakhir,2018,2,SAI,GRO,26,30,33,undercut_ahead,1.0889999999999418,13.0,SUPERSOFT,SOFT,7.0,SOFT,24.876000000000005,False,True,15.0,13.0,0,Renault,Renault,0.6220000000002983,21,0,57.0,0.45614035087719296
sakhir,2018,2,SIR,GRO,22,30,33,undercut_ahead,2.3510000000001128,21.0,SOFT,MEDIUM,3.0,SOFT,24.876000000000005,False,True,18.0,13.0,0,Williams,Williams,0.20049999999991996,32,0,57.0,0.38596491228070173
sakhir,2018,2,SIR,LEC,22,34,37,defend_behind,-0.5,21.0,SOFT,MEDIUM,18.0,MEDIUM,24.876000000000005,False,True,16.0,17.0,1,Williams,Williams,0.20049999999991996,32,0,57.0,0.38596491228070173
sakhir,2018,2,STR,SIR,10,22,25,defend_behind,-1.7580000000000382,9.0,SOFT,SUPERSOFT,8.0,SOFT,24.876000000000005,False,True,9.0,18.0,1,Williams,Williams,0.20049999999991996,32,1,57.0,0.17543859649122806
sakhir,2018,2,VAN,ERI,10,23,26,undercut_ahead,1.4220000000000257,9.0,SUPERSOFT,SOFT,8.0,SOFT,24.876000000000005,False,True,10.0,14.0,1,McLaren,McLaren,-0.06524999999987813,24,1,57.0,0.17543859649122806
sakhir,2018,2,VAN,GRO,10,18,21,defend_behind,-1.1900000000000546,9.0,SUPERSOFT,SOFT,8.0,SUPERSOFT,24.876000000000005,False,True,11.0,15.0,1,McLaren,McLaren,-0.06524999999987813,24,1,57.0,0.17543859649122806
sakhir,2018,2,VAN,STR,28,29,32,undercut_ahead,1.4479999999998654,18.0,SOFT,MEDIUM,17.0,SUPERSOFT,24.876000000000005,False,False,13.0,16.0,1,McLaren,McLaren,-0.06524999999987813,24,0,57.0,0.49122807017543857
sakhir,2018,2,VAN,OCO,28,35,38,defend_behind,-1.2160000000003492,18.0,SOFT,MEDIUM,12.0,MEDIUM,24.876000000000005,False,False,10.0,14.0,1,McLaren,McLaren,-0.06524999999987813,24,0,57.0,0.49122807017543857
sakhir,2019,2,ALB,MAG,25,38,41,defend_behind,-0.8129999999991924,16.0,SOFT,MEDIUM,14.0,MEDIUM,24.876000000000005,False,True,10.0,14.0,1,Toro Rosso,Toro Rosso,0.05900000000019645,31,0,57.0,0.43859649122807015
sakhir,2019,2,GIO,RAI,16,33,36,undercut_ahead,1.6550000000002,16.0,SOFT,MEDIUM,6.0,MEDIUM,24.876000000000005,False,False,11.0,10.0,0,Alfa Romeo Racing,Alfa Romeo Racing,0.44699999999988904,42,1,57.0,0.2807017543859649
sakhir,2019,2,GIO,HUL,16,32,35,defend_behind,-1.0470000000000257,16.0,SOFT,MEDIUM,3.0,SOFT,24.876000000000005,False,False,10.0,8.0,0,Alfa Romeo Racing,Alfa Romeo Racing,0.44699999999988904,42,1,57.0,0.2807017543859649
sakhir,2019,2,KUB,RUS,11,12,15,defend_behind,-1.1850000000004002,11.0,MEDIUM,SOFT,10.0,SOFT,24.876000000000005,False,True,16.0,17.0,1,Williams,Williams,-0.25200000000040745,35,0,57.0,0.19298245614035087
sakhir,2019,2,KVY,GIO,12,16,19,defend_behind,-0.7899999999999636,12.0,SOFT,MEDIUM,11.0,SOFT,24.876000000000005,False,True,15.0,14.0,0,Toro Rosso,Toro Rosso,0.05900000000019645,31,1,57.0,0.21052631578947367
sakhir,2019,2,MAG,NOR,10,34,37,undercut_ahead,0.91800000000012,13.0,SOFT,MEDIUM,12.0,SOFT,24.876000000000005,True,True,13.0,9.0,0,Haas F1 Team,Haas F1 Team,0.2179999999989377,35,1,57.0,0.17543859649122806
sakhir,2019,2,MAG,KVY,10,12,15,defend_behind,-1.8229999999998652,13.0,SOFT,MEDIUM,9.0,SOFT,24.876000000000005,True,True,12.0,15.0,1,Haas F1 Team,Haas F1 Team,0.2179999999989377,35,1,57.0,0.17543859649122806
sakhir,2019,2,NOR,MAG,10,38,41,defend_behind,-0.91800000000012,13.0,SOFT,MEDIUM,12.0,SOFT,24.876000000000005,False,True,8.0,14.0,1,McLaren,McLaren,-0.26599999999962165,33,1,57.0,0.17543859649122806
sakhir,2019,2,PER,HUL,8,12,15,undercut_ahead,1.1859999999996944,8.0,SOFT,MEDIUM,7.0,SOFT,24.876000000000005,False,True,11.0,9.0,0,Racing Point,Racing Point,0.1320000000005166,37,0,57.0,0.14035087719298245
sakhir,2019,2,PER,MAG,8,10,13,defend_behind,-1.1530000000002474,8.0,SOFT,MEDIUM,10.0,SOFT,24.876000000000005,False,True,9.0,12.0,1,Racing Point,Racing Point,0.1320000000005166,37,0,57.0,0.14035087719298245
sakhir,2019,2,RAI,RIC,9,24,27,undercut_ahead,2.0650000000000546,12.0,SOFT,MEDIUM,8.0,SOFT,24.876000000000005,False,True,8.0,12.0,1,Alfa Romeo Racing,Alfa Romeo Racing,0.44699999999988904,42,1,57.0,0.15789473684210525
sakhir,2019,2,RAI,HUL,9,12,15,defend_behind,-0.9059999999999492,12.0,SOFT,MEDIUM,8.0,SOFT,24.876000000000005,False,True,7.0,9.0,1,Alfa Romeo Racing,Alfa Romeo Racing,0.44699999999988904,42,1,57.0,0.15789473684210525
sakhir,2019,2,RAI,GAS,33,39,42,defend_behind,-2.9489999999996144,24.0,MEDIUM,SOFT,23.0,SOFT,24.876000000000005,False,True,9.0,11.0,1,Alfa Romeo Racing,Alfa Romeo Racing,0.44699999999988904,42,1,57.0,0.5789473684210527
sakhir,2019,2,RIC,HUL,24,32,35,defend_behind,-1.1040000000002692,24.0,SOFT,MEDIUM,11.0,SOFT,24.876000000000005,False,False,7.0,8.0,1,Renault,Renault,0.0,30,1,57.0,0.42105263157894735
sakhir,2019,2,RUS,PER,12,33,36,undercut_ahead,1.4970000000002983,12.0,SOFT,MEDIUM,3.0,MEDIUM,24.876000000000005,False,True,16.0,15.0,0,Williams,Williams,-0.25200000000040745,35,1,57.0,0.21052631578947367
sakhir,2019,2,RUS,NOR,12,34,37,defend_behind,-1.6320000000000618,12.0,SOFT,MEDIUM,1.0,MEDIUM,24.876000000000005,False,True,17.0,9.0,0,Williams,Williams,-0.25200000000040745,35,1,57.0,0.21052631578947367
sakhir,2019,2,SAI,VER,4,11,14,undercut_ahead,0.5899999999996908,7.0,SOFT,MEDIUM,6.0,SOFT,24.876000000000005,True,True,20.0,6.0,0,McLaren,McLaren,-0.26599999999962165,33,0,57.0,0.07017543859649122
sakhir,2019,2,SAI,MAG,4,10,13,defend_behind,-1.0140000000001237,7.0,SOFT,MEDIUM,6.0,SOFT,24.876000000000005,True,True,20.0,12.0,0,McLaren,McLaren,-0.26599999999962165,33,0,57.0,0.07017543859649122
sakhir,2019,2,VER,BOT,11,12,15,undercut_ahead,2.4410000000002583,14.0,SOFT,MEDIUM,13.0,SOFT,24.876000000000005,False,True,6.0,5.0,0,Red Bull Racing,Red Bull Racing,-0.16499999999996362,36,1,57.0,0.19298245614035087
sakhir,2020,15,BOT,PER,4,20,23,undercut_ahead,1.5050000000001091,7.0,MEDIUM,HARD,7.0,MEDIUM,24.876000000000005,False,True,6.0,3.0,0,Mercedes,Mercedes,0.0,27,1,57.0,0.07017543859649122
sakhir,2020,15,BOT,ALB,4,19,22,defend_behind,-2.2390000000004875,7.0,MEDIUM,HARD,3.0,MEDIUM,24.876000000000005,False,True,7.0,5.0,0,Mercedes,Mercedes,0.0,27,1,57.0,0.07017543859649122
sakhir,2020,15,BOT,NOR,25,38,41,defend_behind,-0.5769999999993161,21.0,HARD,MEDIUM,7.0,MEDIUM,24.876000000000005,False,False,10.0,6.0,0,Mercedes,Mercedes,0.0,27,1,57.0,0.43859649122807015
sakhir,2020,15,GIO,LAT,20,21,24,undercut_ahead,0.6620000000002619,19.0,MEDIUM,HARD,18.0,MEDIUM,24.876000000000005,True,False,16.0,18.0,1,Alfa Romeo Racing,Alfa Romeo Racing,-0.12499999999931788,20,0,57.0,0.3508771929824561
sakhir,2020,15,GIO,OCO,20,34,37,defend_behind,-0.1669999999994615,19.0,MEDIUM,HARD,22.0,MEDIUM,24.876000000000005,True,False,13.0,10.0,0,Alfa Romeo Racing,Alfa Romeo Racing,-0.12499999999931788,20,0,57.0,0.3508771929824561
sakhir,2020,15,KVY,LEC,17,23,26,undercut_ahead,1.7600000000002185,19.0,SOFT,HARD,17.0,MEDIUM,24.876000000000005,False,False,14.0,10.0,0,AlphaTauri,AlphaTauri,0.08175000000005639,24,1,57.0,0.2982456140350877
sakhir,2020,15,KVY,RUS,17,20,23,defend_behind,-2.9430000000011205,19.0,SOFT,HARD,15.0,MEDIUM,24.876000000000005,False,False,14.0,13.0,0,AlphaTauri,AlphaTauri,0.08175000000005639,24,1,57.0,0.2982456140350877
sakhir,2020,15,LAT,RAI,37,40,43,undercut_ahead,1.4499999999989086,16.0,MEDIUM,HARD,19.0,HARD,24.876000000000005,False,False,17.0,18.0,1,Williams,Williams,-0.012500000000045475,28,0,57.0,0.6491228070175439
sakhir,2020,15,RAI,RUS,17,20,23,undercut_ahead,1.070999999999913,16.0,MEDIUM,HARD,15.0,MEDIUM,24.876000000000005,False,False,15.0,13.0,0,Alfa Romeo Racing,Alfa Romeo Racing,-0.12499999999931788,20,1,57.0,0.2982456140350877
sakhir,2020,15,RAI,BOT,17,25,28,defend_behind,-0.466999999998734,16.0,MEDIUM,HARD,12.0,HARD,24.876000000000005,False,False,15.0,11.0,0,Alfa Romeo Racing,Alfa Romeo Racing,-0.12499999999931788,20,1,57.0,0.2982456140350877
sakhir,2020,15,RIC,SAI,16,21,24,undercut_ahead,1.802999999999884,19.0,MEDIUM,HARD,14.0,SOFT,24.876000000000005,False,False,9.0,10.0,1,Renault,Renault,-0.10424999999963802,18,0,57.0,0.2807017543859649
sakhir,2020,15,RIC,GAS,16,25,28,defend_behind,-1.7289999999993595,19.0,MEDIUM,HARD,14.0,HARD,24.876000000000005,False,False,8.0,9.0,1,Renault,Renault,-0.10424999999963802,18,0,57.0,0.2807017543859649
sakhir,2020,15,RUS,BOT,20,25,28,defend_behind,-0.8580000000001746,19.0,MEDIUM,HARD,15.0,HARD,24.876000000000005,False,False,12.0,11.0,0,Williams,Williams,-0.012500000000045475,28,1,57.0,0.3508771929824561
sakhir,2020,15,RUS,GIO,39,53,56,defend_behind,-1.643000000000029,19.0,HARD,MEDIUM,18.0,HARD,24.876000000000005,False,True,12.0,16.0,1,Williams,Williams,-0.012500000000045475,28,1,57.0,0.6842105263157895
sakhir,2020,15,SAI,GAS,21,25,28,defend_behind,-2.9459999999999127,20.0,SOFT,MEDIUM,19.0,HARD,24.876000000000005,False,False,6.0,9.0,1,McLaren,McLaren,0.01900000000023283,23,0,57.0,0.3684210526315789
sakhir,2020,15,VET,MAG,20,27,30,undercut_ahead,1.4489999999987049,19.0,HARD,MEDIUM,16.0,HARD,24.876000000000005,False,False,15.0,18.0,1,Ferrari,Ferrari,0.17799999999988358,21,0,57.0,0.3508771929824561
sakhir,2020,16,AIT,NOR,31,54,57,defend_behind,-0.4320000000002437,31.0,MEDIUM,HARD,10.0,MEDIUM,24.876000000000005,False,True,15.0,11.0,0,Williams,Williams,-0.012500000000045475,28,1,87.0,0.3563218390804598
sakhir,2020,16,ALB,SAI,47,55,58,defend_behind,-1.893000000000029,47.0,MEDIUM,HARD,18.0,MEDIUM,24.876000000000005,False,True,6.0,7.0,1,Red Bull Racing,Red Bull Racing,-0.5859999999993306,25,0,87.0,0.5402298850574713
sakhir,2020,16,GAS,STR,28,42,45,undercut_ahead,0.8009999999999309,31.0,SOFT,MEDIUM,30.0,SOFT,24.876000000000005,True,False,8.0,10.0,1,AlphaTauri,AlphaTauri,0.08175000000005639,24,1,87.0,0.3218390804597701
sakhir,2020,16,GAS,OCO,28,41,44,defend_behind,-1.3279999999999743,31.0,SOFT,MEDIUM,27.0,MEDIUM,24.876000000000005,True,False,8.0,9.0,1,AlphaTauri,AlphaTauri,0.08175000000005639,24,1,87.0,0.3218390804597701
sakhir,2020,16,GIO,LAT,26,27,30,undercut_ahead,1.0840000000002874,26.0,MEDIUM,HARD,25.0,SOFT,24.876000000000005,False,False,16.0,15.0,0,Alfa Romeo Racing,Alfa Romeo Racing,-0.12499999999931788,20,0,87.0,0.2988505747126437
sakhir,2020,16,GIO,MAG,26,54,57,defend_behind,-2.955999999999676,26.0,MEDIUM,HARD,25.0,SOFT,24.876000000000005,False,True,13.0,14.0,1,Alfa Romeo Racing,Alfa Romeo Racing,-0.12499999999931788,20,0,87.0,0.2988505747126437
sakhir,2020,16,KVY,RIC,27,29,32,undercut_ahead,1.6260000000002035,30.0,SOFT,MEDIUM,29.0,SOFT,24.876000000000005,False,False,8.0,9.0,1,AlphaTauri,AlphaTauri,0.08175000000005639,24,0,87.0,0.3103448275862069
sakhir,2020,16,KVY,STR,27,42,45,defend_behind,-0.7269999999998618,30.0,SOFT,MEDIUM,29.0,SOFT,24.876000000000005,False,False,6.0,10.0,1,AlphaTauri,AlphaTauri,0.08175000000005639,24,0,87.0,0.3103448275862069
sakhir,2020,16,KVY,RIC,53,55,58,defend_behind,-0.8999999999996362,28.0,MEDIUM,HARD,23.0,MEDIUM,24.876000000000005,False,True,9.0,8.0,0,AlphaTauri,AlphaTauri,0.08175000000005639,24,0,87.0,0.6091954022988506
sakhir,2020,16,MAG,GIO,26,54,57,undercut_ahead,2.955999999999676,26.0,SOFT,MEDIUM,25.0,MEDIUM,24.876000000000005,False,True,14.0,13.0,0,Haas F1 Team,Haas F1 Team,0.9259999999999309,23,0,87.0,0.2988505747126437
sakhir,2020,16,MAG,AIT,26,31,34,defend_behind,-1.1640000000002146,26.0,SOFT,MEDIUM,25.0,MEDIUM,24.876000000000005,False,False,15.0,16.0,1,Haas F1 Team,Haas F1 Team,0.9259999999999309,23,0,87.0,0.2988505747126437
sakhir,2020,16,MAG,AIT,54,59,62,defend_behind,-2.8090000000001965,28.0,MEDIUM,SOFT,22.0,HARD,24.876000000000005,False,True,14.0,17.0,1,Haas F1 Team,Haas F1 Team,0.9259999999999309,23,0,87.0,0.6206896551724138
sakhir,2020,16,NOR,OCO,20,41,44,undercut_ahead,2.7960000000002765,20.0,SOFT,MEDIUM,19.0,MEDIUM,24.876000000000005,False,False,11.0,9.0,0,McLaren,McLaren,0.01900000000023283,23,0,87.0,0.22988505747126436
sakhir,2020,16,NOR,ALB,20,47,50,defend_behind,-0.5879999999997381,20.0,SOFT,MEDIUM,19.0,MEDIUM,24.876000000000005,False,False,10.0,11.0,1,McLaren,McLaren,0.01900000000023283,23,0,87.0,0.22988505747126436
sakhir,2020,16,OCO,STR,41,42,45,undercut_ahead,1.7600000000002185,41.0,MEDIUM,HARD,43.0,SOFT,24.876000000000005,False,False,9.0,10.0,1,Renault,Renault,-0.10424999999963802,18,1,87.0,0.47126436781609193
sakhir,2020,16,OCO,PER,41,47,50,defend_behind,-1.542000000000371,41.0,MEDIUM,HARD,39.0,MEDIUM,24.876000000000005,False,False,7.0,9.0,1,Renault,Renault,-0.10424999999963802,18,1,87.0,0.47126436781609193
sakhir,2020,16,RAI,FIT,23,31,34,defend_behind,-1.3380000000001928,23.0,MEDIUM,HARD,22.0,SOFT,24.876000000000005,False,False,17.0,18.0,1,Alfa Romeo Racing,Alfa Romeo Racing,-0.12499999999931788,20,0,87.0,0.26436781609195403
sakhir,2020,16,RIC,STR,29,42,45,defend_behind,-2.5799999999999272,32.0,SOFT,MEDIUM,31.0,SOFT,24.876000000000005,False,False,7.0,10.0,1,Renault,Renault,-0.10424999999963802,18,1,87.0,0.3333333333333333
sakhir,2020,16,SAI,RIC,28,29,32,defend_behind,-2.649999999999636,31.0,SOFT,MEDIUM,30.0,SOFT,24.876000000000005,False,False,7.0,9.0,1,McLaren,McLaren,0.01900000000023283,23,1,87.0,0.3218390804597701
sakhir,2020,16,VET,SAI,31,55,58,defend_behind,-1.3170000000000073,33.0,MEDIUM,HARD,2.0,MEDIUM,24.876000000000005,False,True,12.0,7.0,0,Ferrari,Ferrari,0.17799999999988358,21,1,87.0,0.3563218390804598
sakhir,2021,1,ALO,STR,11,12,15,undercut_ahead,1.0160000000000764,14.0,SOFT,MEDIUM,13.0,SOFT,24.876000000000005,False,False,11.0,12.0,1,Alpine,Alpine,-0.09750000000008185,34,0,56.0,0.19642857142857142
sakhir,2021,1,ALO,SAI,11,15,18,defend_behind,-0.8550000000000182,14.0,SOFT,MEDIUM,13.0,SOFT,24.876000000000005,False,False,10.0,11.0,1,Alpine,Alpine,-0.09750000000008185,34,0,56.0,0.19642857142857142
sakhir,2021,1,GAS,BOT,4,16,19,undercut_ahead,0.1149999999997817,7.0,MEDIUM,HARD,6.0,MEDIUM,24.876000000000005,True,True,18.0,3.0,0,AlphaTauri,AlphaTauri,0.047749999999723514,38,0,56.0,0.07142857142857142
sakhir,2021,1,GAS,NOR,4,12,15,defend_behind,-0.1579999999999017,7.0,MEDIUM,HARD,6.0,SOFT,24.876000000000005,True,True,17.0,8.0,0,AlphaTauri,AlphaTauri,0.047749999999723514,38,0,56.0,0.07142857142857142
sakhir,2021,1,GAS,LAT,19,32,35,undercut_ahead,1.543999999999869,15.0,HARD,MEDIUM,4.0,MEDIUM,24.876000000000005,False,False,16.0,17.0,1,AlphaTauri,AlphaTauri,0.047749999999723514,38,0,56.0,0.3392857142857143
sakhir,2021,1,GIO,RAI,12,13,16,defend_behind,-0.9929999999999382,12.0,MEDIUM,HARD,11.0,MEDIUM,24.876000000000005,False,False,15.0,12.0,0,Alfa Romeo Racing,Alfa Romeo Racing,-0.047000000000025466,40,0,56.0,0.21428571428571427
sakhir,2021,1,GIO,OCO,30,31,34,undercut_ahead,1.6610000000000582,18.0,HARD,MEDIUM,16.0,MEDIUM,24.876000000000005,True,False,15.0,14.0,0,Alfa Romeo Racing,Alfa Romeo Racing,-0.047000000000025466,40,1,56.0,0.5357142857142857
sakhir,2021,1,HAM,VER,13,17,20,undercut_ahead,1.75,16.0,MEDIUM,HARD,15.0,MEDIUM,24.876000000000005,False,False,1.0,2.0,1,Mercedes,Mercedes,-0.20299999999974716,44,1,56.0,0.23214285714285715
sakhir,2021,1,LAT,NOR,14,33,36,defend_behind,-0.3179999999997562,14.0,SOFT,MEDIUM,1.0,MEDIUM,24.876000000000005,False,False,17.0,6.0,0,Williams,Williams,0.023500000000240107,38,0,56.0,0.25
sakhir,2021,1,LEC,NOR,12,33,36,undercut_ahead,1.449999999999818,15.0,SOFT,MEDIUM,14.0,SOFT,24.876000000000005,False,False,7.0,6.0,0,Ferrari,Ferrari,-0.08875000000011823,36,1,56.0,0.21428571428571427
sakhir,2021,1,LEC,RIC,12,13,16,defend_behind,-0.5199999999999818,15.0,SOFT,MEDIUM,14.0,SOFT,24.876000000000005,False,False,6.0,8.0,1,Ferrari,Ferrari,-0.08875000000011823,36,1,56.0,0.21428571428571427
sakhir,2021,1,NOR,LEC,12,32,35,defend_behind,-1.449999999999818,15.0,SOFT,MEDIUM,14.0,SOFT,24.876000000000005,False,False,6.0,7.0,1,McLaren,McLaren,0.11550000000011096,38,1,56.0,0.21428571428571427
sakhir,2021,1,OCO,PER,13,19,22,undercut_ahead,1.9399999999996,13.0,SOFT,MEDIUM,13.0,MEDIUM,24.876000000000005,True,False,14.0,9.0,0,Alpine,Alpine,-0.09750000000008185,34,0,56.0,0.23214285714285715
sakhir,2021,1,OCO,TSU,13,15,18,defend_behind,-1.2840000000001055,13.0,SOFT,MEDIUM,15.0,MEDIUM,24.876000000000005,True,False,13.0,14.0,1,Alpine,Alpine,-0.09750000000008185,34,0,56.0,0.23214285714285715
sakhir,2021,1,PER,BOT,19,30,33,undercut_ahead,1.457999999999629,20.0,MEDIUM,HARD,2.0,HARD,24.876000000000005,False,False,5.0,4.0,0,Red Bull Racing,Red Bull Racing,-0.37750000000096406,47,1,56.0,0.3392857142857143
sakhir,2021,1,RAI,PER,13,19,22,defend_behind,-0.5840000000002874,13.0,MEDIUM,HARD,13.0,MEDIUM,24.876000000000005,False,False,11.0,9.0,0,Alfa Romeo Racing,Alfa Romeo Racing,-0.047000000000025466,40,0,56.0,0.23214285714285715
sakhir,2021,1,RAI,TSU,29,33,36,defend_behind,-2.9210000000002765,16.0,HARD,MEDIUM,13.0,HARD,24.876000000000005,False,False,10.0,11.0,1,Alfa Romeo Racing,Alfa Romeo Racing,-0.047000000000025466,40,0,56.0,0.5178571428571429
sakhir,2021,1,RIC,PER,32,38,41,defend_behind,-0.4849999999996726,19.0,MEDIUM,HARD,12.0,HARD,24.876000000000005,False,False,6.0,7.0,1,McLaren,McLaren,0.11550000000011096,38,0,56.0,0.5714285714285714
sakhir,2021,1,RUS,LAT,13,14,17,defend_behind,-2.096000000000004,13.0,SOFT,MEDIUM,12.0,SOFT,24.876000000000005,False,False,16.0,18.0,1,Williams,Williams,0.023500000000240107,38,1,56.0,0.23214285714285715
sakhir,2021,1,SAI,HAM,15,28,31,defend_behind,-0.97400000000016,18.0,SOFT,MEDIUM,1.0,HARD,24.876000000000005,False,False,8.0,2.0,0,Ferrari,Ferrari,-0.08875000000011823,36,0,56.0,0.26785714285714285
sakhir,2021,1,STR,RIC,12,13,16,undercut_ahead,1.849999999999909,15.0,SOFT,MEDIUM,14.0,SOFT,24.876000000000005,False,False,10.0,8.0,0,Aston Martin,Aston Martin,-0.009999999999763531,41,1,56.0,0.21428571428571427
sakhir,2021,1,STR,SAI,12,15,18,defend_behind,-1.8969999999999343,15.0,SOFT,MEDIUM,14.0,SOFT,24.876000000000005,False,False,9.0,11.0,1,Aston Martin,Aston Martin,-0.009999999999763531,41,1,56.0,0.21428571428571427
sakhir,2021,1,STR,PER,28,38,41,undercut_ahead,2.0770000000002256,16.0,MEDIUM,HARD,8.0,HARD,24.876000000000005,False,False,8.0,7.0,0,Aston Martin,Aston Martin,-0.009999999999763531,41,0,56.0,0.5
sakhir,2021,1,STR,SAI,28,37,40,defend_behind,-0.8599999999996726,16.0,MEDIUM,HARD,12.0,MEDIUM,24.876000000000005,False,False,8.0,9.0,1,Aston Martin,Aston Martin,-0.009999999999763531,41,0,56.0,0.5
sakhir,2021,1,TSU,VET,15,24,27,defend_behind,-2.2959999999998217,18.0,MEDIUM,HARD,14.0,MEDIUM,24.876000000000005,False,False,11.0,17.0,1,AlphaTauri,AlphaTauri,0.047749999999723514,38,1,56.0,0.26785714285714285
sakhir,2021,1,VET,ALO,24,29,32,undercut_ahead,2.77599999999984,24.0,MEDIUM,HARD,12.0,MEDIUM,24.876000000000005,False,False,13.0,16.0,1,Aston Martin,Aston Martin,-0.009999999999763531,41,0,56.0,0.42857142857142855
sakhir,2021,1,VET,TSU,24,33,36,defend_behind,-0.2660000000005311,24.0,MEDIUM,HARD,8.0,HARD,24.876000000000005,False,False,12.0,11.0,0,Aston Martin,Aston Martin,-0.009999999999763531,41,0,56.0,0.42857142857142855
sakhir,2022,1,ALB,STR,13,18,21,defend_behind,-1.2160000000003492,13.0,SOFT,MEDIUM,12.0,SOFT,24.876000000000005,False,True,16.0,17.0,1,Williams,Williams,0.2810000000006312,50,1,57.0,0.22807017543859648
sakhir,2022,1,ALO,OCO,11,14,17,undercut_ahead,2.733000000000174,14.0,SOFT,MEDIUM,10.0,SOFT,24.876000000000005,False,True,9.0,11.0,1,Alpine,Alpine,-0.040499999999610736,45,1,57.0,0.19298245614035087
sakhir,2022,1,ALO,TSU,11,15,18,defend_behind,-2.0150000000003274,14.0,SOFT,MEDIUM,10.0,SOFT,24.876000000000005,False,True,9.0,11.0,1,Alpine,Alpine,-0.040499999999610736,45,1,57.0,0.19298245614035087
sakhir,2022,1,ALO,OCO,25,30,33,defend_behind,-0.8919999999998254,14.0,MEDIUM,HARD,10.0,MEDIUM,24.876000000000005,False,False,11.0,12.0,1,Alpine,Alpine,-0.040499999999610736,45,1,57.0,0.43859649122807015
sakhir,2022,1,ALO,TSU,42,44,47,undercut_ahead,2.6589999999996508,17.0,HARD,SOFT,12.0,SOFT,24.876000000000005,False,True,12.0,11.0,0,Alpine,Alpine,-0.040499999999610736,45,0,57.0,0.7368421052631579
sakhir,2022,1,ALO,BOT,42,45,48,defend_behind,-0.3110000000006039,17.0,HARD,SOFT,5.0,MEDIUM,24.876000000000005,False,True,12.0,8.0,0,Alpine,Alpine,-0.040499999999610736,45,0,57.0,0.7368421052631579
sakhir,2022,1,BOT,HAM,14,27,30,defend_behind,-2.0239999999994325,17.0,SOFT,MEDIUM,3.0,HARD,24.876000000000005,False,True,10.0,8.0,0,Alfa Romeo,Alfa Romeo,0.5190000000002328,39,0,57.0,0.24561403508771928
sakhir,2022,1,GAS,MAG,14,34,37,undercut_ahead,1.5489999999999782,17.0,SOFT,MEDIUM,13.0,SOFT,24.876000000000005,False,True,8.0,7.0,0,AlphaTauri,AlphaTauri,-0.24375000000009095,52,1,57.0,0.24561403508771928
sakhir,2022,1,GAS,OCO,14,30,33,defend_behind,-2.462999999999738,17.0,SOFT,MEDIUM,13.0,SOFT,24.876000000000005,False,True,10.0,12.0,1,AlphaTauri,AlphaTauri,-0.24375000000009095,52,1,57.0,0.24561403508771928
sakhir,2022,1,HAM,PER,11,15,18,undercut_ahead,0.96100000000024,13.0,SOFT,HARD,13.0,SOFT,24.876000000000005,True,True,5.0,4.0,0,Mercedes,Mercedes,-0.0020000000004074536,45,1,57.0,0.19298245614035087
sakhir,2022,1,HAM,RUS,11,15,18,defend_behind,-2.8900000000003274,13.0,SOFT,HARD,13.0,SOFT,24.876000000000005,True,True,5.0,6.0,1,Mercedes,Mercedes,-0.0020000000004074536,45,1,57.0,0.19298245614035087
sakhir,2022,1,HUL,LAT,44,45,48,undercut_ahead,1.4390000000003056,7.0,MEDIUM,SOFT,11.0,MEDIUM,24.876000000000005,False,True,19.0,18.0,0,Aston Martin,Aston Martin,-0.04449999999951615,47,0,57.0,0.7719298245614035
sakhir,2022,1,LAT,HUL,32,37,40,defend_behind,-1.6030000000000657,18.0,SOFT,MEDIUM,12.0,SOFT,24.876000000000005,False,False,19.0,20.0,1,Williams,Williams,0.2810000000006312,50,0,57.0,0.5614035087719298
sakhir,2022,1,MSC,STR,12,18,21,undercut_ahead,1.5670000000000073,12.0,SOFT,MEDIUM,11.0,SOFT,24.876000000000005,False,True,14.0,17.0,1,Haas F1 Team,Haas F1 Team,0.6865000000007058,39,0,57.0,0.21052631578947367
sakhir,2022,1,MSC,HUL,12,19,22,defend_behind,-1.0739999999996144,12.0,SOFT,MEDIUM,11.0,SOFT,24.876000000000005,False,True,14.0,20.0,1,Haas F1 Team,Haas F1 Team,0.6865000000007058,39,0,57.0,0.21052631578947367
sakhir,2022,1,NOR,STR,24,38,41,defend_behind,-0.8490000000001601,24.0,MEDIUM,HARD,5.0,SOFT,24.876000000000005,False,False,16.0,15.0,0,McLaren,McLaren,-0.17475000000013097,52,0,57.0,0.42105263157894735
sakhir,2022,1,NOR,STR,41,45,48,defend_behind,-2.78899999999976,17.0,HARD,SOFT,2.0,MEDIUM,24.876000000000005,False,True,17.0,14.0,0,McLaren,McLaren,-0.17475000000013097,52,1,57.0,0.7192982456140351
sakhir,2022,1,OCO,GAS,14,32,35,undercut_ahead,2.462999999999738,14.0,SOFT,MEDIUM,16.0,SOFT,24.876000000000005,False,True,12.0,9.0,0,Alpine,Alpine,-0.040499999999610736,45,1,57.0,0.24561403508771928
sakhir,2022,1,OCO,TSU,43,44,47,defend_behind,-2.7269999999998618,13.0,HARD,SOFT,13.0,SOFT,24.876000000000005,False,True,9.0,11.0,1,Alpine,Alpine,-0.040499999999610736,45,0,57.0,0.7543859649122807
sakhir,2022,1,PER,SAI,33,44,47,undercut_ahead,2.5429999999996653,18.0,MEDIUM,SOFT,18.0,SOFT,24.876000000000005,False,True,4.0,3.0,0,Red Bull Racing,Red Bull Racing,-0.4772499999999127,56,0,57.0,0.5789473684210527
sakhir,2022,1,RIC,TSU,17,29,32,undercut_ahead,0.6670000000003711,17.0,MEDIUM,SOFT,1.0,MEDIUM,24.876000000000005,True,False,17.0,14.0,0,McLaren,McLaren,-0.17475000000013097,52,0,57.0,0.2982456140350877
sakhir,2022,1,RIC,BOT,17,36,39,defend_behind,-0.0579999999999927,17.0,MEDIUM,SOFT,2.0,MEDIUM,24.876000000000005,True,False,18.0,12.0,0,McLaren,McLaren,-0.17475000000013097,52,0,57.0,0.2982456140350877
sakhir,2022,1,SAI,PER,33,43,46,defend_behind,-2.5429999999996653,19.0,SOFT,MEDIUM,17.0,MEDIUM,24.876000000000005,False,True,3.0,4.0,1,Ferrari,Ferrari,-0.5029999999997017,37,0,57.0,0.5789473684210527
sakhir,2022,1,TSU,BOT,29,36,39,defend_behind,-0.5819999999994252,14.0,MEDIUM,SOFT,14.0,MEDIUM,24.876000000000005,False,False,11.0,12.0,1,AlphaTauri,AlphaTauri,-0.24375000000009095,52,1,57.0,0.5087719298245614
sakhir,2023,1,ALB,TSU,26,40,43,defend_behind,-1.5249999999996362,15.0,SOFT,HARD,15.0,HARD,24.876000000000005,False,True,10.0,11.0,1,Williams,Williams,0.27400000000125146,48,1,57.0,0.45614035087719296
sakhir,2023,1,ALO,STR,14,15,18,defend_behind,-1.9440000000004147,17.0,SOFT,HARD,16.0,SOFT,24.876000000000005,False,False,6.0,9.0,1,Aston Martin,Aston Martin,0.011999999999716238,50,1,57.0,0.24561403508771928
sakhir,2023,1,BOT,OCO,11,12,15,defend_behind,-2.722000000000662,11.0,SOFT,HARD,13.0,SOFT,24.876000000000005,False,False,7.0,13.0,1,Alfa Romeo,Alfa Romeo,0.4070000000001528,56,0,57.0,0.19298245614035087
sakhir,2023,1,DEV,ZHO,11,12,15,undercut_ahead,1.2979999999997744,11.0,SOFT,HARD,10.0,SOFT,24.876000000000005,False,False,17.0,19.0,1,AlphaTauri,AlphaTauri,-0.2809999999981301,56,1,57.0,0.19298245614035087
sakhir,2023,1,DEV,MAG,11,15,18,defend_behind,-1.94800000000032,11.0,SOFT,HARD,10.0,HARD,24.876000000000005,False,False,14.0,17.0,1,AlphaTauri,AlphaTauri,-0.2809999999981301,56,1,57.0,0.19298245614035087
sakhir,2023,1,GAS,ZHO,9,12,15,undercut_ahead,0.5010000000002037,9.0,SOFT,HARD,8.0,SOFT,24.876000000000005,True,False,14.0,19.0,1,Alpine,Alpine,0.4069999999992433,51,0,57.0,0.15789473684210525
sakhir,2023,1,GAS,DEV,9,11,14,defend_behind,-0.8270000000002256,9.0,SOFT,HARD,8.0,SOFT,24.876000000000005,True,False,14.0,17.0,1,Alpine,Alpine,0.4069999999992433,51,0,57.0,0.15789473684210525
sakhir,2023,1,HAM,RUS,12,13,16,defend_behind,-1.699999999999818,15.0,SOFT,HARD,14.0,SOFT,24.876000000000005,False,False,5.0,8.0,1,Mercedes,Mercedes,-0.1014999999997599,50,0,57.0,0.21052631578947367
sakhir,2023,1,LEC,PER,13,17,20,defend_behind,-1.4500000000007276,13.0,SOFT,HARD,15.0,SOFT,24.876000000000005,False,False,2.0,3.0,1,Ferrari,Ferrari,-0.42574999999987995,50,0,57.0,0.22807017543859648
sakhir,2023,1,NOR,ALB,10,11,14,undercut_ahead,1.0150000000003274,10.0,SOFT,HARD,9.0,SOFT,24.876000000000005,False,False,16.0,11.0,0,McLaren,McLaren,-0.07900000000017826,57,0,57.0,0.17543859649122806
sakhir,2023,1,NOR,SAR,10,12,15,defend_behind,-0.9909999999999854,10.0,SOFT,HARD,9.0,SOFT,24.876000000000005,False,False,16.0,15.0,0,McLaren,McLaren,-0.07900000000017826,57,0,57.0,0.17543859649122806
sakhir,2023,1,NOR,DEV,17,27,30,defend_behind,-1.4279999999998836,7.0,HARD,SOFT,5.0,HARD,24.876000000000005,False,False,19.0,15.0,0,McLaren,McLaren,-0.07900000000017826,57,0,57.0,0.2982456140350877
sakhir,2023,1,RUS,ALO,13,14,17,defend_behind,-0.4679999999998472,16.0,SOFT,HARD,15.0,SOFT,24.876000000000005,False,False,8.0,6.0,0,Mercedes,Mercedes,-0.1014999999997599,50,1,57.0,0.22807017543859648
sakhir,2023,1,STR,LEC,15,33,36,defend_behind,-2.52599999999984,18.0,SOFT,HARD,1.0,HARD,24.876000000000005,False,False,7.0,3.0,0,Aston Martin,Aston Martin,0.011999999999716238,50,0,57.0,0.2631578947368421
sakhir,2023,1,TSU,SAR,10,12,15,undercut_ahead,0.9700000000002548,10.0,SOFT,HARD,9.0,SOFT,24.876000000000005,True,False,12.0,15.0,1,AlphaTauri,AlphaTauri,-0.2809999999981301,56,0,57.0,0.17543859649122806
sakhir,2023,1,TSU,HUL,10,11,14,defend_behind,-1.9169999999994616,10.0,SOFT,HARD,12.0,SOFT,24.876000000000005,True,False,13.0,18.0,1,AlphaTauri,AlphaTauri,-0.2809999999981301,56,0,57.0,0.17543859649122806
sakhir,2024,1,ALB,PER,15,36,39,defend_behind,-2.17699999999968,15.0,SOFT,HARD,2.0,HARD,24.876000000000005,True,False,16.0,2.0,0,Williams,Williams,0.15499999999974534,49,1,57.0,0.2631578947368421
sakhir,2024,1,BOT,GAS,12,31,34,undercut_ahead,2.20299999999952,12.0,SOFT,HARD,11.0,SOFT,24.876000000000005,False,False,19.0,18.0,0,Kick Sauber,Kick Sauber,0.38599999999996726,55,0,57.0,0.21052631578947367
sakhir,2024,1,GAS,RIC,12,13,16,undercut_ahead,0.8959999999997308,12.0,SOFT,HARD,14.0,SOFT,24.876000000000005,True,False,19.0,16.0,0,Alpine,Alpine,-0.08099999999967622,47,1,57.0,0.21052631578947367
sakhir,2024,1,GAS,BOT,12,30,33,defend_behind,-2.20299999999952,12.0,SOFT,HARD,11.0,SOFT,24.876000000000005,True,False,18.0,19.0,1,Alpine,Alpine,-0.08099999999967622,47,0,57.0,0.21052631578947367
sakhir,2024,1,HAM,PIA,12,34,37,undercut_ahead,2.115999999999985,15.0,SOFT,HARD,14.0,SOFT,24.876000000000005,False,False,8.0,9.0,1,Mercedes,Mercedes,-0.07200000000057116,51,0,57.0,0.21052631578947367
sakhir,2024,1,HAM,ALO,12,15,18,defend_behind,-1.2560000000003129,15.0,SOFT,HARD,14.0,SOFT,24.876000000000005,False,False,8.0,9.0,1,Mercedes,Mercedes,-0.07200000000057116,51,0,57.0,0.21052631578947367
sakhir,2024,1,LEC,PER,11,12,15,undercut_ahead,1.316000000000713,14.0,SOFT,HARD,13.0,SOFT,24.876000000000005,False,False,6.0,3.0,0,Ferrari,Ferrari,-0.19399999999995998,51,1,57.0,0.19298245614035087
sakhir,2024,1,LEC,SAI,11,14,17,defend_behind,-0.3729999999995925,14.0,SOFT,HARD,13.0,SOFT,24.876000000000005,False,False,5.0,4.0,0,Ferrari,Ferrari,-0.19399999999995998,51,1,57.0,0.19298245614035087
sakhir,2024,1,MAG,ALB,11,15,18,undercut_ahead,2.136999999999716,11.0,SOFT,HARD,10.0,SOFT,24.876000000000005,False,False,13.0,14.0,1,Haas F1 Team,Haas F1 Team,0.35299999999961074,51,1,57.0,0.19298245614035087
sakhir,2024,1,MAG,RIC,11,13,16,defend_behind,-2.6829999999999927,11.0,SOFT,HARD,13.0,SOFT,24.876000000000005,False,False,13.0,16.0,1,Haas F1 Team,Haas F1 Team,0.35299999999961074,51,1,57.0,0.19298245614035087
sakhir,2024,1,OCO,RIC,10,13,16,undercut_ahead,0.5470000000004802,10.0,SOFT,HARD,12.0,SOFT,24.876000000000005,True,True,14.0,16.0,1,Alpine,Alpine,-0.08099999999967622,47,0,57.0,0.17543859649122806
sakhir,2024,1,OCO,GAS,10,12,15,defend_behind,-0.5789999999997235,10.0,SOFT,HARD,9.0,SOFT,24.876000000000005,True,True,15.0,19.0,1,Alpine,Alpine,-0.08099999999967622,47,0,57.0,0.17543859649122806
sakhir,2024,1,PER,SAI,12,14,17,defend_behind,-1.5090000000000146,15.0,SOFT,HARD,14.0,SOFT,24.876000000000005,False,False,2.0,4.0,1,Red Bull Racing,Red Bull Racing,-0.2855000000001837,52,1,57.0,0.21052631578947367
sakhir,2024,1,PIA,NOR,12,13,16,undercut_ahead,2.1090000000003783,15.0,SOFT,HARD,14.0,SOFT,24.876000000000005,False,False,7.0,6.0,0,McLaren,McLaren,-0.14574999999990723,52,0,57.0,0.21052631578947367
sakhir,2024,1,PIA,HAM,12,33,36,defend_behind,-2.115999999999985,15.0,SOFT,HARD,14.0,SOFT,24.876000000000005,False,False,9.0,8.0,0,McLaren,McLaren,-0.14574999999990723,52,0,57.0,0.21052631578947367
sakhir,2024,1,RIC,RUS,13,31,34,defend_behind,-1.6300000000001091,16.0,SOFT,HARD,1.0,HARD,24.876000000000005,False,False,12.0,6.0,0,RB,RB,-0.17949999999973443,44,1,57.0,0.22807017543859648
sakhir,2024,1,RIC,ALB,35,36,39,undercut_ahead,1.690000000000509,22.0,HARD,SOFT,19.0,HARD,24.876000000000005,False,False,15.0,16.0,1,RB,RB,-0.17949999999973443,44,1,57.0,0.6140350877192983
sakhir,2024,1,RUS,PER,11,12,15,defend_behind,-1.001999999999498,14.0,SOFT,HARD,13.0,SOFT,24.876000000000005,False,False,4.0,3.0,0,Mercedes,Mercedes,-0.07200000000057116,51,1,57.0,0.19298245614035087
sakhir,2024,1,SAR,MAG,10,11,14,undercut_ahead,1.8960000000006405,10.0,SOFT,HARD,9.0,SOFT,24.876000000000005,False,True,20.0,14.0,0,Williams,Williams,0.15499999999974534,49,0,57.0,0.17543859649122806
sakhir,2024,1,SAR,RIC,10,13,16,defend_behind,-0.751999999999498,10.0,SOFT,HARD,12.0,SOFT,24.876000000000005,False,True,20.0,16.0,0,Williams,Williams,0.15499999999974534,49,0,57.0,0.17543859649122806
sakhir,2024,1,STR,GAS,9,12,15,undercut_ahead,0.4459999999999127,9.0,SOFT,HARD,8.0,SOFT,24.876000000000005,True,True,12.0,19.0,1,Aston Martin,Aston Martin,0.060000000000172804,56,1,57.0,0.15789473684210525
sakhir,2024,1,STR,BOT,9,12,15,defend_behind,-1.0700000000006185,9.0,SOFT,HARD,8.0,SOFT,24.876000000000005,True,True,12.0,18.0,1,Aston Martin,Aston Martin,0.060000000000172804,56,1,57.0,0.15789473684210525
sakhir,2024,1,TSU,ALO,14,15,18,undercut_ahead,2.4859999999998763,14.0,SOFT,HARD,16.0,SOFT,24.876000000000005,False,False,11.0,9.0,0,RB,RB,-0.17949999999973443,44,1,57.0,0.24561403508771928
sakhir,2024,1,TSU,ALB,14,15,18,defend_behind,-2.1859999999996944,14.0,SOFT,HARD,13.0,SOFT,24.876000000000005,False,False,11.0,14.0,1,RB,RB,-0.17949999999973443,44,1,57.0,0.24561403508771928
sakhir,2024,1,ZHO,MAG,9,11,14,undercut_ahead,0.6890000000003056,9.0,SOFT,HARD,8.0,SOFT,24.876000000000005,True,True,12.0,14.0,1,Kick Sauber,Kick Sauber,0.38599999999996726,55,1,57.0,0.15789473684210525
sakhir,2024,1,ZHO,SAR,9,10,13,defend_behind,-0.7020000000002256,9.0,SOFT,HARD,8.0,SOFT,24.876000000000005,True,True,13.0,20.0,1,Kick Sauber,Kick Sauber,0.38599999999996726,55,1,57.0,0.15789473684210525
sakhir,2025,4,ALB,RUS,16,32,35,undercut_ahead,1.2299999999995634,16.0,SOFT,HARD,2.0,MEDIUM,24.876000000000005,False,True,13.0,2.0,0,Williams,Williams,0.0014999999998508429,46,0,57.0,0.2807017543859649
sakhir,2025,4,ALB,NOR,16,32,35,defend_behind,-1.820999999999913,16.0,SOFT,HARD,5.0,MEDIUM,24.876000000000005,False,True,13.0,4.0,0,Williams,Williams,0.0014999999998508429,46,0,57.0,0.2807017543859649
sakhir,2025,4,BEA,ALB,14,16,19,undercut_ahead,1.6480000000001382,14.0,SOFT,HARD,13.0,SOFT,24.876000000000005,False,False,14.0,16.0,1,Haas F1 Team,Haas F1 Team,0.5172499999998763,42,1,57.0,0.24561403508771928
sakhir,2025,4,BEA,ALO,14,16,19,defend_behind,-2.625,14.0,SOFT,HARD,13.0,MEDIUM,24.876000000000005,False,False,14.0,17.0,1,Haas F1 Team,Haas F1 Team,0.5172499999998763,42,1,57.0,0.24561403508771928
sakhir,2025,4,BOR,NOR,13,32,35,undercut_ahead,1.1520000000000437,13.0,MEDIUM,HARD,2.0,MEDIUM,24.876000000000005,False,True,20.0,4.0,0,Kick Sauber,Kick Sauber,-0.047999999999774445,41,0,57.0,0.22807017543859648
sakhir,2025,4,BOR,GAS,13,28,31,defend_behind,-0.2139999999999418,13.0,MEDIUM,HARD,2.0,MEDIUM,24.876000000000005,False,False,18.0,10.0,0,Kick Sauber,Kick Sauber,-0.047999999999774445,41,0,57.0,0.22807017543859648
sakhir,2025,4,DOO,TSU,9,11,14,undercut_ahead,0.8930000000000291,9.0,SOFT,MEDIUM,11.0,SOFT,24.876000000000005,True,False,15.0,16.0,1,Alpine,Alpine,0.2495000000001255,46,0,57.0,0.15789473684210525
sakhir,2025,4,DOO,ALB,9,16,19,defend_behind,-2.576999999999316,9.0,SOFT,MEDIUM,8.0,SOFT,24.876000000000005,True,False,9.0,16.0,1,Alpine,Alpine,0.2495000000001255,46,0,57.0,0.15789473684210525
sakhir,2025,4,DOO,TSU,28,32,35,defend_behind,-1.2899999999999636,19.0,MEDIUM,HARD,16.0,MEDIUM,24.876000000000005,False,True,9.0,11.0,1,Alpine,Alpine,0.2495000000001255,46,1,57.0,0.49122807017543857
sakhir,2025,4,GAS,LEC,10,17,20,undercut_ahead,2.552999999999884,13.0,SOFT,MEDIUM,9.0,MEDIUM,24.876000000000005,False,False,5.0,4.0,0,Alpine,Alpine,0.2495000000001255,46,1,57.0,0.17543859649122806
sakhir,2025,4,GAS,ANT,10,12,15,defend_behind,-0.5860000000002401,13.0,SOFT,MEDIUM,12.0,SOFT,24.876000000000005,False,False,8.0,11.0,1,Alpine,Alpine,0.2495000000001255,46,1,57.0,0.17543859649122806
sakhir,2025,4,GAS,HAM,28,32,35,defend_behind,-2.444999999999709,18.0,MEDIUM,HARD,10.0,MEDIUM,24.876000000000005,False,True,6.0,5.0,0,Alpine,Alpine,0.2495000000001255,46,0,57.0,0.49122807017543857
sakhir,2025,4,HAD,ALO,6,16,19,undercut_ahead,0.5929999999998472,6.0,SOFT,MEDIUM,5.0,MEDIUM,24.876000000000005,True,False,13.0,17.0,1,Racing Bulls,Racing Bulls,-0.18699999999989814,41,1,57.0,0.10526315789473684
sakhir,2025,4,HAD,LAW,6,14,17,defend_behind,-1.1019999999998618,6.0,SOFT,MEDIUM,5.0,MEDIUM,24.876000000000005,True,False,12.0,18.0,1,Racing Bulls,Racing Bulls,-0.18699999999989814,41,1,57.0,0.10526315789473684
sakhir,2025,4,HAD,ALO,28,32,35,defend_behind,-1.7119999999995343,22.0,MEDIUM,HARD,11.0,MEDIUM,24.876000000000005,False,True,16.0,15.0,0,Racing Bulls,Racing Bulls,-0.18699999999989814,41,0,57.0,0.49122807017543857
sakhir,2025,4,HUL,BOR,5,13,16,undercut_ahead,0.2280000000000654,5.0,SOFT,MEDIUM,4.0,MEDIUM,24.876000000000005,True,False,16.0,20.0,1,Kick Sauber,Kick Sauber,-0.047999999999774445,41,0,57.0,0.08771929824561403
sakhir,2025,4,LAW,ALO,14,16,19,undercut_ahead,1.7020000000002256,14.0,MEDIUM,HARD,13.0,MEDIUM,24.876000000000005,False,False,19.0,17.0,0,Racing Bulls,Racing Bulls,-0.18699999999989814,41,1,57.0,0.24561403508771928
sakhir,2025,4,LAW,NOR,14,32,35,defend_behind,-0.4729999999999563,14.0,MEDIUM,HARD,3.0,MEDIUM,24.876000000000005,False,True,18.0,4.0,0,Racing Bulls,Racing Bulls,-0.18699999999989814,41,1,57.0,0.24561403508771928
sakhir,2025,4,NOR,RUS,10,13,16,undercut_ahead,0.9750000000003638,13.0,SOFT,MEDIUM,12.0,SOFT,24.876000000000005,True,False,5.0,4.0,0,McLaren,McLaren,-0.2272499999999127,48,1,57.0,0.17543859649122806
sakhir,2025,4,NOR,LEC,10,17,20,defend_behind,-1.6019999999998618,13.0,SOFT,MEDIUM,9.0,MEDIUM,24.876000000000005,True,False,3.0,4.0,1,McLaren,McLaren,-0.2272499999999127,48,1,57.0,0.17543859649122806
sakhir,2025,4,OCO,DOO,8,9,12,undercut_ahead,0.8079999999999927,8.0,SOFT,MEDIUM,7.0,SOFT,24.876000000000005,True,False,15.0,17.0,1,Haas F1 Team,Haas F1 Team,0.5172499999998763,42,0,57.0,0.14035087719298245
sakhir,2025,4,OCO,ALB,8,16,19,defend_behind,-1.66399999999976,8.0,SOFT,MEDIUM,7.0,SOFT,24.876000000000005,True,False,6.0,16.0,1,Haas F1 Team,Haas F1 Team,0.5172499999998763,42,0,57.0,0.14035087719298245
sakhir,2025,4,OCO,HAM,27,32,35,undercut_ahead,2.063000000000102,19.0,MEDIUM,HARD,9.0,MEDIUM,24.876000000000005,False,True,7.0,5.0,0,Haas F1 Team,Haas F1 Team,0.5172499999998763,42,1,57.0,0.47368421052631576
sakhir,2025,4,OCO,ANT,27,32,35,defend_behind,-1.2330000000001746,19.0,MEDIUM,HARD,14.0,MEDIUM,24.876000000000005,False,True,7.0,14.0,1,Haas F1 Team,Haas F1 Team,0.5172499999998763,42,1,57.0,0.47368421052631576
sakhir,2025,4,RUS,LEC,13,17,20,defend_behind,-2.4769999999998618,16.0,SOFT,MEDIUM,12.0,MEDIUM,24.876000000000005,False,False,2.0,4.0,1,Mercedes,Mercedes,-0.08674999999902866,48,1,57.0,0.22807017543859648
sakhir,2025,4,SAI,ALB,14,16,19,defend_behind,-1.113999999999578,17.0,SOFT,MEDIUM,13.0,SOFT,24.876000000000005,False,False,12.0,16.0,1,Williams,Williams,0.0014999999998508429,46,1,57.0,0.24561403508771928
sakhir,2025,4,STR,LAW,12,14,17,undercut_ahead,1.9920000000001887,12.0,SOFT,MEDIUM,11.0,MEDIUM,24.876000000000005,False,False,17.0,18.0,1,Aston Martin,Aston Martin,0.1950000000001637,50,0,57.0,0.21052631578947367
sakhir,2025,4,STR,BOR,12,13,16,defend_behind,-1.393000000000029,12.0,SOFT,MEDIUM,11.0,MEDIUM,24.876000000000005,False,False,18.0,20.0,1,Aston Martin,Aston Martin,0.1950000000001637,50,0,57.0,0.21052631578947367
sakhir,2025,4,TSU,HAM,11,17,20,undercut_ahead,1.11200000000008,14.0,SOFT,MEDIUM,10.0,MEDIUM,24.876000000000005,False,False,11.0,10.0,0,Red Bull Racing,Red Bull Racing,-0.06900000000041473,45,1,57.0,0.19298245614035087
sakhir,2025,4,TSU,SAI,11,14,17,defend_behind,-1.15099999999984,14.0,SOFT,MEDIUM,13.0,SOFT,24.876000000000005,False,False,11.0,13.0,1,Red Bull Racing,Red Bull Racing,-0.06900000000041473,45,1,57.0,0.19298245614035087
sakhir,2025,4,VER,ANT,10,12,15,undercut_ahead,1.1979999999994106,13.0,SOFT,HARD,12.0,SOFT,24.876000000000005,False,False,10.0,11.0,1,Red Bull Racing,Red Bull Racing,-0.06900000000041473,45,1,57.0,0.17543859649122806
sakhir,2025,4,VER,ANT,26,27,30,undercut_ahead,2.1840000000001965,16.0,HARD,MEDIUM,13.0,MEDIUM,24.876000000000005,False,False,14.0,13.0,0,Red Bull Racing,Red Bull Racing,-0.06900000000041473,45,1,57.0,0.45614035087719296
sakhir,2025,4,VER,DOO,26,28,31,defend_behind,-1.3689999999996871,16.0,HARD,MEDIUM,16.0,MEDIUM,24.876000000000005,False,False,14.0,15.0,1,Red Bull Racing,Red Bull Racing,-0.06900000000041473,45,1,57.0,0.45614035087719296
silverstone,2018,10,ALO,MAG,13,25,28,undercut_ahead,1.1730000000000018,12.0,SOFT,MEDIUM,14.0,SOFT,23.62999999999998,False,True,9.0,10.0,1,McLaren,McLaren,-0.06524999999987813,24,1,52.0,0.25
silverstone,2018,10,ALO,GAS,13,20,23,defend_behind,-1.4750000000001364,12.0,SOFT,MEDIUM,11.0,SOFT,23.62999999999998,False,True,12.0,14.0,1,McLaren,McLaren,-0.06524999999987813,24,1,52.0,0.25
silverstone,2018,10,ERI,GRO,24,26,29,undercut_ahead,2.574000000000069,23.0,SOFT,MEDIUM,25.0,SOFT,23.62999999999998,False,False,14.0,15.0,1,Sauber,Sauber,-0.10650000000055115,19,0,52.0,0.46153846153846156
silverstone,2018,10,GAS,GRO,20,26,29,defend_behind,-1.5579999999999927,19.0,SOFT,MEDIUM,21.0,SOFT,23.62999999999998,False,True,12.0,15.0,1,Toro Rosso,Toro Rosso,0.04450000000019827,23,1,52.0,0.38461538461538464
silverstone,2018,10,PER,VAN,13,21,24,undercut_ahead,1.24799999999982,12.0,SOFT,MEDIUM,11.0,SOFT,23.62999999999998,False,True,15.0,16.0,1,Force India,Force India,0.32549999999991996,14,0,52.0,0.25
silverstone,2018,10,RAI,VER,13,17,20,undercut_ahead,2.4549999999999272,15.0,SOFT,MEDIUM,14.0,SOFT,23.62999999999998,False,True,6.0,4.0,0,Ferrari,Ferrari,-0.22625000000005002,26,1,52.0,0.25
silverstone,2018,10,RAI,RIC,13,18,21,defend_behind,-1.1359999999999673,15.0,SOFT,MEDIUM,14.0,SOFT,23.62999999999998,False,True,6.0,5.0,0,Ferrari,Ferrari,-0.22625000000005002,26,1,52.0,0.25
silverstone,2018,10,RIC,VER,30,33,36,undercut_ahead,1.1300000000001091,12.0,MEDIUM,SOFT,12.0,MEDIUM,23.62999999999998,False,True,6.0,4.0,0,Red Bull Racing,Red Bull Racing,-0.4507500000000846,24,0,52.0,0.5769230769230769
silverstone,2018,10,RIC,RAI,30,33,36,defend_behind,-1.693000000000211,12.0,MEDIUM,SOFT,16.0,MEDIUM,23.62999999999998,False,True,6.0,5.0,0,Red Bull Racing,Red Bull Racing,-0.4507500000000846,24,0,52.0,0.5769230769230769
silverstone,2018,10,SAI,MAG,17,25,28,defend_behind,-2.58400000000006,16.0,MEDIUM,HARD,18.0,SOFT,23.62999999999998,False,True,11.0,10.0,0,Renault,Renault,0.6220000000002983,21,1,52.0,0.3269230769230769
silverstone,2018,10,SIR,STR,21,30,33,defend_behind,-2.1530000000002474,20.0,SOFT,MEDIUM,19.0,MEDIUM,23.62999999999998,False,True,16.0,17.0,1,Williams,Williams,0.20049999999991996,32,0,52.0,0.40384615384615385
silverstone,2018,10,VAN,ERI,21,24,27,undercut_ahead,2.548999999999978,20.0,SOFT,MEDIUM,19.0,SOFT,23.62999999999998,False,False,16.0,14.0,0,McLaren,McLaren,-0.06524999999987813,24,0,52.0,0.40384615384615385
silverstone,2019,10,GAS,VET,12,20,23,undercut_ahead,0.3709999999996398,17.0,MEDIUM,HARD,14.0,SOFT,23.62999999999998,True,True,4.0,3.0,0,Red Bull Racing,Red Bull Racing,-0.16499999999996362,36,1,52.0,0.23076923076923078
silverstone,2019,10,HUL,SAI,13,20,23,defend_behind,-0.6410000000000764,16.0,SOFT,HARD,12.0,MEDIUM,23.62999999999998,True,True,10.0,7.0,0,Renault,Renault,0.0,30,1,52.0,0.25
silverstone,2019,10,KVY,STR,12,13,16,undercut_ahead,1.6170000000001892,12.0,SOFT,MEDIUM,11.0,MEDIUM,23.62999999999998,False,False,16.0,17.0,1,Toro Rosso,Toro Rosso,0.05900000000019645,31,0,52.0,0.23076923076923078
silverstone,2019,10,KVY,PER,21,24,27,undercut_ahead,2.9039999999999964,9.0,MEDIUM,HARD,2.0,HARD,23.62999999999998,False,True,14.0,17.0,1,Toro Rosso,Toro Rosso,0.05900000000019645,31,0,52.0,0.40384615384615385
silverstone,2019,10,LEC,VER,13,20,23,defend_behind,-0.68100000000004,16.0,SOFT,MEDIUM,17.0,MEDIUM,23.62999999999998,False,True,6.0,5.0,0,Ferrari,Ferrari,-0.08799999999973807,43,0,52.0,0.25
silverstone,2019,10,RAI,PER,17,18,21,undercut_ahead,1.649000000000342,17.0,MEDIUM,HARD,16.0,MEDIUM,23.62999999999998,False,True,15.0,13.0,0,Alfa Romeo Racing,Alfa Romeo Racing,0.44699999999988904,42,1,52.0,0.3269230769230769
silverstone,2019,10,RIC,NOR,12,13,16,undercut_ahead,0.8899999999998727,15.0,SOFT,MEDIUM,14.0,SOFT,23.62999999999998,True,False,11.0,12.0,1,Renault,Renault,0.0,30,0,52.0,0.23076923076923078
silverstone,2019,10,RIC,HUL,12,13,16,defend_behind,-2.6149999999997817,15.0,SOFT,MEDIUM,14.0,SOFT,23.62999999999998,True,False,11.0,14.0,1,Renault,Renault,0.0,30,0,52.0,0.23076923076923078
silverstone,2019,10,RIC,NOR,20,35,38,defend_behind,-2.6469999999999345,8.0,MEDIUM,HARD,6.0,MEDIUM,23.62999999999998,False,True,7.0,13.0,1,Renault,Renault,0.0,30,0,52.0,0.38461538461538464
silverstone,2019,10,RUS,STR,21,39,42,defend_behind,-1.7980000000002292,21.0,MEDIUM,HARD,7.0,HARD,23.62999999999998,True,True,14.0,13.0,0,Williams,Williams,-0.25200000000040745,35,1,52.0,0.40384615384615385
silverstone,2019,10,STR,RAI,13,17,20,undercut_ahead,0.97400000000016,13.0,MEDIUM,HARD,12.0,MEDIUM,23.62999999999998,True,True,16.0,14.0,0,Racing Point,Racing Point,0.1320000000005166,37,1,52.0,0.25
silverstone,2019,10,VER,LEC,20,21,24,undercut_ahead,0.5399999999999636,7.0,MEDIUM,HARD,9.0,MEDIUM,23.62999999999998,True,True,5.0,6.0,1,Red Bull Racing,Red Bull Racing,-0.16499999999996362,36,0,52.0,0.38461538461538464
silverstone,2019,10,VET,BOT,20,45,48,defend_behind,-2.0799999999999272,23.0,SOFT,HARD,3.0,MEDIUM,23.62999999999998,False,True,16.0,2.0,0,Ferrari,Ferrari,-0.08799999999973807,43,0,52.0,0.38461538461538464
silverstone,2020,4,ALB,GAS,6,12,15,undercut_ahead,0.7909999999997126,6.0,MEDIUM,HARD,5.0,MEDIUM,23.62999999999998,True,True,14.0,13.0,0,Red Bull Racing,Red Bull Racing,-0.5859999999993306,25,0,52.0,0.11538461538461539
silverstone,2020,4,ALB,GIO,6,12,15,defend_behind,-0.6510000000002947,6.0,MEDIUM,HARD,5.0,MEDIUM,23.62999999999998,True,True,14.0,12.0,0,Red Bull Racing,Red Bull Racing,-0.5859999999993306,25,0,52.0,0.11538461538461539
silverstone,2020,4,GIO,GRO,12,36,39,defend_behind,-0.9710000000000036,12.0,MEDIUM,HARD,11.0,MEDIUM,23.62999999999998,False,True,12.0,17.0,1,Alfa Romeo Racing,Alfa Romeo Racing,-0.12499999999931788,20,1,52.0,0.23076923076923078
silverstone,2020,4,NOR,STR,12,13,16,defend_behind,-0.7139999999999418,15.0,SOFT,HARD,14.0,MEDIUM,23.62999999999998,False,True,8.0,9.0,1,McLaren,McLaren,0.01900000000023283,23,1,52.0,0.23076923076923078
silverstone,2020,4,OCO,STR,12,13,16,undercut_ahead,1.6720000000000257,15.0,SOFT,HARD,14.0,MEDIUM,23.62999999999998,False,True,11.0,9.0,0,Renault,Renault,-0.10424999999963802,18,1,52.0,0.23076923076923078
silverstone,2020,4,RAI,GRO,12,36,39,undercut_ahead,0.3029999999998836,12.0,MEDIUM,HARD,11.0,MEDIUM,23.62999999999998,True,True,16.0,17.0,1,Alfa Romeo Racing,Alfa Romeo Racing,-0.12499999999931788,20,0,52.0,0.23076923076923078
silverstone,2020,4,RIC,SAI,12,13,16,undercut_ahead,1.91399999999976,15.0,SOFT,HARD,14.0,SOFT,23.62999999999998,False,True,7.0,6.0,0,Renault,Renault,-0.10424999999963802,18,1,52.0,0.23076923076923078
silverstone,2020,4,RUS,RAI,12,47,50,undercut_ahead,1.5779999999999743,12.0,MEDIUM,HARD,11.0,MEDIUM,23.62999999999998,False,True,14.0,17.0,1,Williams,Williams,-0.012500000000045475,28,1,52.0,0.23076923076923078
silverstone,2020,5,ALB,NOR,6,12,15,undercut_ahead,0.73700000000008,9.0,MEDIUM,HARD,8.0,MEDIUM,23.62999999999998,True,False,15.0,13.0,0,Red Bull Racing,Red Bull Racing,-0.5859999999993306,25,0,52.0,0.11538461538461539
silverstone,2020,5,ALB,LEC,6,18,21,defend_behind,-0.9609999999997854,9.0,MEDIUM,HARD,8.0,MEDIUM,23.62999999999998,True,False,12.0,10.0,0,Red Bull Racing,Red Bull Racing,-0.5859999999993306,25,0,52.0,0.11538461538461539
silverstone,2020,5,BOT,HAM,13,14,17,defend_behind,-1.871999999999844,16.0,MEDIUM,HARD,15.0,MEDIUM,23.62999999999998,False,False,3.0,4.0,1,Mercedes,Mercedes,0.0,27,0,52.0,0.25
silverstone,2020,5,GAS,RIC,7,14,17,undercut_ahead,1.5459999999998215,10.0,MEDIUM,HARD,9.0,MEDIUM,23.62999999999998,False,False,14.0,10.0,0,AlphaTauri,AlphaTauri,0.08175000000005639,24,1,52.0,0.1346153846153846
silverstone,2020,5,GAS,NOR,7,12,15,defend_behind,-1.48700000000008,10.0,MEDIUM,HARD,9.0,MEDIUM,23.62999999999998,False,False,14.0,13.0,0,AlphaTauri,AlphaTauri,0.08175000000005639,24,1,52.0,0.1346153846153846
silverstone,2020,5,GIO,MAG,7,9,12,undercut_ahead,0.7280000000000655,7.0,MEDIUM,HARD,6.0,MEDIUM,23.62999999999998,True,False,17.0,19.0,1,Alfa Romeo Racing,Alfa Romeo Racing,-0.12499999999931788,20,0,52.0,0.1346153846153846
silverstone,2020,5,GIO,GRO,7,17,20,defend_behind,-0.6730000000002292,7.0,MEDIUM,HARD,9.0,MEDIUM,23.62999999999998,True,False,16.0,19.0,1,Alfa Romeo Racing,Alfa Romeo Racing,-0.12499999999931788,20,0,52.0,0.1346153846153846
silverstone,2020,5,GIO,GRO,33,38,41,defend_behind,-0.6770000000005894,26.0,HARD,MEDIUM,16.0,HARD,23.62999999999998,False,False,17.0,18.0,1,Alfa Romeo Racing,Alfa Romeo Racing,-0.12499999999931788,20,0,52.0,0.6346153846153846
silverstone,2020,5,GRO,RIC,17,26,29,undercut_ahead,2.1230000000000477,20.0,MEDIUM,HARD,5.0,MEDIUM,23.62999999999998,False,False,16.0,11.0,0,Haas F1 Team,Haas F1 Team,0.9259999999999309,23,1,52.0,0.3269230769230769
silverstone,2020,5,GRO,VET,17,22,25,defend_behind,-0.5309999999999491,20.0,MEDIUM,HARD,17.0,HARD,23.62999999999998,False,False,17.0,13.0,0,Haas F1 Team,Haas F1 Team,0.9259999999999309,23,1,52.0,0.3269230769230769
silverstone,2020,5,HAM,VER,14,26,29,defend_behind,-0.6359999999999673,17.0,MEDIUM,HARD,16.0,HARD,23.62999999999998,False,False,3.0,1.0,0,Mercedes,Mercedes,0.0,27,1,52.0,0.2692307692307692
silverstone,2020,5,HUL,STR,15,18,21,defend_behind,-2.664000000000214,18.0,MEDIUM,HARD,17.0,MEDIUM,23.62999999999998,False,False,5.0,6.0,1,Racing Point,Racing Point,-0.055749999999989086,16,0,52.0,0.28846153846153844
silverstone,2020,5,LAT,RAI,9,26,29,undercut_ahead,0.79300000000012,9.0,MEDIUM,HARD,8.0,HARD,23.62999999999998,True,False,19.0,17.0,0,Williams,Williams,-0.012500000000045475,28,1,52.0,0.17307692307692307
silverstone,2020,5,LAT,GAS,9,23,26,defend_behind,-0.7669999999998254,9.0,MEDIUM,HARD,1.0,HARD,23.62999999999998,True,False,15.0,18.0,1,Williams,Williams,-0.012500000000045475,28,1,52.0,0.17307692307692307
silverstone,2020,5,MAG,KVY,9,19,22,undercut_ahead,2.8279999999999745,9.0,MEDIUM,HARD,8.0,HARD,23.62999999999998,False,False,20.0,14.0,0,Haas F1 Team,Haas F1 Team,0.9259999999999309,23,1,52.0,0.17307692307692307
silverstone,2020,5,MAG,GRO,9,17,20,defend_behind,-0.96100000000024,9.0,MEDIUM,HARD,11.0,MEDIUM,23.62999999999998,False,False,20.0,19.0,0,Haas F1 Team,Haas F1 Team,0.9259999999999309,23,1,52.0,0.17307692307692307
silverstone,2020,5,NOR,LEC,12,18,21,defend_behind,-1.1659999999997126,15.0,MEDIUM,HARD,14.0,MEDIUM,23.62999999999998,False,False,11.0,10.0,0,McLaren,McLaren,0.01900000000023283,23,1,52.0,0.23076923076923078
silverstone,2020,5,OCO,RIC,22,26,29,defend_behind,-1.55600000000004,22.0,MEDIUM,HARD,10.0,MEDIUM,23.62999999999998,False,False,9.0,11.0,1,Renault,Renault,-0.10424999999963802,18,1,52.0,0.4230769230769231
silverstone,2020,5,RAI,VET,26,33,36,undercut_ahead,2.9989999999997963,26.0,HARD,MEDIUM,3.0,HARD,23.62999999999998,False,True,15.0,12.0,0,Alfa Romeo Racing,Alfa Romeo Racing,-0.12499999999931788,20,1,52.0,0.5
silverstone,2020,5,RUS,GRO,8,17,20,undercut_ahead,0.7770000000000437,8.0,MEDIUM,HARD,10.0,MEDIUM,23.62999999999998,True,False,17.0,19.0,1,Williams,Williams,-0.012500000000045475,28,1,52.0,0.15384615384615385
silverstone,2020,5,RUS,VET,8,22,25,defend_behind,-0.568000000000211,8.0,MEDIUM,HARD,8.0,HARD,23.62999999999998,True,False,19.0,13.0,0,Williams,Williams,-0.012500000000045475,28,1,52.0,0.15384615384615385
silverstone,2020,5,RUS,LAT,39,46,49,defend_behind,-0.8890000000001237,15.0,HARD,MEDIUM,12.0,HARD,23.62999999999998,False,False,18.0,19.0,1,Williams,Williams,-0.012500000000045475,28,0,52.0,0.75
silverstone,2020,5,SAI,HUL,22,30,33,defend_behind,-0.3150000000000545,22.0,HARD,MEDIUM,6.0,HARD,23.62999999999998,False,True,9.0,5.0,0,McLaren,McLaren,0.01900000000023283,23,1,52.0,0.4230769230769231
silverstone,2020,5,STR,BOT,18,32,35,defend_behind,-1.7380000000002838,21.0,MEDIUM,HARD,4.0,HARD,23.62999999999998,False,True,6.0,3.0,0,Racing Point,Racing Point,-0.055749999999989086,16,1,52.0,0.34615384615384615
silverstone,2020,5,VET,SAI,33,34,37,undercut_ahead,0.7129999999997381,11.0,HARD,MEDIUM,13.0,MEDIUM,23.62999999999998,True,False,12.0,13.0,1,Ferrari,Ferrari,0.17799999999988358,21,0,52.0,0.6346153846153846
silverstone,2021,10,GIO,TSU,23,30,33,defend_behind,-1.4840000000003783,21.0,MEDIUM,HARD,22.0,MEDIUM,23.62999999999998,False,False,15.0,13.0,0,Alfa Romeo Racing,Alfa Romeo Racing,-0.047000000000025466,40,1,52.0,0.4423076923076923
silverstone,2021,10,HAM,LEC,27,29,32,undercut_ahead,2.34900000000016,25.0,MEDIUM,HARD,24.0,MEDIUM,23.62999999999998,False,False,3.0,1.0,0,Mercedes,Mercedes,-0.20299999999974716,44,0,52.0,0.5192307692307693
silverstone,2021,10,LAT,TSU,19,30,33,undercut_ahead,2.0230000000001382,17.0,MEDIUM,HARD,18.0,MEDIUM,23.62999999999998,False,False,16.0,13.0,0,Williams,Williams,0.023500000000240107,38,1,52.0,0.36538461538461536
silverstone,2021,10,MSC,MAZ,24,25,28,defend_behind,-2.355999999999767,23.0,MEDIUM,HARD,24.0,MEDIUM,23.62999999999998,False,False,19.0,18.0,0,Haas F1 Team,Haas F1 Team,0.6980000000005475,36,0,52.0,0.46153846153846156
silverstone,2021,10,NOR,BOT,21,22,25,defend_behind,-1.5590000000001965,21.0,MEDIUM,HARD,18.0,MEDIUM,23.62999999999998,False,False,5.0,4.0,0,McLaren,McLaren,0.11550000000011096,38,1,52.0,0.40384615384615385
silverstone,2021,10,PER,GAS,18,28,31,undercut_ahead,0.748000000000502,18.0,HARD,MEDIUM,17.0,MEDIUM,23.62999999999998,True,False,9.0,10.0,1,Red Bull Racing,Red Bull Racing,-0.37750000000096406,47,1,52.0,0.34615384615384615
silverstone,2021,10,PER,GIO,18,23,26,defend_behind,-2.264999999999418,18.0,HARD,MEDIUM,15.0,MEDIUM,23.62999999999998,True,False,11.0,15.0,1,Red Bull Racing,Red Bull Racing,-0.37750000000096406,47,1,52.0,0.34615384615384615
silverstone,2021,10,RAI,OCO,18,19,22,undercut_ahead,2.574999999999818,16.0,MEDIUM,HARD,15.0,MEDIUM,23.62999999999998,False,False,14.0,13.0,0,Alfa Romeo Racing,Alfa Romeo Racing,-0.047000000000025466,40,1,52.0,0.34615384615384615
silverstone,2021,10,RAI,GAS,18,28,31,defend_behind,-0.7609999999995125,16.0,MEDIUM,HARD,17.0,MEDIUM,23.62999999999998,False,False,12.0,10.0,0,Alfa Romeo Racing,Alfa Romeo Racing,-0.047000000000025466,40,1,52.0,0.34615384615384615
silverstone,2021,10,RIC,SAI,20,28,31,defend_behind,-0.8389999999999418,20.0,MEDIUM,HARD,17.0,MEDIUM,23.62999999999998,False,False,5.0,6.0,1,McLaren,McLaren,0.11550000000011096,38,0,52.0,0.38461538461538464
silverstone,2021,10,RUS,GIO,18,23,26,undercut_ahead,1.6440000000002328,16.0,MEDIUM,HARD,15.0,MEDIUM,23.62999999999998,False,False,14.0,15.0,1,Williams,Williams,0.023500000000240107,38,0,52.0,0.34615384615384615
silverstone,2021,10,RUS,TSU,18,30,33,defend_behind,-1.0320000000001528,16.0,MEDIUM,HARD,17.0,MEDIUM,23.62999999999998,False,False,14.0,13.0,0,Williams,Williams,0.023500000000240107,38,0,52.0,0.34615384615384615
silverstone,2021,10,VET,LAT,18,19,22,undercut_ahead,1.155999999999949,21.0,MEDIUM,HARD,15.0,MEDIUM,23.62999999999998,False,False,17.0,16.0,0,Aston Martin,Aston Martin,-0.009999999999763531,41,0,52.0,0.34615384615384615
silverstone,2022,10,ALO,NOR,33,34,37,undercut_ahead,2.088999999999942,32.0,MEDIUM,HARD,32.0,MEDIUM,23.62999999999998,False,False,6.0,5.0,0,Alpine,Alpine,-0.040499999999610736,45,0,52.0,0.6346153846153846
silverstone,2022,10,ALO,NOR,39,40,43,undercut_ahead,2.380000000001018,6.0,HARD,SOFT,4.0,HARD,23.62999999999998,False,True,5.0,6.0,1,Alpine,Alpine,-0.040499999999610736,45,0,52.0,0.75
silverstone,2022,10,LAT,OCO,19,22,25,undercut_ahead,2.5789999999997235,18.0,SOFT,MEDIUM,17.0,SOFT,23.62999999999998,False,False,9.0,10.0,1,Williams,Williams,0.2810000000006312,50,0,52.0,0.36538461538461536
silverstone,2022,10,LAT,STR,39,40,43,defend_behind,-0.8029999999998836,20.0,MEDIUM,SOFT,24.0,HARD,23.62999999999998,False,True,11.0,12.0,1,Williams,Williams,0.2810000000006312,50,0,52.0,0.75
silverstone,2022,10,LEC,HAM,25,33,36,defend_behind,-1.305000000000291,24.0,MEDIUM,HARD,23.0,MEDIUM,23.62999999999998,False,False,1.0,3.0,1,Ferrari,Ferrari,-0.5029999999997017,37,0,52.0,0.4807692307692308
silverstone,2022,10,MSC,RIC,19,20,23,undercut_ahead,0.3349999999991269,18.0,MEDIUM,HARD,18.0,MEDIUM,23.62999999999998,True,False,11.0,13.0,1,Haas F1 Team,Haas F1 Team,0.6865000000007058,39,0,52.0,0.36538461538461536
silverstone,2022,10,MSC,PER,19,39,42,defend_behind,-1.3280000000013388,18.0,MEDIUM,HARD,14.0,MEDIUM,23.62999999999998,True,True,10.0,4.0,0,Haas F1 Team,Haas F1 Team,0.6865000000007058,39,0,52.0,0.36538461538461536
silverstone,2022,10,RIC,PER,20,39,42,defend_behind,-0.8040000000000873,20.0,MEDIUM,HARD,15.0,MEDIUM,23.62999999999998,True,True,13.0,4.0,0,McLaren,McLaren,-0.17475000000013097,52,0,52.0,0.38461538461538464
silverstone,2022,10,SAI,LEC,20,25,28,defend_behind,-0.8040000000000873,19.0,MEDIUM,HARD,18.0,MEDIUM,23.62999999999998,False,False,2.0,3.0,1,Ferrari,Ferrari,-0.5029999999997017,37,1,52.0,0.38461538461538464
silverstone,2022,10,STR,GAS,15,16,19,undercut_ahead,0.7900000000008731,16.0,MEDIUM,HARD,13.0,SOFT,23.62999999999998,True,False,16.0,15.0,0,Aston Martin,Aston Martin,-0.04449999999951615,47,0,52.0,0.28846153846153844
silverstone,2022,10,STR,PER,15,39,42,defend_behind,-1.8179999999993013,16.0,MEDIUM,HARD,10.0,MEDIUM,23.62999999999998,True,True,12.0,4.0,0,Aston Martin,Aston Martin,-0.04449999999951615,47,0,52.0,0.28846153846153844
silverstone,2022,10,VET,RIC,6,20,23,undercut_ahead,0.462999999999738,5.0,SOFT,MEDIUM,5.0,MEDIUM,23.62999999999998,True,True,8.0,13.0,1,Aston Martin,Aston Martin,-0.04449999999951615,47,0,52.0,0.11538461538461539
silverstone,2022,10,VET,MAG,6,22,25,defend_behind,-0.7349999999996726,5.0,SOFT,MEDIUM,6.0,MEDIUM,23.62999999999998,True,True,7.0,12.0,1,Aston Martin,Aston Martin,-0.04449999999951615,47,0,52.0,0.11538461538461539
silverstone,2023,10,GAS,ALO,31,33,36,undercut_ahead,2.631999999999607,31.0,MEDIUM,SOFT,31.0,MEDIUM,23.62999999999998,False,True,11.0,6.0,0,Alpine,Alpine,0.4069999999992433,51,1,52.0,0.5961538461538461
silverstone,2023,10,HUL,SAR,7,29,32,undercut_ahead,0.7180000000007567,7.0,HARD,MEDIUM,6.0,MEDIUM,23.62999999999998,True,True,18.0,15.0,0,Haas F1 Team,Haas F1 Team,0.2820000000001528,55,0,52.0,0.1346153846153846
silverstone,2023,10,HUL,DEV,7,27,30,defend_behind,-0.3819999999996071,7.0,HARD,MEDIUM,6.0,SOFT,23.62999999999998,True,False,19.0,17.0,0,Haas F1 Team,Haas F1 Team,0.2820000000001528,55,0,52.0,0.1346153846153846
silverstone,2023,10,LEC,RUS,18,28,31,defend_behind,-0.6190000000005966,18.0,MEDIUM,HARD,20.0,SOFT,23.62999999999998,False,False,9.0,8.0,0,Ferrari,Ferrari,-0.42574999999987995,50,1,52.0,0.34615384615384615
silverstone,2023,10,PER,GAS,28,31,34,undercut_ahead,1.2460000000000946,28.0,MEDIUM,SOFT,27.0,MEDIUM,23.62999999999998,False,True,8.0,11.0,1,Red Bull Racing,Red Bull Racing,-0.4220000000004802,59,0,52.0,0.5384615384615384
silverstone,2023,10,SAI,HAM,26,33,36,defend_behind,-1.2349999999996726,26.0,MEDIUM,HARD,25.0,MEDIUM,23.62999999999998,False,True,7.0,3.0,0,Ferrari,Ferrari,-0.42574999999987995,50,0,52.0,0.5
silverstone,2023,10,TSU,SAR,14,29,32,defend_behind,-0.5390000000006694,14.0,SOFT,HARD,13.0,MEDIUM,23.62999999999998,False,True,13.0,15.0,1,AlphaTauri,AlphaTauri,-0.2809999999981301,56,0,52.0,0.2692307692307692
silverstone,2023,10,ZHO,BOT,24,32,35,defend_behind,-1.9989999999997965,24.0,MEDIUM,HARD,23.0,HARD,23.62999999999998,False,True,17.0,14.0,0,Alfa Romeo,Alfa Romeo,0.4070000000001528,56,0,52.0,0.46153846153846156
silverstone,2024,12,ALB,TSU,27,38,41,undercut_ahead,1.0850000000000364,27.0,MEDIUM,INTERMEDIATE,26.0,MEDIUM,23.62999999999998,False,False,10.0,9.0,0,Williams,Williams,0.15499999999974534,49,0,52.0,0.5192307692307693
silverstone,2024,12,ALB,MAG,27,37,40,defend_behind,-2.520000000000437,27.0,MEDIUM,INTERMEDIATE,26.0,MEDIUM,23.62999999999998,False,False,10.0,11.0,1,Williams,Williams,0.15499999999974534,49,0,52.0,0.5192307692307693
silverstone,2024,12,ALO,TSU,27,38,41,defend_behind,-1.6419999999998254,27.0,MEDIUM,INTERMEDIATE,26.0,MEDIUM,23.62999999999998,False,False,8.0,9.0,1,Aston Martin,Aston Martin,0.060000000000172804,56,0,52.0,0.5192307692307693
silverstone,2024,12,HAM,PIA,27,28,31,undercut_ahead,2.261999999999716,27.0,MEDIUM,INTERMEDIATE,26.0,MEDIUM,23.62999999999998,False,False,2.0,6.0,1,Mercedes,Mercedes,-0.07200000000057116,51,0,52.0,0.5192307692307693
silverstone,2024,12,HAM,NOR,38,39,42,undercut_ahead,1.934999999999491,11.0,INTERMEDIATE,SOFT,10.0,INTERMEDIATE,23.62999999999998,False,False,1.0,2.0,1,Mercedes,Mercedes,-0.07200000000057116,51,1,52.0,0.7307692307692307
silverstone,2024,12,HUL,ALO,26,27,30,defend_behind,-1.9219999999995707,26.0,MEDIUM,INTERMEDIATE,25.0,MEDIUM,23.62999999999998,False,False,7.0,9.0,1,Haas F1 Team,Haas F1 Team,0.35299999999961074,51,1,52.0,0.5
silverstone,2024,12,LEC,STR,19,26,29,defend_behind,-1.1720000000004802,19.0,MEDIUM,INTERMEDIATE,18.0,MEDIUM,23.62999999999998,False,False,16.0,8.0,0,Ferrari,Ferrari,-0.19399999999995998,51,1,52.0,0.36538461538461536
silverstone,2024,12,MAG,ALB,27,38,41,undercut_ahead,2.520000000000437,27.0,MEDIUM,INTERMEDIATE,26.0,MEDIUM,23.62999999999998,False,False,11.0,10.0,0,Haas F1 Team,Haas F1 Team,0.35299999999961074,51,0,52.0,0.5192307692307693
silverstone,2024,12,MAG,SAR,27,38,41,defend_behind,-1.2489999999997965,27.0,MEDIUM,INTERMEDIATE,26.0,MEDIUM,23.62999999999998,False,False,11.0,12.0,1,Haas F1 Team,Haas F1 Team,0.35299999999961074,51,0,52.0,0.5192307692307693
silverstone,2024,12,NOR,PIA,27,28,31,defend_behind,-0.6050000000004729,27.0,MEDIUM,INTERMEDIATE,26.0,MEDIUM,23.62999999999998,False,False,1.0,6.0,1,McLaren,McLaren,-0.14574999999990723,52,0,52.0,0.5192307692307693
silverstone,2024,12,PER,MAG,19,27,30,undercut_ahead,1.8510000000005675,19.0,HARD,INTERMEDIATE,18.0,MEDIUM,23.62999999999998,False,False,17.0,12.0,0,Red Bull Racing,Red Bull Racing,-0.2855000000001837,52,0,52.0,0.36538461538461536
silverstone,2024,12,PER,RIC,19,26,29,defend_behind,-1.9929999999994836,19.0,HARD,INTERMEDIATE,18.0,MEDIUM,23.62999999999998,False,False,17.0,14.0,0,Red Bull Racing,Red Bull Racing,-0.2855000000001837,52,0,52.0,0.36538461538461536
silverstone,2024,12,PIA,SAI,38,39,42,undercut_ahead,0.9669999999996436,10.0,INTERMEDIATE,MEDIUM,11.0,INTERMEDIATE,23.62999999999998,True,False,4.0,5.0,1,McLaren,McLaren,-0.14574999999990723,52,0,52.0,0.7307692307692307
silverstone,2024,12,RIC,SAR,37,38,41,undercut_ahead,1.4329999999999927,11.0,INTERMEDIATE,SOFT,9.0,INTERMEDIATE,23.62999999999998,False,False,13.0,12.0,0,RB,RB,-0.17949999999973443,44,0,52.0,0.7115384615384616
silverstone,2024,12,SAI,VER,26,38,41,undercut_ahead,0.316000000000713,26.0,MEDIUM,INTERMEDIATE,25.0,MEDIUM,23.62999999999998,True,False,5.0,3.0,0,Ferrari,Ferrari,-0.19399999999995998,51,0,52.0,0.5
silverstone,2024,12,SAR,MAG,27,37,40,undercut_ahead,1.2489999999997965,27.0,MEDIUM,INTERMEDIATE,26.0,MEDIUM,23.62999999999998,False,False,12.0,11.0,0,Williams,Williams,0.15499999999974534,49,0,52.0,0.5192307692307693
silverstone,2024,12,STR,ALO,26,27,30,undercut_ahead,1.2420000000001892,26.0,MEDIUM,INTERMEDIATE,25.0,MEDIUM,23.62999999999998,False,False,8.0,9.0,1,Aston Martin,Aston Martin,0.060000000000172804,56,1,52.0,0.5
silverstone,2024,12,STR,TSU,26,27,30,defend_behind,-0.7579999999998108,26.0,MEDIUM,INTERMEDIATE,25.0,MEDIUM,23.62999999999998,False,False,8.0,10.0,1,Aston Martin,Aston Martin,0.060000000000172804,56,1,52.0,0.5
silverstone,2024,12,TSU,ALO,27,38,41,undercut_ahead,1.6419999999998254,27.0,MEDIUM,INTERMEDIATE,26.0,MEDIUM,23.62999999999998,False,False,9.0,8.0,0,RB,RB,-0.17949999999973443,44,0,52.0,0.5192307692307693
silverstone,2024,12,TSU,ALB,27,38,41,defend_behind,-1.0850000000000364,27.0,MEDIUM,INTERMEDIATE,26.0,MEDIUM,23.62999999999998,False,False,9.0,10.0,1,RB,RB,-0.17949999999973443,44,1,52.0,0.5192307692307693
silverstone,2024,12,VER,SAI,26,39,42,defend_behind,-0.316000000000713,26.0,MEDIUM,INTERMEDIATE,25.0,MEDIUM,23.62999999999998,False,False,3.0,5.0,1,Red Bull Racing,Red Bull Racing,-0.2855000000001837,52,0,52.0,0.5
silverstone,2024,12,ZHO,BOT,12,26,29,undercut_ahead,2.699000000000524,12.0,SOFT,MEDIUM,11.0,MEDIUM,23.62999999999998,False,False,19.0,15.0,0,Kick Sauber,Kick Sauber,0.38599999999996726,55,0,52.0,0.23076923076923078
silverstone,2025,12,ALO,RUS,37,38,41,undercut_ahead,1.2910000000001671,26.0,INTERMEDIATE,MEDIUM,26.0,INTERMEDIATE,23.62999999999998,False,True,15.0,14.0,0,Aston Martin,Aston Martin,0.1950000000001637,50,0,52.0,0.7115384615384616
silverstone,2025,12,ALO,VER,37,41,44,defend_behind,-2.215000000000145,26.0,INTERMEDIATE,MEDIUM,25.0,INTERMEDIATE,23.62999999999998,False,True,8.0,6.0,0,Aston Martin,Aston Martin,0.1950000000001637,50,0,52.0,0.7115384615384616
silverstone,2025,12,ANT,SAI,2,11,14,undercut_ahead,0.349999999999909,2.0,INTERMEDIATE,HARD,1.0,INTERMEDIATE,23.62999999999998,True,True,15.0,11.0,0,Mercedes,Mercedes,-0.08674999999902866,48,0,52.0,0.038461538461538464
silverstone,2025,12,ANT,ALB,2,12,15,defend_behind,-0.5760000000000218,2.0,INTERMEDIATE,HARD,1.0,INTERMEDIATE,23.62999999999998,True,True,15.0,12.0,0,Mercedes,Mercedes,-0.08674999999902866,48,0,52.0,0.038461538461538464
silverstone,2025,12,ANT,LEC,9,10,13,defend_behind,-0.2439999999996871,7.0,HARD,INTERMEDIATE,8.0,MEDIUM,23.62999999999998,False,True,15.0,14.0,0,Mercedes,Mercedes,-0.08674999999902866,48,0,52.0,0.17307692307692307
silverstone,2025,12,BEA,ALB,41,42,45,undercut_ahead,0.7789999999995416,31.0,INTERMEDIATE,MEDIUM,28.0,INTERMEDIATE,23.62999999999998,True,True,11.0,9.0,0,Haas F1 Team,Haas F1 Team,0.5172499999998763,42,0,52.0,0.7884615384615384
silverstone,2025,12,BEA,OCO,41,42,45,defend_behind,-0.6510000000007494,31.0,INTERMEDIATE,MEDIUM,22.0,INTERMEDIATE,23.62999999999998,True,True,11.0,13.0,1,Haas F1 Team,Haas F1 Team,0.5172499999998763,42,0,52.0,0.7884615384615384
silverstone,2025,12,HAM,HUL,41,42,45,undercut_ahead,2.488000000000284,30.0,INTERMEDIATE,SOFT,31.0,INTERMEDIATE,23.62999999999998,False,True,4.0,3.0,0,Ferrari,Ferrari,-0.24724999999943975,46,1,52.0,0.7884615384615384
silverstone,2025,12,PIA,NOR,43,44,47,defend_behind,-1.3669999999983702,32.0,INTERMEDIATE,MEDIUM,31.0,INTERMEDIATE,23.62999999999998,False,True,2.0,1.0,0,McLaren,McLaren,-0.2272499999999127,48,0,52.0,0.8269230769230769
silverstone,2025,12,RUS,OCO,10,18,21,undercut_ahead,1.3189999999995052,10.0,HARD,INTERMEDIATE,9.0,INTERMEDIATE,23.62999999999998,False,True,7.0,15.0,1,Mercedes,Mercedes,-0.08674999999902866,48,0,52.0,0.19230769230769232
silverstone,2025,12,RUS,GAS,38,41,44,undercut_ahead,0.6430000000000291,28.0,INTERMEDIATE,HARD,26.0,INTERMEDIATE,23.62999999999998,True,True,10.0,7.0,0,Mercedes,Mercedes,-0.08674999999902866,48,0,52.0,0.7307692307692307
silverstone,2025,12,SAI,ALB,41,42,45,defend_behind,-0.8609999999998763,30.0,INTERMEDIATE,MEDIUM,28.0,INTERMEDIATE,23.62999999999998,False,True,12.0,9.0,0,Williams,Williams,0.0014999999998508429,46,0,52.0,0.7884615384615384
silverstone,2025,12,STR,HUL,6,9,12,undercut_ahead,1.1669999999999163,6.0,INTERMEDIATE,SOFT,5.0,INTERMEDIATE,23.62999999999998,False,True,5.0,6.0,1,Aston Martin,Aston Martin,0.1950000000001637,50,0,52.0,0.11538461538461539
silverstone,2025,12,STR,OCO,6,18,21,defend_behind,-1.3519999999998618,6.0,INTERMEDIATE,SOFT,5.0,INTERMEDIATE,23.62999999999998,False,True,3.0,15.0,1,Aston Martin,Aston Martin,0.1950000000001637,50,0,52.0,0.11538461538461539
silverstone,2025,12,STR,TSU,10,11,14,undercut_ahead,0.9520000000002256,4.0,SOFT,INTERMEDIATE,9.0,INTERMEDIATE,23.62999999999998,True,True,4.0,13.0,1,Aston Martin,Aston Martin,0.1950000000001637,50,1,52.0,0.19230769230769232
silverstone,2026,9,BEA,SAI,29,48,51,undercut_ahead,0.9859999999998764,29.0,MEDIUM,HARD,8.0,HARD,23.62999999999998,True,True,14.0,13.0,0,Haas F1 Team,Haas F1 Team,0.4760000000005675,19,1,52.0,0.5576923076923077
silverstone,2026,9,BEA,PIA,29,36,39,defend_behind,-0.5509999999994761,29.0,MEDIUM,HARD,26.0,HARD,23.62999999999998,True,True,14.0,15.0,1,Haas F1 Team,Haas F1 Team,0.4760000000005675,19,1,52.0,0.5576923076923077
silverstone,2026,9,BOR,LIN,26,27,30,undercut_ahead,2.543999999999869,26.0,MEDIUM,HARD,25.0,MEDIUM,23.62999999999998,False,False,10.0,9.0,0,Audi,Audi,0.0,23,0,52.0,0.5
silverstone,2026,9,HAD,NOR,19,28,31,defend_behind,-0.9619999999995344,19.0,MEDIUM,HARD,18.0,MEDIUM,23.62999999999998,False,True,7.0,6.0,0,Red Bull Racing,Red Bull Racing,-0.054500000000189175,22,1,52.0,0.36538461538461536
silverstone,2026,9,HUL,OCO,17,21,24,undercut_ahead,0.875,17.0,MEDIUM,HARD,16.0,MEDIUM,23.62999999999998,True,True,15.0,19.0,1,Audi,Audi,0.0,23,0,52.0,0.3269230769230769
silverstone,2026,9,LAW,HAD,28,38,41,undercut_ahead,2.186999999999898,28.0,MEDIUM,HARD,8.0,HARD,23.62999999999998,False,True,8.0,7.0,0,Racing Bulls,Racing Bulls,0.057999999999992724,21,1,52.0,0.5384615384615384
silverstone,2026,9,LEC,ANT,25,35,38,defend_behind,-2.981999999999971,25.0,MEDIUM,HARD,24.0,MEDIUM,23.62999999999998,False,True,1.0,2.0,1,Ferrari,Ferrari,-0.23250000000007276,22,0,52.0,0.4807692307692308
silverstone,2026,9,PER,BEA,21,29,32,defend_behind,-0.7570000000005166,21.0,MEDIUM,HARD,20.0,MEDIUM,23.62999999999998,False,True,18.0,17.0,0,Cadillac,Cadillac,1.1917499999995016,18,0,52.0,0.40384615384615385
silverstone,2026,9,PIA,BOR,2,26,29,undercut_ahead,0.2680000000000291,2.0,MEDIUM,HARD,1.0,MEDIUM,23.62999999999998,True,True,15.0,10.0,0,McLaren,McLaren,-0.26050000000032014,23,0,52.0,0.038461538461538464
silverstone,2026,9,PIA,HUL,2,17,20,defend_behind,-0.3030000000003383,2.0,MEDIUM,HARD,1.0,MEDIUM,23.62999999999998,True,True,19.0,17.0,0,McLaren,McLaren,-0.26050000000032014,23,0,52.0,0.038461538461538464
silverstone,2026,9,PIA,SAI,36,48,51,defend_behind,-0.8109999999996944,34.0,HARD,MEDIUM,15.0,HARD,23.62999999999998,False,True,12.0,13.0,1,McLaren,McLaren,-0.26050000000032014,23,0,52.0,0.6923076923076923
silverstone,2026,9,RUS,VER,34,38,41,undercut_ahead,0.4239999999999781,11.0,HARD,MEDIUM,16.0,HARD,23.62999999999998,True,True,5.0,4.0,0,Mercedes,Mercedes,-0.48700000000008004,21,1,52.0,0.6538461538461539
silverstone,2026,9,RUS,HAM,34,48,51,defend_behind,-0.5450000000000728,11.0,HARD,MEDIUM,10.0,HARD,23.62999999999998,True,True,2.0,3.0,1,Mercedes,Mercedes,-0.48700000000008004,21,1,52.0,0.6538461538461539
silverstone,2026,9,STR,ALO,18,20,23,defend_behind,-0.6989999999996144,18.0,MEDIUM,HARD,17.0,MEDIUM,23.62999999999998,False,True,21.0,20.0,0,Aston Martin,Aston Martin,-0.06750000000010914,15,0,52.0,0.34615384615384615
silverstone,2026,9,VER,RUS,17,23,26,undercut_ahead,0.7180000000007567,17.0,MEDIUM,HARD,16.0,MEDIUM,23.62999999999998,True,True,4.0,5.0,1,Red Bull Racing,Red Bull Racing,-0.054500000000189175,22,0,52.0,0.3269230769230769
spa_francorchamps,2018,13,GAS,ERI,25,26,29,defend_behind,-2.138999999999669,25.0,SUPERSOFT,SOFT,24.0,SOFT,21.728000000000023,False,False,9.0,10.0,1,Toro Rosso,Toro Rosso,0.04450000000019827,23,0,44.0,0.5681818181818182
spa_francorchamps,2018,13,SAI,STR,22,23,26,undercut_ahead,1.9049999999997451,22.0,MEDIUM,SUPERSOFT,21.0,SOFT,21.728000000000023,False,False,13.0,14.0,1,Renault,Renault,0.6220000000002983,21,0,44.0,0.5
spa_francorchamps,2018,13,SAI,HAR,22,31,34,defend_behind,-2.1840000000001965,22.0,MEDIUM,SUPERSOFT,21.0,SOFT,21.728000000000023,False,False,11.0,14.0,1,Renault,Renault,0.6220000000002983,21,0,44.0,0.5
spa_francorchamps,2018,13,STR,SIR,23,24,27,undercut_ahead,2.0540000000000878,23.0,SOFT,SUPERSOFT,22.0,SOFT,21.728000000000023,False,False,14.0,12.0,0,Williams,Williams,0.20049999999991996,32,1,44.0,0.5227272727272727
spa_francorchamps,2019,13,ALB,GIO,23,29,32,undercut_ahead,1.431999999999789,23.0,MEDIUM,SOFT,22.0,MEDIUM,21.728000000000023,False,False,10.0,12.0,1,Red Bull Racing,Red Bull Racing,-0.16499999999996362,36,1,44.0,0.5227272727272727
spa_francorchamps,2019,13,GAS,STR,13,14,17,defend_behind,-2.9049999999997453,13.0,SOFT,MEDIUM,12.0,SOFT,21.728000000000023,False,False,13.0,16.0,1,Toro Rosso,Toro Rosso,0.05900000000019645,31,1,44.0,0.29545454545454547
spa_francorchamps,2019,13,HUL,GIO,11,29,32,undercut_ahead,0.6330000000002656,14.0,SOFT,MEDIUM,10.0,MEDIUM,21.728000000000023,True,False,13.0,12.0,0,Renault,Renault,0.0,30,0,44.0,0.25
spa_francorchamps,2019,13,HUL,ALB,11,23,26,defend_behind,-0.5869999999999891,14.0,SOFT,MEDIUM,10.0,MEDIUM,21.728000000000023,True,False,11.0,14.0,1,Renault,Renault,0.0,30,0,44.0,0.25
spa_francorchamps,2019,13,KVY,GIO,24,29,32,defend_behind,-2.081000000000131,24.0,MEDIUM,SOFT,23.0,MEDIUM,21.728000000000023,False,False,9.0,12.0,1,Toro Rosso,Toro Rosso,0.05900000000019645,31,1,44.0,0.5454545454545454
spa_francorchamps,2019,13,PER,GRO,15,16,19,undercut_ahead,1.3949999999999818,18.0,SOFT,MEDIUM,14.0,SOFT,21.728000000000023,False,False,11.0,10.0,0,Racing Point,Racing Point,0.1320000000005166,37,1,44.0,0.3409090909090909
spa_francorchamps,2019,13,RUS,RAI,30,31,34,undercut_ahead,1.3589999999994689,30.0,MEDIUM,SOFT,28.0,MEDIUM,21.728000000000023,False,False,16.0,18.0,1,Williams,Williams,-0.25200000000040745,35,0,44.0,0.6818181818181818
spa_francorchamps,2019,13,RUS,KUB,30,31,34,defend_behind,-2.365000000000691,30.0,MEDIUM,SOFT,29.0,MEDIUM,21.728000000000023,False,False,16.0,17.0,1,Williams,Williams,-0.25200000000040745,35,0,44.0,0.6818181818181818
spa_francorchamps,2019,13,STR,KVY,14,24,27,defend_behind,-1.44399999999996,14.0,SOFT,MEDIUM,13.0,MEDIUM,21.728000000000023,False,False,13.0,12.0,0,Racing Point,Racing Point,0.1320000000005166,37,1,44.0,0.3181818181818182
spa_francorchamps,2019,13,VET,HAM,15,22,25,defend_behind,-1.2390000000000327,18.0,SOFT,MEDIUM,19.0,SOFT,21.728000000000023,False,False,1.0,3.0,1,Ferrari,Ferrari,-0.08799999999973807,43,1,44.0,0.3409090909090909
spa_francorchamps,2020,7,GRO,MAG,10,35,38,defend_behind,-2.58199999999988,10.0,MEDIUM,HARD,9.0,MEDIUM,21.728000000000023,False,True,14.0,17.0,1,Haas F1 Team,Haas F1 Team,0.9259999999999309,23,0,44.0,0.22727272727272727
spa_francorchamps,2020,7,LEC,KVY,10,11,14,undercut_ahead,2.186000000000149,10.0,SOFT,HARD,9.0,MEDIUM,21.728000000000023,False,True,14.0,11.0,0,Ferrari,Ferrari,0.17799999999988358,21,0,44.0,0.22727272727272727
spa_francorchamps,2020,7,LEC,VET,10,11,14,defend_behind,-1.2709999999997308,10.0,SOFT,HARD,9.0,MEDIUM,21.728000000000023,False,True,14.0,12.0,0,Ferrari,Ferrari,0.17799999999988358,21,0,44.0,0.22727272727272727
spa_francorchamps,2020,7,STR,GAS,11,26,29,defend_behind,-2.4299999999998363,14.0,SOFT,HARD,10.0,HARD,21.728000000000023,False,True,7.0,14.0,1,Racing Point,Racing Point,-0.055749999999989086,16,1,44.0,0.25
spa_francorchamps,2022,14,ALB,VET,10,14,17,undercut_ahead,2.9580000000005384,10.0,MEDIUM,HARD,10.0,MEDIUM,21.728000000000023,False,False,9.0,8.0,0,Williams,Williams,0.2810000000006312,50,0,44.0,0.22727272727272727
spa_francorchamps,2022,14,ALB,RIC,10,12,15,defend_behind,-0.4529999999995198,10.0,MEDIUM,HARD,9.0,MEDIUM,21.728000000000023,False,False,9.0,12.0,1,Williams,Williams,0.2810000000006312,50,0,44.0,0.22727272727272727
spa_francorchamps,2022,14,ALB,RIC,26,32,35,defend_behind,-0.8490000000001601,16.0,HARD,MEDIUM,13.0,HARD,21.728000000000023,False,False,10.0,15.0,1,Williams,Williams,0.2810000000006312,50,1,44.0,0.5909090909090909
spa_francorchamps,2022,14,ALO,VET,25,33,36,defend_behind,-1.1680000000005748,14.0,MEDIUM,HARD,10.0,HARD,21.728000000000023,False,False,6.0,8.0,1,Alpine,Alpine,-0.040499999999610736,45,1,44.0,0.5681818181818182
spa_francorchamps,2022,14,GAS,TSU,10,18,21,undercut_ahead,0.8760000000002037,10.0,MEDIUM,HARD,9.0,HARD,21.728000000000023,True,False,12.0,16.0,1,AlphaTauri,AlphaTauri,-0.24375000000009095,52,0,44.0,0.22727272727272727
spa_francorchamps,2022,14,GAS,LAT,10,15,18,defend_behind,-0.2120000000004438,10.0,MEDIUM,HARD,7.0,MEDIUM,21.728000000000023,True,False,12.0,18.0,1,AlphaTauri,AlphaTauri,-0.24375000000009095,52,0,44.0,0.22727272727272727
spa_francorchamps,2022,14,GAS,STR,22,26,29,undercut_ahead,0.9790000000002692,12.0,HARD,SOFT,7.0,MEDIUM,21.728000000000023,True,False,11.0,14.0,1,AlphaTauri,AlphaTauri,-0.24375000000009095,52,1,44.0,0.5
spa_francorchamps,2022,14,GAS,NOR,22,29,32,defend_behind,-0.8599999999996726,12.0,HARD,SOFT,8.0,HARD,21.728000000000023,True,False,9.0,13.0,1,AlphaTauri,AlphaTauri,-0.24375000000009095,52,1,44.0,0.5
spa_francorchamps,2022,14,LAT,ALB,15,26,29,defend_behind,-0.5889999999999418,13.0,MEDIUM,HARD,4.0,HARD,21.728000000000023,False,False,17.0,13.0,0,Williams,Williams,0.2810000000006312,50,1,44.0,0.3409090909090909
spa_francorchamps,2022,14,LEC,VER,3,15,18,undercut_ahead,1.7210000000000036,3.0,SOFT,MEDIUM,2.0,SOFT,21.728000000000023,False,True,5.0,1.0,0,Ferrari,Ferrari,-0.5029999999997017,37,1,44.0,0.06818181818181818
spa_francorchamps,2022,14,LEC,STR,3,15,18,defend_behind,-1.574999999999818,3.0,SOFT,MEDIUM,3.0,MEDIUM,21.728000000000023,False,True,5.0,13.0,1,Ferrari,Ferrari,-0.5029999999997017,37,1,44.0,0.06818181818181818
spa_francorchamps,2022,14,MAG,LEC,11,25,28,undercut_ahead,2.004000000000815,11.0,MEDIUM,HARD,7.0,MEDIUM,21.728000000000023,False,False,18.0,7.0,0,Haas F1 Team,Haas F1 Team,0.6865000000007058,39,0,44.0,0.25
spa_francorchamps,2022,14,MAG,ZHO,11,14,17,defend_behind,-0.5649999999995998,11.0,MEDIUM,HARD,10.0,MEDIUM,21.728000000000023,False,False,16.0,15.0,0,Haas F1 Team,Haas F1 Team,0.6865000000007058,39,0,44.0,0.25
spa_francorchamps,2022,14,MAG,TSU,27,30,33,undercut_ahead,2.030999999999949,16.0,HARD,MEDIUM,8.0,MEDIUM,21.728000000000023,False,False,16.0,14.0,0,Haas F1 Team,Haas F1 Team,0.6865000000007058,39,0,44.0,0.6136363636363636
spa_francorchamps,2022,14,MSC,LAT,14,15,18,undercut_ahead,2.1530000000002474,14.0,MEDIUM,HARD,11.0,MEDIUM,21.728000000000023,False,False,17.0,18.0,1,Haas F1 Team,Haas F1 Team,0.6865000000007058,39,0,44.0,0.3181818181818182
spa_francorchamps,2022,14,MSC,ALB,14,26,29,defend_behind,-0.2950000000000727,14.0,MEDIUM,HARD,3.0,HARD,21.728000000000023,False,False,15.0,13.0,0,Haas F1 Team,Haas F1 Team,0.6865000000007058,39,0,44.0,0.3181818181818182
spa_francorchamps,2022,14,NOR,LEC,13,25,28,undercut_ahead,1.5,13.0,MEDIUM,HARD,9.0,MEDIUM,21.728000000000023,True,False,10.0,7.0,0,McLaren,McLaren,-0.17475000000013097,52,1,44.0,0.29545454545454547
spa_francorchamps,2022,14,NOR,ZHO,13,14,17,defend_behind,-2.5349999999998545,13.0,MEDIUM,HARD,12.0,MEDIUM,21.728000000000023,True,False,13.0,15.0,1,McLaren,McLaren,-0.17475000000013097,52,1,44.0,0.29545454545454547
spa_francorchamps,2022,14,OCO,STR,12,15,18,undercut_ahead,0.8220000000001164,12.0,MEDIUM,HARD,12.0,MEDIUM,21.728000000000023,True,False,9.0,13.0,1,Alpine,Alpine,-0.040499999999610736,45,1,44.0,0.2727272727272727
spa_francorchamps,2022,14,OCO,NOR,12,13,16,defend_behind,-2.220999999999549,12.0,MEDIUM,HARD,11.0,MEDIUM,21.728000000000023,True,False,10.0,13.0,1,Alpine,Alpine,-0.040499999999610736,45,1,44.0,0.2727272727272727
spa_francorchamps,2022,14,RIC,STR,12,15,18,defend_behind,-0.8339999999998327,12.0,MEDIUM,HARD,12.0,MEDIUM,21.728000000000023,False,False,11.0,13.0,1,McLaren,McLaren,-0.17475000000013097,52,1,44.0,0.2727272727272727
spa_francorchamps,2022,14,SAI,PER,11,14,17,defend_behind,-1.5320000000001528,13.0,SOFT,MEDIUM,10.0,MEDIUM,21.728000000000023,False,False,1.0,3.0,1,Ferrari,Ferrari,-0.5029999999997017,37,0,44.0,0.25
spa_francorchamps,2022,14,STR,RIC,26,32,35,undercut_ahead,0.6199999999998909,12.0,MEDIUM,HARD,13.0,HARD,21.728000000000023,True,False,11.0,15.0,1,Aston Martin,Aston Martin,-0.04449999999951615,47,1,44.0,0.5909090909090909
spa_francorchamps,2022,14,STR,NOR,26,29,32,defend_behind,-0.7669999999998254,12.0,MEDIUM,HARD,12.0,HARD,21.728000000000023,True,False,12.0,13.0,1,Aston Martin,Aston Martin,-0.04449999999951615,47,1,44.0,0.5909090909090909
spa_francorchamps,2022,14,TSU,ALO,18,25,28,undercut_ahead,2.8710000000000946,18.0,HARD,MEDIUM,6.0,MEDIUM,21.728000000000023,False,False,11.0,9.0,0,AlphaTauri,AlphaTauri,-0.24375000000009095,52,1,44.0,0.4090909090909091
spa_francorchamps,2022,14,TSU,VET,18,33,36,defend_behind,-1.9380000000001016,18.0,HARD,MEDIUM,3.0,HARD,21.728000000000023,False,False,14.0,8.0,0,AlphaTauri,AlphaTauri,-0.24375000000009095,52,1,44.0,0.4090909090909091
spa_francorchamps,2022,14,VET,SAI,14,25,28,undercut_ahead,0.63799999999992,15.0,MEDIUM,HARD,2.0,MEDIUM,21.728000000000023,True,False,5.0,4.0,0,Aston Martin,Aston Martin,-0.04449999999951615,47,1,44.0,0.3181818181818182
spa_francorchamps,2022,14,ZHO,TSU,28,30,33,defend_behind,-2.317999999999301,14.0,MEDIUM,SOFT,9.0,MEDIUM,21.728000000000023,False,False,13.0,14.0,1,Alfa Romeo,Alfa Romeo,0.5190000000002328,39,1,44.0,0.6363636363636364
spa_francorchamps,2023,12,ALB,TSU,7,9,12,undercut_ahead,2.7210000000004584,7.0,SOFT,MEDIUM,6.0,MEDIUM,21.728000000000023,False,False,10.0,9.0,0,Williams,Williams,0.27400000000125146,48,1,44.0,0.1590909090909091
spa_francorchamps,2023,12,ALB,STR,7,20,23,defend_behind,-1.5549999999993815,7.0,SOFT,MEDIUM,6.0,MEDIUM,21.728000000000023,False,False,10.0,17.0,1,Williams,Williams,0.27400000000125146,48,1,44.0,0.1590909090909091
spa_francorchamps,2023,12,BOT,SAR,6,8,11,undercut_ahead,0.3950000000004365,6.0,SOFT,MEDIUM,5.0,SOFT,21.728000000000023,True,False,16.0,19.0,1,Alfa Romeo,Alfa Romeo,0.4070000000001528,56,1,44.0,0.13636363636363635
spa_francorchamps,2023,12,BOT,GAS,6,23,26,defend_behind,-0.6890000000003056,6.0,SOFT,MEDIUM,5.0,SOFT,21.728000000000023,True,False,13.0,11.0,0,Alfa Romeo,Alfa Romeo,0.4070000000001528,56,1,44.0,0.13636363636363635
spa_francorchamps,2023,12,GAS,TSU,23,24,27,defend_behind,-0.3569999999999709,23.0,SOFT,MEDIUM,13.0,MEDIUM,21.728000000000023,False,False,11.0,9.0,0,Alpine,Alpine,0.4069999999992433,51,1,44.0,0.5227272727272727
spa_francorchamps,2023,12,HUL,ALO,12,29,32,defend_behind,-0.2100000000000363,12.0,MEDIUM,SOFT,1.0,MEDIUM,21.728000000000023,False,False,15.0,5.0,0,Haas F1 Team,Haas F1 Team,0.2820000000001528,55,0,44.0,0.2727272727272727
spa_francorchamps,2023,12,MAG,HUL,5,12,15,undercut_ahead,0.6899999999995998,5.0,SOFT,MEDIUM,4.0,MEDIUM,21.728000000000023,True,False,12.0,19.0,1,Haas F1 Team,Haas F1 Team,0.2820000000001528,55,1,44.0,0.11363636363636363
spa_francorchamps,2023,12,MAG,RIC,5,22,25,defend_behind,-0.7440000000005966,5.0,SOFT,MEDIUM,4.0,SOFT,21.728000000000023,True,False,9.0,16.0,1,Haas F1 Team,Haas F1 Team,0.2820000000001528,55,1,44.0,0.11363636363636363
spa_francorchamps,2023,12,NOR,STR,5,20,23,undercut_ahead,0.3810000000003128,5.0,MEDIUM,HARD,4.0,MEDIUM,21.728000000000023,True,False,13.0,17.0,1,McLaren,McLaren,-0.07900000000017826,57,1,44.0,0.11363636363636363
spa_francorchamps,2023,12,NOR,RUS,5,22,25,defend_behind,-0.1970000000001164,5.0,MEDIUM,HARD,4.0,MEDIUM,21.728000000000023,True,False,8.0,7.0,0,McLaren,McLaren,-0.07900000000017826,57,1,44.0,0.11363636363636363
spa_francorchamps,2023,12,NOR,ZHO,17,25,28,undercut_ahead,0.8229999999994106,12.0,HARD,SOFT,9.0,MEDIUM,21.728000000000023,True,False,7.0,18.0,1,McLaren,McLaren,-0.07900000000017826,57,0,44.0,0.38636363636363635
spa_francorchamps,2023,12,OCO,RUS,6,22,25,undercut_ahead,1.029000000000451,6.0,SOFT,MEDIUM,5.0,MEDIUM,21.728000000000023,False,False,6.0,7.0,1,Alpine,Alpine,0.4069999999992433,51,1,44.0,0.13636363636363635
spa_francorchamps,2023,12,OCO,SAR,6,8,11,defend_behind,-0.4919999999992797,6.0,SOFT,MEDIUM,5.0,SOFT,21.728000000000023,False,False,12.0,19.0,1,Alpine,Alpine,0.4069999999992433,51,1,44.0,0.13636363636363635
spa_francorchamps,2023,12,PER,VER,13,14,17,defend_behind,-2.493999999999687,13.0,SOFT,MEDIUM,12.0,SOFT,21.728000000000023,False,False,2.0,1.0,0,Red Bull Racing,Red Bull Racing,-0.4220000000004802,59,0,44.0,0.29545454545454547
spa_francorchamps,2023,12,RIC,MAG,5,25,28,undercut_ahead,0.7440000000005966,5.0,SOFT,MEDIUM,4.0,SOFT,21.728000000000023,True,False,16.0,14.0,0,AlphaTauri,AlphaTauri,-0.2809999999981301,56,0,44.0,0.11363636363636363
spa_francorchamps,2023,12,SAI,SAR,7,8,11,defend_behind,-0.9819999999999708,7.0,SOFT,MEDIUM,6.0,SOFT,21.728000000000023,True,False,18.0,19.0,1,Ferrari,Ferrari,-0.42574999999987995,50,1,44.0,0.1590909090909091
spa_francorchamps,2023,12,SAR,GAS,8,23,26,defend_behind,-0.7459999999991851,8.0,SOFT,MEDIUM,7.0,SOFT,21.728000000000023,False,False,17.0,11.0,0,Williams,Williams,0.27400000000125146,48,1,44.0,0.18181818181818182
spa_francorchamps,2023,12,STR,GAS,20,23,26,undercut_ahead,0.5,20.0,MEDIUM,SOFT,19.0,SOFT,21.728000000000023,True,False,8.0,11.0,1,Aston Martin,Aston Martin,0.011999999999716238,50,0,44.0,0.45454545454545453
spa_francorchamps,2023,12,STR,TSU,20,24,27,defend_behind,-0.4129999999995561,20.0,MEDIUM,SOFT,10.0,MEDIUM,21.728000000000023,True,False,8.0,9.0,1,Aston Martin,Aston Martin,0.011999999999716238,50,0,44.0,0.45454545454545453
spa_francorchamps,2023,12,ZHO,GAS,7,23,26,undercut_ahead,0.6400000000003274,7.0,SOFT,MEDIUM,6.0,SOFT,21.728000000000023,True,False,18.0,11.0,0,Alfa Romeo,Alfa Romeo,0.4070000000001528,56,1,44.0,0.1590909090909091
spa_francorchamps,2023,12,ZHO,HUL,7,12,15,defend_behind,-0.558999999999287,7.0,SOFT,MEDIUM,6.0,MEDIUM,21.728000000000023,True,False,16.0,19.0,1,Alfa Romeo,Alfa Romeo,0.4070000000001528,56,1,44.0,0.1590909090909091
spa_francorchamps,2024,14,ALB,OCO,23,30,33,defend_behind,-0.7590000000000146,15.0,MEDIUM,HARD,10.0,HARD,21.728000000000023,False,False,14.0,13.0,0,Williams,Williams,0.15499999999974534,49,1,44.0,0.5227272727272727
spa_francorchamps,2024,14,BOT,OCO,11,12,15,undercut_ahead,2.0650000000005093,11.0,MEDIUM,HARD,10.0,MEDIUM,21.728000000000023,False,True,17.0,14.0,0,Kick Sauber,Kick Sauber,0.38599999999996726,55,1,44.0,0.25
spa_francorchamps,2024,14,BOT,STR,11,12,15,defend_behind,-2.041000000000168,11.0,MEDIUM,HARD,10.0,MEDIUM,21.728000000000023,False,True,17.0,18.0,1,Kick Sauber,Kick Sauber,0.38599999999996726,55,1,44.0,0.25
spa_francorchamps,2024,14,GAS,OCO,9,12,15,undercut_ahead,1.309999999999491,9.0,MEDIUM,HARD,8.0,MEDIUM,21.728000000000023,False,True,15.0,14.0,0,Alpine,Alpine,-0.08099999999967622,47,1,44.0,0.20454545454545456
spa_francorchamps,2024,14,GAS,BOT,9,11,14,defend_behind,-0.873000000000502,9.0,MEDIUM,HARD,8.0,MEDIUM,21.728000000000023,False,False,15.0,17.0,1,Alpine,Alpine,-0.08099999999967622,47,1,44.0,0.20454545454545456
spa_francorchamps,2024,14,HAM,LEC,11,12,15,defend_behind,-2.105000000000473,11.0,MEDIUM,HARD,10.0,MEDIUM,21.728000000000023,False,True,3.0,4.0,1,Mercedes,Mercedes,-0.07200000000057116,51,0,44.0,0.25
spa_francorchamps,2024,14,HUL,STR,7,12,15,undercut_ahead,1.2460000000000946,7.0,MEDIUM,HARD,6.0,MEDIUM,21.728000000000023,False,True,13.0,18.0,1,Haas F1 Team,Haas F1 Team,0.35299999999961074,51,0,44.0,0.1590909090909091
spa_francorchamps,2024,14,HUL,MAG,7,17,20,defend_behind,-0.7909999999997126,7.0,MEDIUM,HARD,6.0,MEDIUM,21.728000000000023,False,True,16.0,18.0,1,Haas F1 Team,Haas F1 Team,0.35299999999961074,51,0,44.0,0.1590909090909091
spa_francorchamps,2024,14,HUL,BOT,20,35,38,undercut_ahead,1.4780000000000657,13.0,HARD,MEDIUM,8.0,HARD,21.728000000000023,False,False,18.0,16.0,0,Haas F1 Team,Haas F1 Team,0.35299999999961074,51,0,44.0,0.45454545454545453
spa_francorchamps,2024,14,MAG,ALB,17,23,26,defend_behind,-1.559999999999491,17.0,MEDIUM,HARD,8.0,MEDIUM,21.728000000000023,False,False,15.0,16.0,1,Haas F1 Team,Haas F1 Team,0.35299999999961074,51,0,44.0,0.38636363636363635
spa_francorchamps,2024,14,OCO,ALO,12,13,16,undercut_ahead,2.7270000000007717,12.0,MEDIUM,HARD,11.0,MEDIUM,21.728000000000023,False,True,13.0,12.0,0,Alpine,Alpine,-0.08099999999967622,47,1,44.0,0.2727272727272727
spa_francorchamps,2024,14,PIA,PER,11,21,24,undercut_ahead,1.5269999999991342,11.0,MEDIUM,HARD,10.0,MEDIUM,21.728000000000023,False,True,3.0,8.0,1,McLaren,McLaren,-0.14574999999990723,52,1,44.0,0.25
spa_francorchamps,2024,14,PIA,SAI,11,20,23,defend_behind,-1.949000000000524,11.0,MEDIUM,HARD,10.0,HARD,21.728000000000023,False,True,3.0,7.0,1,McLaren,McLaren,-0.14574999999990723,52,1,44.0,0.25
spa_francorchamps,2024,14,RIC,BOT,8,11,14,undercut_ahead,0.7280000000000655,8.0,SOFT,MEDIUM,7.0,MEDIUM,21.728000000000023,True,False,12.0,17.0,1,RB,RB,-0.17949999999973443,44,0,44.0,0.18181818181818182
spa_francorchamps,2024,14,RIC,STR,8,12,15,defend_behind,-0.8459999999995489,8.0,SOFT,MEDIUM,7.0,MEDIUM,21.728000000000023,True,True,11.0,18.0,1,RB,RB,-0.17949999999973443,44,0,44.0,0.18181818181818182
spa_francorchamps,2024,14,RIC,ALB,21,23,26,undercut_ahead,0.7979999999997744,13.0,MEDIUM,SOFT,12.0,MEDIUM,21.728000000000023,True,False,14.0,16.0,1,RB,RB,-0.17949999999973443,44,1,44.0,0.4772727272727273
spa_francorchamps,2024,14,RIC,OCO,21,30,33,defend_behind,-0.7820000000001528,13.0,MEDIUM,SOFT,8.0,HARD,21.728000000000023,True,False,12.0,13.0,1,RB,RB,-0.17949999999973443,44,1,44.0,0.4772727272727273
spa_francorchamps,2024,14,RUS,PIA,10,11,14,undercut_ahead,1.018000000000029,10.0,MEDIUM,HARD,9.0,MEDIUM,21.728000000000023,False,False,7.0,5.0,0,Mercedes,Mercedes,-0.07200000000057116,51,1,44.0,0.22727272727272727
spa_francorchamps,2024,14,RUS,SAI,10,20,23,defend_behind,-0.793999999999869,10.0,MEDIUM,HARD,9.0,HARD,21.728000000000023,False,True,4.0,7.0,1,Mercedes,Mercedes,-0.07200000000057116,51,1,44.0,0.22727272727272727
spa_francorchamps,2024,14,TSU,MAG,15,17,20,undercut_ahead,2.181999999999789,15.0,MEDIUM,SOFT,14.0,MEDIUM,21.728000000000023,False,True,19.0,18.0,0,RB,RB,-0.17949999999973443,44,0,44.0,0.3409090909090909
spa_francorchamps,2024,14,TSU,ALB,15,23,26,defend_behind,-0.5020000000004075,15.0,MEDIUM,SOFT,6.0,MEDIUM,21.728000000000023,False,True,17.0,16.0,0,RB,RB,-0.17949999999973443,44,0,44.0,0.3409090909090909
spa_francorchamps,2024,14,VER,NOR,10,15,18,undercut_ahead,0.8689999999996871,10.0,MEDIUM,HARD,9.0,MEDIUM,21.728000000000023,True,True,7.0,8.0,1,Red Bull Racing,Red Bull Racing,-0.2855000000001837,52,1,44.0,0.22727272727272727
spa_francorchamps,2024,14,VER,NOR,28,29,32,defend_behind,-1.063999999999396,18.0,HARD,MEDIUM,12.0,HARD,21.728000000000023,False,False,5.0,6.0,1,Red Bull Racing,Red Bull Racing,-0.2855000000001837,52,1,44.0,0.6363636363636364
spa_francorchamps,2025,13,ALB,TSU,12,13,16,defend_behind,-2.522000000000844,12.0,INTERMEDIATE,MEDIUM,11.0,INTERMEDIATE,21.728000000000023,False,False,6.0,12.0,1,Williams,Williams,0.0014999999998508429,46,1,44.0,0.2727272727272727
spa_francorchamps,2025,13,ALO,ANT,11,12,15,undercut_ahead,1.1749999999992724,11.0,INTERMEDIATE,MEDIUM,10.0,INTERMEDIATE,21.728000000000023,False,False,13.0,17.0,1,Aston Martin,Aston Martin,0.1950000000001637,50,1,44.0,0.25
spa_francorchamps,2025,13,ALO,STR,11,12,15,defend_behind,-0.4310000000004947,11.0,INTERMEDIATE,MEDIUM,10.0,INTERMEDIATE,21.728000000000023,False,False,13.0,18.0,1,Aston Martin,Aston Martin,0.1950000000001637,50,1,44.0,0.25
spa_francorchamps,2025,13,ALO,ANT,29,30,33,undercut_ahead,1.7369999999991703,18.0,MEDIUM,,16.0,MEDIUM,21.728000000000023,False,False,17.0,16.0,0,Aston Martin,Aston Martin,0.1950000000001637,50,0,44.0,0.6590909090909091
spa_francorchamps,2025,13,ANT,SAI,12,26,29,undercut_ahead,1.0380000000004657,12.0,INTERMEDIATE,MEDIUM,11.0,INTERMEDIATE,21.728000000000023,False,False,14.0,18.0,1,Mercedes,Mercedes,-0.08674999999902866,48,1,44.0,0.2727272727272727
spa_francorchamps,2025,13,BEA,OCO,12,13,16,defend_behind,-2.742000000000189,12.0,INTERMEDIATE,MEDIUM,11.0,INTERMEDIATE,21.728000000000023,False,False,14.0,20.0,1,Haas F1 Team,Haas F1 Team,0.5172499999998763,42,1,44.0,0.2727272727272727
spa_francorchamps,2025,13,COL,SAI,12,26,29,defend_behind,-0.9020000000000435,12.0,INTERMEDIATE,MEDIUM,11.0,INTERMEDIATE,21.728000000000023,False,False,19.0,18.0,0,Alpine,Alpine,0.2495000000001255,46,0,44.0,0.2727272727272727
spa_francorchamps,2025,13,GAS,HUL,11,32,35,defend_behind,-0.9179999999996652,11.0,INTERMEDIATE,MEDIUM,10.0,INTERMEDIATE,21.728000000000023,False,False,10.0,14.0,1,Alpine,Alpine,0.2495000000001255,46,1,44.0,0.25
spa_francorchamps,2025,13,HAD,SAI,20,26,29,undercut_ahead,1.4020000000000437,10.0,MEDIUM,HARD,7.0,MEDIUM,21.728000000000023,False,False,20.0,18.0,0,Racing Bulls,Racing Bulls,-0.18699999999989814,41,0,44.0,0.45454545454545453
spa_francorchamps,2025,13,HAM,BEA,11,12,15,undercut_ahead,1.1330000000016298,11.0,INTERMEDIATE,MEDIUM,10.0,INTERMEDIATE,21.728000000000023,False,False,7.0,14.0,1,Ferrari,Ferrari,-0.24724999999943975,46,1,44.0,0.25
spa_francorchamps,2025,13,HUL,COL,11,12,15,defend_behind,-0.8739999999997963,11.0,INTERMEDIATE,MEDIUM,10.0,INTERMEDIATE,21.728000000000023,True,False,9.0,15.0,1,Kick Sauber,Kick Sauber,-0.047999999999774445,41,0,44.0,0.25
spa_francorchamps,2025,13,LAW,HAD,12,13,16,undercut_ahead,0.6559999999990396,12.0,INTERMEDIATE,MEDIUM,11.0,INTERMEDIATE,21.728000000000023,True,False,8.0,16.0,1,Racing Bulls,Racing Bulls,-0.18699999999989814,41,1,44.0,0.2727272727272727
spa_francorchamps,2025,13,PIA,NOR,12,13,16,defend_behind,-1.9719999999997528,12.0,INTERMEDIATE,MEDIUM,11.0,INTERMEDIATE,21.728000000000023,False,False,1.0,2.0,1,McLaren,McLaren,-0.2272499999999127,48,0,44.0,0.2727272727272727
spa_francorchamps,2025,13,SAI,COL,12,28,31,undercut_ahead,0.9020000000000435,12.0,INTERMEDIATE,MEDIUM,11.0,INTERMEDIATE,21.728000000000023,True,False,18.0,19.0,1,Williams,Williams,0.0014999999998508429,46,1,44.0,0.2727272727272727
spa_francorchamps,2025,13,SAI,ANT,12,30,33,defend_behind,-1.0380000000004657,12.0,INTERMEDIATE,MEDIUM,11.0,INTERMEDIATE,21.728000000000023,True,False,18.0,16.0,0,Williams,Williams,0.0014999999998508429,46,1,44.0,0.2727272727272727
spa_francorchamps,2025,13,SAI,COL,26,28,31,undercut_ahead,0.842000000000553,14.0,MEDIUM,HARD,13.0,MEDIUM,21.728000000000023,True,False,18.0,19.0,1,Williams,Williams,0.0014999999998508429,46,1,44.0,0.5909090909090909
spa_francorchamps,2025,13,STR,ANT,12,30,33,undercut_ahead,1.4609999999993306,12.0,INTERMEDIATE,MEDIUM,11.0,INTERMEDIATE,21.728000000000023,False,False,13.0,16.0,1,Aston Martin,Aston Martin,0.1950000000001637,50,1,44.0,0.2727272727272727
spa_francorchamps,2026,10,ALB,BEA,18,20,23,defend_behind,-0.3220000000001164,18.0,MEDIUM,HARD,16.0,HARD,21.728000000000023,False,True,14.0,15.0,1,Williams,Williams,0.06700000000000728,29,0,44.0,0.4090909090909091
spa_francorchamps,2026,10,COL,BOR,15,20,23,defend_behind,-0.5610000000006039,15.0,MEDIUM,HARD,14.0,MEDIUM,21.728000000000023,False,True,13.0,8.0,0,Alpine,Alpine,0.0,23,0,44.0,0.3409090909090909
spa_francorchamps,2026,10,GAS,LAW,14,15,18,undercut_ahead,1.1140000000004875,14.0,MEDIUM,HARD,13.0,MEDIUM,21.728000000000023,False,True,14.0,13.0,0,Alpine,Alpine,0.0,23,1,44.0,0.3181818181818182
spa_francorchamps,2026,10,GAS,COL,14,15,18,defend_behind,-1.1210000000000946,14.0,MEDIUM,HARD,13.0,MEDIUM,21.728000000000023,False,True,14.0,15.0,1,Alpine,Alpine,0.0,23,1,44.0,0.3181818181818182
spa_francorchamps,2026,10,HAD,ALO,2,19,22,defend_behind,-0.875,1.0,MEDIUM,HARD,1.0,HARD,21.728000000000023,True,True,7.0,19.0,1,Red Bull Racing,Red Bull Racing,-0.054500000000189175,22,1,44.0,0.045454545454545456
spa_francorchamps,2026,10,LAW,LIN,15,16,19,undercut_ahead,1.399000000000342,15.0,MEDIUM,HARD,14.0,MEDIUM,21.728000000000023,False,True,12.0,11.0,0,Racing Bulls,Racing Bulls,0.057999999999992724,21,1,44.0,0.3409090909090909
spa_francorchamps,2026,10,PIA,NOR,20,30,33,undercut_ahead,0.680000000000291,20.0,MEDIUM,HARD,19.0,HARD,21.728000000000023,True,True,4.0,7.0,1,McLaren,McLaren,-0.26050000000032014,23,1,44.0,0.45454545454545453
spa_francorchamps,2026,10,SAI,BEA,14,20,23,undercut_ahead,1.4110000000000582,14.0,SOFT,HARD,12.0,HARD,21.728000000000023,False,True,17.0,15.0,0,Williams,Williams,0.06700000000000728,29,1,44.0,0.3181818181818182
spa_francorchamps,2026,10,STR,ALO,17,19,22,undercut_ahead,2.959000000000742,17.0,HARD,SOFT,16.0,HARD,21.728000000000023,False,True,20.0,19.0,0,Aston Martin,Aston Martin,-0.06750000000010914,15,0,44.0,0.38636363636363635
spa_francorchamps,2026,10,VER,ANT,17,18,21,undercut_ahead,2.415999999999258,17.0,MEDIUM,HARD,16.0,MEDIUM,21.728000000000023,False,True,4.0,3.0,0,Red Bull Racing,Red Bull Racing,-0.054500000000189175,22,0,44.0,0.38636363636363635
spa_francorchamps,2026,10,VER,LEC,17,20,23,defend_behind,-0.8890000000001237,17.0,MEDIUM,HARD,16.0,MEDIUM,21.728000000000023,False,True,4.0,1.0,0,Red Bull Racing,Red Bull Racing,-0.054500000000189175,22,0,44.0,0.38636363636363635
spielberg,2018,9,GAS,SIR,15,24,27,defend_behind,-2.144999999999982,14.0,SUPERSOFT,SOFT,13.0,SUPERSOFT,22.3235,False,True,12.0,17.0,1,Toro Rosso,Toro Rosso,0.04450000000019827,23,1,71.0,0.2112676056338028
spielberg,2018,9,LEC,SIR,15,24,27,undercut_ahead,1.7129999999999654,14.0,SUPERSOFT,SOFT,13.0,SUPERSOFT,22.3235,False,True,15.0,17.0,1,Sauber,Sauber,-0.10650000000055115,19,1,71.0,0.2112676056338028
spielberg,2018,9,LEC,ERI,15,45,48,defend_behind,-2.789999999999964,14.0,SUPERSOFT,SOFT,13.0,SOFT,22.3235,False,True,12.0,14.0,1,Sauber,Sauber,-0.10650000000055115,19,1,71.0,0.2112676056338028
spielberg,2018,9,OCO,MAG,15,28,31,undercut_ahead,2.9849999999999,14.0,SUPERSOFT,SOFT,16.0,ULTRASOFT,22.3235,False,True,7.0,9.0,1,Force India,Force India,0.32549999999991996,14,0,71.0,0.2112676056338028
spielberg,2018,9,OCO,PER,15,27,30,defend_behind,-0.9790000000000418,14.0,SUPERSOFT,SOFT,13.0,SUPERSOFT,22.3235,False,True,7.0,10.0,1,Force India,Force India,0.32549999999991996,14,0,71.0,0.2112676056338028
spielberg,2018,9,RAI,RIC,15,38,41,defend_behind,-1.167999999999893,17.0,ULTRASOFT,SOFT,16.0,SUPERSOFT,22.3235,False,True,2.0,5.0,1,Ferrari,Ferrari,-0.22625000000005002,26,0,71.0,0.2112676056338028
spielberg,2018,9,SAI,PER,15,27,30,undercut_ahead,0.9349999999999454,17.0,ULTRASOFT,SOFT,13.0,SUPERSOFT,22.3235,True,True,8.0,10.0,1,Renault,Renault,0.6220000000002983,21,1,71.0,0.2112676056338028
spielberg,2018,9,SIR,ERI,24,45,48,defend_behind,-1.668999999999869,23.0,SUPERSOFT,SOFT,22.0,SOFT,22.3235,False,False,17.0,14.0,0,Williams,Williams,0.20049999999991996,32,0,71.0,0.3380281690140845
spielberg,2018,9,VET,RIC,15,38,41,undercut_ahead,2.005000000000109,17.0,ULTRASOFT,SOFT,16.0,SUPERSOFT,22.3235,False,True,3.0,5.0,1,Ferrari,Ferrari,-0.22625000000005002,26,1,71.0,0.2112676056338028
spielberg,2019,9,BOT,HAM,21,30,33,defend_behind,-1.5339999999996508,24.0,MEDIUM,HARD,24.0,MEDIUM,22.3235,False,False,2.0,5.0,1,Mercedes,Mercedes,-0.2490000000004784,36,0,71.0,0.29577464788732394
spielberg,2019,9,GAS,VET,25,50,53,undercut_ahead,1.9420000000000075,28.0,SOFT,HARD,3.0,HARD,22.3235,False,False,7.0,5.0,0,Red Bull Racing,Red Bull Racing,-0.16499999999996362,36,1,71.0,0.352112676056338
spielberg,2019,9,GIO,GAS,24,25,28,undercut_ahead,1.9909999999999852,27.0,SOFT,HARD,26.0,SOFT,22.3235,True,False,13.0,12.0,0,Alfa Romeo Racing,Alfa Romeo Racing,0.44699999999988904,42,1,71.0,0.3380281690140845
spielberg,2019,9,GIO,PER,24,28,31,defend_behind,-1.4420000000000073,27.0,SOFT,HARD,23.0,MEDIUM,22.3235,True,False,12.0,13.0,1,Alfa Romeo Racing,Alfa Romeo Racing,0.44699999999988904,42,1,71.0,0.3380281690140845
spielberg,2019,9,HUL,PER,26,28,31,undercut_ahead,2.519999999999982,26.0,MEDIUM,HARD,25.0,MEDIUM,22.3235,False,False,14.0,13.0,0,Renault,Renault,0.0,30,1,71.0,0.36619718309859156
spielberg,2019,9,MAG,ALB,11,35,38,defend_behind,-0.5720000000001164,14.0,SOFT,HARD,10.0,MEDIUM,22.3235,False,False,19.0,15.0,0,Haas F1 Team,Haas F1 Team,0.2179999999989377,35,0,71.0,0.15492957746478872
spielberg,2019,9,RAI,GAS,23,25,28,defend_behind,-1.0130000000003747,26.0,SOFT,HARD,25.0,SOFT,22.3235,False,False,11.0,12.0,1,Alfa Romeo Racing,Alfa Romeo Racing,0.44699999999988904,42,0,71.0,0.323943661971831
spielberg,2019,9,STR,HUL,25,26,29,undercut_ahead,2.3669999999997344,25.0,MEDIUM,HARD,24.0,MEDIUM,22.3235,False,False,16.0,14.0,0,Racing Point,Racing Point,0.1320000000005166,37,1,71.0,0.352112676056338
spielberg,2019,9,STR,SAI,25,41,44,defend_behind,-1.30600000000004,25.0,MEDIUM,HARD,24.0,MEDIUM,22.3235,False,False,13.0,14.0,1,Racing Point,Racing Point,0.1320000000005166,37,1,71.0,0.352112676056338
spielberg,2019,9,VET,HAM,21,30,33,undercut_ahead,2.699000000000069,24.0,SOFT,HARD,24.0,MEDIUM,22.3235,False,False,3.0,5.0,1,Ferrari,Ferrari,-0.08799999999973807,43,1,71.0,0.29577464788732394
spielberg,2020,2,GAS,NOR,24,39,42,undercut_ahead,2.5579999999999927,24.0,SOFT,HARD,23.0,SOFT,22.3235,False,False,11.0,10.0,0,AlphaTauri,AlphaTauri,0.08175000000005639,24,0,71.0,0.3380281690140845
spielberg,2020,2,GAS,KVY,24,36,39,defend_behind,-1.2709999999997308,24.0,SOFT,HARD,23.0,MEDIUM,22.3235,False,False,12.0,13.0,1,AlphaTauri,AlphaTauri,0.08175000000005639,24,0,71.0,0.3380281690140845
spielberg,2020,2,GIO,SAI,39,66,69,undercut_ahead,1.3299999999999272,39.0,MEDIUM,SOFT,6.0,MEDIUM,22.3235,False,False,14.0,9.0,0,Alfa Romeo Racing,Alfa Romeo Racing,-0.12499999999931788,20,1,71.0,0.5492957746478874
spielberg,2020,2,GIO,RAI,39,44,47,defend_behind,-0.6530000000002474,39.0,MEDIUM,SOFT,38.0,MEDIUM,22.3235,False,False,11.0,13.0,1,Alfa Romeo Racing,Alfa Romeo Racing,-0.12499999999931788,20,1,71.0,0.5492957746478874
spielberg,2020,2,KVY,GIO,36,39,42,defend_behind,-1.2869999999993524,36.0,MEDIUM,HARD,35.0,MEDIUM,22.3235,False,False,12.0,13.0,1,AlphaTauri,AlphaTauri,0.08175000000005639,24,1,71.0,0.5070422535211268
spielberg,2020,2,LAT,RUS,32,34,37,defend_behind,-2.0100000000002183,32.0,MEDIUM,SOFT,31.0,SOFT,22.3235,False,False,16.0,17.0,1,Williams,Williams,-0.012500000000045475,28,0,71.0,0.4507042253521127
spielberg,2020,2,MAG,RAI,31,44,47,undercut_ahead,1.4970000000002983,31.0,SOFT,MEDIUM,30.0,MEDIUM,22.3235,False,False,14.0,13.0,0,Haas F1 Team,Haas F1 Team,0.9259999999999309,23,0,71.0,0.43661971830985913
spielberg,2020,2,MAG,GRO,31,37,40,defend_behind,-1.2579999999998108,31.0,SOFT,MEDIUM,30.0,SOFT,22.3235,False,False,13.0,15.0,1,Haas F1 Team,Haas F1 Team,0.9259999999999309,23,0,71.0,0.43661971830985913
spielberg,2020,2,SAI,RIC,32,37,40,defend_behind,-1.0760000000000218,32.0,SOFT,MEDIUM,31.0,MEDIUM,22.3235,False,False,8.0,5.0,0,McLaren,McLaren,0.01900000000023283,23,1,71.0,0.4507042253521127
spielberg,2020,2,STR,RIC,33,37,40,undercut_ahead,2.3779999999997017,33.0,SOFT,MEDIUM,32.0,MEDIUM,22.3235,False,False,6.0,5.0,0,Racing Point,Racing Point,-0.055749999999989086,16,1,71.0,0.4647887323943662
spielberg,2020,2,STR,PER,33,38,41,defend_behind,-0.8649999999997817,33.0,SOFT,MEDIUM,32.0,SOFT,22.3235,False,False,6.0,7.0,1,Racing Point,Racing Point,-0.055749999999989086,16,1,71.0,0.4647887323943662
spielberg,2020,2,VER,BOT,24,34,37,defend_behind,-2.0530000000003383,24.0,SOFT,MEDIUM,23.0,SOFT,22.3235,False,False,2.0,3.0,1,Red Bull Racing,Red Bull Racing,-0.5859999999993306,25,0,71.0,0.3380281690140845
spielberg,2021,8,ALO,STR,27,28,31,undercut_ahead,1.2669999999998254,30.0,SOFT,HARD,29.0,SOFT,22.3235,False,False,12.0,11.0,0,Alpine,Alpine,-0.09750000000008185,34,1,71.0,0.38028169014084506
spielberg,2021,8,GIO,LEC,23,37,40,undercut_ahead,1.3089999999997417,23.0,MEDIUM,HARD,21.0,HARD,22.3235,False,False,12.0,14.0,1,Alfa Romeo Racing,Alfa Romeo Racing,-0.047000000000025466,40,0,71.0,0.323943661971831
spielberg,2021,8,LEC,RIC,37,41,44,undercut_ahead,0.795999999999367,36.0,HARD,MEDIUM,36.0,MEDIUM,22.3235,True,False,12.0,15.0,1,Ferrari,Ferrari,-0.08875000000011823,36,1,71.0,0.5211267605633803
spielberg,2021,8,MAZ,MSC,21,33,36,defend_behind,-0.7970000000000255,21.0,MEDIUM,HARD,20.0,MEDIUM,22.3235,False,False,16.0,17.0,1,Haas F1 Team,Haas F1 Team,0.6980000000005475,36,0,71.0,0.29577464788732394
spielberg,2021,8,OCO,LEC,36,37,40,undercut_ahead,2.463000000000648,36.0,MEDIUM,HARD,34.0,HARD,22.3235,False,False,15.0,14.0,0,Alpine,Alpine,-0.09750000000008185,34,0,71.0,0.5070422535211268
spielberg,2021,8,PER,BOT,26,27,30,defend_behind,-1.7860000000000582,29.0,SOFT,HARD,28.0,MEDIUM,22.3235,False,False,5.0,4.0,0,Red Bull Racing,Red Bull Racing,-0.37750000000096406,47,0,71.0,0.36619718309859156
spielberg,2021,8,RAI,RIC,36,41,44,defend_behind,-1.0600000000004002,36.0,HARD,MEDIUM,35.0,MEDIUM,22.3235,False,False,13.0,15.0,1,Alfa Romeo Racing,Alfa Romeo Racing,-0.047000000000025466,40,0,71.0,0.5070422535211268
spielberg,2021,8,RUS,ALO,25,27,30,undercut_ahead,1.1300000000001091,25.0,MEDIUM,HARD,27.0,SOFT,22.3235,False,False,18.0,12.0,0,Williams,Williams,0.023500000000240107,38,0,71.0,0.352112676056338
spielberg,2021,8,RUS,TSU,25,26,29,defend_behind,-1.1709999999998215,25.0,MEDIUM,HARD,27.0,SOFT,22.3235,False,False,18.0,13.0,0,Williams,Williams,0.023500000000240107,38,0,71.0,0.352112676056338
spielberg,2021,8,TSU,ALO,26,27,30,undercut_ahead,2.414000000000214,29.0,SOFT,HARD,28.0,SOFT,22.3235,False,False,13.0,12.0,0,AlphaTauri,AlphaTauri,0.047749999999723514,38,0,71.0,0.36619718309859156
spielberg,2021,8,TSU,SAI,26,41,44,defend_behind,-0.7419999999997344,29.0,SOFT,HARD,25.0,MEDIUM,22.3235,False,False,9.0,6.0,0,AlphaTauri,AlphaTauri,0.047749999999723514,38,0,71.0,0.36619718309859156
spielberg,2021,8,VET,SAI,27,41,44,undercut_ahead,0.8559999999997672,27.0,MEDIUM,HARD,26.0,MEDIUM,22.3235,True,False,10.0,6.0,0,Aston Martin,Aston Martin,-0.009999999999763531,41,0,71.0,0.38028169014084506
spielberg,2021,8,VET,RAI,27,36,39,defend_behind,-0.6829999999999927,27.0,MEDIUM,HARD,26.0,HARD,22.3235,True,False,11.0,13.0,1,Aston Martin,Aston Martin,-0.009999999999763531,41,0,71.0,0.38028169014084506
spielberg,2021,9,ALO,RAI,32,37,40,undercut_ahead,1.2639999999992142,32.0,MEDIUM,HARD,31.0,HARD,22.3235,False,False,14.0,15.0,1,Alpine,Alpine,-0.09750000000008185,34,0,71.0,0.4507042253521127
spielberg,2021,9,ALO,GAS,32,45,48,defend_behind,-1.5979999999999563,32.0,MEDIUM,HARD,18.0,HARD,22.3235,False,False,13.0,12.0,0,Alpine,Alpine,-0.09750000000008185,34,0,71.0,0.4507042253521127
spielberg,2021,9,LAT,TSU,33,51,54,defend_behind,-0.7130000000006476,33.0,MEDIUM,HARD,20.0,HARD,22.3235,False,False,17.0,14.0,0,Williams,Williams,0.023500000000240107,38,1,71.0,0.4647887323943662
spielberg,2021,9,LEC,SAI,34,48,51,defend_behind,-1.9920000000001887,37.0,MEDIUM,HARD,33.0,HARD,22.3235,False,False,7.0,8.0,1,Ferrari,Ferrari,-0.08875000000011823,36,0,71.0,0.4788732394366197
spielberg,2021,9,PER,LEC,32,34,37,undercut_ahead,0.7399999999997817,35.0,MEDIUM,HARD,34.0,MEDIUM,22.3235,True,False,8.0,10.0,1,Red Bull Racing,Red Bull Racing,-0.37750000000096406,47,0,71.0,0.4507042253521127
spielberg,2021,9,PER,SAI,32,48,51,defend_behind,-2.4210000000002765,35.0,MEDIUM,HARD,31.0,HARD,22.3235,True,False,6.0,8.0,1,Red Bull Racing,Red Bull Racing,-0.37750000000096406,47,0,71.0,0.4507042253521127
spielberg,2021,9,RAI,GAS,37,45,48,defend_behind,-0.9949999999998907,37.0,HARD,MEDIUM,23.0,HARD,22.3235,False,False,14.0,12.0,0,Alfa Romeo Racing,Alfa Romeo Racing,-0.047000000000025466,40,0,71.0,0.5211267605633803
spielberg,2021,9,RIC,LEC,29,34,37,defend_behind,-1.3849999999993088,29.0,MEDIUM,HARD,31.0,MEDIUM,22.3235,False,False,7.0,10.0,1,McLaren,McLaren,0.11550000000011096,38,0,71.0,0.4084507042253521
spielberg,2021,9,RUS,RAI,30,37,40,defend_behind,-1.0320000000001528,33.0,MEDIUM,HARD,29.0,HARD,22.3235,False,False,12.0,15.0,1,Williams,Williams,0.023500000000240107,38,0,71.0,0.4225352112676056
spielberg,2021,9,STR,VET,14,17,20,defend_behind,-0.6159999999999854,17.0,SOFT,HARD,16.0,SOFT,22.3235,True,False,18.0,16.0,0,Aston Martin,Aston Martin,-0.009999999999763531,41,1,71.0,0.19718309859154928
spielberg,2021,9,TSU,GAS,12,13,16,undercut_ahead,2.347000000000662,15.0,SOFT,HARD,14.0,SOFT,22.3235,False,False,18.0,16.0,0,AlphaTauri,AlphaTauri,0.047749999999723514,38,0,71.0,0.16901408450704225
spielberg,2021,9,TSU,STR,12,14,17,defend_behind,-0.7129999999997381,15.0,SOFT,HARD,14.0,SOFT,22.3235,False,False,17.0,19.0,1,AlphaTauri,AlphaTauri,0.047749999999723514,38,0,71.0,0.16901408450704225
spielberg,2021,9,VET,RIC,17,29,32,defend_behind,-0.8119999999998981,20.0,SOFT,HARD,16.0,MEDIUM,22.3235,False,False,14.0,10.0,0,Aston Martin,Aston Martin,-0.009999999999763531,41,1,71.0,0.23943661971830985
spielberg,2022,11,ALB,GAS,11,12,15,undercut_ahead,0.6790000000000873,11.0,MEDIUM,HARD,10.0,MEDIUM,22.3235,True,False,15.0,16.0,1,Williams,Williams,0.2810000000006312,50,1,71.0,0.15492957746478872
spielberg,2022,11,ALB,TSU,11,26,29,defend_behind,-2.5770000000002256,11.0,MEDIUM,HARD,10.0,HARD,22.3235,True,False,12.0,17.0,1,Williams,Williams,0.2810000000006312,50,1,71.0,0.15492957746478872
spielberg,2022,11,BOT,VET,6,20,23,undercut_ahead,0.657999999999447,6.0,MEDIUM,HARD,6.0,HARD,22.3235,True,False,17.0,19.0,1,Alfa Romeo,Alfa Romeo,0.5190000000002328,39,0,71.0,0.08450704225352113
spielberg,2022,11,GAS,STR,12,29,32,undercut_ahead,0.6920000000000073,12.0,MEDIUM,HARD,13.0,MEDIUM,22.3235,True,False,12.0,15.0,1,AlphaTauri,AlphaTauri,-0.24375000000009095,52,1,71.0,0.16901408450704225
spielberg,2022,11,GAS,STR,40,48,51,defend_behind,-1.8980000000001385,28.0,HARD,,11.0,HARD,22.3235,False,False,14.0,15.0,1,AlphaTauri,AlphaTauri,-0.24375000000009095,52,0,71.0,0.5633802816901409
spielberg,2022,11,HAM,LEC,28,49,52,undercut_ahead,2.7529999999997017,28.0,MEDIUM,HARD,1.0,HARD,22.3235,False,True,4.0,2.0,0,Mercedes,Mercedes,-0.0020000000004074536,45,1,71.0,0.39436619718309857
spielberg,2022,11,LAT,ZHO,12,24,27,undercut_ahead,0.9669999999996436,12.0,MEDIUM,HARD,11.0,HARD,22.3235,True,False,16.0,19.0,1,Williams,Williams,0.2810000000006312,50,1,71.0,0.16901408450704225
spielberg,2022,11,LAT,ALO,12,27,30,defend_behind,-0.4099999999998545,12.0,MEDIUM,HARD,11.0,HARD,22.3235,True,False,16.0,18.0,1,Williams,Williams,0.2810000000006312,50,1,71.0,0.16901408450704225
spielberg,2022,11,MAG,OCO,15,16,19,undercut_ahead,2.15900000000056,15.0,MEDIUM,HARD,14.0,MEDIUM,22.3235,False,False,11.0,10.0,0,Haas F1 Team,Haas F1 Team,0.6865000000007058,39,1,71.0,0.2112676056338028
spielberg,2022,11,MAG,HAM,15,28,31,defend_behind,-0.7339999999994689,15.0,MEDIUM,HARD,14.0,MEDIUM,22.3235,False,False,6.0,4.0,0,Haas F1 Team,Haas F1 Team,0.6865000000007058,39,1,71.0,0.2112676056338028
spielberg,2022,11,MAG,NOR,41,43,46,defend_behind,-0.5090000000000146,26.0,HARD,,26.0,HARD,22.3235,False,False,10.0,11.0,1,Haas F1 Team,Haas F1 Team,0.6865000000007058,39,1,71.0,0.5774647887323944
spielberg,2022,11,MSC,HAM,16,28,31,undercut_ahead,2.0670000000000077,16.0,MEDIUM,HARD,15.0,MEDIUM,22.3235,False,False,7.0,4.0,0,Haas F1 Team,Haas F1 Team,0.6865000000007058,39,1,71.0,0.22535211267605634
spielberg,2022,11,MSC,VER,16,36,39,defend_behind,-0.1469999999999345,16.0,MEDIUM,HARD,2.0,HARD,22.3235,False,True,6.0,3.0,0,Haas F1 Team,Haas F1 Team,0.6865000000007058,39,1,71.0,0.22535211267605634
spielberg,2022,11,MSC,OCO,43,44,47,undercut_ahead,2.9199999999991637,27.0,HARD,,26.0,HARD,22.3235,False,False,8.0,6.0,0,Haas F1 Team,Haas F1 Team,0.6865000000007058,39,1,71.0,0.6056338028169014
spielberg,2022,11,NOR,HAM,14,28,31,undercut_ahead,1.6989999999996144,14.0,MEDIUM,HARD,13.0,MEDIUM,22.3235,False,False,8.0,4.0,0,McLaren,McLaren,-0.17475000000013097,52,1,71.0,0.19718309859154928
spielberg,2022,11,OCO,HAM,16,28,31,defend_behind,-1.8900000000003276,16.0,MEDIUM,HARD,15.0,MEDIUM,22.3235,False,False,5.0,4.0,0,Alpine,Alpine,-0.040499999999610736,45,1,71.0,0.22535211267605634
spielberg,2022,11,RIC,NOR,12,14,17,undercut_ahead,2.282000000000153,12.0,MEDIUM,HARD,11.0,MEDIUM,22.3235,False,False,13.0,12.0,0,McLaren,McLaren,-0.17475000000013097,52,1,71.0,0.16901408450704225
spielberg,2022,11,RIC,STR,12,29,32,defend_behind,-0.8630000000002838,12.0,MEDIUM,HARD,13.0,MEDIUM,22.3235,False,False,10.0,15.0,1,McLaren,McLaren,-0.17475000000013097,52,1,71.0,0.16901408450704225
spielberg,2022,11,RUS,OCO,11,16,19,defend_behind,-0.8370000000004438,11.0,MEDIUM,HARD,10.0,MEDIUM,22.3235,False,False,17.0,10.0,0,Mercedes,Mercedes,-0.0020000000004074536,45,0,71.0,0.15492957746478872
spielberg,2022,11,RUS,NOR,40,43,46,undercut_ahead,0.962999999999738,29.0,HARD,,25.0,HARD,22.3235,True,True,7.0,11.0,1,Mercedes,Mercedes,-0.0020000000004074536,45,1,71.0,0.5633802816901409
spielberg,2022,11,STR,OCO,29,44,47,defend_behind,-0.9510000000000218,31.0,MEDIUM,HARD,12.0,HARD,22.3235,False,True,10.0,6.0,0,Aston Martin,Aston Martin,-0.04449999999951615,47,1,71.0,0.4084507042253521
spielberg,2022,11,TSU,OCO,26,44,47,undercut_ahead,2.5590000000001965,26.0,HARD,MEDIUM,9.0,HARD,22.3235,False,True,16.0,6.0,0,AlphaTauri,AlphaTauri,-0.24375000000009095,52,1,71.0,0.36619718309859156
spielberg,2022,11,TSU,MAG,26,41,44,defend_behind,-0.668999999999869,26.0,HARD,MEDIUM,10.0,HARD,22.3235,False,True,13.0,11.0,0,AlphaTauri,AlphaTauri,-0.24375000000009095,52,1,71.0,0.36619718309859156
spielberg,2022,11,VER,LEC,13,26,29,undercut_ahead,0.7559999999994034,13.0,MEDIUM,HARD,12.0,MEDIUM,22.3235,True,False,1.0,2.0,1,Red Bull Racing,Red Bull Racing,-0.4772499999999127,56,1,71.0,0.18309859154929578
spielberg,2022,11,VER,SAI,13,27,30,defend_behind,-1.3900000000003274,13.0,MEDIUM,HARD,12.0,MEDIUM,22.3235,True,False,1.0,3.0,1,Red Bull Racing,Red Bull Racing,-0.4772499999999127,56,1,71.0,0.18309859154929578
spielberg,2022,11,VET,ALO,20,27,30,undercut_ahead,1.6679999999996653,21.0,HARD,MEDIUM,19.0,HARD,22.3235,False,False,14.0,18.0,1,Aston Martin,Aston Martin,-0.04449999999951615,47,0,71.0,0.28169014084507044
spielberg,2022,11,VET,OCO,20,44,47,defend_behind,-0.5690000000004147,21.0,HARD,MEDIUM,3.0,HARD,22.3235,False,True,17.0,6.0,0,Aston Martin,Aston Martin,-0.04449999999951615,47,0,71.0,0.28169014084507044
spielberg,2023,9,ALB,PER,14,25,28,undercut_ahead,1.3350000000000364,14.0,MEDIUM,HARD,13.0,MEDIUM,22.3235,False,True,10.0,9.0,0,Williams,Williams,0.27400000000125146,48,1,71.0,0.19718309859154928
spielberg,2023,9,ALB,RUS,14,41,44,defend_behind,-0.6939999999995052,14.0,MEDIUM,HARD,13.0,MEDIUM,22.3235,False,True,11.0,9.0,0,Williams,Williams,0.27400000000125146,48,1,71.0,0.19718309859154928
spielberg,2023,9,ALO,STR,15,36,39,defend_behind,-1.9119999999993524,15.0,HARD,MEDIUM,14.0,MEDIUM,22.3235,False,True,6.0,13.0,1,Aston Martin,Aston Martin,0.011999999999716238,50,1,71.0,0.2112676056338028
spielberg,2023,9,BOT,PIA,21,22,25,undercut_ahead,0.9630000000006476,21.0,HARD,MEDIUM,6.0,HARD,22.3235,True,False,18.0,19.0,1,Alfa Romeo,Alfa Romeo,0.4070000000001528,56,0,71.0,0.29577464788732394
spielberg,2023,9,BOT,SAR,21,43,46,defend_behind,-1.4789999999993595,21.0,HARD,MEDIUM,6.0,HARD,22.3235,True,False,17.0,13.0,0,Alfa Romeo,Alfa Romeo,0.4070000000001528,56,0,71.0,0.29577464788732394
spielberg,2023,9,BOT,TSU,40,43,46,undercut_ahead,2.11200000000008,19.0,MEDIUM,HARD,16.0,HARD,22.3235,False,False,17.0,18.0,1,Alfa Romeo,Alfa Romeo,0.4070000000001528,56,0,71.0,0.5633802816901409
spielberg,2023,9,DEV,BOT,12,21,24,undercut_ahead,0.706000000000131,12.0,MEDIUM,HARD,11.0,HARD,22.3235,True,True,16.0,19.0,1,AlphaTauri,AlphaTauri,-0.2809999999981301,56,0,71.0,0.16901408450704225
spielberg,2023,9,DEV,MAG,12,34,37,defend_behind,-0.3849999999993088,12.0,MEDIUM,HARD,9.0,HARD,22.3235,True,True,15.0,19.0,1,AlphaTauri,AlphaTauri,-0.2809999999981301,56,0,71.0,0.16901408450704225
spielberg,2023,9,GAS,STR,14,15,18,undercut_ahead,1.673000000000684,14.0,MEDIUM,HARD,13.0,MEDIUM,22.3235,False,True,8.0,15.0,1,Alpine,Alpine,0.4069999999992433,51,1,71.0,0.19718309859154928
spielberg,2023,9,GAS,PER,14,25,28,defend_behind,-1.2590000000000146,14.0,MEDIUM,HARD,13.0,MEDIUM,22.3235,False,True,7.0,9.0,1,Alpine,Alpine,0.4069999999992433,51,1,71.0,0.19718309859154928
spielberg,2023,9,HAM,NOR,14,41,44,defend_behind,-0.558999999999287,14.0,MEDIUM,HARD,13.0,MEDIUM,22.3235,False,True,8.0,6.0,0,Mercedes,Mercedes,-0.1014999999997599,50,0,71.0,0.19718309859154928
spielberg,2023,9,HAM,ALO,42,44,47,defend_behind,-1.1840000000001965,28.0,HARD,MEDIUM,26.0,MEDIUM,22.3235,False,False,7.0,6.0,0,Mercedes,Mercedes,-0.1014999999997599,50,0,71.0,0.5915492957746479
spielberg,2023,9,MAG,STR,2,15,18,defend_behind,-0.0699999999997089,1.0,MEDIUM,HARD,1.0,MEDIUM,22.3235,False,True,11.0,15.0,1,Haas F1 Team,Haas F1 Team,0.2820000000001528,55,1,71.0,0.028169014084507043
spielberg,2023,9,NOR,HAM,14,42,45,undercut_ahead,0.558999999999287,14.0,MEDIUM,HARD,13.0,MEDIUM,22.3235,True,True,5.0,7.0,1,McLaren,McLaren,-0.07900000000017826,57,0,71.0,0.19718309859154928
spielberg,2023,9,OCO,RUS,14,41,44,undercut_ahead,1.0020000000004077,14.0,MEDIUM,HARD,13.0,MEDIUM,22.3235,False,True,12.0,9.0,0,Alpine,Alpine,0.4069999999992433,51,1,71.0,0.19718309859154928
spielberg,2023,9,OCO,PIA,14,22,25,defend_behind,-0.8029999999998836,14.0,MEDIUM,HARD,13.0,MEDIUM,22.3235,False,True,11.0,19.0,1,Alpine,Alpine,0.4069999999992433,51,1,71.0,0.19718309859154928
spielberg,2023,9,PIA,OCO,14,40,43,undercut_ahead,0.8029999999998836,14.0,MEDIUM,HARD,13.0,MEDIUM,22.3235,True,True,19.0,13.0,0,McLaren,McLaren,-0.07900000000017826,57,0,71.0,0.19718309859154928
spielberg,2023,9,PIA,SAR,14,43,46,defend_behind,-2.9399999999996,14.0,MEDIUM,HARD,13.0,MEDIUM,22.3235,True,True,19.0,13.0,0,McLaren,McLaren,-0.07900000000017826,57,1,71.0,0.19718309859154928
spielberg,2023,9,RUS,ALB,14,41,44,undercut_ahead,0.6939999999995052,14.0,MEDIUM,HARD,13.0,MEDIUM,22.3235,True,True,9.0,11.0,1,Mercedes,Mercedes,-0.1014999999997599,50,1,71.0,0.19718309859154928
spielberg,2023,9,RUS,OCO,14,40,43,defend_behind,-1.0020000000004077,14.0,MEDIUM,HARD,13.0,MEDIUM,22.3235,True,True,9.0,13.0,1,Mercedes,Mercedes,-0.1014999999997599,50,1,71.0,0.19718309859154928
spielberg,2023,9,RUS,GAS,41,44,47,undercut_ahead,1.943000000000211,27.0,HARD,MEDIUM,26.0,HARD,22.3235,False,False,8.0,10.0,1,Mercedes,Mercedes,-0.1014999999997599,50,1,71.0,0.5774647887323944
spielberg,2023,9,SAR,PIA,14,22,25,undercut_ahead,2.9399999999996,14.0,MEDIUM,HARD,13.0,MEDIUM,22.3235,False,True,13.0,19.0,1,Williams,Williams,0.27400000000125146,48,0,71.0,0.19718309859154928
spielberg,2023,9,SAR,TSU,14,23,26,defend_behind,-1.3650000000006912,14.0,MEDIUM,HARD,12.0,HARD,22.3235,False,True,13.0,17.0,1,Williams,Williams,0.27400000000125146,48,0,71.0,0.19718309859154928
spielberg,2023,9,STR,ALO,15,44,47,undercut_ahead,1.9119999999993524,15.0,MEDIUM,HARD,14.0,HARD,22.3235,False,True,9.0,6.0,0,Aston Martin,Aston Martin,0.011999999999716238,50,1,71.0,0.2112676056338028
spielberg,2023,9,ZHO,OCO,8,14,17,undercut_ahead,0.5860000000002401,8.0,MEDIUM,HARD,7.0,MEDIUM,22.3235,True,True,18.0,14.0,0,Alfa Romeo,Alfa Romeo,0.4070000000001528,56,0,71.0,0.11267605633802817
spielberg,2023,9,ZHO,PIA,8,14,17,defend_behind,-0.7349999999996726,8.0,MEDIUM,HARD,7.0,MEDIUM,22.3235,True,True,18.0,16.0,0,Alfa Romeo,Alfa Romeo,0.4070000000001528,56,0,71.0,0.11267605633802817
spielberg,2024,11,ALB,TSU,12,21,24,undercut_ahead,1.686999999999898,12.0,MEDIUM,HARD,11.0,MEDIUM,22.3235,False,False,13.0,16.0,1,Williams,Williams,0.15499999999974534,49,1,71.0,0.16901408450704225
spielberg,2024,11,ALB,STR,12,20,23,defend_behind,-0.7590000000000146,12.0,MEDIUM,HARD,12.0,MEDIUM,22.3235,False,False,13.0,17.0,1,Williams,Williams,0.15499999999974534,49,1,71.0,0.16901408450704225
spielberg,2024,11,ALO,RIC,35,37,40,undercut_ahead,1.344000000000051,25.0,MEDIUM,HARD,24.0,HARD,22.3235,False,False,18.0,15.0,0,Aston Martin,Aston Martin,0.060000000000172804,56,1,71.0,0.49295774647887325
spielberg,2024,11,ALO,OCO,35,43,46,defend_behind,-0.1379999999999199,25.0,MEDIUM,HARD,15.0,HARD,22.3235,False,False,17.0,13.0,0,Aston Martin,Aston Martin,0.060000000000172804,56,1,71.0,0.49295774647887325
spielberg,2024,11,BOT,STR,19,20,23,undercut_ahead,2.0229999999992287,19.0,MEDIUM,HARD,19.0,MEDIUM,22.3235,False,False,18.0,17.0,0,Kick Sauber,Kick Sauber,0.38599999999996726,55,0,71.0,0.2676056338028169
spielberg,2024,11,GAS,OCO,42,43,46,defend_behind,-0.936999999999898,22.0,HARD,MEDIUM,22.0,HARD,22.3235,False,False,12.0,13.0,1,Alpine,Alpine,-0.08099999999967622,47,0,71.0,0.5915492957746479
spielberg,2024,11,HAM,SAI,21,22,25,undercut_ahead,2.293999999999869,21.0,MEDIUM,HARD,20.0,MEDIUM,22.3235,False,False,6.0,5.0,0,Mercedes,Mercedes,-0.07200000000057116,51,0,71.0,0.29577464788732394
spielberg,2024,11,HAM,PIA,21,25,28,defend_behind,-1.5109999999995125,21.0,MEDIUM,HARD,20.0,MEDIUM,22.3235,False,False,5.0,6.0,1,Mercedes,Mercedes,-0.07200000000057116,51,0,71.0,0.29577464788732394
spielberg,2024,11,HUL,PER,11,21,24,undercut_ahead,1.542000000000371,11.0,MEDIUM,HARD,10.0,MEDIUM,22.3235,False,False,7.0,8.0,1,Haas F1 Team,Haas F1 Team,0.35299999999961074,51,1,71.0,0.15492957746478872
spielberg,2024,11,HUL,OCO,11,19,22,defend_behind,-0.9539999999997236,11.0,MEDIUM,HARD,10.0,MEDIUM,22.3235,False,False,7.0,13.0,1,Haas F1 Team,Haas F1 Team,0.35299999999961074,51,1,71.0,0.15492957746478872
spielberg,2024,11,LEC,ALB,16,39,42,undercut_ahead,1.3810000000003129,15.0,HARD,MEDIUM,3.0,HARD,22.3235,False,False,16.0,17.0,1,Ferrari,Ferrari,-0.19399999999995998,51,1,71.0,0.22535211267605634
spielberg,2024,11,MAG,OCO,10,19,22,undercut_ahead,0.7890000000002146,10.0,MEDIUM,HARD,9.0,MEDIUM,22.3235,True,False,8.0,13.0,1,Haas F1 Team,Haas F1 Team,0.35299999999961074,51,1,71.0,0.14084507042253522
spielberg,2024,11,MAG,GAS,10,20,23,defend_behind,-0.6199999999998909,10.0,MEDIUM,HARD,9.0,MEDIUM,22.3235,True,False,8.0,14.0,1,Haas F1 Team,Haas F1 Team,0.35299999999961074,51,1,71.0,0.14084507042253522
spielberg,2024,11,OCO,GAS,19,20,23,defend_behind,-1.5969999999997526,19.0,MEDIUM,HARD,18.0,MEDIUM,22.3235,False,False,12.0,14.0,1,Alpine,Alpine,-0.08099999999967622,47,1,71.0,0.2676056338028169
spielberg,2024,11,OCO,TSU,43,44,47,defend_behind,-2.506000000000313,24.0,HARD,MEDIUM,21.0,HARD,22.3235,False,False,13.0,16.0,1,Alpine,Alpine,-0.08099999999967622,47,0,71.0,0.6056338028169014
spielberg,2024,11,PIA,VER,25,51,54,defend_behind,-2.243000000000393,25.0,MEDIUM,HARD,1.0,HARD,22.3235,False,False,5.0,1.0,0,McLaren,McLaren,-0.14574999999990723,52,0,71.0,0.352112676056338
spielberg,2024,11,PIA,HAM,51,53,56,defend_behind,-1.4729999999999563,26.0,HARD,MEDIUM,29.0,HARD,22.3235,False,False,5.0,6.0,1,McLaren,McLaren,-0.14574999999990723,52,0,71.0,0.7183098591549296
spielberg,2024,11,RIC,GAS,10,20,23,undercut_ahead,0.8240000000000691,10.0,MEDIUM,HARD,9.0,MEDIUM,22.3235,True,False,10.0,14.0,1,RB,RB,-0.17949999999973443,44,1,71.0,0.14084507042253522
spielberg,2024,11,RIC,TSU,10,21,24,defend_behind,-1.8170000000000075,10.0,MEDIUM,HARD,9.0,MEDIUM,22.3235,True,False,10.0,16.0,1,RB,RB,-0.17949999999973443,44,1,71.0,0.14084507042253522
spielberg,2024,11,SAI,RUS,22,46,49,undercut_ahead,2.893000000000029,22.0,MEDIUM,HARD,21.0,MEDIUM,22.3235,False,False,6.0,5.0,0,Ferrari,Ferrari,-0.19399999999995998,51,1,71.0,0.30985915492957744
spielberg,2024,11,SAI,HAM,47,53,56,defend_behind,-2.7730000000001382,25.0,HARD,MEDIUM,25.0,HARD,22.3235,False,False,4.0,6.0,1,Ferrari,Ferrari,-0.19399999999995998,51,0,71.0,0.6619718309859155
spielberg,2024,11,ZHO,LEC,28,33,36,defend_behind,-2.230000000000473,28.0,HARD,MEDIUM,11.0,MEDIUM,22.3235,False,False,18.0,17.0,0,Kick Sauber,Kick Sauber,0.38599999999996726,55,0,71.0,0.39436619718309857
spielberg,2025,11,BEA,ALO,11,33,36,undercut_ahead,0.7700000000004366,11.0,SOFT,HARD,11.0,MEDIUM,22.3235,True,True,9.0,12.0,1,Haas F1 Team,Haas F1 Team,0.5172499999998763,42,0,70.0,0.15714285714285714
spielberg,2025,11,BEA,COL,11,13,16,defend_behind,-0.6890000000003056,11.0,SOFT,HARD,10.0,SOFT,22.3235,True,False,14.0,16.0,1,Haas F1 Team,Haas F1 Team,0.5172499999998763,42,0,70.0,0.15714285714285714
spielberg,2025,11,COL,ALO,13,33,36,undercut_ahead,2.0230000000001382,13.0,SOFT,MEDIUM,13.0,MEDIUM,22.3235,False,True,14.0,12.0,0,Alpine,Alpine,0.2495000000001255,46,0,70.0,0.18571428571428572
spielberg,2025,11,COL,OCO,13,19,22,defend_behind,-0.4569999999994252,13.0,SOFT,MEDIUM,12.0,MEDIUM,22.3235,False,False,14.0,15.0,1,Alpine,Alpine,0.2495000000001255,46,0,70.0,0.18571428571428572
spielberg,2025,11,COL,STR,39,53,56,defend_behind,-0.4790000000002692,26.0,MEDIUM,HARD,13.0,HARD,22.3235,False,False,14.0,16.0,1,Alpine,Alpine,0.2495000000001255,46,0,70.0,0.5571428571428572
spielberg,2025,11,GAS,BOR,12,21,24,defend_behind,-0.3550000000004729,15.0,SOFT,HARD,11.0,MEDIUM,22.3235,False,False,10.0,12.0,1,Alpine,Alpine,0.2495000000001255,46,1,70.0,0.17142857142857143
spielberg,2025,11,GAS,BEA,38,39,42,undercut_ahead,2.0380000000004657,26.0,HARD,MEDIUM,26.0,HARD,22.3235,False,False,14.0,13.0,0,Alpine,Alpine,0.2495000000001255,46,0,70.0,0.5428571428571428
spielberg,2025,11,HAD,TSU,2,18,21,undercut_ahead,2.818999999999505,2.0,SOFT,MEDIUM,1.0,MEDIUM,22.3235,False,True,9.0,16.0,1,Racing Bulls,Racing Bulls,-0.18699999999989814,41,1,70.0,0.02857142857142857
spielberg,2025,11,HAD,HUL,2,12,15,defend_behind,-1.5380000000004657,2.0,SOFT,MEDIUM,1.0,SOFT,22.3235,False,True,12.0,15.0,1,Racing Bulls,Racing Bulls,-0.18699999999989814,41,1,70.0,0.02857142857142857
spielberg,2025,11,HAD,RUS,28,45,48,undercut_ahead,2.1019999999998618,26.0,MEDIUM,HARD,9.0,MEDIUM,22.3235,False,True,10.0,9.0,0,Racing Bulls,Racing Bulls,-0.18699999999989814,41,0,70.0,0.4
spielberg,2025,11,HAD,HUL,28,42,45,defend_behind,-1.092000000000553,26.0,MEDIUM,HARD,15.0,MEDIUM,22.3235,False,True,10.0,11.0,1,Racing Bulls,Racing Bulls,-0.18699999999989814,41,0,70.0,0.4
spielberg,2025,11,HUL,TSU,12,18,21,undercut_ahead,0.4630000000006475,12.0,SOFT,MEDIUM,11.0,MEDIUM,22.3235,True,False,13.0,16.0,1,Kick Sauber,Kick Sauber,-0.047999999999774445,41,0,70.0,0.17142857142857143
spielberg,2025,11,HUL,HAD,12,28,31,defend_behind,-0.6279999999997017,12.0,SOFT,MEDIUM,9.0,MEDIUM,22.3235,True,True,9.0,14.0,1,Kick Sauber,Kick Sauber,-0.047999999999774445,41,0,70.0,0.17142857142857143
spielberg,2025,11,LAW,ALO,32,33,36,defend_behind,-1.404000000000451,32.0,MEDIUM,HARD,32.0,MEDIUM,22.3235,False,False,11.0,12.0,1,Racing Bulls,Racing Bulls,-0.18699999999989814,41,0,70.0,0.45714285714285713
spielberg,2025,11,NOR,PIA,20,24,27,defend_behind,-0.6649999999999636,20.0,MEDIUM,HARD,19.0,MEDIUM,22.3235,False,False,1.0,2.0,1,McLaren,McLaren,-0.2272499999999127,48,0,70.0,0.2857142857142857
spielberg,2025,11,STR,RUS,26,45,48,undercut_ahead,1.3350000000000364,27.0,MEDIUM,HARD,7.0,MEDIUM,22.3235,False,True,13.0,9.0,0,Aston Martin,Aston Martin,0.1950000000001637,50,0,70.0,0.37142857142857144
spielberg,2025,11,STR,GAS,26,38,41,defend_behind,-0.6049999999995634,27.0,MEDIUM,HARD,13.0,HARD,22.3235,False,True,12.0,14.0,1,Aston Martin,Aston Martin,0.1950000000001637,50,0,70.0,0.37142857142857144
spielberg,2025,11,TSU,OCO,18,19,22,undercut_ahead,2.978000000000065,18.0,MEDIUM,HARD,17.0,MEDIUM,22.3235,False,False,16.0,15.0,0,Red Bull Racing,Red Bull Racing,-0.06900000000041473,45,0,70.0,0.2571428571428571
spielberg,2025,11,TSU,STR,18,26,29,defend_behind,-0.76299999999992,18.0,MEDIUM,HARD,18.0,MEDIUM,22.3235,False,False,14.0,16.0,1,Red Bull Racing,Red Bull Racing,-0.06900000000041473,45,0,70.0,0.2571428571428571
spielberg,2025,11,TSU,COL,30,39,42,undercut_ahead,0.51299999999992,12.0,HARD,MEDIUM,16.0,MEDIUM,22.3235,True,True,15.0,16.0,1,Red Bull Racing,Red Bull Racing,-0.06900000000041473,45,0,70.0,0.42857142857142855
spielberg,2026,8,ALO,COL,24,46,49,undercut_ahead,0.8659999999999854,24.0,MEDIUM,SOFT,3.0,HARD,22.3235,True,True,18.0,16.0,0,Aston Martin,Aston Martin,-0.06750000000010914,15,0,71.0,0.3380281690140845
spielberg,2026,8,BEA,GAS,24,38,41,undercut_ahead,0.5709999999999127,24.0,MEDIUM,HARD,10.0,HARD,22.3235,True,True,13.0,14.0,1,Haas F1 Team,Haas F1 Team,0.4760000000005675,19,1,71.0,0.3380281690140845
spielberg,2026,8,BOR,LIN,17,18,21,undercut_ahead,2.979000000000269,17.0,SOFT,MEDIUM,16.0,MEDIUM,22.3235,False,False,11.0,9.0,0,Audi,Audi,0.0,23,1,71.0,0.23943661971830985
spielberg,2026,8,BOR,LEC,17,37,40,defend_behind,-1.582999999999629,17.0,SOFT,MEDIUM,3.0,HARD,22.3235,False,True,11.0,8.0,0,Audi,Audi,0.0,23,1,71.0,0.23943661971830985
spielberg,2026,8,COL,LIN,20,46,49,undercut_ahead,2.8599999999996726,20.0,MEDIUM,HARD,1.0,HARD,22.3235,False,True,16.0,10.0,0,Alpine,Alpine,0.0,23,0,71.0,0.28169014084507044
spielberg,2026,8,COL,BOR,20,44,47,defend_behind,-0.5579999999999927,20.0,MEDIUM,HARD,2.0,MEDIUM,22.3235,False,True,17.0,11.0,0,Alpine,Alpine,0.0,23,0,71.0,0.28169014084507044
spielberg,2026,8,GAS,OCO,13,18,21,undercut_ahead,0.5670000000000073,13.0,MEDIUM,HARD,12.0,MEDIUM,22.3235,True,False,14.0,17.0,1,Alpine,Alpine,0.0,23,0,71.0,0.18309859154929578
spielberg,2026,8,GAS,HUL,13,21,24,defend_behind,-0.6929999999993015,13.0,MEDIUM,HARD,12.0,MEDIUM,22.3235,True,True,12.0,14.0,1,Alpine,Alpine,0.0,23,0,71.0,0.18309859154929578
spielberg,2026,8,HAD,NOR,40,47,50,defend_behind,-1.2919999999994616,22.0,MEDIUM,HARD,18.0,HARD,22.3235,False,False,7.0,8.0,1,Red Bull Racing,Red Bull Racing,-0.054500000000189175,22,0,71.0,0.5633802816901409
spielberg,2026,8,HAM,VER,12,18,21,defend_behind,-0.5370000000002619,12.0,MEDIUM,HARD,11.0,MEDIUM,22.3235,False,False,3.0,4.0,1,Ferrari,Ferrari,-0.23250000000007276,22,1,71.0,0.16901408450704225
spielberg,2026,8,HAM,VER,25,49,52,undercut_ahead,2.131999999999607,13.0,HARD,SOFT,6.0,HARD,22.3235,False,True,5.0,2.0,0,Ferrari,Ferrari,-0.23250000000007276,22,1,71.0,0.352112676056338
spielberg,2026,8,LAW,HAM,19,25,28,undercut_ahead,2.3629999999993743,19.0,MEDIUM,HARD,6.0,HARD,22.3235,False,True,10.0,7.0,0,Racing Bulls,Racing Bulls,0.057999999999992724,21,1,71.0,0.2676056338028169
spielberg,2026,8,LAW,LIN,45,46,49,undercut_ahead,0.9800000000004728,26.0,HARD,MEDIUM,26.0,HARD,22.3235,True,False,9.0,10.0,1,Racing Bulls,Racing Bulls,0.057999999999992724,21,0,71.0,0.6338028169014085
spielberg,2026,8,LEC,ANT,13,24,27,undercut_ahead,2.8289999999997235,13.0,MEDIUM,HARD,12.0,MEDIUM,22.3235,True,True,3.0,4.0,1,Ferrari,Ferrari,-0.23250000000007276,22,0,71.0,0.18309859154929578
spielberg,2026,8,LEC,PIA,13,19,22,defend_behind,-1.3469999999997526,13.0,MEDIUM,HARD,12.0,MEDIUM,22.3235,True,False,5.0,6.0,1,Ferrari,Ferrari,-0.23250000000007276,22,0,71.0,0.18309859154929578
spielberg,2026,8,NOR,RUS,21,43,46,defend_behind,-2.4179999999996653,21.0,MEDIUM,HARD,1.0,HARD,22.3235,False,True,4.0,3.0,0,McLaren,McLaren,-0.26050000000032014,23,0,71.0,0.29577464788732394
spielberg,2026,8,PIA,NOR,19,21,24,defend_behind,-1.55199999999968,19.0,MEDIUM,HARD,18.0,MEDIUM,22.3235,False,True,6.0,8.0,1,McLaren,McLaren,-0.26050000000032014,23,1,71.0,0.2676056338028169
spielberg,2026,8,SAI,ALB,14,18,21,defend_behind,-1.86200000000008,14.0,SOFT,MEDIUM,13.0,MEDIUM,22.3235,True,False,15.0,18.0,1,Williams,Williams,0.06700000000000728,29,0,71.0,0.19718309859154928
spielberg,2026,8,VER,ANT,18,24,27,defend_behind,-1.6649999999999636,18.0,MEDIUM,HARD,17.0,MEDIUM,22.3235,False,True,2.0,4.0,1,Red Bull Racing,Red Bull Racing,-0.054500000000189175,22,1,71.0,0.2535211267605634
suzuka,2018,17,ALO,HAR,26,28,31,undercut_ahead,2.588999999999942,25.0,SOFT,MEDIUM,27.0,SUPERSOFT,24.50900000000001,False,False,17.0,16.0,0,McLaren,McLaren,-0.06524999999987813,24,1,53.0,0.49056603773584906
suzuka,2018,17,ALO,HUL,26,30,33,defend_behind,-2.173999999999978,25.0,SOFT,MEDIUM,24.0,MEDIUM,24.50900000000001,False,False,17.0,19.0,1,McLaren,McLaren,-0.06524999999987813,24,1,53.0,0.49056603773584906
suzuka,2018,17,ERI,STR,5,14,17,undercut_ahead,1.2970000000000257,4.0,SOFT,MEDIUM,3.0,SOFT,24.50900000000001,True,True,16.0,19.0,1,Sauber,Sauber,-0.10650000000055115,19,0,53.0,0.09433962264150944
suzuka,2018,17,ERI,VAN,5,23,26,defend_behind,-0.8220000000001164,4.0,SOFT,MEDIUM,3.0,SOFT,24.50900000000001,True,True,15.0,19.0,1,Sauber,Sauber,-0.10650000000055115,19,0,53.0,0.09433962264150944
suzuka,2018,17,GAS,SAI,29,32,35,defend_behind,-1.1030000000000657,31.0,SUPERSOFT,SOFT,27.0,SOFT,24.50900000000001,False,False,10.0,11.0,1,Toro Rosso,Toro Rosso,0.04450000000019827,23,1,53.0,0.5471698113207547
suzuka,2018,17,LEC,SAI,4,32,35,undercut_ahead,0.9130000000000108,3.0,SOFT,MEDIUM,2.0,SOFT,24.50900000000001,True,True,13.0,11.0,0,Sauber,Sauber,-0.10650000000055115,19,0,53.0,0.07547169811320754
suzuka,2018,17,LEC,ALO,4,26,29,defend_behind,-0.8089999999999691,3.0,SOFT,MEDIUM,2.0,SOFT,24.50900000000001,True,True,9.0,18.0,1,Sauber,Sauber,-0.10650000000055115,19,0,53.0,0.07547169811320754
suzuka,2018,17,MAG,LEC,2,4,7,defend_behind,-0.0810000000001309,1.0,SOFT,MEDIUM,,,24.50900000000001,True,True,20.0,18.0,0,Haas F1 Team,Haas F1 Team,0.08375000000012278,24,0,53.0,0.03773584905660377
suzuka,2018,17,OCO,GAS,26,29,32,undercut_ahead,0.7840000000001055,28.0,SUPERSOFT,MEDIUM,27.0,SUPERSOFT,24.50900000000001,True,False,10.0,13.0,1,Racing Point,Racing Point,0.25525000000038744,12,1,53.0,0.49056603773584906
suzuka,2018,17,OCO,SAI,26,32,35,defend_behind,-2.173999999999978,28.0,SUPERSOFT,MEDIUM,24.0,SOFT,24.50900000000001,True,False,9.0,11.0,1,Racing Point,Racing Point,0.25525000000038744,12,1,53.0,0.49056603773584906
suzuka,2018,17,PER,GAS,24,29,32,undercut_ahead,0.925000000000182,26.0,SUPERSOFT,SOFT,25.0,SUPERSOFT,24.50900000000001,True,False,9.0,13.0,1,Racing Point,Racing Point,0.25525000000038744,12,1,53.0,0.4528301886792453
suzuka,2018,17,PER,OCO,24,26,29,defend_behind,-0.9540000000001784,26.0,SUPERSOFT,SOFT,25.0,SUPERSOFT,24.50900000000001,True,False,10.0,11.0,1,Racing Point,Racing Point,0.25525000000038744,12,1,53.0,0.4528301886792453
suzuka,2018,17,SIR,ERI,4,5,8,undercut_ahead,1.3420000000000982,3.0,SOFT,MEDIUM,2.0,SOFT,24.50900000000001,False,True,16.0,18.0,1,Williams,Williams,0.20049999999991996,32,1,53.0,0.07547169811320754
suzuka,2018,17,SIR,VAN,4,23,26,defend_behind,-0.4839999999999236,3.0,SOFT,MEDIUM,2.0,SOFT,24.50900000000001,False,True,16.0,19.0,1,Williams,Williams,0.20049999999991996,32,1,53.0,0.07547169811320754
suzuka,2018,17,STR,VET,14,26,29,undercut_ahead,0.4549999999999272,13.0,SOFT,MEDIUM,15.0,SUPERSOFT,24.50900000000001,True,False,16.0,12.0,0,Williams,Williams,0.20049999999991996,32,0,53.0,0.2641509433962264
suzuka,2018,17,STR,SIR,14,38,41,defend_behind,-1.8989999999998872,13.0,SOFT,MEDIUM,9.0,MEDIUM,24.50900000000001,True,True,17.0,16.0,0,Williams,Williams,0.20049999999991996,32,0,53.0,0.2641509433962264
suzuka,2018,17,VAN,SIR,23,38,41,undercut_ahead,2.369999999999891,22.0,SOFT,MEDIUM,18.0,MEDIUM,24.50900000000001,False,True,15.0,16.0,1,McLaren,McLaren,-0.06524999999987813,24,0,53.0,0.4339622641509434
suzuka,2018,17,VET,SAI,26,32,35,undercut_ahead,1.0320000000001528,28.0,SUPERSOFT,SOFT,24.0,SOFT,24.50900000000001,False,False,6.0,11.0,1,Ferrari,Ferrari,-0.22625000000005002,26,1,53.0,0.49056603773584906
suzuka,2019,17,ALB,SAI,15,26,29,undercut_ahead,1.5639999999998508,18.0,SOFT,MEDIUM,17.0,SOFT,24.50900000000001,False,False,4.0,5.0,1,Red Bull Racing,Red Bull Racing,-0.16499999999996362,36,0,53.0,0.2830188679245283
suzuka,2019,17,GIO,LEC,18,25,28,defend_behind,-0.4630000000001928,18.0,MEDIUM,HARD,14.0,MEDIUM,24.50900000000001,False,False,13.0,11.0,0,Alfa Romeo Racing,Alfa Romeo Racing,0.44699999999988904,42,1,53.0,0.33962264150943394
suzuka,2019,17,GRO,MAG,16,17,20,undercut_ahead,1.005999999999858,19.0,SOFT,HARD,15.0,MEDIUM,24.50900000000001,False,False,15.0,18.0,1,Haas F1 Team,Haas F1 Team,0.2179999999989377,35,1,53.0,0.3018867924528302
suzuka,2019,17,GRO,KVY,16,27,30,defend_behind,-0.3220000000001164,19.0,SOFT,HARD,15.0,SOFT,24.50900000000001,False,False,12.0,17.0,1,Haas F1 Team,Haas F1 Team,0.2179999999989377,35,1,53.0,0.3018867924528302
suzuka,2019,17,HUL,RIC,19,29,32,defend_behind,-1.3290000000001785,19.0,SOFT,MEDIUM,18.0,MEDIUM,24.50900000000001,False,False,9.0,11.0,1,Renault,Renault,0.0,30,0,53.0,0.3584905660377358
suzuka,2019,17,LEC,VET,3,16,19,undercut_ahead,2.39200000000028,6.0,SOFT,MEDIUM,5.0,SOFT,24.50900000000001,False,True,9.0,3.0,0,Ferrari,Ferrari,-0.08799999999973807,43,0,53.0,0.05660377358490566
suzuka,2019,17,LEC,HAM,3,21,24,defend_behind,-0.3989999999998872,6.0,SOFT,MEDIUM,5.0,SOFT,24.50900000000001,False,True,7.0,3.0,0,Ferrari,Ferrari,-0.08799999999973807,43,0,53.0,0.05660377358490566
suzuka,2019,17,MAG,LEC,17,25,28,undercut_ahead,2.98299999999972,17.0,MEDIUM,HARD,13.0,MEDIUM,24.50900000000001,False,False,15.0,11.0,0,Haas F1 Team,Haas F1 Team,0.2179999999989377,35,1,53.0,0.32075471698113206
suzuka,2019,17,MAG,KVY,17,27,30,defend_behind,-0.3650000000002364,17.0,MEDIUM,HARD,16.0,SOFT,24.50900000000001,False,False,15.0,17.0,1,Haas F1 Team,Haas F1 Team,0.2179999999989377,35,1,53.0,0.32075471698113206
suzuka,2019,17,NOR,SAI,4,26,29,undercut_ahead,1.5920000000000982,7.0,SOFT,MEDIUM,6.0,SOFT,24.50900000000001,False,True,16.0,5.0,0,McLaren,McLaren,-0.26599999999962165,33,0,53.0,0.07547169811320754
suzuka,2019,17,NOR,ALB,4,15,18,defend_behind,-0.51299999999992,7.0,SOFT,MEDIUM,6.0,SOFT,24.50900000000001,False,True,14.0,10.0,0,McLaren,McLaren,-0.26599999999962165,33,0,53.0,0.07547169811320754
suzuka,2019,17,PER,RIC,19,29,32,undercut_ahead,1.4179999999996653,19.0,SOFT,MEDIUM,18.0,MEDIUM,24.50900000000001,False,False,10.0,11.0,1,Racing Point,Racing Point,0.1320000000005166,37,0,53.0,0.3584905660377358
suzuka,2019,17,PER,ALB,19,34,37,defend_behind,-1.5070000000000618,19.0,SOFT,MEDIUM,3.0,MEDIUM,24.50900000000001,False,False,10.0,4.0,0,Racing Point,Racing Point,0.1320000000005166,37,0,53.0,0.3584905660377358
suzuka,2019,17,RAI,KVY,15,27,30,undercut_ahead,0.7510000000002037,15.0,MEDIUM,HARD,14.0,SOFT,24.50900000000001,True,False,14.0,17.0,1,Alfa Romeo Racing,Alfa Romeo Racing,0.44699999999988904,42,0,53.0,0.2830188679245283
suzuka,2019,17,RAI,NOR,15,25,28,defend_behind,-2.297000000000025,15.0,MEDIUM,HARD,10.0,MEDIUM,24.50900000000001,True,False,14.0,16.0,1,Alfa Romeo Racing,Alfa Romeo Racing,0.44699999999988904,42,0,53.0,0.2830188679245283
suzuka,2019,17,RUS,MAG,25,47,50,undercut_ahead,2.30199999999968,25.0,MEDIUM,HARD,7.0,HARD,24.50900000000001,False,False,18.0,17.0,0,Williams,Williams,-0.25200000000040745,35,0,53.0,0.4716981132075472
suzuka,2019,17,SAI,ALB,26,34,37,defend_behind,-2.149999999999636,29.0,SOFT,MEDIUM,10.0,MEDIUM,24.50900000000001,False,False,5.0,4.0,0,McLaren,McLaren,-0.26599999999962165,33,0,53.0,0.49056603773584906
suzuka,2019,17,STR,HUL,18,19,22,defend_behind,-0.9459999999999128,18.0,SOFT,MEDIUM,17.0,SOFT,24.50900000000001,False,False,11.0,12.0,1,Racing Point,Racing Point,0.1320000000005166,37,1,53.0,0.33962264150943394
suzuka,2022,18,ALO,HAM,2,7,10,undercut_ahead,2.6510000000002947,2.0,INTERMEDIATE,WET,2.0,INTERMEDIATE,24.50900000000001,False,True,8.0,5.0,0,Alpine,Alpine,-0.040499999999610736,45,0,29.0,0.06896551724137931
suzuka,2022,18,BOT,NOR,2,6,9,undercut_ahead,2.5100000000002183,2.0,INTERMEDIATE,WET,1.0,INTERMEDIATE,24.50900000000001,False,True,17.0,11.0,0,Alfa Romeo,Alfa Romeo,0.5190000000002328,39,0,29.0,0.06896551724137931
suzuka,2022,18,BOT,LAT,2,5,8,defend_behind,-2.30199999999968,2.0,INTERMEDIATE,WET,1.0,INTERMEDIATE,24.50900000000001,False,True,16.0,11.0,0,Alfa Romeo,Alfa Romeo,0.5190000000002328,39,1,29.0,0.06896551724137931
suzuka,2022,18,BOT,ZHO,6,9,12,defend_behind,-1.915000000000873,4.0,WET,INTERMEDIATE,3.0,WET,24.50900000000001,False,False,15.0,17.0,1,Alfa Romeo,Alfa Romeo,0.5190000000002328,39,0,29.0,0.20689655172413793
suzuka,2022,18,GAS,ZHO,7,9,12,undercut_ahead,0.305000000000291,5.0,WET,INTERMEDIATE,4.0,WET,24.50900000000001,True,False,16.0,17.0,1,AlphaTauri,AlphaTauri,-0.24375000000009095,52,0,29.0,0.2413793103448276
suzuka,2022,18,HAM,ALO,2,8,11,defend_behind,-2.6510000000002947,3.0,INTERMEDIATE,WET,1.0,INTERMEDIATE,24.50900000000001,False,True,5.0,7.0,1,Mercedes,Mercedes,-0.0020000000004074536,45,0,29.0,0.06896551724137931
suzuka,2022,18,HAM,ALO,7,8,11,defend_behind,-1.528999999998632,6.0,WET,INTERMEDIATE,4.0,WET,24.50900000000001,True,False,5.0,7.0,1,Mercedes,Mercedes,-0.0020000000004074536,45,1,29.0,0.2413793103448276
suzuka,2022,18,LAT,BOT,2,6,9,undercut_ahead,2.30199999999968,2.0,INTERMEDIATE,WET,1.0,INTERMEDIATE,24.50900000000001,False,True,10.0,17.0,1,Williams,Williams,0.2810000000006312,50,0,29.0,0.06896551724137931
suzuka,2022,18,LEC,PER,2,7,10,defend_behind,-2.958000000000084,2.0,INTERMEDIATE,WET,1.0,INTERMEDIATE,24.50900000000001,False,True,2.0,3.0,1,Ferrari,Ferrari,-0.5029999999997017,37,1,29.0,0.06896551724137931
suzuka,2022,18,MAG,STR,2,7,10,undercut_ahead,1.956000000000131,2.0,INTERMEDIATE,WET,1.0,INTERMEDIATE,24.50900000000001,False,True,15.0,13.0,0,Haas F1 Team,Haas F1 Team,0.6865000000007058,39,1,29.0,0.06896551724137931
suzuka,2022,18,MAG,NOR,2,6,9,defend_behind,-1.8859999999999677,2.0,INTERMEDIATE,WET,1.0,INTERMEDIATE,24.50900000000001,False,True,16.0,11.0,0,Haas F1 Team,Haas F1 Team,0.6865000000007058,39,1,29.0,0.06896551724137931
suzuka,2022,18,MAG,MSC,7,11,14,undercut_ahead,0.6419999999998254,5.0,WET,INTERMEDIATE,4.0,WET,24.50900000000001,True,False,14.0,18.0,1,Haas F1 Team,Haas F1 Team,0.6865000000007058,39,1,29.0,0.2413793103448276
suzuka,2022,18,MAG,STR,7,19,22,defend_behind,-0.9059999999990396,5.0,WET,INTERMEDIATE,4.0,WET,24.50900000000001,True,False,12.0,14.0,1,Haas F1 Team,Haas F1 Team,0.6865000000007058,39,1,29.0,0.2413793103448276
suzuka,2022,18,MSC,TSU,2,7,10,undercut_ahead,1.512000000000171,2.0,INTERMEDIATE,WET,1.0,INTERMEDIATE,24.50900000000001,False,True,6.0,11.0,1,Haas F1 Team,Haas F1 Team,0.6865000000007058,39,1,29.0,0.06896551724137931
suzuka,2022,18,MSC,STR,2,7,10,defend_behind,-1.7169999999996437,2.0,INTERMEDIATE,WET,1.0,INTERMEDIATE,24.50900000000001,False,True,6.0,13.0,1,Haas F1 Team,Haas F1 Team,0.6865000000007058,39,1,29.0,0.06896551724137931
suzuka,2022,18,NOR,MAG,2,7,10,undercut_ahead,1.8859999999999677,2.0,INTERMEDIATE,WET,1.0,INTERMEDIATE,24.50900000000001,False,True,10.0,15.0,1,McLaren,McLaren,-0.17475000000013097,52,1,29.0,0.06896551724137931
suzuka,2022,18,NOR,BOT,2,6,9,defend_behind,-2.5100000000002183,2.0,INTERMEDIATE,WET,1.0,INTERMEDIATE,24.50900000000001,False,True,11.0,17.0,1,McLaren,McLaren,-0.17475000000013097,52,1,29.0,0.06896551724137931
suzuka,2022,18,NOR,MAG,6,7,10,undercut_ahead,1.0900000000001455,4.0,WET,INTERMEDIATE,3.0,WET,24.50900000000001,False,False,10.0,15.0,1,McLaren,McLaren,-0.17475000000013097,52,0,29.0,0.20689655172413793
suzuka,2022,18,PER,LEC,2,7,10,undercut_ahead,2.958000000000084,2.0,INTERMEDIATE,WET,1.0,INTERMEDIATE,24.50900000000001,False,True,3.0,2.0,0,Red Bull Racing,Red Bull Racing,-0.4772499999999127,56,0,29.0,0.06896551724137931
suzuka,2022,18,RIC,RUS,2,7,10,undercut_ahead,2.6279999999997017,2.0,INTERMEDIATE,WET,1.0,INTERMEDIATE,24.50900000000001,False,True,14.0,12.0,0,McLaren,McLaren,-0.17475000000013097,52,1,29.0,0.06896551724137931
suzuka,2022,18,RIC,TSU,2,7,10,defend_behind,-2.1790000000000878,2.0,INTERMEDIATE,WET,1.0,INTERMEDIATE,24.50900000000001,False,True,14.0,11.0,0,McLaren,McLaren,-0.17475000000013097,52,1,29.0,0.06896551724137931
suzuka,2022,18,RIC,MSC,8,11,14,defend_behind,-1.8659999999999852,6.0,WET,INTERMEDIATE,5.0,WET,24.50900000000001,True,False,13.0,18.0,1,McLaren,McLaren,-0.17475000000013097,52,1,29.0,0.27586206896551724
suzuka,2022,18,RUS,RIC,2,8,11,defend_behind,-2.6279999999997017,2.0,INTERMEDIATE,WET,1.0,INTERMEDIATE,24.50900000000001,False,True,11.0,14.0,1,Mercedes,Mercedes,-0.0020000000004074536,45,0,29.0,0.06896551724137931
suzuka,2022,18,RUS,ALO,7,8,11,undercut_ahead,1.7750000000014552,5.0,WET,INTERMEDIATE,4.0,WET,24.50900000000001,False,False,11.0,7.0,0,Mercedes,Mercedes,-0.0020000000004074536,45,1,29.0,0.2413793103448276
suzuka,2022,18,RUS,RIC,7,8,11,defend_behind,-2.193999999999505,5.0,WET,INTERMEDIATE,4.0,WET,24.50900000000001,False,False,11.0,14.0,1,Mercedes,Mercedes,-0.0020000000004074536,45,1,29.0,0.2413793103448276
suzuka,2022,18,STR,MSC,2,11,14,undercut_ahead,1.7169999999996437,2.0,INTERMEDIATE,WET,1.0,INTERMEDIATE,24.50900000000001,False,True,12.0,18.0,1,Aston Martin,Aston Martin,-0.04449999999951615,47,1,29.0,0.06896551724137931
suzuka,2022,18,STR,MAG,2,7,10,defend_behind,-1.956000000000131,2.0,INTERMEDIATE,WET,1.0,INTERMEDIATE,24.50900000000001,False,True,13.0,15.0,1,Aston Martin,Aston Martin,-0.04449999999951615,47,1,29.0,0.06896551724137931
suzuka,2022,18,TSU,RIC,2,8,11,undercut_ahead,2.1790000000000878,2.0,INTERMEDIATE,WET,1.0,INTERMEDIATE,24.50900000000001,False,True,10.0,14.0,1,AlphaTauri,AlphaTauri,-0.24375000000009095,52,1,29.0,0.06896551724137931
suzuka,2022,18,TSU,MSC,2,11,14,defend_behind,-1.512000000000171,2.0,INTERMEDIATE,WET,1.0,INTERMEDIATE,24.50900000000001,False,True,10.0,18.0,1,AlphaTauri,AlphaTauri,-0.24375000000009095,52,1,29.0,0.06896551724137931
suzuka,2022,18,TSU,RIC,7,8,11,undercut_ahead,0.4789999999993597,5.0,WET,INTERMEDIATE,4.0,WET,24.50900000000001,True,False,10.0,14.0,1,AlphaTauri,AlphaTauri,-0.24375000000009095,52,1,29.0,0.2413793103448276
suzuka,2022,18,TSU,MSC,7,11,14,defend_behind,-1.337000000001353,5.0,WET,INTERMEDIATE,4.0,WET,24.50900000000001,True,False,10.0,18.0,1,AlphaTauri,AlphaTauri,-0.24375000000009095,52,1,29.0,0.2413793103448276
suzuka,2022,18,VER,LEC,2,7,10,defend_behind,-2.547000000000025,2.0,INTERMEDIATE,WET,1.0,INTERMEDIATE,24.50900000000001,False,True,1.0,2.0,1,Red Bull Racing,Red Bull Racing,-0.4772499999999127,56,0,29.0,0.06896551724137931
suzuka,2022,18,VET,ZHO,5,9,12,defend_behind,-1.5969999999997526,3.0,WET,INTERMEDIATE,2.0,WET,24.50900000000001,False,False,6.0,17.0,1,Aston Martin,Aston Martin,-0.04449999999951615,47,0,29.0,0.1724137931034483
suzuka,2023,16,ALO,SAI,11,18,21,undercut_ahead,2.013000000000829,14.0,SOFT,HARD,10.0,MEDIUM,24.50900000000001,False,True,9.0,6.0,0,Aston Martin,Aston Martin,0.011999999999716238,50,0,53.0,0.20754716981132076
suzuka,2023,16,ALO,HAM,11,16,19,defend_behind,-0.9279999999998836,14.0,SOFT,HARD,10.0,MEDIUM,24.50900000000001,False,True,7.0,9.0,1,Aston Martin,Aston Martin,0.011999999999716238,50,0,53.0,0.20754716981132076
suzuka,2023,16,GAS,OCO,18,28,31,defend_behind,-1.181999999999789,18.0,MEDIUM,HARD,16.0,HARD,24.50900000000001,False,False,8.0,10.0,1,Alpine,Alpine,0.4069999999992433,51,1,53.0,0.33962264150943394
suzuka,2023,16,HAM,SAI,16,18,21,undercut_ahead,2.1190000000005966,16.0,MEDIUM,HARD,15.0,MEDIUM,24.50900000000001,False,False,8.0,6.0,0,Mercedes,Mercedes,-0.1014999999997599,50,0,53.0,0.3018867924528302
suzuka,2023,16,HAM,RUS,16,24,27,defend_behind,-1.113999999999578,16.0,MEDIUM,HARD,15.0,MEDIUM,24.50900000000001,False,False,6.0,7.0,1,Mercedes,Mercedes,-0.1014999999997599,50,0,53.0,0.3018867924528302
suzuka,2023,16,HUL,STR,8,14,17,undercut_ahead,0.8659999999999854,8.0,SOFT,MEDIUM,7.0,SOFT,24.50900000000001,True,True,13.0,14.0,1,Haas F1 Team,Haas F1 Team,0.2820000000001528,55,0,53.0,0.1509433962264151
suzuka,2023,16,HUL,GAS,8,18,21,defend_behind,-0.6010000000005675,8.0,SOFT,MEDIUM,7.0,MEDIUM,24.50900000000001,True,True,13.0,12.0,0,Haas F1 Team,Haas F1 Team,0.2820000000001528,55,0,53.0,0.1509433962264151
suzuka,2023,16,HUL,GAS,21,34,37,defend_behind,-0.7340000000003783,13.0,MEDIUM,HARD,2.0,HARD,24.50900000000001,True,False,11.0,10.0,0,Haas F1 Team,Haas F1 Team,0.2820000000001528,55,0,53.0,0.39622641509433965
suzuka,2023,16,LAW,RUS,10,24,27,undercut_ahead,2.024999999999636,10.0,SOFT,MEDIUM,9.0,MEDIUM,24.50900000000001,False,True,15.0,7.0,0,AlphaTauri,AlphaTauri,-0.2809999999981301,56,1,53.0,0.18867924528301888
suzuka,2023,16,LAW,STR,10,14,17,defend_behind,-2.472000000000662,10.0,SOFT,MEDIUM,9.0,SOFT,24.50900000000001,False,True,12.0,14.0,1,AlphaTauri,AlphaTauri,-0.2809999999981301,56,1,53.0,0.18867924528301888
suzuka,2023,16,LAW,TSU,25,30,33,undercut_ahead,2.2489999999997963,15.0,MEDIUM,HARD,15.0,MEDIUM,24.50900000000001,False,False,12.0,13.0,1,AlphaTauri,AlphaTauri,-0.2809999999981301,56,0,53.0,0.4716981132075472
suzuka,2023,16,LEC,SAI,34,38,41,defend_behind,-2.01299999999992,17.0,MEDIUM,HARD,15.0,MEDIUM,24.50900000000001,False,False,5.0,7.0,1,Ferrari,Ferrari,-0.42574999999987995,50,0,53.0,0.6415094339622641
suzuka,2023,16,MAG,OCO,12,28,31,undercut_ahead,0.92699999999968,12.0,MEDIUM,HARD,10.0,HARD,24.50900000000001,True,True,13.0,10.0,0,Haas F1 Team,Haas F1 Team,0.2820000000001528,55,0,53.0,0.22641509433962265
suzuka,2023,16,NOR,LEC,17,34,37,defend_behind,-2.125,17.0,MEDIUM,HARD,16.0,MEDIUM,24.50900000000001,False,False,4.0,6.0,1,McLaren,McLaren,-0.07900000000017826,57,1,53.0,0.32075471698113206
suzuka,2023,16,PER,ALO,2,11,14,undercut_ahead,1.6109999999998763,2.0,MEDIUM,HARD,4.0,SOFT,24.50900000000001,False,True,19.0,11.0,0,Red Bull Racing,Red Bull Racing,-0.4220000000004802,59,1,53.0,0.03773584905660377
suzuka,2023,16,PIA,LEC,13,17,20,defend_behind,-1.4510000000000218,13.0,MEDIUM,HARD,12.0,MEDIUM,24.50900000000001,False,True,3.0,5.0,1,McLaren,McLaren,-0.07900000000017826,57,1,53.0,0.24528301886792453
suzuka,2023,16,RUS,PIA,24,35,38,defend_behind,-1.1419999999998254,24.0,MEDIUM,HARD,10.0,HARD,24.50900000000001,False,False,4.0,5.0,1,Mercedes,Mercedes,-0.1014999999997599,50,1,53.0,0.4528301886792453
suzuka,2023,16,TSU,LAW,9,10,13,undercut_ahead,1.6890000000003056,12.0,SOFT,MEDIUM,8.0,SOFT,24.50900000000001,False,True,13.0,14.0,1,AlphaTauri,AlphaTauri,-0.2809999999981301,56,1,53.0,0.16981132075471697
suzuka,2023,16,TSU,STR,9,14,17,defend_behind,-0.6520000000000437,12.0,SOFT,MEDIUM,8.0,SOFT,24.50900000000001,False,True,11.0,14.0,1,AlphaTauri,AlphaTauri,-0.2809999999981301,56,1,53.0,0.16981132075471697
suzuka,2024,4,ALO,LEC,13,26,29,defend_behind,-2.1239999999997963,13.0,SOFT,MEDIUM,11.0,MEDIUM,24.50900000000001,False,False,4.0,6.0,1,Aston Martin,Aston Martin,0.060000000000172804,56,0,53.0,0.24528301886792453
suzuka,2024,4,BOT,TSU,6,7,10,undercut_ahead,0.6810000000004948,6.0,SOFT,HARD,7.0,SOFT,24.50900000000001,True,False,15.0,16.0,1,Kick Sauber,Kick Sauber,0.38599999999996726,55,1,53.0,0.11320754716981132
suzuka,2024,4,BOT,OCO,6,19,22,defend_behind,-1.5889999999999418,6.0,SOFT,HARD,4.0,HARD,24.50900000000001,True,False,11.0,16.0,1,Kick Sauber,Kick Sauber,0.38599999999996726,55,1,53.0,0.11320754716981132
suzuka,2024,4,HUL,ZHO,5,7,10,undercut_ahead,0.6509999999998399,5.0,SOFT,HARD,3.0,SOFT,24.50900000000001,True,False,17.0,18.0,1,Haas F1 Team,Haas F1 Team,0.35299999999961074,51,0,53.0,0.09433962264150944
suzuka,2024,4,HUL,SAR,5,22,25,defend_behind,-1.1729999999997744,5.0,SOFT,HARD,3.0,HARD,24.50900000000001,True,False,10.0,16.0,1,Haas F1 Team,Haas F1 Team,0.35299999999961074,51,0,53.0,0.09433962264150944
suzuka,2024,4,LEC,PER,26,33,36,defend_behind,-0.5349999999998545,25.0,MEDIUM,HARD,10.0,MEDIUM,24.50900000000001,False,False,4.0,3.0,0,Ferrari,Ferrari,-0.19399999999995998,51,1,53.0,0.49056603773584906
suzuka,2024,4,NOR,SAI,11,15,18,defend_behind,-1.21100000000024,11.0,MEDIUM,HARD,9.0,MEDIUM,24.50900000000001,False,False,3.0,7.0,1,McLaren,McLaren,-0.14574999999990723,52,1,53.0,0.20754716981132076
suzuka,2024,4,PIA,ALO,12,13,16,undercut_ahead,1.4370000000008076,12.0,MEDIUM,HARD,11.0,SOFT,24.50900000000001,False,False,9.0,8.0,0,McLaren,McLaren,-0.14574999999990723,52,1,53.0,0.22641509433962265
suzuka,2024,4,PIA,LEC,12,26,29,defend_behind,-0.5479999999997744,12.0,MEDIUM,HARD,10.0,MEDIUM,24.50900000000001,False,False,5.0,6.0,1,McLaren,McLaren,-0.14574999999990723,52,1,53.0,0.22641509433962265
suzuka,2024,4,STR,HUL,22,33,36,defend_behind,-1.530999999999949,10.0,MEDIUM,HARD,16.0,HARD,24.50900000000001,True,False,13.0,14.0,1,Aston Martin,Aston Martin,0.060000000000172804,56,1,53.0,0.41509433962264153
suzuka,2024,4,TSU,RUS,7,22,25,undercut_ahead,1.9669999999996437,9.0,SOFT,HARD,5.0,HARD,24.50900000000001,False,False,11.0,8.0,0,RB,RB,-0.17949999999973443,44,1,53.0,0.1320754716981132
suzuka,2024,4,TSU,STR,7,12,15,defend_behind,-2.40900000000056,9.0,SOFT,HARD,5.0,SOFT,24.50900000000001,False,False,14.0,15.0,1,RB,RB,-0.17949999999973443,44,1,53.0,0.1320754716981132
suzuka,2025,3,BEA,ALO,23,24,27,defend_behind,-1.675000000000182,23.0,MEDIUM,HARD,23.0,MEDIUM,24.50900000000001,True,False,14.0,15.0,1,Haas F1 Team,Haas F1 Team,0.5172499999998763,42,0,53.0,0.4339622641509434
suzuka,2025,3,BOR,OCO,31,32,35,undercut_ahead,1.2449999999998909,31.0,HARD,MEDIUM,31.0,HARD,24.50900000000001,False,False,19.0,18.0,0,Kick Sauber,Kick Sauber,-0.047999999999774445,41,0,53.0,0.5849056603773585
suzuka,2025,3,DOO,OCO,15,32,35,undercut_ahead,2.175000000000182,15.0,SOFT,HARD,15.0,HARD,24.50900000000001,False,False,14.0,18.0,1,Alpine,Alpine,0.2495000000001255,46,1,53.0,0.2830188679245283
suzuka,2025,3,DOO,BOR,15,31,34,defend_behind,-0.6000000000003638,15.0,SOFT,HARD,14.0,HARD,24.50900000000001,False,False,14.0,19.0,1,Alpine,Alpine,0.2495000000001255,46,1,53.0,0.2830188679245283
suzuka,2025,3,HUL,SAI,22,33,36,undercut_ahead,1.2460000000000946,22.0,MEDIUM,HARD,21.0,MEDIUM,24.50900000000001,False,False,15.0,16.0,1,Kick Sauber,Kick Sauber,-0.047999999999774445,41,1,53.0,0.41509433962264153
suzuka,2025,3,HUL,OCO,22,32,35,defend_behind,-1.6110000000007858,22.0,MEDIUM,HARD,22.0,HARD,24.50900000000001,False,False,15.0,18.0,1,Kick Sauber,Kick Sauber,-0.047999999999774445,41,1,53.0,0.41509433962264153
suzuka,2025,3,OCO,SAI,32,33,36,undercut_ahead,1.3359999999993306,33.0,HARD,MEDIUM,31.0,MEDIUM,24.50900000000001,False,False,18.0,16.0,0,Haas F1 Team,Haas F1 Team,0.5172499999998763,42,1,53.0,0.6037735849056604
suzuka,2025,3,PIA,NOR,20,21,24,undercut_ahead,2.520000000000437,20.0,MEDIUM,HARD,19.0,MEDIUM,24.50900000000001,False,False,6.0,5.0,0,McLaren,McLaren,-0.2272499999999127,48,1,53.0,0.37735849056603776
suzuka,2025,3,PIA,LEC,20,21,24,defend_behind,-2.780999999999949,20.0,MEDIUM,HARD,19.0,MEDIUM,24.50900000000001,False,False,6.0,8.0,1,McLaren,McLaren,-0.2272499999999127,48,1,53.0,0.37735849056603776
suzuka,2025,3,RUS,LEC,19,21,24,undercut_ahead,2.091000000000349,19.0,MEDIUM,HARD,18.0,MEDIUM,24.50900000000001,False,False,9.0,8.0,0,Mercedes,Mercedes,-0.08674999999902866,48,1,53.0,0.3584905660377358
suzuka,2025,3,RUS,ANT,19,31,34,defend_behind,-2.5999999999994543,19.0,MEDIUM,HARD,18.0,MEDIUM,24.50900000000001,False,False,5.0,6.0,1,Mercedes,Mercedes,-0.08674999999902866,48,1,53.0,0.3584905660377358
suzuka,2025,3,STR,DOO,9,15,18,undercut_ahead,0.9749999999994544,9.0,SOFT,HARD,8.0,SOFT,24.50900000000001,True,False,20.0,19.0,0,Aston Martin,Aston Martin,0.1950000000001637,50,0,53.0,0.16981132075471697
suzuka,2025,3,STR,BOR,9,31,34,defend_behind,-0.6850000000004002,9.0,SOFT,HARD,8.0,HARD,24.50900000000001,True,False,20.0,19.0,0,Aston Martin,Aston Martin,0.1950000000001637,50,0,53.0,0.16981132075471697
suzuka,2025,3,TSU,GAS,23,24,27,undercut_ahead,0.6439999999993233,23.0,MEDIUM,HARD,22.0,MEDIUM,24.50900000000001,True,False,16.0,18.0,1,Red Bull Racing,Red Bull Racing,-0.06900000000041473,45,0,53.0,0.4339622641509434
suzuka,2026,3,ALO,STR,21,24,27,undercut_ahead,0.4690000000000509,21.0,MEDIUM,HARD,20.0,MEDIUM,24.50900000000001,True,True,20.0,19.0,0,Aston Martin,Aston Martin,-0.06750000000010914,15,0,53.0,0.39622641509433965
suzuka,2026,3,BOR,HUL,22,23,26,defend_behind,-0.6289999999999054,22.0,MEDIUM,HARD,21.0,MEDIUM,24.50900000000001,True,True,10.0,12.0,1,Audi,Audi,0.0,23,1,53.0,0.41509433962264153
suzuka,2026,3,COL,LAW,17,22,25,undercut_ahead,0.8360000000002401,17.0,MEDIUM,HARD,16.0,MEDIUM,24.50900000000001,True,True,16.0,9.0,0,Alpine,Alpine,0.0,23,1,53.0,0.32075471698113206
suzuka,2026,3,COL,BOR,17,22,25,defend_behind,-0.9709999999995488,17.0,MEDIUM,HARD,16.0,MEDIUM,24.50900000000001,True,True,16.0,10.0,0,Alpine,Alpine,0.0,23,1,53.0,0.32075471698113206
suzuka,2026,3,HAD,LAW,19,22,25,defend_behind,-1.061999999999898,19.0,MEDIUM,HARD,18.0,MEDIUM,24.50900000000001,False,True,13.0,9.0,0,Red Bull Racing,Red Bull Racing,-0.054500000000189175,22,1,53.0,0.3584905660377358
suzuka,2026,3,LEC,ANT,17,22,25,defend_behind,-0.6620000000002619,17.0,MEDIUM,HARD,16.0,MEDIUM,24.50900000000001,False,True,5.0,1.0,0,Ferrari,Ferrari,-0.23250000000007276,22,1,53.0,0.32075471698113206
suzuka,2026,3,LIN,HAD,18,19,22,defend_behind,-1.0119999999997162,18.0,MEDIUM,HARD,17.0,MEDIUM,24.50900000000001,False,True,16.0,15.0,0,Racing Bulls,Racing Bulls,0.057999999999992724,21,1,53.0,0.33962264150943394
suzuka,2026,3,NOR,LEC,16,17,20,undercut_ahead,1.0230000000001382,16.0,MEDIUM,HARD,15.0,MEDIUM,24.50900000000001,False,False,8.0,7.0,0,McLaren,McLaren,-0.26050000000032014,23,1,53.0,0.3018867924528302
suzuka,2026,3,NOR,HAM,16,22,25,defend_behind,-1.293999999999869,16.0,MEDIUM,HARD,15.0,MEDIUM,24.50900000000001,False,True,6.0,4.0,0,McLaren,McLaren,-0.26050000000032014,23,1,53.0,0.3018867924528302
suzuka,2026,3,PIA,RUS,18,21,24,defend_behind,-1.8299999999999272,18.0,MEDIUM,HARD,17.0,MEDIUM,24.50900000000001,False,True,2.0,3.0,1,McLaren,McLaren,-0.26050000000032014,23,1,53.0,0.33962264150943394
suzuka,2026,3,RUS,ANT,21,22,25,defend_behind,-2.30199999999968,21.0,MEDIUM,HARD,20.0,MEDIUM,24.50900000000001,False,True,3.0,1.0,0,Mercedes,Mercedes,-0.48700000000008004,21,1,53.0,0.39622641509433965
suzuka,2026,3,SAI,ALB,22,45,48,defend_behind,-2.539999999999964,22.0,MEDIUM,HARD,21.0,MEDIUM,24.50900000000001,False,True,15.0,20.0,1,Williams,Williams,0.06700000000000728,29,1,53.0,0.41509433962264153
suzuka,2026,3,STR,ALO,21,23,26,defend_behind,-0.4690000000000509,21.0,MEDIUM,HARD,20.0,MEDIUM,24.50900000000001,False,True,19.0,20.0,1,Aston Martin,Aston Martin,-0.06750000000010914,15,0,53.0,0.39622641509433965
yas_island,2018,21,ALO,MAG,27,41,44,defend_behind,-2.490999999999985,27.0,ULTRASOFT,SUPERSOFT,26.0,SUPERSOFT,22.870000000000005,False,False,13.0,12.0,0,McLaren,McLaren,-0.06524999999987813,24,0,55.0,0.4909090909090909
yas_island,2018,21,GRO,RIC,7,33,36,undercut_ahead,0.7980000000002292,10.0,HYPERSOFT,SUPERSOFT,10.0,ULTRASOFT,22.870000000000005,True,True,12.0,5.0,0,Haas F1 Team,Haas F1 Team,0.08375000000012278,24,1,55.0,0.12727272727272726
yas_island,2018,21,GRO,VER,7,17,20,defend_behind,-1.0429999999996653,10.0,HYPERSOFT,SUPERSOFT,9.0,HYPERSOFT,22.870000000000005,True,True,15.0,5.0,0,Haas F1 Team,Haas F1 Team,0.08375000000012278,24,1,55.0,0.12727272727272726
yas_island,2018,21,HAM,BOT,7,16,19,defend_behind,-2.9589999999998327,10.0,ULTRASOFT,SUPERSOFT,9.0,ULTRASOFT,22.870000000000005,False,True,2.0,3.0,1,Mercedes,Mercedes,-0.28500000000030923,29,1,55.0,0.12727272727272726
yas_island,2018,21,LEC,VET,7,15,18,undercut_ahead,2.769000000000233,10.0,HYPERSOFT,SUPERSOFT,9.0,ULTRASOFT,22.870000000000005,False,True,12.0,4.0,0,Sauber,Sauber,-0.10650000000055115,19,1,55.0,0.12727272727272726
yas_island,2018,21,LEC,RIC,7,33,36,defend_behind,-1.9809999999997672,10.0,HYPERSOFT,SUPERSOFT,10.0,ULTRASOFT,22.870000000000005,False,True,7.0,5.0,0,Sauber,Sauber,-0.10650000000055115,19,1,55.0,0.12727272727272726
yas_island,2018,21,OCO,SAI,18,37,40,defend_behind,-0.6959999999999127,21.0,HYPERSOFT,SUPERSOFT,17.0,ULTRASOFT,22.870000000000005,False,False,10.0,6.0,0,Racing Point,Racing Point,0.25525000000038744,12,0,55.0,0.32727272727272727
yas_island,2018,21,PER,SAI,26,37,40,defend_behind,-1.3499999999994543,26.0,ULTRASOFT,SUPERSOFT,25.0,ULTRASOFT,22.870000000000005,False,False,8.0,6.0,0,Racing Point,Racing Point,0.25525000000038744,12,1,55.0,0.4727272727272727
yas_island,2018,21,VER,RIC,17,33,36,undercut_ahead,1.7439999999996871,20.0,HYPERSOFT,SUPERSOFT,20.0,ULTRASOFT,22.870000000000005,False,False,4.0,5.0,1,Red Bull Racing,Red Bull Racing,-0.4507500000000846,24,0,55.0,0.3090909090909091
yas_island,2018,21,VET,BOT,15,16,19,undercut_ahead,2.742000000000189,18.0,ULTRASOFT,SUPERSOFT,17.0,ULTRASOFT,22.870000000000005,False,False,4.0,3.0,0,Ferrari,Ferrari,-0.22625000000005002,26,0,55.0,0.2727272727272727
yas_island,2018,21,VET,RIC,15,33,36,defend_behind,-1.8269999999997708,18.0,ULTRASOFT,SUPERSOFT,18.0,ULTRASOFT,22.870000000000005,False,False,2.0,5.0,1,Ferrari,Ferrari,-0.22625000000005002,26,0,55.0,0.2727272727272727
yas_island,2019,21,GIO,MAG,8,20,23,undercut_ahead,1.2539999999999054,8.0,SOFT,HARD,7.0,MEDIUM,22.870000000000005,False,False,16.0,13.0,0,Alfa Romeo Racing,Alfa Romeo Racing,0.44699999999988904,42,0,55.0,0.14545454545454545
yas_island,2019,21,GIO,RAI,8,22,25,defend_behind,-0.9010000000002948,8.0,SOFT,HARD,7.0,MEDIUM,22.870000000000005,False,False,15.0,14.0,0,Alfa Romeo Racing,Alfa Romeo Racing,0.44699999999988904,42,0,55.0,0.14545454545454545
yas_island,2019,21,HUL,BOT,18,29,32,defend_behind,-0.7649999999998727,21.0,SOFT,MEDIUM,20.0,MEDIUM,22.870000000000005,False,False,10.0,6.0,0,Renault,Renault,0.0,30,1,55.0,0.32727272727272727
yas_island,2019,21,KUB,GIO,24,26,29,defend_behind,-0.8299999999999272,24.0,HARD,MEDIUM,15.0,HARD,22.870000000000005,False,False,19.0,17.0,0,Williams,Williams,-0.25200000000040745,35,1,55.0,0.43636363636363634
yas_island,2019,21,LEC,VER,12,25,28,defend_behind,-2.293999999999869,15.0,MEDIUM,HARD,14.0,MEDIUM,22.870000000000005,False,False,2.0,3.0,1,Ferrari,Ferrari,-0.08799999999973807,43,0,55.0,0.21818181818181817
yas_island,2019,21,MAG,RAI,20,22,25,defend_behind,-1.3850000000002185,20.0,MEDIUM,HARD,19.0,MEDIUM,22.870000000000005,False,False,13.0,14.0,1,Haas F1 Team,Haas F1 Team,0.2179999999989377,35,0,55.0,0.36363636363636365
yas_island,2019,21,NOR,SAI,8,12,15,defend_behind,-2.1659999999997126,11.0,SOFT,HARD,10.0,SOFT,22.870000000000005,False,False,13.0,14.0,1,McLaren,McLaren,-0.26599999999962165,33,1,55.0,0.14545454545454545
yas_island,2019,21,PER,KVY,37,40,43,defend_behind,-1.6920000000000073,37.0,MEDIUM,HARD,36.0,HARD,22.870000000000005,False,False,9.0,10.0,1,Racing Point,Racing Point,0.1320000000005166,37,0,55.0,0.6727272727272727
yas_island,2019,21,RAI,KVY,22,40,43,undercut_ahead,1.686999999999898,22.0,MEDIUM,HARD,21.0,HARD,22.870000000000005,False,False,11.0,10.0,0,Alfa Romeo Racing,Alfa Romeo Racing,0.44699999999988904,42,0,55.0,0.4
yas_island,2019,21,RIC,SAI,11,12,15,undercut_ahead,0.9729999999999565,14.0,SOFT,HARD,13.0,SOFT,22.870000000000005,True,False,15.0,14.0,0,Renault,Renault,0.0,30,1,55.0,0.2
yas_island,2019,21,RIC,HUL,11,18,21,defend_behind,-1.0119999999997162,14.0,SOFT,HARD,13.0,SOFT,22.870000000000005,True,False,13.0,11.0,0,Renault,Renault,0.0,30,1,55.0,0.2
yas_island,2019,21,SAI,HUL,12,18,21,defend_behind,-1.8220000000001164,15.0,SOFT,HARD,14.0,SOFT,22.870000000000005,False,False,12.0,11.0,0,McLaren,McLaren,-0.26599999999962165,33,1,55.0,0.21818181818181817
yas_island,2019,21,STR,GIO,5,8,11,undercut_ahead,1.9249999999997272,5.0,MEDIUM,HARD,4.0,SOFT,22.870000000000005,False,False,19.0,18.0,0,Racing Point,Racing Point,0.1320000000005166,37,0,55.0,0.09090909090909091
yas_island,2019,21,STR,BOT,5,29,32,defend_behind,-0.3930000000000291,5.0,MEDIUM,HARD,7.0,MEDIUM,22.870000000000005,False,False,18.0,6.0,0,Racing Point,Racing Point,0.1320000000005166,37,0,55.0,0.09090909090909091
yas_island,2019,21,STR,RUS,23,32,35,undercut_ahead,0.930000000000291,18.0,HARD,SOFT,22.0,HARD,22.870000000000005,True,False,17.0,18.0,1,Racing Point,Racing Point,0.1320000000005166,37,0,55.0,0.41818181818181815
yas_island,2020,17,GIO,MAG,27,31,34,defend_behind,-2.206000000000131,27.0,MEDIUM,HARD,26.0,HARD,22.870000000000005,False,False,17.0,19.0,1,Alfa Romeo Racing,Alfa Romeo Racing,-0.12499999999931788,20,0,55.0,0.4909090909090909
yas_island,2020,17,KVY,RIC,10,39,42,defend_behind,-0.6310000000003129,13.0,SOFT,HARD,9.0,HARD,22.870000000000005,False,True,11.0,7.0,0,AlphaTauri,AlphaTauri,0.08175000000005639,24,0,55.0,0.18181818181818182
yas_island,2020,17,MAG,FIT,31,34,37,undercut_ahead,1.8090000000001965,31.0,HARD,MEDIUM,20.0,HARD,22.870000000000005,False,False,18.0,19.0,1,Haas F1 Team,Haas F1 Team,0.9259999999999309,23,0,55.0,0.5636363636363636
yas_island,2020,17,OCO,RIC,10,39,42,undercut_ahead,1.237999999999829,10.0,MEDIUM,HARD,9.0,HARD,22.870000000000005,False,True,10.0,7.0,0,Renault,Renault,-0.10424999999963802,18,1,55.0,0.18181818181818182
yas_island,2020,17,OCO,VET,10,35,38,defend_behind,-0.8299999999999272,10.0,MEDIUM,HARD,9.0,HARD,22.870000000000005,False,True,10.0,15.0,1,Renault,Renault,-0.10424999999963802,18,1,55.0,0.18181818181818182
yas_island,2020,17,RAI,GIO,10,27,30,defend_behind,-2.344000000000051,10.0,MEDIUM,HARD,9.0,MEDIUM,22.870000000000005,False,True,13.0,19.0,1,Alfa Romeo Racing,Alfa Romeo Racing,-0.12499999999931788,20,1,55.0,0.18181818181818182
yas_island,2020,17,RUS,MAG,10,31,34,defend_behind,-1.7989999999999782,10.0,MEDIUM,HARD,9.0,HARD,22.870000000000005,False,True,15.0,19.0,1,Williams,Williams,-0.012500000000045475,28,0,55.0,0.18181818181818182
yas_island,2021,22,BOT,PER,30,36,39,defend_behind,-1.7679999999991196,35.0,MEDIUM,HARD,8.0,HARD,22.870000000000005,False,True,6.0,3.0,0,Mercedes,Mercedes,-0.20299999999974716,44,1,58.0,0.5172413793103449
yas_island,2021,22,GIO,VET,17,23,26,defend_behind,-1.1390000000001237,17.0,MEDIUM,HARD,16.0,MEDIUM,22.870000000000005,False,True,14.0,15.0,1,Alfa Romeo Racing,Alfa Romeo Racing,-0.047000000000025466,40,0,58.0,0.29310344827586204
yas_island,2021,22,LEC,NOR,15,17,20,undercut_ahead,2.4030000000002474,18.0,SOFT,HARD,17.0,SOFT,22.870000000000005,False,False,13.0,11.0,0,Ferrari,Ferrari,-0.08875000000011823,36,1,58.0,0.25862068965517243
yas_island,2021,22,LEC,TSU,15,23,26,defend_behind,-0.8469999999997526,18.0,SOFT,HARD,18.0,MEDIUM,22.870000000000005,False,True,9.0,10.0,1,Ferrari,Ferrari,-0.08875000000011823,36,1,58.0,0.25862068965517243
yas_island,2021,22,LEC,TSU,35,53,56,defend_behind,-1.7660000000005311,20.0,HARD,MEDIUM,11.0,HARD,22.870000000000005,False,True,10.0,5.0,0,Ferrari,Ferrari,-0.08875000000011823,36,0,58.0,0.603448275862069
yas_island,2021,22,MSC,LAT,10,28,31,undercut_ahead,1.6109999999998763,10.0,SOFT,HARD,9.0,MEDIUM,22.870000000000005,False,True,16.0,17.0,1,Haas F1 Team,Haas F1 Team,0.6980000000005475,36,0,58.0,0.1724137931034483
yas_island,2021,22,NOR,TSU,17,23,26,defend_behind,-2.963999999999942,20.0,SOFT,HARD,20.0,MEDIUM,22.870000000000005,False,True,8.0,10.0,1,McLaren,McLaren,0.11550000000011096,38,1,58.0,0.29310344827586204
yas_island,2021,22,OCO,RIC,15,18,21,defend_behind,-1.738999999999578,18.0,SOFT,HARD,17.0,SOFT,22.870000000000005,False,False,14.0,16.0,1,Alpine,Alpine,-0.09750000000008185,34,1,58.0,0.25862068965517243
yas_island,2021,22,RIC,ALO,18,36,39,defend_behind,-1.0269999999991342,21.0,SOFT,HARD,18.0,HARD,22.870000000000005,False,True,11.0,8.0,0,McLaren,McLaren,0.11550000000011096,38,1,58.0,0.3103448275862069
yas_island,2021,22,SAI,VER,19,36,39,undercut_ahead,1.5039999999999054,22.0,SOFT,HARD,5.0,HARD,22.870000000000005,False,True,4.0,2.0,0,Ferrari,Ferrari,-0.08875000000011823,36,1,58.0,0.3275862068965517
yas_island,2021,22,STR,VET,21,23,26,undercut_ahead,2.304999999999381,21.0,MEDIUM,HARD,20.0,MEDIUM,22.870000000000005,False,True,16.0,15.0,0,Aston Martin,Aston Martin,-0.009999999999763531,41,0,58.0,0.3620689655172414
yas_island,2021,22,STR,NOR,21,48,51,defend_behind,-1.690000000000509,21.0,MEDIUM,HARD,3.0,HARD,22.870000000000005,False,True,14.0,8.0,0,Aston Martin,Aston Martin,-0.009999999999763531,41,0,58.0,0.3620689655172414
yas_island,2021,22,TSU,BOT,23,30,33,defend_behind,-1.0299999999997451,27.0,MEDIUM,HARD,27.0,MEDIUM,22.870000000000005,False,True,10.0,9.0,0,AlphaTauri,AlphaTauri,0.047749999999723514,38,1,58.0,0.39655172413793105
yas_island,2021,22,VET,NOR,23,48,51,defend_behind,-2.45299999999952,23.0,MEDIUM,HARD,5.0,HARD,22.870000000000005,False,True,13.0,8.0,0,Aston Martin,Aston Martin,-0.009999999999763531,41,1,58.0,0.39655172413793105
yas_island,2022,22,ALB,ZHO,12,15,18,undercut_ahead,2.768999999999324,12.0,MEDIUM,HARD,11.0,MEDIUM,22.870000000000005,False,False,16.0,17.0,1,Williams,Williams,0.2810000000006312,50,0,58.0,0.20689655172413793
yas_island,2022,22,ALB,MSC,12,14,17,defend_behind,-1.029000000000451,12.0,MEDIUM,HARD,11.0,MEDIUM,22.870000000000005,False,False,16.0,18.0,1,Williams,Williams,0.2810000000006312,50,0,58.0,0.20689655172413793
yas_island,2022,22,BOT,MSC,30,34,37,undercut_ahead,2.6149999999997817,30.0,HARD,MEDIUM,15.0,HARD,22.870000000000005,False,False,18.0,17.0,0,Alfa Romeo,Alfa Romeo,0.5190000000002328,39,0,58.0,0.5172413793103449
yas_island,2022,22,GAS,MSC,14,34,37,undercut_ahead,2.853000000000065,14.0,SOFT,HARD,13.0,MEDIUM,22.870000000000005,False,False,14.0,17.0,1,AlphaTauri,AlphaTauri,-0.24375000000009095,52,0,58.0,0.2413793103448276
yas_island,2022,22,GAS,MAG,14,28,31,defend_behind,-1.0029999999997017,14.0,SOFT,HARD,13.0,HARD,22.870000000000005,False,False,16.0,19.0,1,AlphaTauri,AlphaTauri,-0.24375000000009095,52,0,58.0,0.2413793103448276
yas_island,2022,22,LAT,STR,15,40,43,defend_behind,-2.9310000000004948,15.0,MEDIUM,HARD,2.0,HARD,22.870000000000005,False,True,19.0,12.0,0,Williams,Williams,0.2810000000006312,50,0,58.0,0.25862068965517243
yas_island,2022,22,OCO,VET,14,25,28,defend_behind,-0.6799999999993815,14.0,MEDIUM,HARD,13.0,MEDIUM,22.870000000000005,False,False,8.0,16.0,1,Alpine,Alpine,-0.040499999999610736,45,0,58.0,0.2413793103448276
yas_island,2022,22,PER,LEC,15,21,24,defend_behind,-1.3140000000003056,15.0,MEDIUM,HARD,14.0,MEDIUM,22.870000000000005,False,False,2.0,3.0,1,Red Bull Racing,Red Bull Racing,-0.4772499999999127,56,1,58.0,0.25862068965517243
yas_island,2022,22,RIC,RUS,19,39,42,undercut_ahead,2.091000000000349,19.0,MEDIUM,HARD,3.0,HARD,22.870000000000005,False,True,8.0,7.0,0,McLaren,McLaren,-0.17475000000013097,52,1,58.0,0.3275862068965517
yas_island,2022,22,RUS,HAM,15,18,21,defend_behind,-2.548999999999978,15.0,MEDIUM,HARD,14.0,MEDIUM,22.870000000000005,False,False,5.0,7.0,1,Mercedes,Mercedes,-0.0020000000004074536,45,0,58.0,0.25862068965517243
yas_island,2022,22,STR,TSU,13,14,17,undercut_ahead,0.9470000000001164,13.0,MEDIUM,HARD,12.0,MEDIUM,22.870000000000005,True,False,14.0,15.0,1,Aston Martin,Aston Martin,-0.04449999999951615,47,0,58.0,0.22413793103448276
yas_island,2022,22,STR,RIC,13,19,22,defend_behind,-1.4110000000000582,13.0,MEDIUM,HARD,12.0,MEDIUM,22.870000000000005,True,False,10.0,18.0,1,Aston Martin,Aston Martin,-0.04449999999951615,47,0,58.0,0.22413793103448276
yas_island,2022,22,TSU,ALO,14,19,22,undercut_ahead,1.7849999999998545,14.0,MEDIUM,HARD,13.0,MEDIUM,22.870000000000005,False,False,12.0,13.0,1,AlphaTauri,AlphaTauri,-0.24375000000009095,52,1,58.0,0.2413793103448276
yas_island,2022,22,TSU,RIC,14,19,22,defend_behind,-2.3220000000001164,14.0,MEDIUM,HARD,13.0,MEDIUM,22.870000000000005,False,False,12.0,18.0,1,AlphaTauri,AlphaTauri,-0.24375000000009095,52,1,58.0,0.2413793103448276
yas_island,2022,22,VET,NOR,25,42,45,undercut_ahead,1.6300000000001091,25.0,MEDIUM,HARD,9.0,HARD,22.870000000000005,False,True,10.0,7.0,0,Aston Martin,Aston Martin,-0.04449999999951615,47,1,58.0,0.43103448275862066
yas_island,2022,22,ZHO,RIC,15,19,22,undercut_ahead,2.7549999999992,15.0,MEDIUM,HARD,14.0,MEDIUM,22.870000000000005,False,False,16.0,18.0,1,Alfa Romeo,Alfa Romeo,0.5190000000002328,39,1,58.0,0.25862068965517243
yas_island,2023,22,ALB,RUS,16,34,37,defend_behind,-1.4569999999994252,17.0,MEDIUM,HARD,1.0,HARD,22.870000000000005,False,False,13.0,5.0,0,Williams,Williams,0.27400000000125146,48,1,58.0,0.27586206896551724
yas_island,2023,22,ALO,TSU,12,22,25,undercut_ahead,0.8530000000000655,12.0,MEDIUM,HARD,11.0,MEDIUM,22.870000000000005,True,False,7.0,10.0,1,Aston Martin,Aston Martin,0.011999999999716238,50,0,58.0,0.20689655172413793
yas_island,2023,22,ALO,GAS,12,17,20,defend_behind,-1.0559999999995853,12.0,MEDIUM,HARD,11.0,MEDIUM,22.870000000000005,True,False,9.0,15.0,1,Aston Martin,Aston Martin,0.011999999999716238,50,0,58.0,0.20689655172413793
yas_island,2023,22,BOT,HUL,29,33,36,defend_behind,-1.050000000000182,29.0,HARD,MEDIUM,15.0,HARD,22.870000000000005,False,False,19.0,18.0,0,Alfa Romeo,Alfa Romeo,0.4070000000001528,56,0,58.0,0.5
yas_island,2023,22,GAS,STR,17,22,25,defend_behind,-0.6599999999998545,17.0,MEDIUM,HARD,17.0,HARD,22.870000000000005,False,False,14.0,12.0,0,Alpine,Alpine,0.4069999999992433,51,1,58.0,0.29310344827586204
yas_island,2023,22,HAM,GAS,15,17,20,undercut_ahead,0.6179999999994834,15.0,MEDIUM,HARD,14.0,MEDIUM,22.870000000000005,True,False,13.0,15.0,1,Mercedes,Mercedes,-0.1014999999997599,50,1,58.0,0.25862068965517243
yas_island,2023,22,HUL,BOT,13,29,32,defend_behind,-0.7820000000001528,13.0,MEDIUM,HARD,12.0,HARD,22.870000000000005,False,False,14.0,19.0,1,Haas F1 Team,Haas F1 Team,0.2820000000001528,55,0,58.0,0.22413793103448276
yas_island,2023,22,MAG,ALB,5,16,19,undercut_ahead,0.4239999999999781,5.0,MEDIUM,HARD,5.0,MEDIUM,22.870000000000005,True,False,17.0,19.0,1,Haas F1 Team,Haas F1 Team,0.2820000000001528,55,0,58.0,0.08620689655172414
yas_island,2023,22,MAG,SAR,5,15,18,defend_behind,-0.5229999999992287,5.0,MEDIUM,HARD,5.0,MEDIUM,22.870000000000005,True,False,17.0,20.0,1,Haas F1 Team,Haas F1 Team,0.2820000000001528,55,0,58.0,0.08620689655172414
yas_island,2023,22,NOR,RUS,14,34,37,defend_behind,-1.8590000000003783,14.0,MEDIUM,HARD,13.0,MEDIUM,22.870000000000005,False,False,6.0,5.0,0,McLaren,McLaren,-0.07900000000017826,57,1,58.0,0.2413793103448276
yas_island,2023,22,OCO,HAM,15,35,38,undercut_ahead,0.9530000000004292,15.0,MEDIUM,HARD,14.0,MEDIUM,22.870000000000005,True,False,8.0,12.0,1,Alpine,Alpine,0.4069999999992433,51,0,58.0,0.25862068965517243
yas_island,2023,22,OCO,STR,15,22,25,defend_behind,-0.7429999999994834,15.0,MEDIUM,HARD,15.0,HARD,22.870000000000005,True,False,11.0,12.0,1,Alpine,Alpine,0.4069999999992433,51,1,58.0,0.25862068965517243
yas_island,2023,22,PIA,RUS,13,14,17,undercut_ahead,1.519999999999527,13.0,MEDIUM,HARD,12.0,MEDIUM,22.870000000000005,False,False,11.0,9.0,0,McLaren,McLaren,-0.07900000000017826,57,1,58.0,0.22413793103448276
yas_island,2023,22,PIA,TSU,13,22,25,defend_behind,-0.5640000000003056,13.0,MEDIUM,HARD,12.0,MEDIUM,22.870000000000005,False,False,5.0,10.0,1,McLaren,McLaren,-0.07900000000017826,57,1,58.0,0.22413793103448276
yas_island,2023,22,RIC,HUL,7,13,16,undercut_ahead,0.6180000000003929,7.0,MEDIUM,HARD,6.0,MEDIUM,22.870000000000005,True,False,14.0,18.0,1,AlphaTauri,AlphaTauri,-0.2809999999981301,56,0,58.0,0.1206896551724138
yas_island,2023,22,RIC,BOT,7,29,32,defend_behind,-0.7329999999992651,7.0,MEDIUM,HARD,6.0,HARD,22.870000000000005,True,False,18.0,19.0,1,AlphaTauri,AlphaTauri,-0.2809999999981301,56,0,58.0,0.1206896551724138
yas_island,2023,22,RUS,NOR,14,33,36,undercut_ahead,1.8590000000003783,14.0,MEDIUM,HARD,13.0,MEDIUM,22.870000000000005,False,False,7.0,9.0,1,Mercedes,Mercedes,-0.1014999999997599,50,1,58.0,0.2413793103448276
yas_island,2023,22,RUS,TSU,14,22,25,defend_behind,-2.46599999999944,14.0,MEDIUM,HARD,13.0,MEDIUM,22.870000000000005,False,False,3.0,10.0,1,Mercedes,Mercedes,-0.1014999999997599,50,1,58.0,0.2413793103448276
yas_island,2023,22,SAR,ALB,15,16,19,undercut_ahead,1.8969999999999343,16.0,MEDIUM,HARD,15.0,MEDIUM,22.870000000000005,False,False,20.0,19.0,0,Williams,Williams,0.27400000000125146,48,0,58.0,0.25862068965517243
yas_island,2023,22,VER,LEC,16,17,20,defend_behind,-2.0450000000000728,16.0,MEDIUM,HARD,15.0,MEDIUM,22.870000000000005,False,False,3.0,5.0,1,Red Bull Racing,Red Bull Racing,-0.4220000000004802,59,1,58.0,0.27586206896551724
yas_island,2023,22,ZHO,BOT,13,29,32,undercut_ahead,1.8339999999998329,13.0,MEDIUM,HARD,12.0,HARD,22.870000000000005,False,False,16.0,19.0,1,Alfa Romeo,Alfa Romeo,0.4070000000001528,56,0,58.0,0.22413793103448276
yas_island,2023,22,ZHO,ALB,13,16,19,defend_behind,-1.347000000000662,13.0,MEDIUM,HARD,13.0,MEDIUM,22.870000000000005,False,False,18.0,19.0,1,Alfa Romeo,Alfa Romeo,0.4070000000001528,56,0,58.0,0.22413793103448276
yas_island,2023,22,ZHO,SAR,37,41,44,defend_behind,-1.1080000000001746,24.0,HARD,MEDIUM,21.0,HARD,22.870000000000005,False,False,16.0,20.0,1,Alfa Romeo,Alfa Romeo,0.4070000000001528,56,0,58.0,0.6379310344827587
yas_island,2024,24,ALB,ZHO,12,39,42,undercut_ahead,1.9939999999996871,12.0,MEDIUM,HARD,11.0,MEDIUM,22.870000000000005,False,True,9.0,15.0,1,Williams,Williams,0.15499999999974534,49,0,58.0,0.20689655172413793
yas_island,2024,24,ALB,TSU,12,22,25,defend_behind,-1.33600000000024,12.0,MEDIUM,HARD,11.0,MEDIUM,22.870000000000005,False,False,13.0,15.0,1,Williams,Williams,0.15499999999974534,49,1,58.0,0.20689655172413793
yas_island,2024,24,ALO,VER,13,29,32,undercut_ahead,1.0380000000004657,14.0,MEDIUM,HARD,12.0,MEDIUM,22.870000000000005,False,True,8.0,10.0,1,Aston Martin,Aston Martin,0.060000000000172804,56,1,58.0,0.22413793103448276
yas_island,2024,24,BOT,ZHO,6,12,15,defend_behind,-0.6539999999999964,6.0,MEDIUM,HARD,5.0,MEDIUM,22.870000000000005,False,False,18.0,17.0,0,Kick Sauber,Kick Sauber,0.38599999999996726,55,0,58.0,0.10344827586206896
yas_island,2024,24,COL,TSU,3,22,25,undercut_ahead,0.9349999999999454,3.0,MEDIUM,HARD,2.0,MEDIUM,22.870000000000005,True,True,19.0,15.0,0,Williams,Williams,0.15499999999974534,49,0,58.0,0.05172413793103448
yas_island,2024,24,COL,PIA,3,4,7,defend_behind,-1.1390000000001237,3.0,MEDIUM,HARD,2.0,MEDIUM,22.870000000000005,True,True,19.0,17.0,0,Williams,Williams,0.15499999999974534,49,0,58.0,0.05172413793103448
yas_island,2024,24,DOO,ALO,22,37,40,defend_behind,-1.0470000000004802,22.0,MEDIUM,HARD,9.0,HARD,22.870000000000005,False,True,14.0,11.0,0,Alpine,Alpine,-0.08099999999967622,47,1,58.0,0.3793103448275862
yas_island,2024,24,GAS,RUS,14,26,29,defend_behind,-0.9090000000005602,14.0,MEDIUM,HARD,14.0,MEDIUM,22.870000000000005,False,False,7.0,6.0,0,Alpine,Alpine,-0.08099999999967622,47,1,58.0,0.2413793103448276
yas_island,2024,24,HUL,LEC,13,20,23,undercut_ahead,1.0640000000003056,13.0,MEDIUM,HARD,12.0,MEDIUM,22.870000000000005,False,False,8.0,7.0,0,Haas F1 Team,Haas F1 Team,0.35299999999961074,51,0,58.0,0.22413793103448276
yas_island,2024,24,HUL,VER,13,29,32,defend_behind,-1.9719999999997528,13.0,MEDIUM,HARD,12.0,MEDIUM,22.870000000000005,False,True,7.0,10.0,1,Haas F1 Team,Haas F1 Team,0.35299999999961074,51,0,58.0,0.22413793103448276
yas_island,2024,24,LEC,RUS,20,26,29,undercut_ahead,1.1200000000008004,20.0,MEDIUM,HARD,20.0,MEDIUM,22.870000000000005,False,False,5.0,6.0,1,Ferrari,Ferrari,-0.19399999999995998,51,1,58.0,0.3448275862068966
yas_island,2024,24,MAG,VER,12,29,32,undercut_ahead,2.1989999999996144,12.0,MEDIUM,HARD,11.0,MEDIUM,22.870000000000005,False,True,16.0,10.0,0,Haas F1 Team,Haas F1 Team,0.35299999999961074,51,1,58.0,0.20689655172413793
yas_island,2024,24,MAG,LAW,12,23,26,defend_behind,-2.894000000000233,12.0,MEDIUM,HARD,11.0,MEDIUM,22.870000000000005,False,False,12.0,18.0,1,Haas F1 Team,Haas F1 Team,0.35299999999961074,51,1,58.0,0.20689655172413793
yas_island,2024,24,MAG,ZHO,30,39,42,defend_behind,-1.440000000000509,1.0,HARD,SOFT,17.0,HARD,22.870000000000005,True,True,16.0,15.0,0,Haas F1 Team,Haas F1 Team,0.35299999999961074,51,0,58.0,0.5172413793103449
yas_island,2024,24,PIA,DOO,4,22,25,undercut_ahead,1.3530000000000657,4.0,MEDIUM,HARD,3.0,MEDIUM,22.870000000000005,False,False,10.0,16.0,1,McLaren,McLaren,-0.14574999999990723,52,0,58.0,0.06896551724137931
yas_island,2024,24,STR,MAG,11,12,15,undercut_ahead,1.574999999999818,12.0,MEDIUM,HARD,10.0,MEDIUM,22.870000000000005,False,False,14.0,15.0,1,Aston Martin,Aston Martin,0.060000000000172804,56,1,58.0,0.1896551724137931
yas_island,2024,24,STR,LAW,11,23,26,defend_behind,-1.2730000000001382,12.0,MEDIUM,HARD,10.0,MEDIUM,22.870000000000005,False,False,11.0,18.0,1,Aston Martin,Aston Martin,0.060000000000172804,56,1,58.0,0.1896551724137931
yas_island,2024,24,VER,HAM,29,34,37,defend_behind,-2.82799999999952,29.0,MEDIUM,HARD,28.0,HARD,22.870000000000005,False,True,8.0,7.0,0,Red Bull Racing,Red Bull Racing,-0.2855000000001837,52,1,58.0,0.5
yas_island,2024,24,ZHO,HAM,12,34,37,undercut_ahead,2.3710000000000946,12.0,MEDIUM,HARD,11.0,HARD,22.870000000000005,False,True,11.0,7.0,0,Kick Sauber,Kick Sauber,0.38599999999996726,55,1,58.0,0.20689655172413793
yas_island,2025,24,ALB,SAI,8,18,21,undercut_ahead,0.7030000000004293,8.0,SOFT,HARD,7.0,MEDIUM,22.870000000000005,True,False,14.0,18.0,1,Williams,Williams,0.0014999999998508429,46,1,58.0,0.13793103448275862
yas_island,2025,24,ALB,STR,8,42,45,defend_behind,-0.5,8.0,SOFT,HARD,8.0,HARD,22.870000000000005,True,False,15.0,16.0,1,Williams,Williams,0.0014999999998508429,46,1,58.0,0.13793103448275862
yas_island,2025,24,BEA,LAW,14,21,24,undercut_ahead,1.1030000000000657,14.0,MEDIUM,HARD,13.0,MEDIUM,22.870000000000005,False,False,16.0,20.0,1,Haas F1 Team,Haas F1 Team,0.5172499999998763,42,0,58.0,0.2413793103448276
yas_island,2025,24,BEA,SAI,14,18,21,defend_behind,-0.8110000000006039,14.0,MEDIUM,HARD,13.0,MEDIUM,22.870000000000005,False,False,16.0,18.0,1,Haas F1 Team,Haas F1 Team,0.5172499999998763,42,0,58.0,0.2413793103448276
yas_island,2025,24,BOR,ALO,15,16,19,undercut_ahead,1.8429999999998472,15.0,MEDIUM,HARD,15.0,MEDIUM,22.870000000000005,False,False,14.0,13.0,0,Kick Sauber,Kick Sauber,-0.047999999999774445,41,1,58.0,0.25862068965517243
yas_island,2025,24,COL,HAM,15,31,34,defend_behind,-2.923999999999978,15.0,MEDIUM,HARD,6.0,HARD,22.870000000000005,False,False,15.0,16.0,1,Alpine,Alpine,0.2495000000001255,46,0,58.0,0.25862068965517243
yas_island,2025,24,GAS,COL,13,15,18,defend_behind,-1.4719999999997526,13.0,MEDIUM,HARD,12.0,MEDIUM,22.870000000000005,False,False,19.0,20.0,1,Alpine,Alpine,0.2495000000001255,46,0,58.0,0.22413793103448276
yas_island,2025,24,HAD,OCO,14,19,22,defend_behind,-0.9200000000000728,14.0,MEDIUM,HARD,13.0,MEDIUM,22.870000000000005,False,False,14.0,16.0,1,Racing Bulls,Racing Bulls,-0.18699999999989814,41,0,58.0,0.2413793103448276
yas_island,2025,24,HAM,BEA,8,14,17,undercut_ahead,0.5619999999998981,8.0,SOFT,HARD,7.0,MEDIUM,22.870000000000005,True,False,12.0,18.0,1,Ferrari,Ferrari,-0.24724999999943975,46,1,58.0,0.13793103448275862
yas_island,2025,24,HAM,SAI,8,18,21,defend_behind,-0.6130000000002838,8.0,SOFT,HARD,7.0,MEDIUM,22.870000000000005,True,False,9.0,18.0,1,Ferrari,Ferrari,-0.24724999999943975,46,1,58.0,0.13793103448275862
yas_island,2025,24,HAM,STR,31,42,45,undercut_ahead,1.0760000000000218,23.0,HARD,MEDIUM,31.0,HARD,22.870000000000005,False,False,8.0,16.0,1,Ferrari,Ferrari,-0.24724999999943975,46,0,58.0,0.5344827586206896
yas_island,2025,24,HUL,ANT,7,32,35,undercut_ahead,0.4949999999998908,7.0,SOFT,HARD,6.0,HARD,22.870000000000005,True,False,11.0,19.0,1,Kick Sauber,Kick Sauber,-0.047999999999774445,41,0,58.0,0.1206896551724138
yas_island,2025,24,HUL,GAS,7,13,16,defend_behind,-1.7040000000001785,7.0,SOFT,HARD,6.0,MEDIUM,22.870000000000005,True,False,14.0,19.0,1,Kick Sauber,Kick Sauber,-0.047999999999774445,41,0,58.0,0.1206896551724138
yas_island,2025,24,LAW,LEC,21,39,42,undercut_ahead,1.5929999999998472,21.0,MEDIUM,HARD,4.0,HARD,22.870000000000005,False,False,17.0,4.0,0,Racing Bulls,Racing Bulls,-0.18699999999989814,41,0,58.0,0.3620689655172414
yas_island,2025,24,LAW,STR,21,42,45,defend_behind,-0.51299999999992,21.0,MEDIUM,HARD,21.0,HARD,22.870000000000005,False,False,17.0,16.0,0,Racing Bulls,Racing Bulls,-0.18699999999989814,41,0,58.0,0.3620689655172414
yas_island,2025,24,LEC,NOR,16,40,43,undercut_ahead,2.081000000000131,16.0,MEDIUM,HARD,15.0,MEDIUM,22.870000000000005,False,False,4.0,3.0,0,Ferrari,Ferrari,-0.24724999999943975,46,1,58.0,0.27586206896551724
yas_island,2025,24,NOR,LEC,16,39,42,defend_behind,-2.081000000000131,16.0,MEDIUM,HARD,15.0,MEDIUM,22.870000000000005,False,False,3.0,4.0,1,McLaren,McLaren,-0.2272499999999127,48,1,58.0,0.27586206896551724
yas_island,2025,24,OCO,TSU,19,32,35,defend_behind,-1.0489999999999782,19.0,MEDIUM,HARD,18.0,HARD,22.870000000000005,False,False,9.0,17.0,1,Haas F1 Team,Haas F1 Team,0.5172499999998763,42,0,58.0,0.3275862068965517
yas_island,2025,24,RUS,ALO,14,16,19,defend_behind,-1.4329999999999927,14.0,MEDIUM,HARD,14.0,MEDIUM,22.870000000000005,False,False,10.0,13.0,1,Mercedes,Mercedes,-0.08674999999902866,48,1,58.0,0.2413793103448276
yas_island,2025,24,SAI,STR,18,42,45,undercut_ahead,1.143000000000029,18.0,MEDIUM,HARD,18.0,HARD,22.870000000000005,False,False,11.0,16.0,1,Williams,Williams,0.0014999999998508429,46,1,58.0,0.3103448275862069
yas_island,2025,24,SAI,ANT,18,32,35,defend_behind,-0.501999999999498,18.0,MEDIUM,HARD,17.0,HARD,22.870000000000005,False,False,12.0,19.0,1,Williams,Williams,0.0014999999998508429,46,1,58.0,0.3103448275862069
yas_island,2025,24,VER,PIA,23,41,44,defend_behind,-2.5150000000003274,23.0,MEDIUM,HARD,22.0,HARD,22.870000000000005,False,False,1.0,2.0,1,Red Bull Racing,Red Bull Racing,-0.06900000000041473,45,0,58.0,0.39655172413793105
zandvoort,2021,13,BOT,VER,31,40,43,undercut_ahead,0.0579999999999927,35.0,SOFT,MEDIUM,9.0,MEDIUM,23.682000000000016,True,True,3.0,1.0,0,Mercedes,Mercedes,-0.20299999999974716,44,0,72.0,0.4305555555555556
zandvoort,2021,13,BOT,HAM,31,39,42,defend_behind,-0.6350000000002183,35.0,SOFT,MEDIUM,10.0,MEDIUM,23.682000000000016,True,True,3.0,2.0,0,Mercedes,Mercedes,-0.20299999999974716,44,0,72.0,0.4305555555555556
zandvoort,2021,13,GAS,LEC,24,34,37,defend_behind,-1.1320000000005166,27.0,SOFT,MEDIUM,26.0,SOFT,23.682000000000016,False,True,4.0,5.0,1,AlphaTauri,AlphaTauri,0.047749999999723514,38,1,72.0,0.3333333333333333
zandvoort,2021,13,LAT,KUB,23,40,43,undercut_ahead,0.7640000000001237,23.0,MEDIUM,HARD,22.0,MEDIUM,23.682000000000016,True,True,15.0,18.0,1,Williams,Williams,0.023500000000240107,38,0,72.0,0.3194444444444444
zandvoort,2021,13,MSC,MAZ,4,33,36,undercut_ahead,1.6799999999998363,4.0,SOFT,HARD,3.0,MEDIUM,23.682000000000016,False,True,20.0,19.0,0,Haas F1 Team,Haas F1 Team,0.6980000000005475,36,0,72.0,0.05555555555555555
zandvoort,2021,13,MSC,PER,4,8,11,defend_behind,-0.0570000000002437,4.0,SOFT,HARD,3.0,HARD,23.682000000000016,False,False,20.0,18.0,0,Haas F1 Team,Haas F1 Team,0.6980000000005475,36,0,72.0,0.05555555555555555
zandvoort,2021,13,NOR,PER,42,47,50,defend_behind,-1.106999999999971,42.0,MEDIUM,HARD,33.0,MEDIUM,23.682000000000016,False,False,9.0,11.0,1,McLaren,McLaren,0.11550000000011096,38,1,72.0,0.5833333333333334
zandvoort,2021,13,PER,MAZ,8,33,36,undercut_ahead,0.7960000000002765,8.0,HARD,MEDIUM,7.0,MEDIUM,23.682000000000016,True,True,8.0,19.0,1,Red Bull Racing,Red Bull Racing,-0.37750000000096406,47,0,72.0,0.1111111111111111
zandvoort,2021,13,PER,LAT,8,23,26,defend_behind,-0.5529999999998836,8.0,HARD,MEDIUM,7.0,MEDIUM,23.682000000000016,True,False,14.0,19.0,1,Red Bull Racing,Red Bull Racing,-0.37750000000096406,47,0,72.0,0.1111111111111111
zandvoort,2021,13,RUS,GIO,27,33,36,undercut_ahead,2.042000000000371,27.0,MEDIUM,HARD,29.0,SOFT,23.682000000000016,False,True,12.0,18.0,1,Williams,Williams,0.023500000000240107,38,0,72.0,0.375
zandvoort,2021,13,STR,NOR,27,42,45,defend_behind,-0.5339999999996508,27.0,SOFT,HARD,26.0,MEDIUM,23.682000000000016,False,True,13.0,10.0,0,Aston Martin,Aston Martin,-0.009999999999763531,41,0,72.0,0.375
zandvoort,2021,13,VET,TSU,10,31,34,undercut_ahead,1.1089999999994689,10.0,SOFT,HARD,9.0,SOFT,23.682000000000016,False,False,15.0,16.0,1,Aston Martin,Aston Martin,-0.009999999999763531,41,0,72.0,0.1388888888888889
zandvoort,2021,13,VET,KUB,10,40,43,defend_behind,-1.717000000000553,10.0,SOFT,HARD,9.0,MEDIUM,23.682000000000016,False,True,16.0,18.0,1,Aston Martin,Aston Martin,-0.009999999999763531,41,0,72.0,0.1388888888888889
zandvoort,2022,15,ALO,TSU,12,13,16,undercut_ahead,0.2539999999999054,12.0,SOFT,HARD,14.0,SOFT,23.682000000000016,True,False,12.0,13.0,1,Alpine,Alpine,-0.040499999999610736,45,0,72.0,0.16666666666666666
zandvoort,2022,15,BOT,ALB,34,42,45,defend_behind,-2.7600000000002183,18.0,SOFT,MEDIUM,12.0,MEDIUM,23.682000000000016,False,True,13.0,12.0,0,Alfa Romeo,Alfa Romeo,0.5190000000002328,39,0,72.0,0.4722222222222222
zandvoort,2022,15,GAS,ALO,11,12,15,undercut_ahead,1.925999999999476,14.0,SOFT,MEDIUM,10.0,SOFT,23.682000000000016,False,False,14.0,12.0,0,AlphaTauri,AlphaTauri,-0.24375000000009095,52,0,72.0,0.1527777777777778
zandvoort,2022,15,GAS,ZHO,11,12,15,defend_behind,-0.1750000000001819,14.0,SOFT,MEDIUM,10.0,SOFT,23.682000000000016,False,False,14.0,15.0,1,AlphaTauri,AlphaTauri,-0.24375000000009095,52,0,72.0,0.1527777777777778
zandvoort,2022,15,GAS,ZHO,32,37,40,defend_behind,-0.5519999999996799,22.0,MEDIUM,HARD,22.0,SOFT,23.682000000000016,False,False,13.0,15.0,1,AlphaTauri,AlphaTauri,-0.24375000000009095,52,0,72.0,0.4444444444444444
zandvoort,2022,15,HAM,VER,29,48,51,defend_behind,-2.4309999999995853,29.0,MEDIUM,HARD,10.0,MEDIUM,23.682000000000016,False,True,2.0,1.0,0,Mercedes,Mercedes,-0.0020000000004074536,45,0,72.0,0.4027777777777778
zandvoort,2022,15,HAM,RUS,48,57,60,defend_behind,-2.342999999999847,19.0,HARD,MEDIUM,16.0,HARD,23.682000000000016,False,True,1.0,3.0,1,Mercedes,Mercedes,-0.0020000000004074536,45,0,72.0,0.6666666666666666
zandvoort,2022,15,LAT,MAG,13,14,17,undercut_ahead,1.5850000000000364,13.0,SOFT,MEDIUM,12.0,MEDIUM,23.682000000000016,False,False,20.0,19.0,0,Williams,Williams,0.2810000000006312,50,0,72.0,0.18055555555555555
zandvoort,2022,15,MAG,VET,34,35,38,undercut_ahead,2.6619999999993524,20.0,MEDIUM,HARD,25.0,MEDIUM,23.682000000000016,False,False,19.0,16.0,0,Haas F1 Team,Haas F1 Team,0.6865000000007058,39,0,72.0,0.4722222222222222
zandvoort,2022,15,MAG,MSC,47,56,59,undercut_ahead,2.673000000000684,13.0,HARD,SOFT,13.0,HARD,23.682000000000016,False,True,15.0,13.0,0,Haas F1 Team,Haas F1 Team,0.6865000000007058,39,1,72.0,0.6527777777777778
zandvoort,2022,15,MSC,BOT,33,34,37,defend_behind,-0.2190000000000509,20.0,MEDIUM,HARD,16.0,SOFT,23.682000000000016,True,False,18.0,15.0,0,Haas F1 Team,Haas F1 Team,0.6865000000007058,39,1,72.0,0.4583333333333333
zandvoort,2022,15,MSC,VET,47,48,51,undercut_ahead,2.496999999999389,14.0,HARD,SOFT,12.0,HARD,23.682000000000016,False,True,15.0,16.0,1,Haas F1 Team,Haas F1 Team,0.6865000000007058,39,0,72.0,0.6527777777777778
zandvoort,2022,15,MSC,MAG,47,56,59,defend_behind,-2.673000000000684,14.0,HARD,SOFT,12.0,HARD,23.682000000000016,False,True,13.0,15.0,1,Haas F1 Team,Haas F1 Team,0.6865000000007058,39,0,72.0,0.6527777777777778
zandvoort,2022,15,OCO,SAI,56,57,60,undercut_ahead,1.7039999999997235,38.0,HARD,SOFT,12.0,HARD,23.682000000000016,False,True,9.0,6.0,0,Alpine,Alpine,-0.040499999999610736,45,1,72.0,0.7777777777777778
zandvoort,2022,15,OCO,NOR,56,57,60,defend_behind,-0.4960000000000946,38.0,HARD,SOFT,11.0,SOFT,23.682000000000016,False,True,9.0,8.0,0,Alpine,Alpine,-0.040499999999610736,45,1,72.0,0.7777777777777778
zandvoort,2022,15,PER,HAM,14,29,32,undercut_ahead,2.261999999999716,19.0,SOFT,MEDIUM,13.0,MEDIUM,23.682000000000016,False,False,3.0,4.0,1,Red Bull Racing,Red Bull Racing,-0.4772499999999127,56,0,72.0,0.19444444444444445
zandvoort,2022,15,PER,RUS,14,31,34,defend_behind,-0.5969999999997526,19.0,SOFT,MEDIUM,13.0,MEDIUM,23.682000000000016,False,False,3.0,5.0,1,Red Bull Racing,Red Bull Racing,-0.4772499999999127,56,0,72.0,0.19444444444444445
zandvoort,2022,15,PER,RUS,40,48,51,undercut_ahead,2.2269999999998618,26.0,MEDIUM,HARD,8.0,HARD,23.682000000000016,False,True,5.0,3.0,0,Red Bull Racing,Red Bull Racing,-0.4772499999999127,56,1,72.0,0.5555555555555556
zandvoort,2022,15,RIC,ALB,11,21,24,undercut_ahead,0.7239999999992506,11.0,SOFT,MEDIUM,10.0,MEDIUM,23.682000000000016,True,False,18.0,16.0,0,McLaren,McLaren,-0.17475000000013097,52,1,72.0,0.1527777777777778
zandvoort,2022,15,RIC,BOT,11,16,19,defend_behind,-1.0979999999999563,11.0,SOFT,MEDIUM,10.0,SOFT,23.682000000000016,True,False,18.0,16.0,0,McLaren,McLaren,-0.17475000000013097,52,1,72.0,0.1527777777777778
zandvoort,2022,15,RIC,VET,27,35,38,undercut_ahead,1.0780000000004293,16.0,MEDIUM,HARD,18.0,MEDIUM,23.682000000000016,False,False,17.0,16.0,0,McLaren,McLaren,-0.17475000000013097,52,0,72.0,0.375
zandvoort,2022,15,RIC,MAG,27,34,37,defend_behind,-0.5339999999996508,16.0,MEDIUM,HARD,12.0,MEDIUM,23.682000000000016,False,False,17.0,19.0,1,McLaren,McLaren,-0.17475000000013097,52,0,72.0,0.375
zandvoort,2022,15,RUS,HAM,48,57,60,undercut_ahead,2.342999999999847,17.0,HARD,MEDIUM,18.0,HARD,23.682000000000016,False,True,3.0,1.0,0,Mercedes,Mercedes,-0.0020000000004074536,45,0,72.0,0.6666666666666666
zandvoort,2022,15,SAI,HAM,14,29,32,defend_behind,-0.5720000000001164,17.0,SOFT,MEDIUM,13.0,MEDIUM,23.682000000000016,False,False,6.0,4.0,0,Ferrari,Ferrari,-0.5029999999997017,37,0,72.0,0.19444444444444445
zandvoort,2022,15,STR,NOR,16,17,20,undercut_ahead,2.5540000000000878,16.0,SOFT,MEDIUM,15.0,MEDIUM,23.682000000000016,False,False,9.0,8.0,0,Aston Martin,Aston Martin,-0.04449999999951615,47,0,72.0,0.2222222222222222
zandvoort,2022,15,STR,NOR,38,47,50,undercut_ahead,2.7169999999996435,23.0,MEDIUM,HARD,20.0,HARD,23.682000000000016,False,True,10.0,8.0,0,Aston Martin,Aston Martin,-0.04449999999951615,47,0,72.0,0.5277777777777778
zandvoort,2022,15,STR,ALO,38,47,50,defend_behind,-1.2470000000002983,23.0,MEDIUM,HARD,25.0,HARD,23.682000000000016,False,True,10.0,9.0,0,Aston Martin,Aston Martin,-0.04449999999951615,47,0,72.0,0.5277777777777778
zandvoort,2022,15,VET,RIC,9,11,14,undercut_ahead,0.3710000000000946,9.0,SOFT,MEDIUM,8.0,SOFT,23.682000000000016,True,False,17.0,19.0,1,Aston Martin,Aston Martin,-0.04449999999951615,47,0,72.0,0.125
zandvoort,2022,15,VET,BOT,9,16,19,defend_behind,-0.9530000000004292,9.0,SOFT,MEDIUM,8.0,SOFT,23.682000000000016,True,False,17.0,16.0,0,Aston Martin,Aston Martin,-0.04449999999951615,47,0,72.0,0.125
zandvoort,2023,13,ALO,NOR,2,3,6,undercut_ahead,0.5309999999999491,2.0,SOFT,INTERMEDIATE,1.0,SOFT,23.682000000000016,True,False,5.0,12.0,1,Aston Martin,Aston Martin,0.011999999999716238,50,1,72.0,0.027777777777777776
zandvoort,2023,13,ALO,ALB,2,44,47,defend_behind,-1.518000000000029,2.0,SOFT,INTERMEDIATE,1.0,SOFT,23.682000000000016,True,True,2.0,8.0,1,Aston Martin,Aston Martin,0.011999999999716238,50,1,72.0,0.027777777777777776
zandvoort,2023,13,ALO,GAS,10,11,14,undercut_ahead,1.8320000000003347,8.0,INTERMEDIATE,SOFT,14.0,INTERMEDIATE,23.682000000000016,False,False,3.0,4.0,1,Aston Martin,Aston Martin,0.011999999999716238,50,0,72.0,0.1388888888888889
zandvoort,2023,13,BOT,HUL,16,48,51,defend_behind,-1.404000000000451,16.0,SOFT,MEDIUM,15.0,SOFT,23.682000000000016,True,True,17.0,16.0,0,Alfa Romeo,Alfa Romeo,0.4070000000001528,56,0,72.0,0.2222222222222222
zandvoort,2023,13,BOT,NOR,47,60,63,undercut_ahead,2.67699999999968,31.0,MEDIUM,SOFT,7.0,SOFT,23.682000000000016,False,True,15.0,7.0,0,Alfa Romeo,Alfa Romeo,0.4070000000001528,56,0,72.0,0.6527777777777778
zandvoort,2023,13,BOT,HAM,47,60,63,defend_behind,-1.1090000000003783,31.0,MEDIUM,SOFT,1.0,SOFT,23.682000000000016,False,True,15.0,6.0,0,Alfa Romeo,Alfa Romeo,0.4070000000001528,56,0,72.0,0.6527777777777778
zandvoort,2023,13,BOT,MAG,59,60,63,undercut_ahead,1.05199999999968,12.0,SOFT,INTERMEDIATE,23.0,MEDIUM,23.682000000000016,False,True,15.0,17.0,1,Alfa Romeo,Alfa Romeo,0.4070000000001528,56,0,72.0,0.8194444444444444
zandvoort,2023,13,GAS,SAI,60,64,67,undercut_ahead,0.2309999999997671,14.0,SOFT,INTERMEDIATE,20.0,SOFT,23.682000000000016,True,True,4.0,5.0,1,Alpine,Alpine,0.4069999999992433,51,1,72.0,0.8333333333333334
zandvoort,2023,13,HAM,OCO,60,61,64,defend_behind,-1.5529999999998836,15.0,SOFT,INTERMEDIATE,16.0,SOFT,23.682000000000016,False,True,5.0,11.0,1,Mercedes,Mercedes,-0.1014999999997599,50,0,72.0,0.8333333333333334
zandvoort,2023,13,HUL,BOT,16,47,50,undercut_ahead,1.404000000000451,16.0,SOFT,MEDIUM,15.0,SOFT,23.682000000000016,False,True,16.0,17.0,1,Haas F1 Team,Haas F1 Team,0.2820000000001528,55,0,72.0,0.2222222222222222
zandvoort,2023,13,HUL,OCO,48,61,64,undercut_ahead,0.680000000000291,32.0,MEDIUM,SOFT,4.0,SOFT,23.682000000000016,True,True,14.0,11.0,0,Haas F1 Team,Haas F1 Team,0.2820000000001528,55,1,72.0,0.6666666666666666
zandvoort,2023,13,HUL,NOR,48,60,63,defend_behind,-0.0789999999997235,32.0,MEDIUM,SOFT,8.0,SOFT,23.682000000000016,True,True,14.0,7.0,0,Haas F1 Team,Haas F1 Team,0.2820000000001528,55,1,72.0,0.6666666666666666
zandvoort,2023,13,HUL,STR,60,63,66,undercut_ahead,1.8260000000009315,12.0,SOFT,INTERMEDIATE,25.0,SOFT,23.682000000000016,False,True,14.0,13.0,0,Haas F1 Team,Haas F1 Team,0.2820000000001528,55,1,72.0,0.8333333333333334
zandvoort,2023,13,LAW,NOR,10,42,45,undercut_ahead,2.7070000000003347,14.0,INTERMEDIATE,SOFT,6.0,INTERMEDIATE,23.682000000000016,False,True,16.0,13.0,0,AlphaTauri,AlphaTauri,-0.2809999999981301,56,0,72.0,0.1388888888888889
zandvoort,2023,13,LAW,STR,46,60,63,defend_behind,-0.4009999999998399,29.0,MEDIUM,SOFT,11.0,SOFT,23.682000000000016,False,True,16.0,13.0,0,AlphaTauri,AlphaTauri,-0.2809999999981301,56,0,72.0,0.6388888888888888
zandvoort,2023,13,MAG,TSU,9,10,13,undercut_ahead,1.633999999999105,8.0,INTERMEDIATE,SOFT,12.0,INTERMEDIATE,23.682000000000016,False,False,7.0,9.0,1,Haas F1 Team,Haas F1 Team,0.2820000000001528,55,0,72.0,0.125
zandvoort,2023,13,MAG,OCO,9,10,13,defend_behind,-1.972000000000662,8.0,INTERMEDIATE,SOFT,6.0,INTERMEDIATE,23.682000000000016,False,False,7.0,10.0,1,Haas F1 Team,Haas F1 Team,0.2820000000001528,55,0,72.0,0.125
zandvoort,2023,13,MAG,ZHO,35,37,40,undercut_ahead,1.6189999999996871,26.0,SOFT,MEDIUM,24.0,MEDIUM,23.682000000000016,False,False,18.0,17.0,0,Haas F1 Team,Haas F1 Team,0.2820000000001528,55,0,72.0,0.4861111111111111
zandvoort,2023,13,MAG,HUL,35,48,51,defend_behind,-2.617000000000189,26.0,SOFT,MEDIUM,18.0,MEDIUM,23.682000000000016,False,False,15.0,16.0,1,Haas F1 Team,Haas F1 Team,0.2820000000001528,55,0,72.0,0.4861111111111111
zandvoort,2023,13,NOR,ALB,3,44,47,defend_behind,-2.380999999999858,3.0,SOFT,INTERMEDIATE,2.0,SOFT,23.682000000000016,False,True,11.0,8.0,0,McLaren,McLaren,-0.07900000000017826,57,1,72.0,0.041666666666666664
zandvoort,2023,13,NOR,LAW,10,17,20,defend_behind,-2.7070000000003347,7.0,INTERMEDIATE,SOFT,13.0,INTERMEDIATE,23.682000000000016,False,True,11.0,18.0,1,McLaren,McLaren,-0.07900000000017826,57,0,72.0,0.1388888888888889
zandvoort,2023,13,NOR,RUS,60,63,66,undercut_ahead,0.6310000000012224,21.0,SOFT,INTERMEDIATE,43.0,HARD,23.682000000000016,True,True,7.0,11.0,1,McLaren,McLaren,-0.07900000000017826,57,0,72.0,0.8333333333333334
zandvoort,2023,13,NOR,PIA,60,63,66,defend_behind,-1.1700000000000728,21.0,SOFT,INTERMEDIATE,13.0,MEDIUM,23.682000000000016,True,True,7.0,9.0,1,McLaren,McLaren,-0.07900000000017826,57,0,72.0,0.8333333333333334
zandvoort,2023,13,OCO,HAM,2,3,6,undercut_ahead,0.2659999999996216,2.0,SOFT,INTERMEDIATE,1.0,MEDIUM,23.682000000000016,True,False,10.0,13.0,1,Alpine,Alpine,0.4069999999992433,51,1,72.0,0.027777777777777776
zandvoort,2023,13,PIA,TSU,46,60,63,undercut_ahead,2.251000000000204,31.0,SOFT,MEDIUM,35.0,SOFT,23.682000000000016,False,True,10.0,12.0,1,McLaren,McLaren,-0.07900000000017826,57,1,72.0,0.6388888888888888
zandvoort,2023,13,PIA,SAI,46,60,63,defend_behind,-0.3190000000004147,31.0,SOFT,MEDIUM,6.0,SOFT,23.682000000000016,False,True,10.0,5.0,0,McLaren,McLaren,-0.07900000000017826,57,1,72.0,0.6388888888888888
zandvoort,2023,13,PIA,NOR,60,63,66,undercut_ahead,1.1700000000000728,14.0,MEDIUM,INTERMEDIATE,20.0,SOFT,23.682000000000016,False,True,9.0,7.0,0,McLaren,McLaren,-0.07900000000017826,57,0,72.0,0.8333333333333334
zandvoort,2023,13,RUS,ZHO,4,10,13,undercut_ahead,1.4659999999998945,4.0,SOFT,INTERMEDIATE,2.0,INTERMEDIATE,23.682000000000016,False,False,18.0,6.0,0,Mercedes,Mercedes,-0.1014999999997599,50,1,72.0,0.05555555555555555
zandvoort,2023,13,RUS,GAS,4,11,14,defend_behind,-0.3489999999997053,4.0,SOFT,INTERMEDIATE,8.0,INTERMEDIATE,23.682000000000016,False,False,18.0,4.0,0,Mercedes,Mercedes,-0.1014999999997599,50,1,72.0,0.05555555555555555
zandvoort,2023,13,RUS,ALB,10,44,47,defend_behind,-0.467000000000553,6.0,INTERMEDIATE,SOFT,9.0,SOFT,23.682000000000016,False,True,7.0,8.0,1,Mercedes,Mercedes,-0.1014999999997599,50,0,72.0,0.1388888888888889
zandvoort,2023,13,RUS,OCO,60,61,64,undercut_ahead,1.3279999999995198,44.0,HARD,INTERMEDIATE,16.0,SOFT,23.682000000000016,False,True,8.0,11.0,1,Mercedes,Mercedes,-0.1014999999997599,50,0,72.0,0.8333333333333334
zandvoort,2023,13,RUS,NOR,60,63,66,defend_behind,-0.6310000000012224,44.0,HARD,INTERMEDIATE,20.0,SOFT,23.682000000000016,False,True,11.0,7.0,0,Mercedes,Mercedes,-0.1014999999997599,50,0,72.0,0.8333333333333334
zandvoort,2023,13,SAI,ALB,2,44,47,undercut_ahead,0.4099999999998545,2.0,SOFT,INTERMEDIATE,1.0,SOFT,23.682000000000016,True,True,5.0,8.0,1,Ferrari,Ferrari,-0.42574999999987995,50,1,72.0,0.027777777777777776
zandvoort,2023,13,SAI,RUS,2,4,7,defend_behind,-0.7020000000002256,2.0,SOFT,INTERMEDIATE,1.0,SOFT,23.682000000000016,True,False,7.0,14.0,1,Ferrari,Ferrari,-0.42574999999987995,50,1,72.0,0.027777777777777776
zandvoort,2023,13,SAI,LEC,10,11,14,defend_behind,-1.4940000000005966,8.0,INTERMEDIATE,SOFT,8.0,INTERMEDIATE,23.682000000000016,False,False,5.0,13.0,1,Ferrari,Ferrari,-0.42574999999987995,50,1,72.0,0.1388888888888889
zandvoort,2023,13,SAI,GAS,60,64,67,defend_behind,-0.2309999999997671,21.0,SOFT,INTERMEDIATE,13.0,SOFT,23.682000000000016,False,True,5.0,4.0,0,Ferrari,Ferrari,-0.42574999999987995,50,1,72.0,0.8333333333333334
zandvoort,2023,13,STR,MAG,4,9,12,undercut_ahead,0.8989999999998872,4.0,SOFT,INTERMEDIATE,2.0,INTERMEDIATE,23.682000000000016,True,False,19.0,7.0,0,Aston Martin,Aston Martin,0.011999999999716238,50,0,72.0,0.05555555555555555
zandvoort,2023,13,STR,BOT,4,16,19,defend_behind,-1.6950000000001637,4.0,SOFT,INTERMEDIATE,3.0,SOFT,23.682000000000016,True,True,19.0,15.0,0,Aston Martin,Aston Martin,0.011999999999716238,50,0,72.0,0.05555555555555555
zandvoort,2023,13,STR,BOT,9,16,19,undercut_ahead,0.3760000000002037,5.0,INTERMEDIATE,SOFT,8.0,SOFT,23.682000000000016,True,True,19.0,15.0,0,Aston Martin,Aston Martin,0.011999999999716238,50,0,72.0,0.125
zandvoort,2023,13,STR,HUL,9,16,19,defend_behind,-2.7979999999997744,5.0,INTERMEDIATE,SOFT,8.0,SOFT,23.682000000000016,True,True,19.0,16.0,0,Aston Martin,Aston Martin,0.011999999999716238,50,0,72.0,0.125
zandvoort,2023,13,STR,BOT,34,47,50,undercut_ahead,1.7420000000001892,18.0,MEDIUM,SOFT,17.0,MEDIUM,23.682000000000016,False,False,14.0,17.0,1,Aston Martin,Aston Martin,0.011999999999716238,50,0,72.0,0.4722222222222222
zandvoort,2023,13,STR,LAW,34,46,49,defend_behind,-0.4710000000004584,18.0,MEDIUM,SOFT,16.0,MEDIUM,23.682000000000016,False,False,14.0,18.0,1,Aston Martin,Aston Martin,0.011999999999716238,50,0,72.0,0.4722222222222222
zandvoort,2023,13,STR,HUL,60,63,66,defend_behind,-1.8260000000009315,26.0,SOFT,INTERMEDIATE,11.0,SOFT,23.682000000000016,False,True,13.0,14.0,1,Aston Martin,Aston Martin,0.011999999999716238,50,0,72.0,0.8333333333333334
zandvoort,2023,13,VER,NOR,2,3,6,defend_behind,-0.650000000000091,2.0,SOFT,INTERMEDIATE,1.0,SOFT,23.682000000000016,False,False,3.0,12.0,1,Red Bull Racing,Red Bull Racing,-0.4220000000004802,59,1,72.0,0.027777777777777776
zandvoort,2023,13,ZHO,GAS,10,11,14,defend_behind,-0.5079999999998108,9.0,INTERMEDIATE,MEDIUM,14.0,INTERMEDIATE,23.682000000000016,False,False,6.0,4.0,0,Alfa Romeo,Alfa Romeo,0.4070000000001528,56,1,72.0,0.1388888888888889
zandvoort,2023,13,ZHO,PIA,37,46,49,undercut_ahead,1.7219999999997526,27.0,MEDIUM,SOFT,21.0,SOFT,23.682000000000016,False,False,13.0,12.0,0,Alfa Romeo,Alfa Romeo,0.4070000000001528,56,1,72.0,0.5138888888888888
zandvoort,2024,15,ALB,OCO,12,30,33,undercut_ahead,0.4590000000007421,12.0,MEDIUM,HARD,11.0,MEDIUM,23.682000000000016,True,False,11.0,18.0,1,Williams,Williams,0.15499999999974534,49,0,72.0,0.16666666666666666
zandvoort,2024,15,ALB,SAR,12,22,25,defend_behind,-2.920999999999367,12.0,MEDIUM,HARD,11.0,MEDIUM,23.682000000000016,True,False,17.0,19.0,1,Williams,Williams,0.15499999999974534,49,0,72.0,0.16666666666666666
zandvoort,2024,15,BOT,RIC,15,29,32,defend_behind,-0.2739999999994325,15.0,SOFT,HARD,14.0,MEDIUM,23.682000000000016,True,False,15.0,17.0,1,Kick Sauber,Kick Sauber,0.38599999999996726,55,0,72.0,0.20833333333333334
zandvoort,2024,15,HAM,GAS,23,32,35,undercut_ahead,0.8969999999999345,23.0,SOFT,HARD,22.0,MEDIUM,23.682000000000016,True,False,8.0,12.0,1,Mercedes,Mercedes,-0.07200000000057116,51,1,72.0,0.3194444444444444
zandvoort,2024,15,HAM,ALO,23,31,34,defend_behind,-2.867000000000189,23.0,SOFT,HARD,22.0,MEDIUM,23.682000000000016,True,False,8.0,13.0,1,Mercedes,Mercedes,-0.07200000000057116,51,1,72.0,0.3194444444444444
zandvoort,2024,15,HUL,HAM,14,23,26,undercut_ahead,1.1459999999997308,14.0,MEDIUM,HARD,13.0,SOFT,23.682000000000016,False,False,13.0,15.0,1,Haas F1 Team,Haas F1 Team,0.35299999999961074,51,1,72.0,0.19444444444444445
zandvoort,2024,15,HUL,TSU,14,32,35,defend_behind,-1.065000000000509,14.0,MEDIUM,HARD,13.0,SOFT,23.682000000000016,False,False,9.0,19.0,1,Haas F1 Team,Haas F1 Team,0.35299999999961074,51,0,72.0,0.19444444444444445
zandvoort,2024,15,LEC,PIA,24,33,36,undercut_ahead,0.2719999999999345,24.0,MEDIUM,HARD,23.0,MEDIUM,23.682000000000016,True,False,3.0,5.0,1,Ferrari,Ferrari,-0.19399999999995998,51,1,72.0,0.3333333333333333
zandvoort,2024,15,OCO,TSU,30,32,35,defend_behind,-0.3140000000003056,30.0,MEDIUM,HARD,15.0,MEDIUM,23.682000000000016,False,False,18.0,19.0,1,Alpine,Alpine,-0.08099999999967622,47,1,72.0,0.4166666666666667
zandvoort,2024,15,PER,SAI,29,30,33,defend_behind,-2.164999999999964,29.0,MEDIUM,HARD,28.0,MEDIUM,23.682000000000016,False,False,6.0,7.0,1,Red Bull Racing,Red Bull Racing,-0.2855000000001837,52,0,72.0,0.4027777777777778
zandvoort,2024,15,RIC,MAG,29,40,43,defend_behind,-1.9990000000007055,29.0,MEDIUM,HARD,28.0,HARD,23.682000000000016,False,False,14.0,19.0,1,RB,RB,-0.17949999999973443,44,1,72.0,0.4027777777777778
zandvoort,2024,15,RUS,PIA,25,33,36,defend_behind,-1.0789999999997235,25.0,MEDIUM,HARD,24.0,MEDIUM,23.682000000000016,False,False,4.0,5.0,1,Mercedes,Mercedes,-0.07200000000057116,51,1,72.0,0.3472222222222222
zandvoort,2024,15,TSU,ALB,32,54,57,defend_behind,-0.405999999999949,18.0,MEDIUM,HARD,19.0,HARD,23.682000000000016,False,False,16.0,17.0,1,RB,RB,-0.17949999999973443,44,1,72.0,0.4444444444444444
zandvoort,2025,15,ALB,SAI,23,27,30,undercut_ahead,2.1229999999995925,23.0,MEDIUM,HARD,22.0,MEDIUM,23.682000000000016,False,True,7.0,18.0,1,Williams,Williams,0.0014999999998508429,46,1,72.0,0.3194444444444444
zandvoort,2025,15,ALO,ANT,18,23,26,undercut_ahead,0.8020000000005894,18.0,MEDIUM,HARD,17.0,MEDIUM,23.682000000000016,True,True,14.0,11.0,0,Aston Martin,Aston Martin,0.1950000000001637,50,0,72.0,0.25
zandvoort,2025,15,ALO,GAS,18,23,26,defend_behind,-2.4609999999993306,18.0,MEDIUM,HARD,17.0,MEDIUM,23.682000000000016,True,True,14.0,16.0,1,Aston Martin,Aston Martin,0.1950000000001637,50,0,72.0,0.25
zandvoort,2025,15,BOR,OCO,22,52,55,undercut_ahead,1.501999999999498,22.0,MEDIUM,HARD,21.0,HARD,23.682000000000016,False,True,10.0,14.0,1,Kick Sauber,Kick Sauber,-0.047999999999774445,41,1,72.0,0.3055555555555556
zandvoort,2025,15,BOR,BEA,22,53,56,defend_behind,-0.498000000000502,22.0,MEDIUM,HARD,21.0,HARD,23.682000000000016,False,True,10.0,11.0,1,Kick Sauber,Kick Sauber,-0.047999999999774445,41,1,72.0,0.3055555555555556
zandvoort,2025,15,COL,GAS,19,23,26,undercut_ahead,1.17699999999968,19.0,SOFT,HARD,18.0,MEDIUM,23.682000000000016,True,True,17.0,16.0,0,Alpine,Alpine,0.2495000000001255,46,0,72.0,0.2638888888888889
zandvoort,2025,15,COL,HUL,19,53,56,defend_behind,-1.2139999999999418,19.0,SOFT,HARD,18.0,SOFT,23.682000000000016,True,True,15.0,16.0,1,Alpine,Alpine,0.2495000000001255,46,0,72.0,0.2638888888888889
zandvoort,2025,15,HAD,VER,23,53,56,undercut_ahead,2.389999999999418,23.0,MEDIUM,HARD,22.0,SOFT,23.682000000000016,False,True,4.0,3.0,0,Racing Bulls,Racing Bulls,-0.18699999999989814,41,0,72.0,0.3194444444444444
zandvoort,2025,15,HUL,COL,19,53,56,undercut_ahead,1.2139999999999418,19.0,SOFT,HARD,18.0,SOFT,23.682000000000016,False,True,16.0,15.0,0,Kick Sauber,Kick Sauber,-0.047999999999774445,41,0,72.0,0.2638888888888889
zandvoort,2025,15,HUL,OCO,19,52,55,defend_behind,-2.0510000000003856,19.0,SOFT,HARD,18.0,HARD,23.682000000000016,False,True,16.0,14.0,0,Kick Sauber,Kick Sauber,-0.047999999999774445,41,0,72.0,0.2638888888888889
zandvoort,2025,15,HUL,COL,53,65,68,undercut_ahead,0.5109999999995125,34.0,HARD,MEDIUM,33.0,HARD,23.682000000000016,True,True,13.0,14.0,1,Kick Sauber,Kick Sauber,-0.047999999999774445,41,0,72.0,0.7361111111111112
zandvoort,2025,15,HUL,BOR,53,60,63,defend_behind,-0.7650000000003274,34.0,HARD,MEDIUM,30.0,HARD,23.682000000000016,True,True,15.0,18.0,1,Kick Sauber,Kick Sauber,-0.047999999999774445,41,0,72.0,0.7361111111111112
zandvoort,2025,15,LAW,SAI,23,27,30,defend_behind,-1.2010000000000218,23.0,MEDIUM,HARD,22.0,MEDIUM,23.682000000000016,False,True,19.0,18.0,0,Racing Bulls,Racing Bulls,-0.18699999999989814,41,0,72.0,0.3194444444444444
zandvoort,2025,15,LAW,SAI,27,51,54,defend_behind,-0.1499999999996362,4.0,HARD,SOFT,3.0,HARD,23.682000000000016,True,True,17.0,18.0,1,Racing Bulls,Racing Bulls,-0.18699999999989814,41,0,72.0,0.375
zandvoort,2025,15,LEC,HAD,22,23,26,undercut_ahead,1.1520000000000437,22.0,MEDIUM,HARD,21.0,MEDIUM,23.682000000000016,False,True,6.0,4.0,0,Ferrari,Ferrari,-0.24724999999943975,46,1,72.0,0.3055555555555556
zandvoort,2025,15,LEC,RUS,22,23,26,defend_behind,-2.2219999999997526,22.0,MEDIUM,HARD,21.0,MEDIUM,23.682000000000016,False,True,6.0,5.0,0,Ferrari,Ferrari,-0.24724999999943975,46,1,72.0,0.3055555555555556
zandvoort,2025,15,OCO,BEA,52,53,56,defend_behind,-0.7489999999997963,52.0,HARD,MEDIUM,51.0,HARD,23.682000000000016,False,True,14.0,11.0,0,Haas F1 Team,Haas F1 Team,0.5172499999998763,42,0,72.0,0.7222222222222222
zandvoort,2025,15,SAI,LAW,23,27,30,undercut_ahead,1.2010000000000218,23.0,MEDIUM,HARD,22.0,MEDIUM,23.682000000000016,False,True,18.0,19.0,1,Williams,Williams,0.0014999999998508429,46,0,72.0,0.3194444444444444
zandvoort,2025,15,SAI,ALB,23,53,56,defend_behind,-2.1229999999995925,23.0,MEDIUM,HARD,22.0,MEDIUM,23.682000000000016,False,True,18.0,6.0,0,Williams,Williams,0.0014999999998508429,46,1,72.0,0.3194444444444444
zandvoort,2025,15,SAI,LAW,27,52,55,undercut_ahead,0.1499999999996362,4.0,HARD,SOFT,3.0,HARD,23.682000000000016,True,True,18.0,17.0,0,Williams,Williams,0.0014999999998508429,46,0,72.0,0.375
zandvoort,2025,15,SAI,OCO,27,52,55,defend_behind,-0.7820000000001528,4.0,HARD,SOFT,26.0,HARD,23.682000000000016,True,True,18.0,14.0,0,Williams,Williams,0.0014999999998508429,46,1,72.0,0.375
zandvoort,2025,15,STR,OCO,8,52,55,undercut_ahead,0.5850000000000364,8.0,MEDIUM,HARD,7.0,HARD,23.682000000000016,True,True,12.0,14.0,1,Aston Martin,Aston Martin,0.1950000000001637,50,0,72.0,0.1111111111111111
zandvoort,2025,15,STR,BOR,8,22,25,defend_behind,-0.775000000000091,8.0,MEDIUM,HARD,7.0,MEDIUM,23.682000000000016,True,True,12.0,18.0,1,Aston Martin,Aston Martin,0.1950000000001637,50,0,72.0,0.1111111111111111
zandvoort,2025,15,TSU,ANT,19,23,26,defend_behind,-0.2929999999996653,19.0,SOFT,HARD,18.0,MEDIUM,23.682000000000016,False,True,15.0,11.0,0,Red Bull Racing,Red Bull Racing,-0.06900000000041473,45,0,72.0,0.2638888888888889
zandvoort,2025,15,VER,HAD,23,53,56,defend_behind,-2.389999999999418,23.0,SOFT,MEDIUM,22.0,MEDIUM,23.682000000000016,False,True,3.0,4.0,1,Red Bull Racing,Red Bull Racing,-0.06900000000041473,45,0,72.0,0.3194444444444444
zandvoort,2026,12,ALB,HUL,2,19,22,undercut_ahead,1.0830000000000837,2.0,SOFT,HARD,4.0,SOFT,23.682000000000016,False,True,7.0,13.0,1,Williams,Williams,0.06700000000000728,29,1,72.0,0.027777777777777776
zandvoort,2026,12,ALB,OCO,2,16,19,defend_behind,-0.0820000000003347,2.0,SOFT,HARD,1.0,MEDIUM,23.682000000000016,False,True,9.0,19.0,1,Williams,Williams,0.06700000000000728,29,1,72.0,0.027777777777777776
zandvoort,2026,12,ALO,HUL,34,48,51,defend_behind,-2.1320000000005166,32.0,SOFT,HARD,14.0,SOFT,23.682000000000016,False,False,9.0,8.0,0,Aston Martin,Aston Martin,-0.06750000000010914,15,1,72.0,0.4722222222222222
zandvoort,2026,12,ANT,NOR,21,47,50,defend_behind,-2.29700000000048,21.0,MEDIUM,HARD,21.0,SOFT,23.682000000000016,False,False,2.0,3.0,1,Mercedes,Mercedes,-0.48700000000008004,21,0,72.0,0.2916666666666667
zandvoort,2026,12,BOR,OCO,11,16,19,undercut_ahead,0.5259999999998399,12.0,SOFT,MEDIUM,11.0,SOFT,23.682000000000016,True,False,15.0,19.0,1,Audi,Audi,0.0,23,0,72.0,0.1527777777777778
zandvoort,2026,12,BOR,ALO,11,34,37,defend_behind,-1.3670000000001892,12.0,SOFT,MEDIUM,8.0,SOFT,23.682000000000016,True,False,13.0,12.0,0,Audi,Audi,0.0,23,0,72.0,0.1527777777777778
zandvoort,2026,12,BOR,GAS,34,46,49,undercut_ahead,1.043999999999869,23.0,MEDIUM,HARD,15.0,HARD,23.682000000000016,False,False,12.0,11.0,0,Audi,Audi,0.0,23,0,72.0,0.4722222222222222
zandvoort,2026,12,BOR,ALB,34,49,52,defend_behind,-1.3270000000002256,23.0,MEDIUM,HARD,7.0,HARD,23.682000000000016,False,False,12.0,16.0,1,Audi,Audi,0.0,23,0,72.0,0.4722222222222222
zandvoort,2026,12,COL,PER,21,29,32,undercut_ahead,0.5380000000004657,19.0,MEDIUM,HARD,18.0,HARD,23.682000000000016,True,False,18.0,19.0,1,Alpine,Alpine,0.0,23,0,72.0,0.2916666666666667
zandvoort,2026,12,COL,OCO,21,36,39,defend_behind,-0.6129999999993743,19.0,MEDIUM,HARD,4.0,HARD,23.682000000000016,True,False,15.0,17.0,1,Alpine,Alpine,0.0,23,0,72.0,0.2916666666666667
zandvoort,2026,12,COL,SAI,45,65,68,undercut_ahead,1.397000000000844,24.0,HARD,SOFT,14.0,HARD,23.682000000000016,False,True,14.0,16.0,1,Alpine,Alpine,0.0,23,0,72.0,0.625
zandvoort,2026,12,GAS,HUL,18,19,22,defend_behind,-1.3540000000002692,19.0,MEDIUM,HARD,18.0,SOFT,23.682000000000016,False,False,12.0,13.0,1,Alpine,Alpine,0.0,23,1,72.0,0.25
zandvoort,2026,12,HAM,ANT,55,56,59,defend_behind,-0.1980000000003201,30.0,HARD,SOFT,14.0,HARD,23.682000000000016,False,True,4.0,3.0,0,Ferrari,Ferrari,-0.23250000000007276,22,0,72.0,0.7638888888888888
zandvoort,2026,12,LEC,HAM,21,25,28,defend_behind,-1.556999999999789,19.0,SOFT,MEDIUM,21.0,SOFT,23.682000000000016,False,False,5.0,6.0,1,Ferrari,Ferrari,-0.23250000000007276,22,0,72.0,0.2916666666666667
zandvoort,2026,12,LEC,HAM,43,55,58,defend_behind,-0.5540000000000873,22.0,MEDIUM,HARD,17.0,HARD,23.682000000000016,False,True,5.0,4.0,0,Ferrari,Ferrari,-0.23250000000007276,22,0,72.0,0.5972222222222222
zandvoort,2026,12,LIN,GAS,2,18,21,undercut_ahead,0.018999999999778,5.0,SOFT,MEDIUM,1.0,MEDIUM,23.682000000000016,True,True,11.0,12.0,1,Racing Bulls,Racing Bulls,0.057999999999992724,21,0,72.0,0.027777777777777776
zandvoort,2026,12,LIN,COL,2,8,11,defend_behind,-0.4610000000002401,5.0,SOFT,MEDIUM,1.0,MEDIUM,23.682000000000016,True,True,19.0,20.0,1,Racing Bulls,Racing Bulls,0.057999999999992724,21,0,72.0,0.027777777777777776
zandvoort,2026,12,LIN,GAS,36,46,49,undercut_ahead,2.318000000000211,31.0,MEDIUM,HARD,17.0,HARD,23.682000000000016,False,False,13.0,11.0,0,Racing Bulls,Racing Bulls,0.057999999999992724,21,1,72.0,0.5
zandvoort,2026,12,NOR,ANT,2,21,24,defend_behind,-0.6279999999997017,2.0,MEDIUM,SOFT,1.0,MEDIUM,23.682000000000016,False,True,3.0,2.0,0,McLaren,McLaren,-0.26050000000032014,23,0,72.0,0.027777777777777776
zandvoort,2026,12,NOR,ANT,21,40,43,undercut_ahead,2.29700000000048,22.0,SOFT,HARD,20.0,MEDIUM,23.682000000000016,False,False,1.0,4.0,1,McLaren,McLaren,-0.26050000000032014,23,0,72.0,0.2916666666666667
zandvoort,2026,12,OCO,ALB,2,26,29,undercut_ahead,0.0820000000003347,2.0,MEDIUM,SOFT,1.0,SOFT,23.682000000000016,True,True,16.0,15.0,0,Haas F1 Team,Haas F1 Team,0.4760000000005675,19,0,72.0,0.027777777777777776
zandvoort,2026,12,OCO,ALO,2,34,37,defend_behind,-0.362999999999829,2.0,MEDIUM,SOFT,1.0,SOFT,23.682000000000016,True,True,17.0,12.0,0,Haas F1 Team,Haas F1 Team,0.4760000000005675,19,0,72.0,0.027777777777777776
zandvoort,2026,12,OCO,ALB,16,26,29,undercut_ahead,0.863999999999578,17.0,SOFT,HARD,13.0,HARD,23.682000000000016,True,False,16.0,15.0,0,Haas F1 Team,Haas F1 Team,0.4760000000005675,19,0,72.0,0.2222222222222222
zandvoort,2026,12,OCO,ALO,16,34,37,defend_behind,-0.5690000000004147,17.0,SOFT,HARD,13.0,SOFT,23.682000000000016,True,False,17.0,12.0,0,Haas F1 Team,Haas F1 Team,0.4760000000005675,19,0,72.0,0.2222222222222222
zandvoort,2026,12,PER,BOT,2,28,31,undercut_ahead,0.0019999999999527,2.0,SOFT,HARD,1.0,HARD,23.682000000000016,True,True,19.0,20.0,1,Cadillac,Cadillac,1.1917499999995016,18,0,72.0,0.027777777777777776
zandvoort,2026,12,PIA,LEC,2,21,24,undercut_ahead,1.3890000000001237,2.0,MEDIUM,HARD,5.0,SOFT,23.682000000000016,False,True,5.0,6.0,1,McLaren,McLaren,-0.26050000000032014,23,0,72.0,0.027777777777777776
zandvoort,2026,12,PIA,HAM,2,25,28,defend_behind,-0.5470000000000255,2.0,MEDIUM,HARD,1.0,SOFT,23.682000000000016,False,True,4.0,6.0,1,McLaren,McLaren,-0.26050000000032014,23,1,72.0,0.027777777777777776
zandvoort,2026,12,RUS,PIA,17,18,21,undercut_ahead,2.478000000000065,17.0,MEDIUM,HARD,14.0,HARD,23.682000000000016,False,False,5.0,6.0,1,Mercedes,Mercedes,-0.48700000000008004,21,1,72.0,0.2361111111111111
zandvoort,2026,12,RUS,LEC,17,21,24,defend_behind,-0.3099999999994907,17.0,MEDIUM,HARD,14.0,SOFT,23.682000000000016,False,False,4.0,6.0,1,Mercedes,Mercedes,-0.48700000000008004,21,1,72.0,0.2361111111111111
zandvoort,2026,12,SAI,TSU,30,44,47,undercut_ahead,1.326999999999316,28.0,SOFT,HARD,11.0,HARD,23.682000000000016,False,False,16.0,10.0,0,Williams,Williams,0.06700000000000728,29,1,72.0,0.4166666666666667
zandvoort,2026,12,SAI,LIN,30,36,39,defend_behind,-0.079000000000633,28.0,SOFT,HARD,24.0,MEDIUM,23.682000000000016,False,False,14.0,16.0,1,Williams,Williams,0.06700000000000728,29,1,72.0,0.4166666666666667
zandvoort,2026,12,STR,ALO,15,34,37,undercut_ahead,2.463999999999942,13.0,SOFT,HARD,12.0,SOFT,23.682000000000016,False,False,18.0,12.0,0,Aston Martin,Aston Martin,-0.06750000000010914,15,0,72.0,0.20833333333333334
zandvoort,2026,12,TSU,HUL,18,19,22,undercut_ahead,2.978000000000065,16.0,SOFT,HARD,18.0,SOFT,23.682000000000016,False,False,14.0,13.0,0,Racing Bulls,Racing Bulls,0.057999999999992724,21,1,72.0,0.25
zandvoort,2026,12,TSU,GAS,44,46,49,defend_behind,-1.4839999999985594,26.0,HARD,SOFT,25.0,HARD,23.682000000000016,False,False,10.0,11.0,1,Racing Bulls,Racing Bulls,0.057999999999992724,21,0,72.0,0.6111111111111112
