circuit,lap,type,races_reaching_lap,n_incidents_starting,raw_hazard,smoothed_hazard
austin,1,SC,7,0,0.0,0.047619047619047616
austin,1,VSC,7,0,0.0,0.0
austin,1,RED,7,0,0.0,0.0
austin,2,SC,7,1,0.14285714285714285,0.03571428571428571
austin,2,VSC,7,0,0.0,0.0
austin,2,RED,7,0,0.0,0.0
austin,3,SC,7,0,0.0,0.02857142857142857
austin,3,VSC,7,0,0.0,0.0
austin,3,RED,7,0,0.0,0.0
austin,4,SC,7,0,0.0,0.02857142857142857
austin,4,VSC,7,0,0.0,0.02857142857142857
austin,4,RED,7,0,0.0,0.0
austin,5,SC,7,0,0.0,0.0
austin,5,VSC,7,0,0.0,0.02857142857142857
austin,5,RED,7,0,0.0,0.0
austin,6,SC,7,0,0.0,0.0
austin,6,VSC,7,1,0.14285714285714285,0.02857142857142857
austin,6,RED,7,0,0.0,0.0
austin,7,SC,7,0,0.0,0.0
austin,7,VSC,7,0,0.0,0.02857142857142857
austin,7,RED,7,0,0.0,0.0
austin,8,SC,7,0,0.0,0.0
austin,8,VSC,7,0,0.0,0.05714285714285714
austin,8,RED,7,0,0.0,0.0
austin,9,SC,7,0,0.0,0.0
austin,9,VSC,7,0,0.0,0.02857142857142857
austin,9,RED,7,0,0.0,0.0
austin,10,SC,7,0,0.0,0.0
austin,10,VSC,7,1,0.14285714285714285,0.02857142857142857
austin,10,RED,7,0,0.0,0.0
austin,11,SC,7,0,0.0,0.0
austin,11,VSC,7,0,0.0,0.02857142857142857
austin,11,RED,7,0,0.0,0.0
austin,12,SC,7,0,0.0,0.0
austin,12,VSC,7,0,0.0,0.02857142857142857
austin,12,RED,7,0,0.0,0.0
austin,13,SC,7,0,0.0,0.0
austin,13,VSC,7,0,0.0,0.0
austin,13,RED,7,0,0.0,0.0
austin,14,SC,7,0,0.0,0.0
austin,14,VSC,7,0,0.0,0.0
austin,14,RED,7,0,0.0,0.0
austin,15,SC,7,0,0.0,0.02857142857142857
austin,15,VSC,7,0,0.0,0.0
austin,15,RED,7,0,0.0,0.0
austin,16,SC,7,0,0.0,0.02857142857142857
austin,16,VSC,7,0,0.0,0.0
austin,16,RED,7,0,0.0,0.0
austin,17,SC,7,1,0.14285714285714285,0.02857142857142857
austin,17,VSC,7,0,0.0,0.0
austin,17,RED,7,0,0.0,0.0
austin,18,SC,7,0,0.0,0.02857142857142857
austin,18,VSC,7,0,0.0,0.0
austin,18,RED,7,0,0.0,0.0
austin,19,SC,7,0,0.0,0.02857142857142857
austin,19,VSC,7,0,0.0,0.0
austin,19,RED,7,0,0.0,0.0
austin,20,SC,7,0,0.0,0.0
austin,20,VSC,7,0,0.0,0.0
austin,20,RED,7,0,0.0,0.0
austin,21,SC,7,0,0.0,0.0
austin,21,VSC,7,0,0.0,0.0
austin,21,RED,7,0,0.0,0.0
austin,22,SC,7,0,0.0,0.0
austin,22,VSC,7,0,0.0,0.0
austin,22,RED,7,0,0.0,0.0
austin,23,SC,7,0,0.0,0.0
austin,23,VSC,7,0,0.0,0.0
austin,23,RED,7,0,0.0,0.0
austin,24,SC,7,0,0.0,0.0
austin,24,VSC,7,0,0.0,0.02857142857142857
austin,24,RED,7,0,0.0,0.0
austin,25,SC,7,0,0.0,0.0
austin,25,VSC,7,0,0.0,0.02857142857142857
austin,25,RED,7,0,0.0,0.0
austin,26,SC,7,0,0.0,0.0
austin,26,VSC,7,1,0.14285714285714285,0.02857142857142857
austin,26,RED,7,0,0.0,0.0
austin,27,SC,7,0,0.0,0.0
austin,27,VSC,7,0,0.0,0.02857142857142857
austin,27,RED,7,0,0.0,0.0
austin,28,SC,7,0,0.0,0.0
austin,28,VSC,7,0,0.0,0.02857142857142857
austin,28,RED,7,0,0.0,0.0
austin,29,SC,7,0,0.0,0.0
austin,29,VSC,7,0,0.0,0.0
austin,29,RED,7,0,0.0,0.0
austin,30,SC,7,0,0.0,0.0
austin,30,VSC,7,0,0.0,0.0
austin,30,RED,7,0,0.0,0.0
austin,31,SC,7,0,0.0,0.0
austin,31,VSC,7,0,0.0,0.0
austin,31,RED,7,0,0.0,0.0
austin,32,SC,7,0,0.0,0.0
austin,32,VSC,7,0,0.0,0.0
austin,32,RED,7,0,0.0,0.0
austin,33,SC,7,0,0.0,0.0
austin,33,VSC,7,0,0.0,0.0
austin,33,RED,7,0,0.0,0.0
austin,34,SC,7,0,0.0,0.0
austin,34,VSC,7,0,0.0,0.0
austin,34,RED,7,0,0.0,0.0
austin,35,SC,7,0,0.0,0.0
austin,35,VSC,7,0,0.0,0.0
austin,35,RED,7,0,0.0,0.0
austin,36,SC,7,0,0.0,0.0
austin,36,VSC,7,0,0.0,0.0
austin,36,RED,7,0,0.0,0.0
austin,37,SC,7,0,0.0,0.0
austin,37,VSC,7,0,0.0,0.0
austin,37,RED,7,0,0.0,0.0
austin,38,SC,7,0,0.0,0.0
austin,38,VSC,7,0,0.0,0.0
austin,38,RED,7,0,0.0,0.0
austin,39,SC,7,0,0.0,0.0
austin,39,VSC,7,0,0.0,0.0
austin,39,RED,7,0,0.0,0.0
austin,40,SC,7,0,0.0,0.0
austin,40,VSC,7,0,0.0,0.0
austin,40,RED,7,0,0.0,0.0
austin,41,SC,7,0,0.0,0.0
austin,41,VSC,7,0,0.0,0.0
austin,41,RED,7,0,0.0,0.0
austin,42,SC,7,0,0.0,0.0
austin,42,VSC,7,0,0.0,0.0
austin,42,RED,7,0,0.0,0.0
austin,43,SC,7,0,0.0,0.0
austin,43,VSC,7,0,0.0,0.0
austin,43,RED,7,0,0.0,0.0
austin,44,SC,7,0,0.0,0.0
austin,44,VSC,7,0,0.0,0.0
austin,44,RED,7,0,0.0,0.0
austin,45,SC,7,0,0.0,0.0
austin,45,VSC,7,0,0.0,0.0
austin,45,RED,7,0,0.0,0.0
austin,46,SC,7,0,0.0,0.0
austin,46,VSC,7,0,0.0,0.0
austin,46,RED,7,0,0.0,0.0
austin,47,SC,7,0,0.0,0.0
austin,47,VSC,7,0,0.0,0.0
austin,47,RED,7,0,0.0,0.0
austin,48,SC,7,0,0.0,0.0
austin,48,VSC,7,0,0.0,0.0
austin,48,RED,7,0,0.0,0.0
austin,49,SC,7,0,0.0,0.0
austin,49,VSC,7,0,0.0,0.0
austin,49,RED,7,0,0.0,0.0
austin,50,SC,7,0,0.0,0.0
austin,50,VSC,7,0,0.0,0.0
austin,50,RED,7,0,0.0,0.0
austin,51,SC,7,0,0.0,0.0
austin,51,VSC,7,0,0.0,0.0
austin,51,RED,7,0,0.0,0.0
austin,52,SC,7,0,0.0,0.0
austin,52,VSC,7,0,0.0,0.0
austin,52,RED,7,0,0.0,0.0
austin,53,SC,7,0,0.0,0.0
austin,53,VSC,7,0,0.0,0.0
austin,53,RED,7,0,0.0,0.0
austin,54,SC,7,0,0.0,0.0
austin,54,VSC,7,0,0.0,0.0
austin,54,RED,7,0,0.0,0.0
austin,55,SC,7,0,0.0,0.0
austin,55,VSC,7,0,0.0,0.0
austin,55,RED,7,0,0.0,0.0
austin,56,SC,7,0,0.0,0.0
austin,56,VSC,7,0,0.0,0.0
austin,56,RED,7,0,0.0,0.0
baku,1,SC,7,2,0.2857142857142857,0.09523809523809523
baku,1,VSC,7,0,0.0,0.0
baku,1,RED,7,0,0.0,0.0
baku,2,SC,7,0,0.0,0.07142857142857142
baku,2,VSC,7,0,0.0,0.0
baku,2,RED,7,0,0.0,0.0
baku,3,SC,7,0,0.0,0.05714285714285714
baku,3,VSC,7,0,0.0,0.0
baku,3,RED,7,0,0.0,0.0
baku,4,SC,7,0,0.0,0.0
baku,4,VSC,7,0,0.0,0.0
baku,4,RED,7,0,0.0,0.0
baku,5,SC,7,0,0.0,0.0
baku,5,VSC,7,0,0.0,0.0
baku,5,RED,7,0,0.0,0.0
baku,6,SC,7,0,0.0,0.0
baku,6,VSC,7,0,0.0,0.0
baku,6,RED,7,0,0.0,0.0
baku,7,SC,7,0,0.0,0.0
baku,7,VSC,7,0,0.0,0.02857142857142857
baku,7,RED,7,0,0.0,0.0
baku,8,SC,7,0,0.0,0.02857142857142857
baku,8,VSC,7,0,0.0,0.02857142857142857
baku,8,RED,7,0,0.0,0.0
baku,9,SC,7,0,0.0,0.02857142857142857
baku,9,VSC,7,1,0.14285714285714285,0.02857142857142857
baku,9,RED,7,0,0.0,0.0
baku,10,SC,7,1,0.14285714285714285,0.02857142857142857
baku,10,VSC,7,0,0.0,0.02857142857142857
baku,10,RED,7,0,0.0,0.0
baku,11,SC,7,0,0.0,0.02857142857142857
baku,11,VSC,7,0,0.0,0.02857142857142857
baku,11,RED,7,0,0.0,0.0
baku,12,SC,7,0,0.0,0.02857142857142857
baku,12,VSC,7,0,0.0,0.0
baku,12,RED,7,0,0.0,0.0
baku,13,SC,7,0,0.0,0.0
baku,13,VSC,7,0,0.0,0.0
baku,13,RED,7,0,0.0,0.0
baku,14,SC,7,0,0.0,0.0
baku,14,VSC,7,0,0.0,0.0
baku,14,RED,7,0,0.0,0.0
baku,15,SC,7,0,0.0,0.0
baku,15,VSC,7,0,0.0,0.0
baku,15,RED,7,0,0.0,0.0
baku,16,SC,7,0,0.0,0.0
baku,16,VSC,7,0,0.0,0.0
baku,16,RED,7,0,0.0,0.0
baku,17,SC,7,0,0.0,0.0
baku,17,VSC,7,0,0.0,0.0
baku,17,RED,7,0,0.0,0.0
baku,18,SC,7,0,0.0,0.0
baku,18,VSC,7,0,0.0,0.0
baku,18,RED,7,0,0.0,0.0
baku,19,SC,7,0,0.0,0.0
baku,19,VSC,7,0,0.0,0.0
baku,19,RED,7,0,0.0,0.0
baku,20,SC,7,0,0.0,0.0
baku,20,VSC,7,0,0.0,0.0
baku,20,RED,7,0,0.0,0.0
baku,21,SC,7,0,0.0,0.0
baku,21,VSC,7,0,0.0,0.0
baku,21,RED,7,0,0.0,0.0
baku,22,SC,7,0,0.0,0.0
baku,22,VSC,7,0,0.0,0.0
baku,22,RED,7,0,0.0,0.0
baku,23,SC,7,0,0.0,0.0
baku,23,VSC,7,0,0.0,0.0
baku,23,RED,7,0,0.0,0.0
baku,24,SC,7,0,0.0,0.0
baku,24,VSC,7,0,0.0,0.0
baku,24,RED,7,0,0.0,0.0
baku,25,SC,7,0,0.0,0.0
baku,25,VSC,7,0,0.0,0.0
baku,25,RED,7,0,0.0,0.0
baku,26,SC,7,0,0.0,0.0
baku,26,VSC,7,0,0.0,0.0
baku,26,RED,7,0,0.0,0.0
baku,27,SC,7,0,0.0,0.0
baku,27,VSC,7,0,0.0,0.0
baku,27,RED,7,0,0.0,0.0
baku,28,SC,7,0,0.0,0.02857142857142857
baku,28,VSC,7,0,0.0,0.0
baku,28,RED,7,0,0.0,0.0
baku,29,SC,7,0,0.0,0.02857142857142857
baku,29,VSC,7,0,0.0,0.0
baku,29,RED,7,0,0.0,0.0
baku,30,SC,7,1,0.14285714285714285,0.02857142857142857
baku,30,VSC,7,0,0.0,0.02857142857142857
baku,30,RED,7,0,0.0,0.0
baku,31,SC,7,0,0.0,0.02857142857142857
baku,31,VSC,7,0,0.0,0.02857142857142857
baku,31,RED,7,0,0.0,0.0
baku,32,SC,7,0,0.0,0.02857142857142857
baku,32,VSC,7,1,0.14285714285714285,0.02857142857142857
baku,32,RED,7,0,0.0,0.0
baku,33,SC,7,0,0.0,0.0
baku,33,VSC,7,0,0.0,0.02857142857142857
baku,33,RED,7,0,0.0,0.0
baku,34,SC,7,0,0.0,0.0
baku,34,VSC,7,0,0.0,0.02857142857142857
baku,34,RED,7,0,0.0,0.0
baku,35,SC,7,0,0.0,0.0
baku,35,VSC,7,0,0.0,0.0
baku,35,RED,7,0,0.0,0.0
baku,36,SC,7,0,0.0,0.02857142857142857
baku,36,VSC,7,0,0.0,0.02857142857142857
baku,36,RED,7,0,0.0,0.0
baku,37,SC,7,0,0.0,0.02857142857142857
baku,37,VSC,7,0,0.0,0.02857142857142857
baku,37,RED,7,0,0.0,0.0
baku,38,SC,7,1,0.14285714285714285,0.02857142857142857
baku,38,VSC,7,1,0.14285714285714285,0.02857142857142857
baku,38,RED,7,0,0.0,0.0
baku,39,SC,7,0,0.0,0.02857142857142857
baku,39,VSC,7,0,0.0,0.02857142857142857
baku,39,RED,7,0,0.0,0.0
baku,40,SC,7,0,0.0,0.02857142857142857
baku,40,VSC,7,0,0.0,0.02857142857142857
baku,40,RED,7,0,0.0,0.0
baku,41,SC,7,0,0.0,0.0
baku,41,VSC,7,0,0.0,0.0
baku,41,RED,7,0,0.0,0.0
baku,42,SC,7,0,0.0,0.0
baku,42,VSC,7,0,0.0,0.0
baku,42,RED,7,0,0.0,0.0
baku,43,SC,7,0,0.0,0.0
baku,43,VSC,7,0,0.0,0.0
baku,43,RED,7,0,0.0,0.0
baku,44,SC,7,0,0.0,0.02857142857142857
baku,44,VSC,7,0,0.0,0.0
baku,44,RED,7,0,0.0,0.0
baku,45,SC,7,0,0.0,0.02857142857142857
baku,45,VSC,7,0,0.0,0.0
baku,45,RED,7,0,0.0,0.02857142857142857
baku,46,SC,7,1,0.14285714285714285,0.02857142857142857
baku,46,VSC,7,0,0.0,0.0
baku,46,RED,7,0,0.0,0.02857142857142857
baku,47,SC,7,0,0.0,0.02857142857142857
baku,47,VSC,7,0,0.0,0.02857142857142857
baku,47,RED,7,1,0.14285714285714285,0.02857142857142857
baku,48,SC,7,0,0.0,0.02857142857142857
baku,48,VSC,7,0,0.0,0.02857142857142857
baku,48,RED,7,0,0.0,0.02857142857142857
baku,49,SC,7,0,0.0,0.0
baku,49,VSC,7,1,0.14285714285714285,0.02857142857142857
baku,49,RED,7,0,0.0,0.02857142857142857
baku,50,SC,7,0,0.0,0.0
baku,50,VSC,7,0,0.0,0.03571428571428571
baku,50,RED,7,0,0.0,0.0
baku,51,SC,7,0,0.0,0.0
baku,51,VSC,7,0,0.0,0.047619047619047616
baku,51,RED,7,0,0.0,0.0
barcelona,1,SC,9,1,0.1111111111111111,0.037037037037037035
barcelona,1,VSC,9,0,0.0,0.0
barcelona,1,RED,9,0,0.0,0.0
barcelona,2,SC,9,0,0.0,0.027777777777777776
barcelona,2,VSC,9,0,0.0,0.0
barcelona,2,RED,9,0,0.0,0.0
barcelona,3,SC,9,0,0.0,0.02222222222222222
barcelona,3,VSC,9,0,0.0,0.0
barcelona,3,RED,9,0,0.0,0.0
barcelona,4,SC,9,0,0.0,0.0
barcelona,4,VSC,9,0,0.0,0.0
barcelona,4,RED,9,0,0.0,0.0
barcelona,5,SC,9,0,0.0,0.02222222222222222
barcelona,5,VSC,9,0,0.0,0.0
barcelona,5,RED,9,0,0.0,0.0
barcelona,6,SC,9,0,0.0,0.02222222222222222
barcelona,6,VSC,9,0,0.0,0.0
barcelona,6,RED,9,0,0.0,0.0
barcelona,7,SC,9,1,0.1111111111111111,0.02222222222222222
barcelona,7,VSC,9,0,0.0,0.0
barcelona,7,RED,9,0,0.0,0.0
barcelona,8,SC,9,0,0.0,0.02222222222222222
barcelona,8,VSC,9,0,0.0,0.0
barcelona,8,RED,9,0,0.0,0.0
barcelona,9,SC,9,0,0.0,0.02222222222222222
barcelona,9,VSC,9,0,0.0,0.0
barcelona,9,RED,9,0,0.0,0.0
barcelona,10,SC,9,0,0.0,0.0
barcelona,10,VSC,9,0,0.0,0.0
barcelona,10,RED,9,0,0.0,0.0
barcelona,11,SC,9,0,0.0,0.0
barcelona,11,VSC,9,0,0.0,0.0
barcelona,11,RED,9,0,0.0,0.0
barcelona,12,SC,9,0,0.0,0.0
barcelona,12,VSC,9,0,0.0,0.0
barcelona,12,RED,9,0,0.0,0.0
barcelona,13,SC,9,0,0.0,0.0
barcelona,13,VSC,9,0,0.0,0.0
barcelona,13,RED,9,0,0.0,0.0
barcelona,14,SC,9,0,0.0,0.0
barcelona,14,VSC,9,0,0.0,0.0
barcelona,14,RED,9,0,0.0,0.0
barcelona,15,SC,9,0,0.0,0.0
barcelona,15,VSC,9,0,0.0,0.0
barcelona,15,RED,9,0,0.0,0.0
barcelona,16,SC,9,0,0.0,0.0
barcelona,16,VSC,9,0,0.0,0.0
barcelona,16,RED,9,0,0.0,0.0
barcelona,17,SC,9,0,0.0,0.0
barcelona,17,VSC,9,0,0.0,0.0
barcelona,17,RED,9,0,0.0,0.0
barcelona,18,SC,9,0,0.0,0.0
barcelona,18,VSC,9,0,0.0,0.0
barcelona,18,RED,9,0,0.0,0.0
barcelona,19,SC,9,0,0.0,0.0
barcelona,19,VSC,9,0,0.0,0.0
barcelona,19,RED,9,0,0.0,0.0
barcelona,20,SC,9,0,0.0,0.0
barcelona,20,VSC,9,0,0.0,0.0
barcelona,20,RED,9,0,0.0,0.0
barcelona,21,SC,9,0,0.0,0.0
barcelona,21,VSC,9,0,0.0,0.0
barcelona,21,RED,9,0,0.0,0.0
barcelona,22,SC,9,0,0.0,0.0
barcelona,22,VSC,9,0,0.0,0.0
barcelona,22,RED,9,0,0.0,0.0
barcelona,23,SC,9,0,0.0,0.0
barcelona,23,VSC,9,0,0.0,0.0
barcelona,23,RED,9,0,0.0,0.0
barcelona,24,SC,9,0,0.0,0.0
barcelona,24,VSC,9,0,0.0,0.0
barcelona,24,RED,9,0,0.0,0.0
barcelona,25,SC,9,0,0.0,0.0
barcelona,25,VSC,9,0,0.0,0.0
barcelona,25,RED,9,0,0.0,0.0
barcelona,26,SC,9,0,0.0,0.0
barcelona,26,VSC,9,0,0.0,0.0
barcelona,26,RED,9,0,0.0,0.0
barcelona,27,SC,9,0,0.0,0.0
barcelona,27,VSC,9,0,0.0,0.0
barcelona,27,RED,9,0,0.0,0.0
barcelona,28,SC,9,0,0.0,0.0
barcelona,28,VSC,9,0,0.0,0.0
barcelona,28,RED,9,0,0.0,0.0
barcelona,29,SC,9,0,0.0,0.0
barcelona,29,VSC,9,0,0.0,0.0
barcelona,29,RED,9,0,0.0,0.0
barcelona,30,SC,9,0,0.0,0.0
barcelona,30,VSC,9,0,0.0,0.0
barcelona,30,RED,9,0,0.0,0.0
barcelona,31,SC,9,0,0.0,0.0
barcelona,31,VSC,9,0,0.0,0.0
barcelona,31,RED,9,0,0.0,0.0
barcelona,32,SC,9,0,0.0,0.0
barcelona,32,VSC,9,0,0.0,0.0
barcelona,32,RED,9,0,0.0,0.0
barcelona,33,SC,9,0,0.0,0.0
barcelona,33,VSC,9,0,0.0,0.0
barcelona,33,RED,9,0,0.0,0.0
barcelona,34,SC,9,0,0.0,0.0
barcelona,34,VSC,9,0,0.0,0.0
barcelona,34,RED,9,0,0.0,0.0
barcelona,35,SC,9,0,0.0,0.0
barcelona,35,VSC,9,0,0.0,0.0
barcelona,35,RED,9,0,0.0,0.0
barcelona,36,SC,9,0,0.0,0.0
barcelona,36,VSC,9,0,0.0,0.02222222222222222
barcelona,36,RED,9,0,0.0,0.0
barcelona,37,SC,9,0,0.0,0.0
barcelona,37,VSC,9,0,0.0,0.04444444444444444
barcelona,37,RED,9,0,0.0,0.0
barcelona,38,SC,9,0,0.0,0.0
barcelona,38,VSC,9,1,0.1111111111111111,0.04444444444444444
barcelona,38,RED,9,0,0.0,0.0
barcelona,39,SC,9,0,0.0,0.0
barcelona,39,VSC,9,1,0.1111111111111111,0.04444444444444444
barcelona,39,RED,9,0,0.0,0.0
barcelona,40,SC,9,0,0.0,0.0
barcelona,40,VSC,9,0,0.0,0.04444444444444444
barcelona,40,RED,9,0,0.0,0.0
barcelona,41,SC,9,0,0.0,0.0
barcelona,41,VSC,9,0,0.0,0.02222222222222222
barcelona,41,RED,9,0,0.0,0.0
barcelona,42,SC,9,0,0.0,0.02222222222222222
barcelona,42,VSC,9,0,0.0,0.0
barcelona,42,RED,9,0,0.0,0.0
barcelona,43,SC,9,0,0.0,0.02222222222222222
barcelona,43,VSC,9,0,0.0,0.0
barcelona,43,RED,9,0,0.0,0.0
barcelona,44,SC,9,1,0.1111111111111111,0.02222222222222222
barcelona,44,VSC,9,0,0.0,0.0
barcelona,44,RED,9,0,0.0,0.0
barcelona,45,SC,9,0,0.0,0.02222222222222222
barcelona,45,VSC,9,0,0.0,0.0
barcelona,45,RED,9,0,0.0,0.0
barcelona,46,SC,9,0,0.0,0.02222222222222222
barcelona,46,VSC,9,0,0.0,0.0
barcelona,46,RED,9,0,0.0,0.0
barcelona,47,SC,9,0,0.0,0.0
barcelona,47,VSC,9,0,0.0,0.0
barcelona,47,RED,9,0,0.0,0.0
barcelona,48,SC,9,0,0.0,0.0
barcelona,48,VSC,9,0,0.0,0.0
barcelona,48,RED,9,0,0.0,0.0
barcelona,49,SC,9,0,0.0,0.0
barcelona,49,VSC,9,0,0.0,0.0
barcelona,49,RED,9,0,0.0,0.0
barcelona,50,SC,9,0,0.0,0.0
barcelona,50,VSC,9,0,0.0,0.0
barcelona,50,RED,9,0,0.0,0.0
barcelona,51,SC,9,0,0.0,0.0
barcelona,51,VSC,9,0,0.0,0.0
barcelona,51,RED,9,0,0.0,0.0
barcelona,52,SC,9,0,0.0,0.02222222222222222
barcelona,52,VSC,9,0,0.0,0.0
barcelona,52,RED,9,0,0.0,0.0
barcelona,53,SC,9,0,0.0,0.02222222222222222
barcelona,53,VSC,9,0,0.0,0.0
barcelona,53,RED,9,0,0.0,0.0
barcelona,54,SC,9,1,0.1111111111111111,0.02222222222222222
barcelona,54,VSC,9,0,0.0,0.0
barcelona,54,RED,9,0,0.0,0.0
barcelona,55,SC,9,0,0.0,0.02222222222222222
barcelona,55,VSC,9,0,0.0,0.0
barcelona,55,RED,9,0,0.0,0.0
barcelona,56,SC,9,0,0.0,0.02222222222222222
barcelona,56,VSC,9,0,0.0,0.0
barcelona,56,RED,9,0,0.0,0.0
barcelona,57,SC,9,0,0.0,0.0
barcelona,57,VSC,9,0,0.0,0.0
barcelona,57,RED,9,0,0.0,0.0
barcelona,58,SC,9,0,0.0,0.0
barcelona,58,VSC,9,0,0.0,0.02222222222222222
barcelona,58,RED,9,0,0.0,0.0
barcelona,59,SC,9,0,0.0,0.0
barcelona,59,VSC,9,0,0.0,0.02222222222222222
barcelona,59,RED,9,0,0.0,0.0
barcelona,60,SC,9,0,0.0,0.0
barcelona,60,VSC,9,1,0.1111111111111111,0.02222222222222222
barcelona,60,RED,9,0,0.0,0.0
barcelona,61,SC,9,0,0.0,0.0
barcelona,61,VSC,9,0,0.0,0.02222222222222222
barcelona,61,RED,9,0,0.0,0.0
barcelona,62,SC,9,0,0.0,0.0
barcelona,62,VSC,9,0,0.0,0.02222222222222222
barcelona,62,RED,9,0,0.0,0.0
barcelona,63,SC,9,0,0.0,0.0
barcelona,63,VSC,9,0,0.0,0.0
barcelona,63,RED,9,0,0.0,0.0
barcelona,64,SC,9,0,0.0,0.0
barcelona,64,VSC,9,0,0.0,0.0
barcelona,64,RED,9,0,0.0,0.0
barcelona,65,SC,9,0,0.0,0.0
barcelona,65,VSC,9,0,0.0,0.0
barcelona,65,RED,9,0,0.0,0.0
barcelona,66,SC,9,0,0.0,0.0
barcelona,66,VSC,9,0,0.0,0.0
barcelona,66,RED,9,0,0.0,0.0
budapest,1,SC,9,1,0.1111111111111111,0.037037037037037035
budapest,1,VSC,9,1,0.1111111111111111,0.037037037037037035
budapest,1,RED,9,0,0.0,0.037037037037037035
budapest,2,SC,9,0,0.0,0.027777777777777776
budapest,2,VSC,9,0,0.0,0.027777777777777776
budapest,2,RED,9,1,0.1111111111111111,0.027777777777777776
budapest,3,SC,9,0,0.0,0.02222222222222222
budapest,3,VSC,9,0,0.0,0.02222222222222222
budapest,3,RED,9,0,0.0,0.02222222222222222
budapest,4,SC,9,0,0.0,0.0
budapest,4,VSC,9,0,0.0,0.02222222222222222
budapest,4,RED,9,0,0.0,0.02222222222222222
budapest,5,SC,9,0,0.0,0.0
budapest,5,VSC,9,0,0.0,0.02222222222222222
budapest,5,RED,9,0,0.0,0.0
budapest,6,SC,9,0,0.0,0.0
budapest,6,VSC,9,1,0.1111111111111111,0.02222222222222222
budapest,6,RED,9,0,0.0,0.0
budapest,7,SC,9,0,0.0,0.0
budapest,7,VSC,9,0,0.0,0.02222222222222222
budapest,7,RED,9,0,0.0,0.0
budapest,8,SC,9,0,0.0,0.0
budapest,8,VSC,9,0,0.0,0.02222222222222222
budapest,8,RED,9,0,0.0,0.0
budapest,9,SC,9,0,0.0,0.0
budapest,9,VSC,9,0,0.0,0.0
budapest,9,RED,9,0,0.0,0.0
budapest,10,SC,9,0,0.0,0.0
budapest,10,VSC,9,0,0.0,0.0
budapest,10,RED,9,0,0.0,0.0
budapest,11,SC,9,0,0.0,0.0
budapest,11,VSC,9,0,0.0,0.0
budapest,11,RED,9,0,0.0,0.0
budapest,12,SC,9,0,0.0,0.0
budapest,12,VSC,9,0,0.0,0.0
budapest,12,RED,9,0,0.0,0.0
budapest,13,SC,9,0,0.0,0.0
budapest,13,VSC,9,0,0.0,0.0
budapest,13,RED,9,0,0.0,0.0
budapest,14,SC,9,0,0.0,0.0
budapest,14,VSC,9,0,0.0,0.0
budapest,14,RED,9,0,0.0,0.0
budapest,15,SC,9,0,0.0,0.0
budapest,15,VSC,9,0,0.0,0.0
budapest,15,RED,9,0,0.0,0.0
budapest,16,SC,9,0,0.0,0.0
budapest,16,VSC,9,0,0.0,0.0
budapest,16,RED,9,0,0.0,0.0
budapest,17,SC,9,0,0.0,0.0
budapest,17,VSC,9,0,0.0,0.0
budapest,17,RED,9,0,0.0,0.0
budapest,18,SC,9,0,0.0,0.0
budapest,18,VSC,9,0,0.0,0.0
budapest,18,RED,9,0,0.0,0.0
budapest,19,SC,9,0,0.0,0.0
budapest,19,VSC,9,0,0.0,0.0
budapest,19,RED,9,0,0.0,0.0
budapest,20,SC,9,0,0.0,0.0
budapest,20,VSC,9,0,0.0,0.0
budapest,20,RED,9,0,0.0,0.0
budapest,21,SC,9,0,0.0,0.0
budapest,21,VSC,9,0,0.0,0.0
budapest,21,RED,9,0,0.0,0.0
budapest,22,SC,9,0,0.0,0.0
budapest,22,VSC,9,0,0.0,0.0
budapest,22,RED,9,0,0.0,0.0
budapest,23,SC,9,0,0.0,0.0
budapest,23,VSC,9,0,0.0,0.0
budapest,23,RED,9,0,0.0,0.0
budapest,24,SC,9,0,0.0,0.0
budapest,24,VSC,9,0,0.0,0.0
budapest,24,RED,9,0,0.0,0.0
budapest,25,SC,9,0,0.0,0.0
budapest,25,VSC,9,0,0.0,0.0
budapest,25,RED,9,0,0.0,0.0
budapest,26,SC,9,0,0.0,0.0
budapest,26,VSC,9,0,0.0,0.0
budapest,26,RED,9,0,0.0,0.0
budapest,27,SC,9,0,0.0,0.0
budapest,27,VSC,9,0,0.0,0.0
budapest,27,RED,9,0,0.0,0.0
budapest,28,SC,9,0,0.0,0.0
budapest,28,VSC,9,0,0.0,0.0
budapest,28,RED,9,0,0.0,0.0
budapest,29,SC,9,0,0.0,0.0
budapest,29,VSC,9,0,0.0,0.0
budapest,29,RED,9,0,0.0,0.0
budapest,30,SC,9,0,0.0,0.0
budapest,30,VSC,9,0,0.0,0.0
budapest,30,RED,9,0,0.0,0.0
budapest,31,SC,9,0,0.0,0.0
budapest,31,VSC,9,0,0.0,0.0
budapest,31,RED,9,0,0.0,0.0
budapest,32,SC,9,0,0.0,0.0
budapest,32,VSC,9,0,0.0,0.0
budapest,32,RED,9,0,0.0,0.0
budapest,33,SC,9,0,0.0,0.0
budapest,33,VSC,9,0,0.0,0.0
budapest,33,RED,9,0,0.0,0.0
budapest,34,SC,9,0,0.0,0.0
budapest,34,VSC,9,0,0.0,0.0
budapest,34,RED,9,0,0.0,0.0
budapest,35,SC,9,0,0.0,0.0
budapest,35,VSC,9,0,0.0,0.0
budapest,35,RED,9,0,0.0,0.0
budapest,36,SC,9,0,0.0,0.0
budapest,36,VSC,9,0,0.0,0.0
budapest,36,RED,9,0,0.0,0.0
budapest,37,SC,9,0,0.0,0.0
budapest,37,VSC,9,0,0.0,0.0
budapest,37,RED,9,0,0.0,0.0
budapest,38,SC,9,0,0.0,0.0
budapest,38,VSC,9,0,0.0,0.0
budapest,38,RED,9,0,0.0,0.0
budapest,39,SC,9,0,0.0,0.0
budapest,39,VSC,9,0,0.0,0.0
budapest,39,RED,9,0,0.0,0.0
budapest,40,SC,9,0,0.0,0.0
budapest,40,VSC,9,0,0.0,0.0
budapest,40,RED,9,0,0.0,0.0
budapest,41,SC,9,0,0.0,0.0
budapest,41,VSC,9,0,0.0,0.0
budapest,41,RED,9,0,0.0,0.0
budapest,42,SC,9,0,0.0,0.0
budapest,42,VSC,9,0,0.0,0.0
budapest,42,RED,9,0,0.0,0.0
budapest,43,SC,9,0,0.0,0.0
budapest,43,VSC,9,0,0.0,0.0
budapest,43,RED,9,0,0.0,0.0
budapest,44,SC,9,0,0.0,0.0
budapest,44,VSC,9,0,0.0,0.0
budapest,44,RED,9,0,0.0,0.0
budapest,45,SC,9,0,0.0,0.0
budapest,45,VSC,9,0,0.0,0.0
budapest,45,RED,9,0,0.0,0.0
budapest,46,SC,9,0,0.0,0.0
budapest,46,VSC,9,0,0.0,0.0
budapest,46,RED,9,0,0.0,0.0
budapest,47,SC,9,0,0.0,0.0
budapest,47,VSC,9,0,0.0,0.02222222222222222
budapest,47,RED,9,0,0.0,0.0
budapest,48,SC,9,0,0.0,0.0
budapest,48,VSC,9,0,0.0,0.02222222222222222
budapest,48,RED,9,0,0.0,0.0
budapest,49,SC,9,0,0.0,0.0
budapest,49,VSC,9,1,0.1111111111111111,0.02222222222222222
budapest,49,RED,9,0,0.0,0.0
budapest,50,SC,9,0,0.0,0.0
budapest,50,VSC,9,0,0.0,0.02222222222222222
budapest,50,RED,9,0,0.0,0.0
budapest,51,SC,9,0,0.0,0.0
budapest,51,VSC,9,0,0.0,0.02222222222222222
budapest,51,RED,9,0,0.0,0.0
budapest,52,SC,9,0,0.0,0.0
budapest,52,VSC,9,0,0.0,0.02222222222222222
budapest,52,RED,9,0,0.0,0.0
budapest,53,SC,9,0,0.0,0.0
budapest,53,VSC,9,0,0.0,0.02222222222222222
budapest,53,RED,9,0,0.0,0.0
budapest,54,SC,9,0,0.0,0.0
budapest,54,VSC,9,1,0.1111111111111111,0.02222222222222222
budapest,54,RED,9,0,0.0,0.0
budapest,55,SC,9,0,0.0,0.0
budapest,55,VSC,9,0,0.0,0.02222222222222222
budapest,55,RED,9,0,0.0,0.0
budapest,56,SC,9,0,0.0,0.0
budapest,56,VSC,9,0,0.0,0.02222222222222222
budapest,56,RED,9,0,0.0,0.0
budapest,57,SC,9,0,0.0,0.0
budapest,57,VSC,9,0,0.0,0.0
budapest,57,RED,9,0,0.0,0.0
budapest,58,SC,9,0,0.0,0.0
budapest,58,VSC,9,0,0.0,0.0
budapest,58,RED,9,0,0.0,0.0
budapest,59,SC,9,0,0.0,0.0
budapest,59,VSC,9,0,0.0,0.0
budapest,59,RED,9,0,0.0,0.0
budapest,60,SC,9,0,0.0,0.0
budapest,60,VSC,9,0,0.0,0.0
budapest,60,RED,9,0,0.0,0.0
budapest,61,SC,9,0,0.0,0.0
budapest,61,VSC,9,0,0.0,0.0
budapest,61,RED,9,0,0.0,0.0
budapest,62,SC,9,0,0.0,0.0
budapest,62,VSC,9,0,0.0,0.0
budapest,62,RED,9,0,0.0,0.0
budapest,63,SC,9,0,0.0,0.0
budapest,63,VSC,9,0,0.0,0.0
budapest,63,RED,9,0,0.0,0.0
budapest,64,SC,9,0,0.0,0.0
budapest,64,VSC,9,0,0.0,0.02222222222222222
budapest,64,RED,9,0,0.0,0.0
budapest,65,SC,9,0,0.0,0.0
budapest,65,VSC,9,0,0.0,0.02222222222222222
budapest,65,RED,9,0,0.0,0.0
budapest,66,SC,9,0,0.0,0.0
budapest,66,VSC,9,1,0.1111111111111111,0.02222222222222222
budapest,66,RED,9,0,0.0,0.0
budapest,67,SC,9,0,0.0,0.0
budapest,67,VSC,9,0,0.0,0.02222222222222222
budapest,67,RED,9,0,0.0,0.0
budapest,68,SC,9,0,0.0,0.0
budapest,68,VSC,9,0,0.0,0.02222222222222222
budapest,68,RED,9,0,0.0,0.0
budapest,69,SC,9,0,0.0,0.0
budapest,69,VSC,9,0,0.0,0.0
budapest,69,RED,9,0,0.0,0.0
budapest,70,SC,9,0,0.0,0.0
budapest,70,VSC,9,0,0.0,0.0
budapest,70,RED,9,0,0.0,0.0
imola,1,SC,5,2,0.4,0.13333333333333333
imola,1,VSC,5,0,0.0,0.0
imola,1,RED,5,0,0.0,0.0
imola,2,SC,5,0,0.0,0.1
imola,2,VSC,5,0,0.0,0.0
imola,2,RED,5,0,0.0,0.0
imola,3,SC,5,0,0.0,0.08
imola,3,VSC,5,0,0.0,0.0
imola,3,RED,5,0,0.0,0.0
imola,4,SC,5,0,0.0,0.0
imola,4,VSC,5,0,0.0,0.0
imola,4,RED,5,0,0.0,0.0
imola,5,SC,5,0,0.0,0.0
imola,5,VSC,5,0,0.0,0.0
imola,5,RED,5,0,0.0,0.0
imola,6,SC,5,0,0.0,0.0
imola,6,VSC,5,0,0.0,0.0
imola,6,RED,5,0,0.0,0.0
imola,7,SC,5,0,0.0,0.0
imola,7,VSC,5,0,0.0,0.0
imola,7,RED,5,0,0.0,0.0
imola,8,SC,5,0,0.0,0.0
imola,8,VSC,5,0,0.0,0.0
imola,8,RED,5,0,0.0,0.0
imola,9,SC,5,0,0.0,0.0
imola,9,VSC,5,0,0.0,0.0
imola,9,RED,5,0,0.0,0.0
imola,10,SC,5,0,0.0,0.0
imola,10,VSC,5,0,0.0,0.0
imola,10,RED,5,0,0.0,0.0
imola,11,SC,5,0,0.0,0.0
imola,11,VSC,5,0,0.0,0.0
imola,11,RED,5,0,0.0,0.0
imola,12,SC,5,0,0.0,0.0
imola,12,VSC,5,0,0.0,0.0
imola,12,RED,5,0,0.0,0.0
imola,13,SC,5,0,0.0,0.0
imola,13,VSC,5,0,0.0,0.0
imola,13,RED,5,0,0.0,0.0
imola,14,SC,5,0,0.0,0.0
imola,14,VSC,5,0,0.0,0.0
imola,14,RED,5,0,0.0,0.0
imola,15,SC,5,0,0.0,0.0
imola,15,VSC,5,0,0.0,0.0
imola,15,RED,5,0,0.0,0.0
imola,16,SC,5,0,0.0,0.0
imola,16,VSC,5,0,0.0,0.0
imola,16,RED,5,0,0.0,0.0
imola,17,SC,5,0,0.0,0.0
imola,17,VSC,5,0,0.0,0.0
imola,17,RED,5,0,0.0,0.0
imola,18,SC,5,0,0.0,0.0
imola,18,VSC,5,0,0.0,0.0
imola,18,RED,5,0,0.0,0.0
imola,19,SC,5,0,0.0,0.0
imola,19,VSC,5,0,0.0,0.0
imola,19,RED,5,0,0.0,0.0
imola,20,SC,5,0,0.0,0.0
imola,20,VSC,5,0,0.0,0.0
imola,20,RED,5,0,0.0,0.0
imola,21,SC,5,0,0.0,0.0
imola,21,VSC,5,0,0.0,0.0
imola,21,RED,5,0,0.0,0.0
imola,22,SC,5,0,0.0,0.0
imola,22,VSC,5,0,0.0,0.0
imola,22,RED,5,0,0.0,0.0
imola,23,SC,5,0,0.0,0.0
imola,23,VSC,5,0,0.0,0.0
imola,23,RED,5,0,0.0,0.0
imola,24,SC,5,0,0.0,0.0
imola,24,VSC,5,0,0.0,0.0
imola,24,RED,5,0,0.0,0.0
imola,25,SC,5,0,0.0,0.0
imola,25,VSC,5,0,0.0,0.0
imola,25,RED,5,0,0.0,0.0
imola,26,SC,5,0,0.0,0.0
imola,26,VSC,5,0,0.0,0.08
imola,26,RED,5,0,0.0,0.0
imola,27,SC,5,0,0.0,0.04
imola,27,VSC,5,0,0.0,0.08
imola,27,RED,5,0,0.0,0.0
imola,28,SC,5,0,0.0,0.04
imola,28,VSC,5,2,0.4,0.08
imola,28,RED,5,0,0.0,0.0
imola,29,SC,5,1,0.2,0.04
imola,29,VSC,5,0,0.0,0.08
imola,29,RED,5,0,0.0,0.04
imola,30,SC,5,0,0.0,0.04
imola,30,VSC,5,0,0.0,0.08
imola,30,RED,5,0,0.0,0.04
imola,31,SC,5,0,0.0,0.04
imola,31,VSC,5,0,0.0,0.0
imola,31,RED,5,1,0.2,0.04
imola,32,SC,5,0,0.0,0.0
imola,32,VSC,5,0,0.0,0.0
imola,32,RED,5,0,0.0,0.04
imola,33,SC,5,0,0.0,0.0
imola,33,VSC,5,0,0.0,0.0
imola,33,RED,5,0,0.0,0.04
imola,34,SC,5,0,0.0,0.0
imola,34,VSC,5,0,0.0,0.0
imola,34,RED,5,0,0.0,0.0
imola,35,SC,5,0,0.0,0.0
imola,35,VSC,5,0,0.0,0.0
imola,35,RED,5,0,0.0,0.0
imola,36,SC,5,0,0.0,0.0
imola,36,VSC,5,0,0.0,0.0
imola,36,RED,5,0,0.0,0.0
imola,37,SC,5,0,0.0,0.0
imola,37,VSC,5,0,0.0,0.0
imola,37,RED,5,0,0.0,0.0
imola,38,SC,5,0,0.0,0.0
imola,38,VSC,5,0,0.0,0.0
imola,38,RED,5,0,0.0,0.0
imola,39,SC,5,0,0.0,0.0
imola,39,VSC,5,0,0.0,0.0
imola,39,RED,5,0,0.0,0.0
imola,40,SC,5,0,0.0,0.0
imola,40,VSC,5,0,0.0,0.0
imola,40,RED,5,0,0.0,0.0
imola,41,SC,5,0,0.0,0.0
imola,41,VSC,5,0,0.0,0.0
imola,41,RED,5,0,0.0,0.0
imola,42,SC,5,0,0.0,0.0
imola,42,VSC,5,0,0.0,0.0
imola,42,RED,5,0,0.0,0.0
imola,43,SC,5,0,0.0,0.04
imola,43,VSC,5,0,0.0,0.0
imola,43,RED,5,0,0.0,0.0
imola,44,SC,5,0,0.0,0.04
imola,44,VSC,5,0,0.0,0.0
imola,44,RED,5,0,0.0,0.0
imola,45,SC,5,1,0.2,0.04
imola,45,VSC,5,0,0.0,0.0
imola,45,RED,5,0,0.0,0.0
imola,46,SC,5,0,0.0,0.04
imola,46,VSC,5,0,0.0,0.0
imola,46,RED,5,0,0.0,0.0
imola,47,SC,5,0,0.0,0.04
imola,47,VSC,5,0,0.0,0.0
imola,47,RED,5,0,0.0,0.0
imola,48,SC,5,0,0.0,0.04
imola,48,VSC,5,0,0.0,0.0
imola,48,RED,5,0,0.0,0.0
imola,49,SC,5,0,0.0,0.04
imola,49,VSC,5,0,0.0,0.0
imola,49,RED,5,0,0.0,0.0
imola,50,SC,5,1,0.2,0.04
imola,50,VSC,5,0,0.0,0.0
imola,50,RED,5,0,0.0,0.0
imola,51,SC,5,0,0.0,0.04
imola,51,VSC,5,0,0.0,0.0
imola,51,RED,5,0,0.0,0.0
imola,52,SC,5,0,0.0,0.04
imola,52,VSC,5,0,0.0,0.0
imola,52,RED,5,0,0.0,0.0
imola,53,SC,5,0,0.0,0.0
imola,53,VSC,5,0,0.0,0.0
imola,53,RED,5,0,0.0,0.0
imola,54,SC,5,0,0.0,0.0
imola,54,VSC,5,0,0.0,0.0
imola,54,RED,5,0,0.0,0.0
imola,55,SC,5,0,0.0,0.0
imola,55,VSC,5,0,0.0,0.0
imola,55,RED,5,0,0.0,0.0
imola,56,SC,5,0,0.0,0.0
imola,56,VSC,5,0,0.0,0.0
imola,56,RED,5,0,0.0,0.0
imola,57,SC,5,0,0.0,0.0
imola,57,VSC,5,0,0.0,0.0
imola,57,RED,5,0,0.0,0.0
imola,58,SC,5,0,0.0,0.0
imola,58,VSC,5,0,0.0,0.0
imola,58,RED,5,0,0.0,0.0
imola,59,SC,5,0,0.0,0.0
imola,59,VSC,5,0,0.0,0.0
imola,59,RED,5,0,0.0,0.0
imola,60,SC,5,0,0.0,0.0
imola,60,VSC,5,0,0.0,0.0
imola,60,RED,5,0,0.0,0.0
imola,61,SC,5,0,0.0,0.0
imola,61,VSC,5,0,0.0,0.0
imola,61,RED,5,0,0.0,0.0
imola,62,SC,5,0,0.0,0.0
imola,62,VSC,5,0,0.0,0.0
imola,62,RED,5,0,0.0,0.0
imola,63,SC,5,0,0.0,0.0
imola,63,VSC,5,0,0.0,0.0
imola,63,RED,5,0,0.0,0.0
jeddah,1,SC,5,1,0.2,0.06666666666666667
jeddah,1,VSC,5,0,0.0,0.0
jeddah,1,RED,5,0,0.0,0.0
jeddah,2,SC,5,0,0.0,0.05
jeddah,2,VSC,5,0,0.0,0.0
jeddah,2,RED,5,0,0.0,0.0
jeddah,3,SC,5,0,0.0,0.04
jeddah,3,VSC,5,0,0.0,0.0
jeddah,3,RED,5,0,0.0,0.0
jeddah,4,SC,5,0,0.0,0.04
jeddah,4,VSC,5,0,0.0,0.0
jeddah,4,RED,5,0,0.0,0.0
jeddah,5,SC,5,0,0.0,0.04
jeddah,5,VSC,5,0,0.0,0.0
jeddah,5,RED,5,0,0.0,0.0
jeddah,6,SC,5,1,0.2,0.04
jeddah,6,VSC,5,0,0.0,0.0
jeddah,6,RED,5,0,0.0,0.0
jeddah,7,SC,5,0,0.0,0.08
jeddah,7,VSC,5,0,0.0,0.0
jeddah,7,RED,5,0,0.0,0.0
jeddah,8,SC,5,0,0.0,0.08
jeddah,8,VSC,5,0,0.0,0.0
jeddah,8,RED,5,0,0.0,0.0
jeddah,9,SC,5,1,0.2,0.04
jeddah,9,VSC,5,0,0.0,0.0
jeddah,9,RED,5,0,0.0,0.0
jeddah,10,SC,5,0,0.0,0.04
jeddah,10,VSC,5,0,0.0,0.0
jeddah,10,RED,5,0,0.0,0.0
jeddah,11,SC,5,0,0.0,0.04
jeddah,11,VSC,5,0,0.0,0.0
jeddah,11,RED,5,0,0.0,0.04
jeddah,12,SC,5,0,0.0,0.0
jeddah,12,VSC,5,0,0.0,0.0
jeddah,12,RED,5,0,0.0,0.04
jeddah,13,SC,5,0,0.0,0.04
jeddah,13,VSC,5,0,0.0,0.04
jeddah,13,RED,5,1,0.2,0.08
jeddah,14,SC,5,0,0.0,0.04
jeddah,14,VSC,5,0,0.0,0.04
jeddah,14,RED,5,0,0.0,0.08
jeddah,15,SC,5,1,0.2,0.08
jeddah,15,VSC,5,1,0.2,0.04
jeddah,15,RED,5,1,0.2,0.08
jeddah,16,SC,5,0,0.0,0.08
jeddah,16,VSC,5,0,0.0,0.04
jeddah,16,RED,5,0,0.0,0.04
jeddah,17,SC,5,1,0.2,0.08
jeddah,17,VSC,5,0,0.0,0.04
jeddah,17,RED,5,0,0.0,0.04
jeddah,18,SC,5,0,0.0,0.04
jeddah,18,VSC,5,0,0.0,0.0
jeddah,18,RED,5,0,0.0,0.0
jeddah,19,SC,5,0,0.0,0.04
jeddah,19,VSC,5,0,0.0,0.0
jeddah,19,RED,5,0,0.0,0.0
jeddah,20,SC,5,0,0.0,0.0
jeddah,20,VSC,5,0,0.0,0.0
jeddah,20,RED,5,0,0.0,0.0
jeddah,21,SC,5,0,0.0,0.0
jeddah,21,VSC,5,0,0.0,0.04
jeddah,21,RED,5,0,0.0,0.0
jeddah,22,SC,5,0,0.0,0.0
jeddah,22,VSC,5,0,0.0,0.04
jeddah,22,RED,5,0,0.0,0.0
jeddah,23,SC,5,0,0.0,0.0
jeddah,23,VSC,5,1,0.2,0.04
jeddah,23,RED,5,0,0.0,0.0
jeddah,24,SC,5,0,0.0,0.0
jeddah,24,VSC,5,0,0.0,0.08
jeddah,24,RED,5,0,0.0,0.0
jeddah,25,SC,5,0,0.0,0.0
jeddah,25,VSC,5,0,0.0,0.08
jeddah,25,RED,5,0,0.0,0.0
jeddah,26,SC,5,0,0.0,0.0
jeddah,26,VSC,5,1,0.2,0.04
jeddah,26,RED,5,0,0.0,0.0
jeddah,27,SC,5,0,0.0,0.0
jeddah,27,VSC,5,0,0.0,0.04
jeddah,27,RED,5,0,0.0,0.0
jeddah,28,SC,5,0,0.0,0.0
jeddah,28,VSC,5,0,0.0,0.04
jeddah,28,RED,5,0,0.0,0.0
jeddah,29,SC,5,0,0.0,0.0
jeddah,29,VSC,5,0,0.0,0.0
jeddah,29,RED,5,0,0.0,0.0
jeddah,30,SC,5,0,0.0,0.0
jeddah,30,VSC,5,0,0.0,0.0
jeddah,30,RED,5,0,0.0,0.0
jeddah,31,SC,5,0,0.0,0.0
jeddah,31,VSC,5,0,0.0,0.0
jeddah,31,RED,5,0,0.0,0.0
jeddah,32,SC,5,0,0.0,0.0
jeddah,32,VSC,5,0,0.0,0.0
jeddah,32,RED,5,0,0.0,0.0
jeddah,33,SC,5,0,0.0,0.0
jeddah,33,VSC,5,0,0.0,0.04
jeddah,33,RED,5,0,0.0,0.0
jeddah,34,SC,5,0,0.0,0.0
jeddah,34,VSC,5,0,0.0,0.08
jeddah,34,RED,5,0,0.0,0.0
jeddah,35,SC,5,0,0.0,0.0
jeddah,35,VSC,5,1,0.2,0.08
jeddah,35,RED,5,0,0.0,0.0
jeddah,36,SC,5,0,0.0,0.0
jeddah,36,VSC,5,1,0.2,0.08
jeddah,36,RED,5,0,0.0,0.0
jeddah,37,SC,5,0,0.0,0.0
jeddah,37,VSC,5,0,0.0,0.08
jeddah,37,RED,5,0,0.0,0.0
jeddah,38,SC,5,0,0.0,0.0
jeddah,38,VSC,5,0,0.0,0.04
jeddah,38,RED,5,0,0.0,0.0
jeddah,39,SC,5,0,0.0,0.0
jeddah,39,VSC,5,0,0.0,0.0
jeddah,39,RED,5,0,0.0,0.0
jeddah,40,SC,5,0,0.0,0.0
jeddah,40,VSC,5,0,0.0,0.0
jeddah,40,RED,5,0,0.0,0.0
jeddah,41,SC,5,0,0.0,0.0
jeddah,41,VSC,5,0,0.0,0.0
jeddah,41,RED,5,0,0.0,0.0
jeddah,42,SC,5,0,0.0,0.0
jeddah,42,VSC,5,0,0.0,0.0
jeddah,42,RED,5,0,0.0,0.0
jeddah,43,SC,5,0,0.0,0.0
jeddah,43,VSC,5,0,0.0,0.0
jeddah,43,RED,5,0,0.0,0.0
jeddah,44,SC,5,0,0.0,0.0
jeddah,44,VSC,5,0,0.0,0.0
jeddah,44,RED,5,0,0.0,0.0
jeddah,45,SC,5,0,0.0,0.0
jeddah,45,VSC,5,0,0.0,0.0
jeddah,45,RED,5,0,0.0,0.0
jeddah,46,SC,5,0,0.0,0.0
jeddah,46,VSC,5,0,0.0,0.0
jeddah,46,RED,5,0,0.0,0.0
jeddah,47,SC,5,0,0.0,0.0
jeddah,47,VSC,5,0,0.0,0.0
jeddah,47,RED,5,0,0.0,0.0
jeddah,48,SC,5,0,0.0,0.0
jeddah,48,VSC,5,0,0.0,0.0
jeddah,48,RED,5,0,0.0,0.0
jeddah,49,SC,5,0,0.0,0.0
jeddah,49,VSC,5,0,0.0,0.0
jeddah,49,RED,5,0,0.0,0.0
jeddah,50,SC,5,0,0.0,0.0
jeddah,50,VSC,5,0,0.0,0.0
jeddah,50,RED,5,0,0.0,0.0
lusail,1,SC,4,2,0.5,0.16666666666666666
lusail,1,VSC,4,0,0.0,0.0
lusail,1,RED,4,0,0.0,0.0
lusail,2,SC,4,0,0.0,0.125
lusail,2,VSC,4,0,0.0,0.0
lusail,2,RED,4,0,0.0,0.0
lusail,3,SC,4,0,0.0,0.1
lusail,3,VSC,4,0,0.0,0.0
lusail,3,RED,4,0,0.0,0.0
lusail,4,SC,4,0,0.0,0.0
lusail,4,VSC,4,0,0.0,0.0
lusail,4,RED,4,0,0.0,0.0
lusail,5,SC,4,0,0.0,0.05
lusail,5,VSC,4,0,0.0,0.0
lusail,5,RED,4,0,0.0,0.0
lusail,6,SC,4,0,0.0,0.05
lusail,6,VSC,4,0,0.0,0.0
lusail,6,RED,4,0,0.0,0.0
lusail,7,SC,4,1,0.25,0.05
lusail,7,VSC,4,0,0.0,0.0
lusail,7,RED,4,0,0.0,0.0
lusail,8,SC,4,0,0.0,0.05
lusail,8,VSC,4,0,0.0,0.0
lusail,8,RED,4,0,0.0,0.0
lusail,9,SC,4,0,0.0,0.05
lusail,9,VSC,4,0,0.0,0.0
lusail,9,RED,4,0,0.0,0.0
lusail,10,SC,4,0,0.0,0.0
lusail,10,VSC,4,0,0.0,0.0
lusail,10,RED,4,0,0.0,0.0
lusail,11,SC,4,0,0.0,0.0
lusail,11,VSC,4,0,0.0,0.0
lusail,11,RED,4,0,0.0,0.0
lusail,12,SC,4,0,0.0,0.0
lusail,12,VSC,4,0,0.0,0.0
lusail,12,RED,4,0,0.0,0.0
lusail,13,SC,4,0,0.0,0.0
lusail,13,VSC,4,0,0.0,0.0
lusail,13,RED,4,0,0.0,0.0
lusail,14,SC,4,0,0.0,0.0
lusail,14,VSC,4,0,0.0,0.0
lusail,14,RED,4,0,0.0,0.0
lusail,15,SC,4,0,0.0,0.0
lusail,15,VSC,4,0,0.0,0.0
lusail,15,RED,4,0,0.0,0.0
lusail,16,SC,4,0,0.0,0.0
lusail,16,VSC,4,0,0.0,0.0
lusail,16,RED,4,0,0.0,0.0
lusail,17,SC,4,0,0.0,0.0
lusail,17,VSC,4,0,0.0,0.0
lusail,17,RED,4,0,0.0,0.0
lusail,18,SC,4,0,0.0,0.0
lusail,18,VSC,4,0,0.0,0.0
lusail,18,RED,4,0,0.0,0.0
lusail,19,SC,4,0,0.0,0.0
lusail,19,VSC,4,0,0.0,0.0
lusail,19,RED,4,0,0.0,0.0
lusail,20,SC,4,0,0.0,0.0
lusail,20,VSC,4,0,0.0,0.0
lusail,20,RED,4,0,0.0,0.0
lusail,21,SC,4,0,0.0,0.0
lusail,21,VSC,4,0,0.0,0.0
lusail,21,RED,4,0,0.0,0.0
lusail,22,SC,4,0,0.0,0.0
lusail,22,VSC,4,0,0.0,0.0
lusail,22,RED,4,0,0.0,0.0
lusail,23,SC,4,0,0.0,0.0
lusail,23,VSC,4,0,0.0,0.0
lusail,23,RED,4,0,0.0,0.0
lusail,24,SC,4,0,0.0,0.0
lusail,24,VSC,4,0,0.0,0.0
lusail,24,RED,4,0,0.0,0.0
lusail,25,SC,4,0,0.0,0.0
lusail,25,VSC,4,0,0.0,0.0
lusail,25,RED,4,0,0.0,0.0
lusail,26,SC,4,0,0.0,0.0
lusail,26,VSC,4,0,0.0,0.0
lusail,26,RED,4,0,0.0,0.0
lusail,27,SC,4,0,0.0,0.0
lusail,27,VSC,4,0,0.0,0.0
lusail,27,RED,4,0,0.0,0.0
lusail,28,SC,4,0,0.0,0.0
lusail,28,VSC,4,0,0.0,0.0
lusail,28,RED,4,0,0.0,0.0
lusail,29,SC,4,0,0.0,0.0
lusail,29,VSC,4,0,0.0,0.0
lusail,29,RED,4,0,0.0,0.0
lusail,30,SC,4,0,0.0,0.0
lusail,30,VSC,4,0,0.0,0.0
lusail,30,RED,4,0,0.0,0.0
lusail,31,SC,4,0,0.0,0.0
lusail,31,VSC,4,0,0.0,0.0
lusail,31,RED,4,0,0.0,0.0
lusail,32,SC,4,0,0.0,0.05
lusail,32,VSC,4,0,0.0,0.0
lusail,32,RED,4,0,0.0,0.0
lusail,33,SC,4,0,0.0,0.05
lusail,33,VSC,4,0,0.0,0.0
lusail,33,RED,4,0,0.0,0.0
lusail,34,SC,4,1,0.25,0.05
lusail,34,VSC,4,0,0.0,0.0
lusail,34,RED,4,0,0.0,0.0
lusail,35,SC,4,0,0.0,0.05
lusail,35,VSC,4,0,0.0,0.0
lusail,35,RED,4,0,0.0,0.0
lusail,36,SC,4,0,0.0,0.05
lusail,36,VSC,4,0,0.0,0.0
lusail,36,RED,4,0,0.0,0.0
lusail,37,SC,4,0,0.0,0.0
lusail,37,VSC,4,0,0.0,0.0
lusail,37,RED,4,0,0.0,0.0
lusail,38,SC,4,0,0.0,0.0
lusail,38,VSC,4,0,0.0,0.05
lusail,38,RED,4,0,0.0,0.0
lusail,39,SC,4,0,0.0,0.0
lusail,39,VSC,4,0,0.0,0.05
lusail,39,RED,4,0,0.0,0.0
lusail,40,SC,4,0,0.0,0.0
lusail,40,VSC,4,1,0.25,0.05
lusail,40,RED,4,0,0.0,0.0
lusail,41,SC,4,0,0.0,0.0
lusail,41,VSC,4,0,0.0,0.05
lusail,41,RED,4,0,0.0,0.0
lusail,42,SC,4,0,0.0,0.0
lusail,42,VSC,4,0,0.0,0.05
lusail,42,RED,4,0,0.0,0.0
lusail,43,SC,4,0,0.0,0.0
lusail,43,VSC,4,0,0.0,0.0
lusail,43,RED,4,0,0.0,0.0
lusail,44,SC,4,0,0.0,0.0
lusail,44,VSC,4,0,0.0,0.0
lusail,44,RED,4,0,0.0,0.0
lusail,45,SC,4,0,0.0,0.0
lusail,45,VSC,4,0,0.0,0.0
lusail,45,RED,4,0,0.0,0.0
lusail,46,SC,4,0,0.0,0.0
lusail,46,VSC,4,0,0.0,0.0
lusail,46,RED,4,0,0.0,0.0
lusail,47,SC,4,0,0.0,0.0
lusail,47,VSC,4,0,0.0,0.0
lusail,47,RED,4,0,0.0,0.0
lusail,48,SC,4,0,0.0,0.0
lusail,48,VSC,4,0,0.0,0.0
lusail,48,RED,4,0,0.0,0.0
lusail,49,SC,4,0,0.0,0.0
lusail,49,VSC,4,0,0.0,0.0
lusail,49,RED,4,0,0.0,0.0
lusail,50,SC,4,0,0.0,0.0
lusail,50,VSC,4,0,0.0,0.0
lusail,50,RED,4,0,0.0,0.0
lusail,51,SC,4,0,0.0,0.0
lusail,51,VSC,4,0,0.0,0.05
lusail,51,RED,4,0,0.0,0.0
lusail,52,SC,4,0,0.0,0.0
lusail,52,VSC,4,0,0.0,0.05
lusail,52,RED,4,0,0.0,0.0
lusail,53,SC,4,0,0.0,0.0
lusail,53,VSC,4,1,0.25,0.05
lusail,53,RED,4,0,0.0,0.0
lusail,54,SC,4,0,0.0,0.0
lusail,54,VSC,4,0,0.0,0.05
lusail,54,RED,4,0,0.0,0.0
lusail,55,SC,4,0,0.0,0.0
lusail,55,VSC,4,0,0.0,0.05
lusail,55,RED,4,0,0.0,0.0
lusail,56,SC,4,0,0.0,0.0
lusail,56,VSC,4,0,0.0,0.0
lusail,56,RED,4,0,0.0,0.0
lusail,57,SC,4,0,0.0,0.0
lusail,57,VSC,4,0,0.0,0.0
lusail,57,RED,4,0,0.0,0.0
melbourne,1,SC,7,2,0.2857142857142857,0.14285714285714285
melbourne,1,VSC,7,0,0.0,0.047619047619047616
melbourne,1,RED,7,0,0.0,0.0
melbourne,2,SC,7,0,0.0,0.10714285714285714
melbourne,2,VSC,7,1,0.14285714285714285,0.03571428571428571
melbourne,2,RED,7,0,0.0,0.0
melbourne,3,SC,7,1,0.14285714285714285,0.08571428571428572
melbourne,3,VSC,7,0,0.0,0.02857142857142857
melbourne,3,RED,7,0,0.0,0.0
melbourne,4,SC,7,0,0.0,0.02857142857142857
melbourne,4,VSC,7,0,0.0,0.02857142857142857
melbourne,4,RED,7,0,0.0,0.0
melbourne,5,SC,7,0,0.0,0.05714285714285714
melbourne,5,VSC,7,0,0.0,0.0
melbourne,5,RED,7,0,0.0,0.0
melbourne,6,SC,7,0,0.0,0.02857142857142857
melbourne,6,VSC,7,0,0.0,0.0
melbourne,6,RED,7,0,0.0,0.02857142857142857
melbourne,7,SC,7,1,0.14285714285714285,0.02857142857142857
melbourne,7,VSC,7,0,0.0,0.0
melbourne,7,RED,7,0,0.0,0.02857142857142857
melbourne,8,SC,7,0,0.0,0.02857142857142857
melbourne,8,VSC,7,0,0.0,0.0
melbourne,8,RED,7,1,0.14285714285714285,0.02857142857142857
melbourne,9,SC,7,0,0.0,0.02857142857142857
melbourne,9,VSC,7,0,0.0,0.02857142857142857
melbourne,9,RED,7,0,0.0,0.02857142857142857
melbourne,10,SC,7,0,0.0,0.0
melbourne,10,VSC,7,0,0.0,0.02857142857142857
melbourne,10,RED,7,0,0.0,0.02857142857142857
melbourne,11,SC,7,0,0.0,0.0
melbourne,11,VSC,7,1,0.14285714285714285,0.02857142857142857
melbourne,11,RED,7,0,0.0,0.0
melbourne,12,SC,7,0,0.0,0.0
melbourne,12,VSC,7,0,0.0,0.02857142857142857
melbourne,12,RED,7,0,0.0,0.0
melbourne,13,SC,7,0,0.0,0.0
melbourne,13,VSC,7,0,0.0,0.02857142857142857
melbourne,13,RED,7,0,0.0,0.0
melbourne,14,SC,7,0,0.0,0.0
melbourne,14,VSC,7,0,0.0,0.05714285714285714
melbourne,14,RED,7,0,0.0,0.0
melbourne,15,SC,7,0,0.0,0.0
melbourne,15,VSC,7,0,0.0,0.05714285714285714
melbourne,15,RED,7,0,0.0,0.0
melbourne,16,SC,7,0,0.0,0.02857142857142857
melbourne,16,VSC,7,2,0.2857142857142857,0.08571428571428572
melbourne,16,RED,7,0,0.0,0.0
melbourne,17,SC,7,0,0.0,0.02857142857142857
melbourne,17,VSC,7,0,0.0,0.08571428571428572
melbourne,17,RED,7,0,0.0,0.0
melbourne,18,SC,7,1,0.14285714285714285,0.02857142857142857
melbourne,18,VSC,7,1,0.14285714285714285,0.08571428571428572
melbourne,18,RED,7,0,0.0,0.0
melbourne,19,SC,7,0,0.0,0.02857142857142857
melbourne,19,VSC,7,0,0.0,0.02857142857142857
melbourne,19,RED,7,0,0.0,0.0
melbourne,20,SC,7,0,0.0,0.02857142857142857
melbourne,20,VSC,7,0,0.0,0.05714285714285714
melbourne,20,RED,7,0,0.0,0.0
melbourne,21,SC,7,0,0.0,0.02857142857142857
melbourne,21,VSC,7,0,0.0,0.02857142857142857
melbourne,21,RED,7,0,0.0,0.0
melbourne,22,SC,7,0,0.0,0.02857142857142857
melbourne,22,VSC,7,1,0.14285714285714285,0.02857142857142857
melbourne,22,RED,7,0,0.0,0.0
melbourne,23,SC,7,1,0.14285714285714285,0.02857142857142857
melbourne,23,VSC,7,0,0.0,0.05714285714285714
melbourne,23,RED,7,0,0.0,0.0
melbourne,24,SC,7,0,0.0,0.05714285714285714
melbourne,24,VSC,7,0,0.0,0.05714285714285714
melbourne,24,RED,7,0,0.0,0.0
melbourne,25,SC,7,0,0.0,0.05714285714285714
melbourne,25,VSC,7,1,0.14285714285714285,0.02857142857142857
melbourne,25,RED,7,0,0.0,0.0
melbourne,26,SC,7,1,0.14285714285714285,0.02857142857142857
melbourne,26,VSC,7,0,0.0,0.02857142857142857
melbourne,26,RED,7,0,0.0,0.0
melbourne,27,SC,7,0,0.0,0.02857142857142857
melbourne,27,VSC,7,0,0.0,0.02857142857142857
melbourne,27,RED,7,0,0.0,0.0
melbourne,28,SC,7,0,0.0,0.02857142857142857
melbourne,28,VSC,7,0,0.0,0.0
melbourne,28,RED,7,0,0.0,0.0
melbourne,29,SC,7,0,0.0,0.0
melbourne,29,VSC,7,0,0.0,0.0
melbourne,29,RED,7,0,0.0,0.0
melbourne,30,SC,7,0,0.0,0.0
melbourne,30,VSC,7,0,0.0,0.02857142857142857
melbourne,30,RED,7,0,0.0,0.0
melbourne,31,SC,7,0,0.0,0.02857142857142857
melbourne,31,VSC,7,0,0.0,0.02857142857142857
melbourne,31,RED,7,0,0.0,0.0
melbourne,32,SC,7,0,0.0,0.02857142857142857
melbourne,32,VSC,7,1,0.14285714285714285,0.02857142857142857
melbourne,32,RED,7,0,0.0,0.0
melbourne,33,SC,7,1,0.14285714285714285,0.02857142857142857
melbourne,33,VSC,7,0,0.0,0.02857142857142857
melbourne,33,RED,7,0,0.0,0.0
melbourne,34,SC,7,0,0.0,0.02857142857142857
melbourne,34,VSC,7,0,0.0,0.02857142857142857
melbourne,34,RED,7,0,0.0,0.0
melbourne,35,SC,7,0,0.0,0.02857142857142857
melbourne,35,VSC,7,0,0.0,0.0
melbourne,35,RED,7,0,0.0,0.0
melbourne,36,SC,7,0,0.0,0.0
melbourne,36,VSC,7,0,0.0,0.0
melbourne,36,RED,7,0,0.0,0.0
melbourne,37,SC,7,0,0.0,0.0
melbourne,37,VSC,7,0,0.0,0.02857142857142857
melbourne,37,RED,7,0,0.0,0.0
melbourne,38,SC,7,0,0.0,0.0
melbourne,38,VSC,7,0,0.0,0.02857142857142857
melbourne,38,RED,7,0,0.0,0.0
melbourne,39,SC,7,0,0.0,0.0
melbourne,39,VSC,7,1,0.14285714285714285,0.02857142857142857
melbourne,39,RED,7,0,0.0,0.0
melbourne,40,SC,7,0,0.0,0.0
melbourne,40,VSC,7,0,0.0,0.02857142857142857
melbourne,40,RED,7,0,0.0,0.0
melbourne,41,SC,7,0,0.0,0.0
melbourne,41,VSC,7,0,0.0,0.02857142857142857
melbourne,41,RED,7,0,0.0,0.0
melbourne,42,SC,7,0,0.0,0.0
melbourne,42,VSC,7,0,0.0,0.0
melbourne,42,RED,7,0,0.0,0.0
melbourne,43,SC,7,0,0.0,0.0
melbourne,43,VSC,7,0,0.0,0.0
melbourne,43,RED,7,0,0.0,0.0
melbourne,44,SC,7,0,0.0,0.02857142857142857
melbourne,44,VSC,7,0,0.0,0.0
melbourne,44,RED,7,0,0.0,0.0
melbourne,45,SC,7,0,0.0,0.02857142857142857
melbourne,45,VSC,7,0,0.0,0.0
melbourne,45,RED,7,0,0.0,0.0
melbourne,46,SC,7,1,0.14285714285714285,0.02857142857142857
melbourne,46,VSC,7,0,0.0,0.0
melbourne,46,RED,7,0,0.0,0.0
melbourne,47,SC,7,0,0.0,0.02857142857142857
melbourne,47,VSC,7,0,0.0,0.0
melbourne,47,RED,7,0,0.0,0.0
melbourne,48,SC,7,0,0.0,0.02857142857142857
melbourne,48,VSC,7,0,0.0,0.0
melbourne,48,RED,7,0,0.0,0.0
melbourne,49,SC,7,0,0.0,0.0
melbourne,49,VSC,7,0,0.0,0.0
melbourne,49,RED,7,0,0.0,0.0
melbourne,50,SC,7,0,0.0,0.0
melbourne,50,VSC,7,0,0.0,0.0
melbourne,50,RED,7,0,0.0,0.0
melbourne,51,SC,7,0,0.0,0.02857142857142857
melbourne,51,VSC,7,0,0.0,0.0
melbourne,51,RED,7,0,0.0,0.0
melbourne,52,SC,7,0,0.0,0.02857142857142857
melbourne,52,VSC,7,0,0.0,0.0
melbourne,52,RED,7,0,0.0,0.02857142857142857
melbourne,53,SC,7,1,0.14285714285714285,0.02857142857142857
melbourne,53,VSC,7,0,0.0,0.0
melbourne,53,RED,7,0,0.0,0.02857142857142857
melbourne,54,SC,7,0,0.0,0.02857142857142857
melbourne,54,VSC,7,0,0.0,0.02857142857142857
melbourne,54,RED,7,1,0.14285714285714285,0.02857142857142857
melbourne,55,SC,7,0,0.0,0.02857142857142857
melbourne,55,VSC,7,0,0.0,0.02857142857142857
melbourne,55,RED,7,0,0.0,0.05714285714285714
melbourne,56,SC,7,0,0.0,0.0
melbourne,56,VSC,7,1,0.14285714285714285,0.02857142857142857
melbourne,56,RED,7,0,0.0,0.05714285714285714
melbourne,57,SC,7,0,0.0,0.0
melbourne,57,VSC,7,0,0.0,0.03571428571428571
melbourne,57,RED,7,1,0.14285714285714285,0.03571428571428571
melbourne,58,SC,6,0,0.0,0.0
melbourne,58,VSC,6,0,0.0,0.047619047619047616
melbourne,58,RED,6,0,0.0,0.047619047619047616
mexico_city,1,SC,7,2,0.2857142857142857,0.09523809523809523
mexico_city,1,VSC,7,1,0.14285714285714285,0.047619047619047616
mexico_city,1,RED,7,0,0.0,0.0
mexico_city,2,SC,7,0,0.0,0.07142857142857142
mexico_city,2,VSC,7,0,0.0,0.10714285714285714
mexico_city,2,RED,7,0,0.0,0.0
mexico_city,3,SC,7,0,0.0,0.05714285714285714
mexico_city,3,VSC,7,0,0.0,0.08571428571428572
mexico_city,3,RED,7,0,0.0,0.0
mexico_city,4,SC,7,0,0.0,0.0
mexico_city,4,VSC,7,2,0.2857142857142857,0.05714285714285714
mexico_city,4,RED,7,0,0.0,0.0
mexico_city,5,SC,7,0,0.0,0.0
mexico_city,5,VSC,7,0,0.0,0.05714285714285714
mexico_city,5,RED,7,0,0.0,0.0
mexico_city,6,SC,7,0,0.0,0.0
mexico_city,6,VSC,7,0,0.0,0.05714285714285714
mexico_city,6,RED,7,0,0.0,0.0
mexico_city,7,SC,7,0,0.0,0.0
mexico_city,7,VSC,7,0,0.0,0.0
mexico_city,7,RED,7,0,0.0,0.0
mexico_city,8,SC,7,0,0.0,0.0
mexico_city,8,VSC,7,0,0.0,0.0
mexico_city,8,RED,7,0,0.0,0.0
mexico_city,9,SC,7,0,0.0,0.0
mexico_city,9,VSC,7,0,0.0,0.0
mexico_city,9,RED,7,0,0.0,0.0
mexico_city,10,SC,7,0,0.0,0.0
mexico_city,10,VSC,7,0,0.0,0.0
mexico_city,10,RED,7,0,0.0,0.0
mexico_city,11,SC,7,0,0.0,0.0
mexico_city,11,VSC,7,0,0.0,0.0
mexico_city,11,RED,7,0,0.0,0.0
mexico_city,12,SC,7,0,0.0,0.0
mexico_city,12,VSC,7,0,0.0,0.0
mexico_city,12,RED,7,0,0.0,0.0
mexico_city,13,SC,7,0,0.0,0.0
mexico_city,13,VSC,7,0,0.0,0.0
mexico_city,13,RED,7,0,0.0,0.0
mexico_city,14,SC,7,0,0.0,0.0
mexico_city,14,VSC,7,0,0.0,0.0
mexico_city,14,RED,7,0,0.0,0.0
mexico_city,15,SC,7,0,0.0,0.0
mexico_city,15,VSC,7,0,0.0,0.0
mexico_city,15,RED,7,0,0.0,0.0
mexico_city,16,SC,7,0,0.0,0.0
mexico_city,16,VSC,7,0,0.0,0.0
mexico_city,16,RED,7,0,0.0,0.0
mexico_city,17,SC,7,0,0.0,0.0
mexico_city,17,VSC,7,0,0.0,0.0
mexico_city,17,RED,7,0,0.0,0.0
mexico_city,18,SC,7,0,0.0,0.0
mexico_city,18,VSC,7,0,0.0,0.0
mexico_city,18,RED,7,0,0.0,0.0
mexico_city,19,SC,7,0,0.0,0.0
mexico_city,19,VSC,7,0,0.0,0.0
mexico_city,19,RED,7,0,0.0,0.0
mexico_city,20,SC,7,0,0.0,0.0
mexico_city,20,VSC,7,0,0.0,0.0
mexico_city,20,RED,7,0,0.0,0.0
mexico_city,21,SC,7,0,0.0,0.0
mexico_city,21,VSC,7,0,0.0,0.0
mexico_city,21,RED,7,0,0.0,0.0
mexico_city,22,SC,7,0,0.0,0.0
mexico_city,22,VSC,7,0,0.0,0.0
mexico_city,22,RED,7,0,0.0,0.0
mexico_city,23,SC,7,0,0.0,0.0
mexico_city,23,VSC,7,0,0.0,0.0
mexico_city,23,RED,7,0,0.0,0.0
mexico_city,24,SC,7,0,0.0,0.0
mexico_city,24,VSC,7,0,0.0,0.0
mexico_city,24,RED,7,0,0.0,0.0
mexico_city,25,SC,7,0,0.0,0.0
mexico_city,25,VSC,7,0,0.0,0.0
mexico_city,25,RED,7,0,0.0,0.0
mexico_city,26,SC,7,0,0.0,0.0
mexico_city,26,VSC,7,0,0.0,0.0
mexico_city,26,RED,7,0,0.0,0.0
mexico_city,27,SC,7,0,0.0,0.0
mexico_city,27,VSC,7,0,0.0,0.02857142857142857
mexico_city,27,RED,7,0,0.0,0.0
mexico_city,28,SC,7,0,0.0,0.0
mexico_city,28,VSC,7,0,0.0,0.02857142857142857
mexico_city,28,RED,7,0,0.0,0.0
mexico_city,29,SC,7,0,0.0,0.0
mexico_city,29,VSC,7,1,0.14285714285714285,0.02857142857142857
mexico_city,29,RED,7,0,0.0,0.0
mexico_city,30,SC,7,0,0.0,0.02857142857142857
mexico_city,30,VSC,7,0,0.0,0.02857142857142857
mexico_city,30,RED,7,0,0.0,0.0
mexico_city,31,SC,7,0,0.0,0.02857142857142857
mexico_city,31,VSC,7,0,0.0,0.02857142857142857
mexico_city,31,RED,7,0,0.0,0.0
mexico_city,32,SC,7,1,0.14285714285714285,0.02857142857142857
mexico_city,32,VSC,7,0,0.0,0.0
mexico_city,32,RED,7,0,0.0,0.02857142857142857
mexico_city,33,SC,7,0,0.0,0.02857142857142857
mexico_city,33,VSC,7,0,0.0,0.0
mexico_city,33,RED,7,0,0.0,0.02857142857142857
mexico_city,34,SC,7,0,0.0,0.02857142857142857
mexico_city,34,VSC,7,0,0.0,0.0
mexico_city,34,RED,7,1,0.14285714285714285,0.02857142857142857
mexico_city,35,SC,7,0,0.0,0.0
mexico_city,35,VSC,7,0,0.0,0.0
mexico_city,35,RED,7,0,0.0,0.02857142857142857
mexico_city,36,SC,7,0,0.0,0.0
mexico_city,36,VSC,7,0,0.0,0.0
mexico_city,36,RED,7,0,0.0,0.02857142857142857
mexico_city,37,SC,7,0,0.0,0.0
mexico_city,37,VSC,7,0,0.0,0.0
mexico_city,37,RED,7,0,0.0,0.0
mexico_city,38,SC,7,0,0.0,0.0
mexico_city,38,VSC,7,0,0.0,0.0
mexico_city,38,RED,7,0,0.0,0.0
mexico_city,39,SC,7,0,0.0,0.0
mexico_city,39,VSC,7,0,0.0,0.0
mexico_city,39,RED,7,0,0.0,0.0
mexico_city,40,SC,7,0,0.0,0.0
mexico_city,40,VSC,7,0,0.0,0.0
mexico_city,40,RED,7,0,0.0,0.0
mexico_city,41,SC,7,0,0.0,0.0
mexico_city,41,VSC,7,0,0.0,0.0
mexico_city,41,RED,7,0,0.0,0.0
mexico_city,42,SC,7,0,0.0,0.0
mexico_city,42,VSC,7,0,0.0,0.0
mexico_city,42,RED,7,0,0.0,0.0
mexico_city,43,SC,7,0,0.0,0.0
mexico_city,43,VSC,7,0,0.0,0.0
mexico_city,43,RED,7,0,0.0,0.0
mexico_city,44,SC,7,0,0.0,0.0
mexico_city,44,VSC,7,0,0.0,0.0
mexico_city,44,RED,7,0,0.0,0.0
mexico_city,45,SC,7,0,0.0,0.0
mexico_city,45,VSC,7,0,0.0,0.0
mexico_city,45,RED,7,0,0.0,0.0
mexico_city,46,SC,7,0,0.0,0.0
mexico_city,46,VSC,7,0,0.0,0.0
mexico_city,46,RED,7,0,0.0,0.0
mexico_city,47,SC,7,0,0.0,0.0
mexico_city,47,VSC,7,0,0.0,0.0
mexico_city,47,RED,7,0,0.0,0.0
mexico_city,48,SC,7,0,0.0,0.0
mexico_city,48,VSC,7,0,0.0,0.0
mexico_city,48,RED,7,0,0.0,0.0
mexico_city,49,SC,7,0,0.0,0.0
mexico_city,49,VSC,7,0,0.0,0.0
mexico_city,49,RED,7,0,0.0,0.0
mexico_city,50,SC,7,0,0.0,0.0
mexico_city,50,VSC,7,0,0.0,0.0
mexico_city,50,RED,7,0,0.0,0.0
mexico_city,51,SC,7,0,0.0,0.0
mexico_city,51,VSC,7,0,0.0,0.0
mexico_city,51,RED,7,0,0.0,0.0
mexico_city,52,SC,7,0,0.0,0.0
mexico_city,52,VSC,7,0,0.0,0.0
mexico_city,52,RED,7,0,0.0,0.0
mexico_city,53,SC,7,0,0.0,0.0
mexico_city,53,VSC,7,0,0.0,0.0
mexico_city,53,RED,7,0,0.0,0.0
mexico_city,54,SC,7,0,0.0,0.0
mexico_city,54,VSC,7,0,0.0,0.0
mexico_city,54,RED,7,0,0.0,0.0
mexico_city,55,SC,7,0,0.0,0.0
mexico_city,55,VSC,7,0,0.0,0.0
mexico_city,55,RED,7,0,0.0,0.0
mexico_city,56,SC,7,0,0.0,0.0
mexico_city,56,VSC,7,0,0.0,0.0
mexico_city,56,RED,7,0,0.0,0.0
mexico_city,57,SC,7,0,0.0,0.0
mexico_city,57,VSC,7,0,0.0,0.0
mexico_city,57,RED,7,0,0.0,0.0
mexico_city,58,SC,7,0,0.0,0.0
mexico_city,58,VSC,7,0,0.0,0.02857142857142857
mexico_city,58,RED,7,0,0.0,0.0
mexico_city,59,SC,7,0,0.0,0.0
mexico_city,59,VSC,7,0,0.0,0.02857142857142857
mexico_city,59,RED,7,0,0.0,0.0
mexico_city,60,SC,7,0,0.0,0.0
mexico_city,60,VSC,7,1,0.14285714285714285,0.02857142857142857
mexico_city,60,RED,7,0,0.0,0.0
mexico_city,61,SC,7,0,0.0,0.0
mexico_city,61,VSC,7,0,0.0,0.05714285714285714
mexico_city,61,RED,7,0,0.0,0.0
mexico_city,62,SC,7,0,0.0,0.0
mexico_city,62,VSC,7,0,0.0,0.05714285714285714
mexico_city,62,RED,7,0,0.0,0.0
mexico_city,63,SC,7,0,0.0,0.0
mexico_city,63,VSC,7,1,0.14285714285714285,0.02857142857142857
mexico_city,63,RED,7,0,0.0,0.0
mexico_city,64,SC,7,0,0.0,0.0
mexico_city,64,VSC,7,0,0.0,0.02857142857142857
mexico_city,64,RED,7,0,0.0,0.0
mexico_city,65,SC,7,0,0.0,0.0
mexico_city,65,VSC,7,0,0.0,0.02857142857142857
mexico_city,65,RED,7,0,0.0,0.0
mexico_city,66,SC,7,0,0.0,0.0
mexico_city,66,VSC,7,0,0.0,0.02857142857142857
mexico_city,66,RED,7,0,0.0,0.0
mexico_city,67,SC,7,0,0.0,0.0
mexico_city,67,VSC,7,0,0.0,0.02857142857142857
mexico_city,67,RED,7,0,0.0,0.0
mexico_city,68,SC,7,0,0.0,0.0
mexico_city,68,VSC,7,1,0.14285714285714285,0.02857142857142857
mexico_city,68,RED,7,0,0.0,0.0
mexico_city,69,SC,7,0,0.0,0.0
mexico_city,69,VSC,7,0,0.0,0.02857142857142857
mexico_city,69,RED,7,0,0.0,0.0
mexico_city,70,SC,7,0,0.0,0.0
mexico_city,70,VSC,7,0,0.0,0.03571428571428571
mexico_city,70,RED,7,0,0.0,0.0
mexico_city,71,SC,7,0,0.0,0.0
mexico_city,71,VSC,7,0,0.0,0.0
mexico_city,71,RED,7,0,0.0,0.0
monaco,1,SC,8,2,0.25,0.08333333333333333
monaco,1,VSC,8,1,0.125,0.041666666666666664
monaco,1,RED,8,1,0.125,0.041666666666666664
monaco,2,SC,8,0,0.0,0.0625
monaco,2,VSC,8,0,0.0,0.03125
monaco,2,RED,8,0,0.0,0.03125
monaco,3,SC,8,0,0.0,0.05
monaco,3,VSC,8,0,0.0,0.025
monaco,3,RED,8,0,0.0,0.025
monaco,4,SC,8,0,0.0,0.0
monaco,4,VSC,8,0,0.0,0.0
monaco,4,RED,8,0,0.0,0.0
monaco,5,SC,8,0,0.0,0.0
monaco,5,VSC,8,0,0.0,0.0
monaco,5,RED,8,0,0.0,0.0
monaco,6,SC,8,0,0.0,0.0
monaco,6,VSC,8,0,0.0,0.0
monaco,6,RED,8,0,0.0,0.0
monaco,7,SC,8,0,0.0,0.0
monaco,7,VSC,8,0,0.0,0.0
monaco,7,RED,8,0,0.0,0.0
monaco,8,SC,8,0,0.0,0.025
monaco,8,VSC,8,0,0.0,0.0
monaco,8,RED,8,0,0.0,0.0
monaco,9,SC,8,0,0.0,0.025
monaco,9,VSC,8,0,0.0,0.0
monaco,9,RED,8,0,0.0,0.0
monaco,10,SC,8,1,0.125,0.025
monaco,10,VSC,8,0,0.0,0.0
monaco,10,RED,8,0,0.0,0.0
monaco,11,SC,8,0,0.0,0.025
monaco,11,VSC,8,0,0.0,0.0
monaco,11,RED,8,0,0.0,0.0
monaco,12,SC,8,0,0.0,0.025
monaco,12,VSC,8,0,0.0,0.0
monaco,12,RED,8,0,0.0,0.0
monaco,13,SC,8,0,0.0,0.0
monaco,13,VSC,8,0,0.0,0.0
monaco,13,RED,8,0,0.0,0.0
monaco,14,SC,8,0,0.0,0.0
monaco,14,VSC,8,0,0.0,0.0
monaco,14,RED,8,0,0.0,0.0
monaco,15,SC,8,0,0.0,0.0
monaco,15,VSC,8,0,0.0,0.0
monaco,15,RED,8,0,0.0,0.0
monaco,16,SC,8,0,0.0,0.0
monaco,16,VSC,8,0,0.0,0.0
monaco,16,RED,8,0,0.0,0.0
monaco,17,SC,8,0,0.0,0.0
monaco,17,VSC,8,0,0.0,0.0
monaco,17,RED,8,0,0.0,0.0
monaco,18,SC,8,0,0.0,0.0
monaco,18,VSC,8,0,0.0,0.0
monaco,18,RED,8,0,0.0,0.0
monaco,19,SC,8,0,0.0,0.0
monaco,19,VSC,8,0,0.0,0.0
monaco,19,RED,8,0,0.0,0.0
monaco,20,SC,8,0,0.0,0.0
monaco,20,VSC,8,0,0.0,0.0
monaco,20,RED,8,0,0.0,0.0
monaco,21,SC,8,0,0.0,0.0
monaco,21,VSC,8,0,0.0,0.0
monaco,21,RED,8,0,0.0,0.0
monaco,22,SC,8,0,0.0,0.0
monaco,22,VSC,8,0,0.0,0.0
monaco,22,RED,8,0,0.0,0.0
monaco,23,SC,8,0,0.0,0.025
monaco,23,VSC,8,0,0.0,0.025
monaco,23,RED,8,0,0.0,0.0
monaco,24,SC,8,0,0.0,0.025
monaco,24,VSC,8,0,0.0,0.025
monaco,24,RED,8,0,0.0,0.0
monaco,25,SC,8,1,0.125,0.025
monaco,25,VSC,8,1,0.125,0.025
monaco,25,RED,8,0,0.0,0.0
monaco,26,SC,8,0,0.0,0.025
monaco,26,VSC,8,0,0.0,0.025
monaco,26,RED,8,0,0.0,0.0
monaco,27,SC,8,0,0.0,0.025
monaco,27,VSC,8,0,0.0,0.025
monaco,27,RED,8,0,0.0,0.025
monaco,28,SC,8,0,0.0,0.0
monaco,28,VSC,8,0,0.0,0.0
monaco,28,RED,8,0,0.0,0.025
monaco,29,SC,8,0,0.0,0.0
monaco,29,VSC,8,0,0.0,0.0
monaco,29,RED,8,1,0.125,0.025
monaco,30,SC,8,0,0.0,0.0
monaco,30,VSC,8,0,0.0,0.0
monaco,30,RED,8,0,0.0,0.025
monaco,31,SC,8,0,0.0,0.0
monaco,31,VSC,8,0,0.0,0.0
monaco,31,RED,8,0,0.0,0.025
monaco,32,SC,8,0,0.0,0.0
monaco,32,VSC,8,0,0.0,0.0
monaco,32,RED,8,0,0.0,0.0
monaco,33,SC,8,0,0.0,0.0
monaco,33,VSC,8,0,0.0,0.0
monaco,33,RED,8,0,0.0,0.0
monaco,34,SC,8,0,0.0,0.0
monaco,34,VSC,8,0,0.0,0.0
monaco,34,RED,8,0,0.0,0.0
monaco,35,SC,8,0,0.0,0.0
monaco,35,VSC,8,0,0.0,0.0
monaco,35,RED,8,0,0.0,0.0
monaco,36,SC,8,0,0.0,0.0
monaco,36,VSC,8,0,0.0,0.0
monaco,36,RED,8,0,0.0,0.0
monaco,37,SC,8,0,0.0,0.0
monaco,37,VSC,8,0,0.0,0.0
monaco,37,RED,8,0,0.0,0.0
monaco,38,SC,8,0,0.0,0.0
monaco,38,VSC,8,0,0.0,0.0
monaco,38,RED,8,0,0.0,0.0
monaco,39,SC,8,0,0.0,0.0
monaco,39,VSC,8,0,0.0,0.0
monaco,39,RED,8,0,0.0,0.0
monaco,40,SC,8,0,0.0,0.0
monaco,40,VSC,8,0,0.0,0.0
monaco,40,RED,8,0,0.0,0.0
monaco,41,SC,8,0,0.0,0.0
monaco,41,VSC,8,0,0.0,0.0
monaco,41,RED,8,0,0.0,0.0
monaco,42,SC,8,0,0.0,0.0
monaco,42,VSC,8,0,0.0,0.0
monaco,42,RED,8,0,0.0,0.0
monaco,43,SC,8,0,0.0,0.0
monaco,43,VSC,8,0,0.0,0.0
monaco,43,RED,8,0,0.0,0.0
monaco,44,SC,8,0,0.0,0.0
monaco,44,VSC,8,0,0.0,0.0
monaco,44,RED,8,0,0.0,0.0
monaco,45,SC,8,0,0.0,0.0
monaco,45,VSC,8,0,0.0,0.0
monaco,45,RED,8,0,0.0,0.0
monaco,46,SC,8,0,0.0,0.0
monaco,46,VSC,8,0,0.0,0.0
monaco,46,RED,8,0,0.0,0.0
monaco,47,SC,8,0,0.0,0.0
monaco,47,VSC,8,0,0.0,0.0
monaco,47,RED,8,0,0.0,0.0
monaco,48,SC,8,0,0.0,0.0
monaco,48,VSC,8,0,0.0,0.0
monaco,48,RED,8,0,0.0,0.0
monaco,49,SC,8,0,0.0,0.0
monaco,49,VSC,8,0,0.0,0.0
monaco,49,RED,8,0,0.0,0.0
monaco,50,SC,8,0,0.0,0.0
monaco,50,VSC,8,0,0.0,0.0
monaco,50,RED,8,0,0.0,0.0
monaco,51,SC,8,0,0.0,0.0
monaco,51,VSC,8,0,0.0,0.0
monaco,51,RED,8,0,0.0,0.0
monaco,52,SC,8,0,0.0,0.0
monaco,52,VSC,8,0,0.0,0.0
monaco,52,RED,8,0,0.0,0.0
monaco,53,SC,8,0,0.0,0.0
monaco,53,VSC,8,0,0.0,0.0
monaco,53,RED,8,0,0.0,0.0
monaco,54,SC,8,0,0.0,0.0
monaco,54,VSC,8,0,0.0,0.0
monaco,54,RED,8,0,0.0,0.0
monaco,55,SC,8,0,0.0,0.025
monaco,55,VSC,8,0,0.0,0.0
monaco,55,RED,8,0,0.0,0.0
monaco,56,SC,8,0,0.0,0.025
monaco,56,VSC,8,0,0.0,0.0
monaco,56,RED,8,0,0.0,0.0
monaco,57,SC,8,1,0.125,0.025
monaco,57,VSC,8,0,0.0,0.0
monaco,57,RED,8,0,0.0,0.0
monaco,58,SC,8,0,0.0,0.025
monaco,58,VSC,8,0,0.0,0.0
monaco,58,RED,8,0,0.0,0.0
monaco,59,SC,8,0,0.0,0.025
monaco,59,VSC,8,0,0.0,0.0
monaco,59,RED,8,0,0.0,0.0
monaco,60,SC,8,0,0.0,0.0
monaco,60,VSC,8,0,0.0,0.0
monaco,60,RED,8,0,0.0,0.0
monaco,61,SC,8,0,0.0,0.0
monaco,61,VSC,8,0,0.0,0.0
monaco,61,RED,8,0,0.0,0.0
monaco,62,SC,8,0,0.0,0.0
monaco,62,VSC,8,0,0.0,0.0
monaco,62,RED,8,0,0.0,0.0
monaco,63,SC,8,0,0.0,0.0
monaco,63,VSC,8,0,0.0,0.0
monaco,63,RED,8,0,0.0,0.0
monaco,64,SC,8,0,0.0,0.0
monaco,64,VSC,8,0,0.0,0.0
monaco,64,RED,8,0,0.0,0.0
monaco,65,SC,7,0,0.0,0.0
monaco,65,VSC,7,0,0.0,0.0
monaco,65,RED,7,0,0.0,0.02857142857142857
monaco,66,SC,7,0,0.0,0.0
monaco,66,VSC,7,0,0.0,0.0
monaco,66,RED,7,0,0.0,0.02857142857142857
monaco,67,SC,7,0,0.0,0.0
monaco,67,VSC,7,0,0.0,0.0
monaco,67,RED,7,1,0.14285714285714285,0.02857142857142857
monaco,68,SC,7,0,0.0,0.0
monaco,68,VSC,7,0,0.0,0.02857142857142857
monaco,68,RED,7,0,0.0,0.02857142857142857
monaco,69,SC,7,0,0.0,0.0
monaco,69,VSC,7,0,0.0,0.02857142857142857
monaco,69,RED,7,0,0.0,0.02857142857142857
monaco,70,SC,7,0,0.0,0.0
monaco,70,VSC,7,1,0.14285714285714285,0.02857142857142857
monaco,70,RED,7,0,0.0,0.0
monaco,71,SC,7,0,0.0,0.0
monaco,71,VSC,7,0,0.0,0.02857142857142857
monaco,71,RED,7,0,0.0,0.0
monaco,72,SC,7,0,0.0,0.0
monaco,72,VSC,7,0,0.0,0.02857142857142857
monaco,72,RED,7,0,0.0,0.0
monaco,73,SC,7,0,0.0,0.0
monaco,73,VSC,7,0,0.0,0.0
monaco,73,RED,7,0,0.0,0.0
monaco,74,SC,7,0,0.0,0.0
monaco,74,VSC,7,0,0.0,0.0
monaco,74,RED,7,0,0.0,0.0
monaco,75,SC,7,0,0.0,0.0
monaco,75,VSC,7,0,0.0,0.0
monaco,75,RED,7,0,0.0,0.0
monaco,76,SC,7,0,0.0,0.0
monaco,76,VSC,7,0,0.0,0.0
monaco,76,RED,7,0,0.0,0.0
monaco,77,SC,7,0,0.0,0.0
monaco,77,VSC,7,0,0.0,0.0
monaco,77,RED,7,0,0.0,0.0
monaco,78,SC,7,0,0.0,0.0
monaco,78,VSC,7,0,0.0,0.0
monaco,78,RED,7,0,0.0,0.0
montr_al,1,SC,7,1,0.14285714285714285,0.047619047619047616
montr_al,1,VSC,7,0,0.0,0.0
montr_al,1,RED,7,0,0.0,0.0
montr_al,2,SC,7,0,0.0,0.03571428571428571
montr_al,2,VSC,7,0,0.0,0.0
montr_al,2,RED,7,0,0.0,0.0
montr_al,3,SC,7,0,0.0,0.02857142857142857
montr_al,3,VSC,7,0,0.0,0.0
montr_al,3,RED,7,0,0.0,0.0
montr_al,4,SC,7,0,0.0,0.0
montr_al,4,VSC,7,0,0.0,0.0
montr_al,4,RED,7,0,0.0,0.0
montr_al,5,SC,7,0,0.0,0.0
montr_al,5,VSC,7,0,0.0,0.02857142857142857
montr_al,5,RED,7,0,0.0,0.0
montr_al,6,SC,7,0,0.0,0.0
montr_al,6,VSC,7,0,0.0,0.05714285714285714
montr_al,6,RED,7,0,0.0,0.0
montr_al,7,SC,7,0,0.0,0.0
montr_al,7,VSC,7,1,0.14285714285714285,0.05714285714285714
montr_al,7,RED,7,0,0.0,0.0
montr_al,8,SC,7,0,0.0,0.0
montr_al,8,VSC,7,1,0.14285714285714285,0.05714285714285714
montr_al,8,RED,7,0,0.0,0.0
montr_al,9,SC,7,0,0.0,0.0
montr_al,9,VSC,7,0,0.0,0.05714285714285714
montr_al,9,RED,7,0,0.0,0.0
montr_al,10,SC,7,0,0.0,0.02857142857142857
montr_al,10,VSC,7,0,0.0,0.02857142857142857
montr_al,10,RED,7,0,0.0,0.0
montr_al,11,SC,7,0,0.0,0.02857142857142857
montr_al,11,VSC,7,0,0.0,0.0
montr_al,11,RED,7,0,0.0,0.0
montr_al,12,SC,7,1,0.14285714285714285,0.02857142857142857
montr_al,12,VSC,7,0,0.0,0.0
montr_al,12,RED,7,0,0.0,0.0
montr_al,13,SC,7,0,0.0,0.02857142857142857
montr_al,13,VSC,7,0,0.0,0.0
montr_al,13,RED,7,0,0.0,0.0
montr_al,14,SC,7,0,0.0,0.02857142857142857
montr_al,14,VSC,7,0,0.0,0.0
montr_al,14,RED,7,0,0.0,0.0
montr_al,15,SC,7,0,0.0,0.0
montr_al,15,VSC,7,0,0.0,0.0
montr_al,15,RED,7,0,0.0,0.0
montr_al,16,SC,7,0,0.0,0.0
montr_al,16,VSC,7,0,0.0,0.0
montr_al,16,RED,7,0,0.0,0.0
montr_al,17,SC,7,0,0.0,0.0
montr_al,17,VSC,7,0,0.0,0.02857142857142857
montr_al,17,RED,7,0,0.0,0.0
montr_al,18,SC,7,0,0.0,0.0
montr_al,18,VSC,7,0,0.0,0.02857142857142857
montr_al,18,RED,7,0,0.0,0.0
montr_al,19,SC,7,0,0.0,0.0
montr_al,19,VSC,7,1,0.14285714285714285,0.02857142857142857
montr_al,19,RED,7,0,0.0,0.0
montr_al,20,SC,7,0,0.0,0.0
montr_al,20,VSC,7,0,0.0,0.02857142857142857
montr_al,20,RED,7,0,0.0,0.0
montr_al,21,SC,7,0,0.0,0.0
montr_al,21,VSC,7,0,0.0,0.02857142857142857
montr_al,21,RED,7,0,0.0,0.0
montr_al,22,SC,7,0,0.0,0.02857142857142857
montr_al,22,VSC,7,0,0.0,0.0
montr_al,22,RED,7,0,0.0,0.0
montr_al,23,SC,7,0,0.0,0.02857142857142857
montr_al,23,VSC,7,0,0.0,0.0
montr_al,23,RED,7,0,0.0,0.0
montr_al,24,SC,7,1,0.14285714285714285,0.02857142857142857
montr_al,24,VSC,7,0,0.0,0.0
montr_al,24,RED,7,0,0.0,0.0
montr_al,25,SC,7,0,0.0,0.02857142857142857
montr_al,25,VSC,7,0,0.0,0.0
montr_al,25,RED,7,0,0.0,0.0
montr_al,26,SC,7,0,0.0,0.02857142857142857
montr_al,26,VSC,7,0,0.0,0.02857142857142857
montr_al,26,RED,7,0,0.0,0.0
montr_al,27,SC,7,0,0.0,0.0
montr_al,27,VSC,7,0,0.0,0.02857142857142857
montr_al,27,RED,7,0,0.0,0.0
montr_al,28,SC,7,0,0.0,0.0
montr_al,28,VSC,7,1,0.14285714285714285,0.02857142857142857
montr_al,28,RED,7,0,0.0,0.0
montr_al,29,SC,7,0,0.0,0.0
montr_al,29,VSC,7,0,0.0,0.02857142857142857
montr_al,29,RED,7,0,0.0,0.0
montr_al,30,SC,7,0,0.0,0.0
montr_al,30,VSC,7,0,0.0,0.02857142857142857
montr_al,30,RED,7,0,0.0,0.0
montr_al,31,SC,7,0,0.0,0.0
montr_al,31,VSC,7,0,0.0,0.0
montr_al,31,RED,7,0,0.0,0.0
montr_al,32,SC,7,0,0.0,0.0
montr_al,32,VSC,7,0,0.0,0.0
montr_al,32,RED,7,0,0.0,0.0
montr_al,33,SC,7,0,0.0,0.0
montr_al,33,VSC,7,0,0.0,0.0
montr_al,33,RED,7,0,0.0,0.0
montr_al,34,SC,7,0,0.0,0.0
montr_al,34,VSC,7,0,0.0,0.0
montr_al,34,RED,7,0,0.0,0.0
montr_al,35,SC,7,0,0.0,0.0
montr_al,35,VSC,7,0,0.0,0.0
montr_al,35,RED,7,0,0.0,0.0
montr_al,36,SC,7,0,0.0,0.0
montr_al,36,VSC,7,0,0.0,0.0
montr_al,36,RED,7,0,0.0,0.0
montr_al,37,SC,7,0,0.0,0.0
montr_al,37,VSC,7,0,0.0,0.0
montr_al,37,RED,7,0,0.0,0.0
montr_al,38,SC,7,0,0.0,0.0
montr_al,38,VSC,7,0,0.0,0.0
montr_al,38,RED,7,0,0.0,0.0
montr_al,39,SC,7,0,0.0,0.0
montr_al,39,VSC,7,0,0.0,0.0
montr_al,39,RED,7,0,0.0,0.0
montr_al,40,SC,7,0,0.0,0.0
montr_al,40,VSC,7,0,0.0,0.0
montr_al,40,RED,7,0,0.0,0.0
montr_al,41,SC,7,0,0.0,0.0
montr_al,41,VSC,7,0,0.0,0.02857142857142857
montr_al,41,RED,7,0,0.0,0.0
montr_al,42,SC,7,0,0.0,0.0
montr_al,42,VSC,7,0,0.0,0.02857142857142857
montr_al,42,RED,7,0,0.0,0.0
montr_al,43,SC,7,0,0.0,0.0
montr_al,43,VSC,7,1,0.14285714285714285,0.02857142857142857
montr_al,43,RED,7,0,0.0,0.0
montr_al,44,SC,7,0,0.0,0.0
montr_al,44,VSC,7,0,0.0,0.02857142857142857
montr_al,44,RED,7,0,0.0,0.0
montr_al,45,SC,7,0,0.0,0.0
montr_al,45,VSC,7,0,0.0,0.02857142857142857
montr_al,45,RED,7,0,0.0,0.0
montr_al,46,SC,7,0,0.0,0.02857142857142857
montr_al,46,VSC,7,0,0.0,0.0
montr_al,46,RED,7,0,0.0,0.0
montr_al,47,SC,7,0,0.0,0.02857142857142857
montr_al,47,VSC,7,0,0.0,0.02857142857142857
montr_al,47,RED,7,0,0.0,0.0
montr_al,48,SC,7,1,0.14285714285714285,0.02857142857142857
montr_al,48,VSC,7,0,0.0,0.02857142857142857
montr_al,48,RED,7,0,0.0,0.0
montr_al,49,SC,7,0,0.0,0.02857142857142857
montr_al,49,VSC,7,1,0.14285714285714285,0.02857142857142857
montr_al,49,RED,7,0,0.0,0.0
montr_al,50,SC,7,0,0.0,0.05714285714285714
montr_al,50,VSC,7,0,0.0,0.02857142857142857
montr_al,50,RED,7,0,0.0,0.0
montr_al,51,SC,7,0,0.0,0.02857142857142857
montr_al,51,VSC,7,0,0.0,0.02857142857142857
montr_al,51,RED,7,0,0.0,0.0
montr_al,52,SC,7,1,0.14285714285714285,0.02857142857142857
montr_al,52,VSC,7,0,0.0,0.0
montr_al,52,RED,7,0,0.0,0.0
montr_al,53,SC,7,0,0.0,0.02857142857142857
montr_al,53,VSC,7,0,0.0,0.0
montr_al,53,RED,7,0,0.0,0.0
montr_al,54,SC,7,0,0.0,0.02857142857142857
montr_al,54,VSC,7,0,0.0,0.0
montr_al,54,RED,7,0,0.0,0.0
montr_al,55,SC,7,0,0.0,0.0
montr_al,55,VSC,7,0,0.0,0.0
montr_al,55,RED,7,0,0.0,0.0
montr_al,56,SC,7,0,0.0,0.0
montr_al,56,VSC,7,0,0.0,0.0
montr_al,56,RED,7,0,0.0,0.0
montr_al,57,SC,7,0,0.0,0.0
montr_al,57,VSC,7,0,0.0,0.0
montr_al,57,RED,7,0,0.0,0.0
montr_al,58,SC,7,0,0.0,0.0
montr_al,58,VSC,7,0,0.0,0.0
montr_al,58,RED,7,0,0.0,0.0
montr_al,59,SC,7,0,0.0,0.0
montr_al,59,VSC,7,0,0.0,0.0
montr_al,59,RED,7,0,0.0,0.0
montr_al,60,SC,7,0,0.0,0.0
montr_al,60,VSC,7,0,0.0,0.0
montr_al,60,RED,7,0,0.0,0.0
montr_al,61,SC,7,0,0.0,0.0
montr_al,61,VSC,7,0,0.0,0.0
montr_al,61,RED,7,0,0.0,0.0
montr_al,62,SC,7,0,0.0,0.0
montr_al,62,VSC,7,0,0.0,0.0
montr_al,62,RED,7,0,0.0,0.0
montr_al,63,SC,7,0,0.0,0.0
montr_al,63,VSC,7,0,0.0,0.0
montr_al,63,RED,7,0,0.0,0.0
montr_al,64,SC,7,0,0.0,0.02857142857142857
montr_al,64,VSC,7,0,0.0,0.0
montr_al,64,RED,7,0,0.0,0.0
montr_al,65,SC,7,0,0.0,0.02857142857142857
montr_al,65,VSC,7,0,0.0,0.0
montr_al,65,RED,7,0,0.0,0.0
montr_al,66,SC,7,1,0.14285714285714285,0.02857142857142857
montr_al,66,VSC,7,0,0.0,0.0
montr_al,66,RED,7,0,0.0,0.0
montr_al,67,SC,7,0,0.0,0.02857142857142857
montr_al,67,VSC,7,0,0.0,0.0
montr_al,67,RED,7,0,0.0,0.0
montr_al,68,SC,7,0,0.0,0.02857142857142857
montr_al,68,VSC,7,0,0.0,0.0
montr_al,68,RED,7,0,0.0,0.0
montr_al,69,SC,6,0,0.0,0.0
montr_al,69,VSC,6,0,0.0,0.0
montr_al,69,RED,6,0,0.0,0.0
montr_al,70,SC,6,0,0.0,0.0
montr_al,70,VSC,6,0,0.0,0.0
montr_al,70,RED,6,0,0.0,0.0
monza,1,SC,8,0,0.0,0.041666666666666664
monza,1,VSC,8,1,0.125,0.041666666666666664
monza,1,RED,8,0,0.0,0.041666666666666664
monza,2,SC,8,1,0.125,0.03125
monza,2,VSC,8,0,0.0,0.03125
monza,2,RED,8,1,0.125,0.03125
monza,3,SC,8,0,0.0,0.025
monza,3,VSC,8,0,0.0,0.025
monza,3,RED,8,0,0.0,0.025
monza,4,SC,8,0,0.0,0.025
monza,4,VSC,8,0,0.0,0.0
monza,4,RED,8,0,0.0,0.025
monza,5,SC,8,0,0.0,0.0
monza,5,VSC,8,0,0.0,0.0
monza,5,RED,8,0,0.0,0.0
monza,6,SC,8,0,0.0,0.0
monza,6,VSC,8,0,0.0,0.0
monza,6,RED,8,0,0.0,0.0
monza,7,SC,8,0,0.0,0.0
monza,7,VSC,8,0,0.0,0.0
monza,7,RED,8,0,0.0,0.0
monza,8,SC,8,0,0.0,0.0
monza,8,VSC,8,0,0.0,0.0
monza,8,RED,8,0,0.0,0.0
monza,9,SC,8,0,0.0,0.0
monza,9,VSC,8,0,0.0,0.025
monza,9,RED,8,0,0.0,0.0
monza,10,SC,8,0,0.0,0.0
monza,10,VSC,8,0,0.0,0.025
monza,10,RED,8,0,0.0,0.0
monza,11,SC,8,0,0.0,0.0
monza,11,VSC,8,1,0.125,0.025
monza,11,RED,8,0,0.0,0.0
monza,12,SC,8,0,0.0,0.0
monza,12,VSC,8,0,0.0,0.025
monza,12,RED,8,0,0.0,0.0
monza,13,SC,8,0,0.0,0.0
monza,13,VSC,8,0,0.0,0.025
monza,13,RED,8,0,0.0,0.0
monza,14,SC,8,0,0.0,0.0
monza,14,VSC,8,0,0.0,0.0
monza,14,RED,8,0,0.0,0.0
monza,15,SC,8,0,0.0,0.0
monza,15,VSC,8,0,0.0,0.0
monza,15,RED,8,0,0.0,0.0
monza,16,SC,8,0,0.0,0.025
monza,16,VSC,8,0,0.0,0.0
monza,16,RED,8,0,0.0,0.0
monza,17,SC,8,0,0.0,0.025
monza,17,VSC,8,0,0.0,0.0
monza,17,RED,8,0,0.0,0.0
monza,18,SC,8,1,0.125,0.025
monza,18,VSC,8,0,0.0,0.0
monza,18,RED,8,0,0.0,0.0
monza,19,SC,8,0,0.0,0.025
monza,19,VSC,8,0,0.0,0.0
monza,19,RED,8,0,0.0,0.0
monza,20,SC,8,0,0.0,0.025
monza,20,VSC,8,0,0.0,0.0
monza,20,RED,8,0,0.0,0.0
monza,21,SC,8,0,0.0,0.0
monza,21,VSC,8,0,0.0,0.0
monza,21,RED,8,0,0.0,0.0
monza,22,SC,8,0,0.0,0.0
monza,22,VSC,8,0,0.0,0.0
monza,22,RED,8,0,0.0,0.025
monza,23,SC,8,0,0.0,0.025
monza,23,VSC,8,0,0.0,0.0
monza,23,RED,8,0,0.0,0.025
monza,24,SC,8,0,0.0,0.025
monza,24,VSC,8,0,0.0,0.0
monza,24,RED,8,1,0.125,0.025
monza,25,SC,8,1,0.125,0.025
monza,25,VSC,8,0,0.0,0.05
monza,25,RED,8,0,0.0,0.025
monza,26,SC,8,0,0.0,0.025
monza,26,VSC,8,0,0.0,0.05
monza,26,RED,8,0,0.0,0.025
monza,27,SC,8,0,0.0,0.025
monza,27,VSC,8,2,0.25,0.05
monza,27,RED,8,0,0.0,0.0
monza,28,SC,8,0,0.0,0.0
monza,28,VSC,8,0,0.0,0.05
monza,28,RED,8,0,0.0,0.0
monza,29,SC,8,0,0.0,0.0
monza,29,VSC,8,0,0.0,0.05
monza,29,RED,8,0,0.0,0.0
monza,30,SC,8,0,0.0,0.0
monza,30,VSC,8,0,0.0,0.0
monza,30,RED,8,0,0.0,0.0
monza,31,SC,8,0,0.0,0.0
monza,31,VSC,8,0,0.0,0.0
monza,31,RED,8,0,0.0,0.0
monza,32,SC,8,0,0.0,0.0
monza,32,VSC,8,0,0.0,0.0
monza,32,RED,8,0,0.0,0.0
monza,33,SC,8,0,0.0,0.0
monza,33,VSC,8,0,0.0,0.0
monza,33,RED,8,0,0.0,0.0
monza,34,SC,8,0,0.0,0.0
monza,34,VSC,8,0,0.0,0.0
monza,34,RED,8,0,0.0,0.0
monza,35,SC,8,0,0.0,0.0
monza,35,VSC,8,0,0.0,0.0
monza,35,RED,8,0,0.0,0.0
monza,36,SC,8,0,0.0,0.0
monza,36,VSC,8,0,0.0,0.0
monza,36,RED,8,0,0.0,0.0
monza,37,SC,8,0,0.0,0.0
monza,37,VSC,8,0,0.0,0.0
monza,37,RED,8,0,0.0,0.0
monza,38,SC,8,0,0.0,0.0
monza,38,VSC,8,0,0.0,0.0
monza,38,RED,8,0,0.0,0.0
monza,39,SC,8,0,0.0,0.0
monza,39,VSC,8,0,0.0,0.0
monza,39,RED,8,0,0.0,0.0
monza,40,SC,8,0,0.0,0.0
monza,40,VSC,8,0,0.0,0.025
monza,40,RED,8,0,0.0,0.0
monza,41,SC,8,0,0.0,0.0
monza,41,VSC,8,0,0.0,0.025
monza,41,RED,8,0,0.0,0.0
monza,42,SC,8,0,0.0,0.0
monza,42,VSC,8,1,0.125,0.025
monza,42,RED,8,0,0.0,0.0
monza,43,SC,8,0,0.0,0.0
monza,43,VSC,8,0,0.0,0.025
monza,43,RED,8,0,0.0,0.0
monza,44,SC,8,0,0.0,0.025
monza,44,VSC,8,0,0.0,0.025
monza,44,RED,8,0,0.0,0.0
monza,45,SC,8,0,0.0,0.025
monza,45,VSC,8,0,0.0,0.0
monza,45,RED,8,0,0.0,0.0
monza,46,SC,8,1,0.125,0.025
monza,46,VSC,8,0,0.0,0.0
monza,46,RED,8,0,0.0,0.0
monza,47,SC,8,0,0.0,0.025
monza,47,VSC,8,0,0.0,0.0
monza,47,RED,8,0,0.0,0.0
monza,48,SC,8,0,0.0,0.025
monza,48,VSC,8,0,0.0,0.0
monza,48,RED,8,0,0.0,0.0
monza,49,SC,8,0,0.0,0.0
monza,49,VSC,8,0,0.0,0.0
monza,49,RED,8,0,0.0,0.0
monza,50,SC,8,0,0.0,0.0
monza,50,VSC,8,0,0.0,0.0
monza,50,RED,8,0,0.0,0.0
monza,51,SC,8,0,0.0,0.0
monza,51,VSC,8,0,0.0,0.0
monza,51,RED,8,0,0.0,0.0
monza,52,SC,7,0,0.0,0.0
monza,52,VSC,7,0,0.0,0.0
monza,52,RED,7,0,0.0,0.0
monza,53,SC,7,0,0.0,0.0
monza,53,VSC,7,0,0.0,0.0
monza,53,RED,7,0,0.0,0.0
s_o_paulo,1,SC,7,2,0.2857142857142857,0.14285714285714285
s_o_paulo,1,VSC,7,0,0.0,0.0
s_o_paulo,1,RED,7,0,0.0,0.047619047619047616
s_o_paulo,2,SC,7,1,0.14285714285714285,0.10714285714285714
s_o_paulo,2,VSC,7,0,0.0,0.0
s_o_paulo,2,RED,7,1,0.14285714285714285,0.03571428571428571
s_o_paulo,3,SC,7,0,0.0,0.11428571428571428
s_o_paulo,3,VSC,7,0,0.0,0.0
s_o_paulo,3,RED,7,0,0.0,0.02857142857142857
s_o_paulo,4,SC,7,0,0.0,0.05714285714285714
s_o_paulo,4,VSC,7,0,0.0,0.02857142857142857
s_o_paulo,4,RED,7,0,0.0,0.02857142857142857
s_o_paulo,5,SC,7,1,0.14285714285714285,0.02857142857142857
s_o_paulo,5,VSC,7,0,0.0,0.02857142857142857
s_o_paulo,5,RED,7,0,0.0,0.0
s_o_paulo,6,SC,7,0,0.0,0.02857142857142857
s_o_paulo,6,VSC,7,1,0.14285714285714285,0.02857142857142857
s_o_paulo,6,RED,7,0,0.0,0.0
s_o_paulo,7,SC,7,0,0.0,0.02857142857142857
s_o_paulo,7,VSC,7,0,0.0,0.02857142857142857
s_o_paulo,7,RED,7,0,0.0,0.0
s_o_paulo,8,SC,7,0,0.0,0.0
s_o_paulo,8,VSC,7,0,0.0,0.02857142857142857
s_o_paulo,8,RED,7,0,0.0,0.0
s_o_paulo,9,SC,7,0,0.0,0.0
s_o_paulo,9,VSC,7,0,0.0,0.02857142857142857
s_o_paulo,9,RED,7,0,0.0,0.0
s_o_paulo,10,SC,7,0,0.0,0.0
s_o_paulo,10,VSC,7,0,0.0,0.02857142857142857
s_o_paulo,10,RED,7,0,0.0,0.0
s_o_paulo,11,SC,7,0,0.0,0.0
s_o_paulo,11,VSC,7,1,0.14285714285714285,0.02857142857142857
s_o_paulo,11,RED,7,0,0.0,0.0
s_o_paulo,12,SC,7,0,0.0,0.0
s_o_paulo,12,VSC,7,0,0.0,0.02857142857142857
s_o_paulo,12,RED,7,0,0.0,0.0
s_o_paulo,13,SC,7,0,0.0,0.0
s_o_paulo,13,VSC,7,0,0.0,0.02857142857142857
s_o_paulo,13,RED,7,0,0.0,0.0
s_o_paulo,14,SC,7,0,0.0,0.0
s_o_paulo,14,VSC,7,0,0.0,0.0
s_o_paulo,14,RED,7,0,0.0,0.0
s_o_paulo,15,SC,7,0,0.0,0.0
s_o_paulo,15,VSC,7,0,0.0,0.0
s_o_paulo,15,RED,7,0,0.0,0.0
s_o_paulo,16,SC,7,0,0.0,0.0
s_o_paulo,16,VSC,7,0,0.0,0.0
s_o_paulo,16,RED,7,0,0.0,0.0
s_o_paulo,17,SC,7,0,0.0,0.0
s_o_paulo,17,VSC,7,0,0.0,0.0
s_o_paulo,17,RED,7,0,0.0,0.0
s_o_paulo,18,SC,7,0,0.0,0.0
s_o_paulo,18,VSC,7,0,0.0,0.0
s_o_paulo,18,RED,7,0,0.0,0.0
s_o_paulo,19,SC,7,0,0.0,0.0
s_o_paulo,19,VSC,7,0,0.0,0.0
s_o_paulo,19,RED,7,0,0.0,0.0
s_o_paulo,20,SC,7,0,0.0,0.0
s_o_paulo,20,VSC,7,0,0.0,0.0
s_o_paulo,20,RED,7,0,0.0,0.0
s_o_paulo,21,SC,7,0,0.0,0.0
s_o_paulo,21,VSC,7,0,0.0,0.0
s_o_paulo,21,RED,7,0,0.0,0.0
s_o_paulo,22,SC,7,0,0.0,0.0
s_o_paulo,22,VSC,7,0,0.0,0.0
s_o_paulo,22,RED,7,0,0.0,0.0
s_o_paulo,23,SC,7,0,0.0,0.0
s_o_paulo,23,VSC,7,0,0.0,0.0
s_o_paulo,23,RED,7,0,0.0,0.0
s_o_paulo,24,SC,7,0,0.0,0.0
s_o_paulo,24,VSC,7,0,0.0,0.0
s_o_paulo,24,RED,7,0,0.0,0.0
s_o_paulo,25,SC,7,0,0.0,0.0
s_o_paulo,25,VSC,7,0,0.0,0.02857142857142857
s_o_paulo,25,RED,7,0,0.0,0.0
s_o_paulo,26,SC,7,0,0.0,0.02857142857142857
s_o_paulo,26,VSC,7,0,0.0,0.02857142857142857
s_o_paulo,26,RED,7,0,0.0,0.0
s_o_paulo,27,SC,7,0,0.0,0.02857142857142857
s_o_paulo,27,VSC,7,1,0.14285714285714285,0.05714285714285714
s_o_paulo,27,RED,7,0,0.0,0.0
s_o_paulo,28,SC,7,1,0.14285714285714285,0.02857142857142857
s_o_paulo,28,VSC,7,0,0.0,0.05714285714285714
s_o_paulo,28,RED,7,0,0.0,0.02857142857142857
s_o_paulo,29,SC,7,0,0.0,0.02857142857142857
s_o_paulo,29,VSC,7,1,0.14285714285714285,0.05714285714285714
s_o_paulo,29,RED,7,0,0.0,0.02857142857142857
s_o_paulo,30,SC,7,0,0.0,0.02857142857142857
s_o_paulo,30,VSC,7,0,0.0,0.02857142857142857
s_o_paulo,30,RED,7,1,0.14285714285714285,0.02857142857142857
s_o_paulo,31,SC,7,0,0.0,0.0
s_o_paulo,31,VSC,7,0,0.0,0.02857142857142857
s_o_paulo,31,RED,7,0,0.0,0.02857142857142857
s_o_paulo,32,SC,7,0,0.0,0.0
s_o_paulo,32,VSC,7,0,0.0,0.0
s_o_paulo,32,RED,7,0,0.0,0.02857142857142857
s_o_paulo,33,SC,7,0,0.0,0.0
s_o_paulo,33,VSC,7,0,0.0,0.0
s_o_paulo,33,RED,7,0,0.0,0.0
s_o_paulo,34,SC,7,0,0.0,0.0
s_o_paulo,34,VSC,7,0,0.0,0.0
s_o_paulo,34,RED,7,0,0.0,0.0
s_o_paulo,35,SC,7,0,0.0,0.0
s_o_paulo,35,VSC,7,0,0.0,0.0
s_o_paulo,35,RED,7,0,0.0,0.0
s_o_paulo,36,SC,7,0,0.0,0.0
s_o_paulo,36,VSC,7,0,0.0,0.0
s_o_paulo,36,RED,7,0,0.0,0.0
s_o_paulo,37,SC,7,0,0.0,0.02857142857142857
s_o_paulo,37,VSC,7,0,0.0,0.0
s_o_paulo,37,RED,7,0,0.0,0.0
s_o_paulo,38,SC,7,0,0.0,0.02857142857142857
s_o_paulo,38,VSC,7,0,0.0,0.0
s_o_paulo,38,RED,7,0,0.0,0.0
s_o_paulo,39,SC,7,1,0.14285714285714285,0.02857142857142857
s_o_paulo,39,VSC,7,0,0.0,0.0
s_o_paulo,39,RED,7,0,0.0,0.0
s_o_paulo,40,SC,7,0,0.0,0.02857142857142857
s_o_paulo,40,VSC,7,0,0.0,0.0
s_o_paulo,40,RED,7,0,0.0,0.0
s_o_paulo,41,SC,7,0,0.0,0.02857142857142857
s_o_paulo,41,VSC,7,0,0.0,0.0
s_o_paulo,41,RED,7,0,0.0,0.0
s_o_paulo,42,SC,7,0,0.0,0.0
s_o_paulo,42,VSC,7,0,0.0,0.0
s_o_paulo,42,RED,7,0,0.0,0.0
s_o_paulo,43,SC,7,0,0.0,0.0
s_o_paulo,43,VSC,7,0,0.0,0.0
s_o_paulo,43,RED,7,0,0.0,0.0
s_o_paulo,44,SC,7,0,0.0,0.0
s_o_paulo,44,VSC,7,0,0.0,0.0
s_o_paulo,44,RED,7,0,0.0,0.0
s_o_paulo,45,SC,7,0,0.0,0.0
s_o_paulo,45,VSC,7,0,0.0,0.0
s_o_paulo,45,RED,7,0,0.0,0.0
s_o_paulo,46,SC,7,0,0.0,0.0
s_o_paulo,46,VSC,7,0,0.0,0.0
s_o_paulo,46,RED,7,0,0.0,0.0
s_o_paulo,47,SC,7,0,0.0,0.0
s_o_paulo,47,VSC,7,0,0.0,0.0
s_o_paulo,47,RED,7,0,0.0,0.0
s_o_paulo,48,SC,7,0,0.0,0.0
s_o_paulo,48,VSC,7,0,0.0,0.0
s_o_paulo,48,RED,7,0,0.0,0.0
s_o_paulo,49,SC,7,0,0.0,0.02857142857142857
s_o_paulo,49,VSC,7,0,0.0,0.02857142857142857
s_o_paulo,49,RED,7,0,0.0,0.0
s_o_paulo,50,SC,7,0,0.0,0.02857142857142857
s_o_paulo,50,VSC,7,0,0.0,0.02857142857142857
s_o_paulo,50,RED,7,0,0.0,0.0
s_o_paulo,51,SC,7,1,0.14285714285714285,0.05714285714285714
s_o_paulo,51,VSC,7,1,0.14285714285714285,0.02857142857142857
s_o_paulo,51,RED,7,0,0.0,0.0
s_o_paulo,52,SC,7,0,0.0,0.05714285714285714
s_o_paulo,52,VSC,7,0,0.0,0.02857142857142857
s_o_paulo,52,RED,7,0,0.0,0.0
s_o_paulo,53,SC,7,1,0.14285714285714285,0.05714285714285714
s_o_paulo,53,VSC,7,0,0.0,0.02857142857142857
s_o_paulo,53,RED,7,0,0.0,0.0
s_o_paulo,54,SC,7,0,0.0,0.02857142857142857
s_o_paulo,54,VSC,7,0,0.0,0.0
s_o_paulo,54,RED,7,0,0.0,0.0
s_o_paulo,55,SC,7,0,0.0,0.02857142857142857
s_o_paulo,55,VSC,7,0,0.0,0.0
s_o_paulo,55,RED,7,0,0.0,0.0
s_o_paulo,56,SC,7,0,0.0,0.0
s_o_paulo,56,VSC,7,0,0.0,0.0
s_o_paulo,56,RED,7,0,0.0,0.0
s_o_paulo,57,SC,7,0,0.0,0.0
s_o_paulo,57,VSC,7,0,0.0,0.0
s_o_paulo,57,RED,7,0,0.0,0.0
s_o_paulo,58,SC,7,0,0.0,0.0
s_o_paulo,58,VSC,7,0,0.0,0.0
s_o_paulo,58,RED,7,0,0.0,0.0
s_o_paulo,59,SC,7,0,0.0,0.0
s_o_paulo,59,VSC,7,0,0.0,0.0
s_o_paulo,59,RED,7,0,0.0,0.0
s_o_paulo,60,SC,7,0,0.0,0.0
s_o_paulo,60,VSC,7,0,0.0,0.0
s_o_paulo,60,RED,7,0,0.0,0.0
s_o_paulo,61,SC,7,0,0.0,0.0
s_o_paulo,61,VSC,7,0,0.0,0.0
s_o_paulo,61,RED,7,0,0.0,0.0
s_o_paulo,62,SC,7,0,0.0,0.0
s_o_paulo,62,VSC,7,0,0.0,0.0
s_o_paulo,62,RED,7,0,0.0,0.0
s_o_paulo,63,SC,7,0,0.0,0.02857142857142857
s_o_paulo,63,VSC,7,0,0.0,0.0
s_o_paulo,63,RED,7,0,0.0,0.0
s_o_paulo,64,SC,7,0,0.0,0.02857142857142857
s_o_paulo,64,VSC,7,0,0.0,0.0
s_o_paulo,64,RED,7,0,0.0,0.0
s_o_paulo,65,SC,7,1,0.14285714285714285,0.02857142857142857
s_o_paulo,65,VSC,7,0,0.0,0.0
s_o_paulo,65,RED,7,0,0.0,0.0
s_o_paulo,66,SC,7,0,0.0,0.02857142857142857
s_o_paulo,66,VSC,7,0,0.0,0.0
s_o_paulo,66,RED,7,0,0.0,0.0
s_o_paulo,67,SC,7,0,0.0,0.02857142857142857
s_o_paulo,67,VSC,7,0,0.0,0.0
s_o_paulo,67,RED,7,0,0.0,0.0
s_o_paulo,68,SC,7,0,0.0,0.0
s_o_paulo,68,VSC,7,0,0.0,0.0
s_o_paulo,68,RED,7,0,0.0,0.0
s_o_paulo,69,SC,7,0,0.0,0.0
s_o_paulo,69,VSC,7,0,0.0,0.0
s_o_paulo,69,RED,7,0,0.0,0.0
s_o_paulo,70,SC,6,0,0.0,0.0
s_o_paulo,70,VSC,6,0,0.0,0.0
s_o_paulo,70,RED,6,0,0.0,0.0
s_o_paulo,71,SC,6,0,0.0,0.0
s_o_paulo,71,VSC,6,0,0.0,0.0
s_o_paulo,71,RED,6,0,0.0,0.0
sakhir,1,SC,9,2,0.2222222222222222,0.1111111111111111
sakhir,1,VSC,9,0,0.0,0.037037037037037035
sakhir,1,RED,9,1,0.1111111111111111,0.037037037037037035
sakhir,2,SC,9,0,0.0,0.08333333333333333
sakhir,2,VSC,9,1,0.1111111111111111,0.05555555555555555
sakhir,2,RED,9,0,0.0,0.027777777777777776
sakhir,3,SC,9,1,0.1111111111111111,0.06666666666666667
sakhir,3,VSC,9,0,0.0,0.04444444444444444
sakhir,3,RED,9,0,0.0,0.02222222222222222
sakhir,4,SC,9,0,0.0,0.02222222222222222
sakhir,4,VSC,9,1,0.1111111111111111,0.04444444444444444
sakhir,4,RED,9,0,0.0,0.0
sakhir,5,SC,9,0,0.0,0.02222222222222222
sakhir,5,VSC,9,0,0.0,0.02222222222222222
sakhir,5,RED,9,0,0.0,0.0
sakhir,6,SC,9,0,0.0,0.0
sakhir,6,VSC,9,0,0.0,0.02222222222222222
sakhir,6,RED,9,0,0.0,0.0
sakhir,7,SC,9,0,0.0,0.0
sakhir,7,VSC,9,0,0.0,0.0
sakhir,7,RED,9,0,0.0,0.0
sakhir,8,SC,9,0,0.0,0.0
sakhir,8,VSC,9,0,0.0,0.0
sakhir,8,RED,9,0,0.0,0.0
sakhir,9,SC,9,0,0.0,0.0
sakhir,9,VSC,9,0,0.0,0.0
sakhir,9,RED,9,0,0.0,0.0
sakhir,10,SC,9,0,0.0,0.0
sakhir,10,VSC,9,0,0.0,0.0
sakhir,10,RED,9,0,0.0,0.0
sakhir,11,SC,9,0,0.0,0.0
sakhir,11,VSC,9,0,0.0,0.0
sakhir,11,RED,9,0,0.0,0.0
sakhir,12,SC,9,0,0.0,0.0
sakhir,12,VSC,9,0,0.0,0.0
sakhir,12,RED,9,0,0.0,0.0
sakhir,13,SC,9,0,0.0,0.0
sakhir,13,VSC,9,0,0.0,0.0
sakhir,13,RED,9,0,0.0,0.0
sakhir,14,SC,9,0,0.0,0.0
sakhir,14,VSC,9,0,0.0,0.0
sakhir,14,RED,9,0,0.0,0.0
sakhir,15,SC,9,0,0.0,0.0
sakhir,15,VSC,9,0,0.0,0.0
sakhir,15,RED,9,0,0.0,0.0
sakhir,16,SC,9,0,0.0,0.0
sakhir,16,VSC,9,0,0.0,0.0
sakhir,16,RED,9,0,0.0,0.0
sakhir,17,SC,9,0,0.0,0.0
sakhir,17,VSC,9,0,0.0,0.0
sakhir,17,RED,9,0,0.0,0.0
sakhir,18,SC,9,0,0.0,0.0
sakhir,18,VSC,9,0,0.0,0.0
sakhir,18,RED,9,0,0.0,0.0
sakhir,19,SC,9,0,0.0,0.0
sakhir,19,VSC,9,0,0.0,0.0
sakhir,19,RED,9,0,0.0,0.0
sakhir,20,SC,9,0,0.0,0.0
sakhir,20,VSC,9,0,0.0,0.0
sakhir,20,RED,9,0,0.0,0.0
sakhir,21,SC,9,0,0.0,0.0
sakhir,21,VSC,9,0,0.0,0.0
sakhir,21,RED,9,0,0.0,0.0
sakhir,22,SC,9,0,0.0,0.0
sakhir,22,VSC,9,0,0.0,0.0
sakhir,22,RED,9,0,0.0,0.0
sakhir,23,SC,9,0,0.0,0.0
sakhir,23,VSC,9,0,0.0,0.0
sakhir,23,RED,9,0,0.0,0.0
sakhir,24,SC,9,0,0.0,0.0
sakhir,24,VSC,9,0,0.0,0.0
sakhir,24,RED,9,0,0.0,0.0
sakhir,25,SC,9,0,0.0,0.0
sakhir,25,VSC,9,0,0.0,0.0
sakhir,25,RED,9,0,0.0,0.0
sakhir,26,SC,9,0,0.0,0.0
sakhir,26,VSC,9,0,0.0,0.0
sakhir,26,RED,9,0,0.0,0.0
sakhir,27,SC,9,0,0.0,0.0
sakhir,27,VSC,9,0,0.0,0.0
sakhir,27,RED,9,0,0.0,0.0
sakhir,28,SC,9,0,0.0,0.0
sakhir,28,VSC,9,0,0.0,0.0
sakhir,28,RED,9,0,0.0,0.0
sakhir,29,SC,9,0,0.0,0.0
sakhir,29,VSC,9,0,0.0,0.0
sakhir,29,RED,9,0,0.0,0.0
sakhir,30,SC,9,0,0.0,0.02222222222222222
sakhir,30,VSC,9,0,0.0,0.0
sakhir,30,RED,9,0,0.0,0.0
sakhir,31,SC,9,0,0.0,0.02222222222222222
sakhir,31,VSC,9,0,0.0,0.0
sakhir,31,RED,9,0,0.0,0.0
sakhir,32,SC,9,1,0.1111111111111111,0.02222222222222222
sakhir,32,VSC,9,0,0.0,0.0
sakhir,32,RED,9,0,0.0,0.0
sakhir,33,SC,9,0,0.0,0.02222222222222222
sakhir,33,VSC,9,0,0.0,0.0
sakhir,33,RED,9,0,0.0,0.0
sakhir,34,SC,9,0,0.0,0.02222222222222222
sakhir,34,VSC,9,0,0.0,0.0
sakhir,34,RED,9,0,0.0,0.0
sakhir,35,SC,9,0,0.0,0.0
sakhir,35,VSC,9,0,0.0,0.0
sakhir,35,RED,9,0,0.0,0.0
sakhir,36,SC,9,0,0.0,0.0
sakhir,36,VSC,9,0,0.0,0.0
sakhir,36,RED,9,0,0.0,0.0
sakhir,37,SC,9,0,0.0,0.0
sakhir,37,VSC,9,0,0.0,0.0
sakhir,37,RED,9,0,0.0,0.0
sakhir,38,SC,9,0,0.0,0.0
sakhir,38,VSC,9,0,0.0,0.02222222222222222
sakhir,38,RED,9,0,0.0,0.0
sakhir,39,SC,9,0,0.0,0.0
sakhir,39,VSC,9,0,0.0,0.02222222222222222
sakhir,39,RED,9,0,0.0,0.0
sakhir,40,SC,9,0,0.0,0.0
sakhir,40,VSC,9,1,0.1111111111111111,0.02222222222222222
sakhir,40,RED,9,0,0.0,0.0
sakhir,41,SC,9,0,0.0,0.0
sakhir,41,VSC,9,0,0.0,0.02222222222222222
sakhir,41,RED,9,0,0.0,0.0
sakhir,42,SC,9,0,0.0,0.02222222222222222
sakhir,42,VSC,9,0,0.0,0.04444444444444444
sakhir,42,RED,9,0,0.0,0.0
sakhir,43,SC,9,0,0.0,0.02222222222222222
sakhir,43,VSC,9,0,0.0,0.02222222222222222
sakhir,43,RED,9,0,0.0,0.0
sakhir,44,SC,9,1,0.1111111111111111,0.02222222222222222
sakhir,44,VSC,9,1,0.1111111111111111,0.02222222222222222
sakhir,44,RED,9,0,0.0,0.0
sakhir,45,SC,9,0,0.0,0.02222222222222222
sakhir,45,VSC,9,0,0.0,0.02222222222222222
sakhir,45,RED,9,0,0.0,0.0
sakhir,46,SC,9,0,0.0,0.02222222222222222
sakhir,46,VSC,9,0,0.0,0.02222222222222222
sakhir,46,RED,9,0,0.0,0.0
sakhir,47,SC,9,0,0.0,0.0
sakhir,47,VSC,9,0,0.0,0.0
sakhir,47,RED,9,0,0.0,0.0
sakhir,48,SC,9,0,0.0,0.0
sakhir,48,VSC,9,0,0.0,0.0
sakhir,48,RED,9,0,0.0,0.0
sakhir,49,SC,9,0,0.0,0.0
sakhir,49,VSC,9,0,0.0,0.0
sakhir,49,RED,9,0,0.0,0.0
sakhir,50,SC,9,0,0.0,0.0
sakhir,50,VSC,9,0,0.0,0.0
sakhir,50,RED,9,0,0.0,0.0
sakhir,51,SC,9,0,0.0,0.04444444444444444
sakhir,51,VSC,9,0,0.0,0.02222222222222222
sakhir,51,RED,9,0,0.0,0.0
sakhir,52,SC,9,0,0.0,0.04444444444444444
sakhir,52,VSC,9,0,0.0,0.02222222222222222
sakhir,52,RED,9,0,0.0,0.0
sakhir,53,SC,9,2,0.2222222222222222,0.04444444444444444
sakhir,53,VSC,9,1,0.1111111111111111,0.02222222222222222
sakhir,53,RED,9,0,0.0,0.0
sakhir,54,SC,9,0,0.0,0.04444444444444444
sakhir,54,VSC,9,0,0.0,0.02222222222222222
sakhir,54,RED,9,0,0.0,0.0
sakhir,55,SC,9,0,0.0,0.04444444444444444
sakhir,55,VSC,9,0,0.0,0.02222222222222222
sakhir,55,RED,9,0,0.0,0.0
sakhir,56,SC,9,0,0.0,0.0
sakhir,56,VSC,9,0,0.0,0.0
sakhir,56,RED,9,0,0.0,0.0
sakhir,57,SC,8,0,0.0,0.0
sakhir,57,VSC,8,0,0.0,0.2
sakhir,57,RED,8,0,0.0,0.0
sakhir,58,SC,1,0,0.0,0.2
sakhir,58,VSC,1,0,0.0,0.2
sakhir,58,RED,1,0,0.0,0.0
sakhir,59,SC,1,0,0.0,0.2
sakhir,59,VSC,1,1,1.0,0.2
sakhir,59,RED,1,0,0.0,0.0
sakhir,60,SC,1,1,1.0,0.2
sakhir,60,VSC,1,0,0.0,0.2
sakhir,60,RED,1,0,0.0,0.0
sakhir,61,SC,1,0,0.0,0.2
sakhir,61,VSC,1,0,0.0,0.2
sakhir,61,RED,1,0,0.0,0.0
sakhir,62,SC,1,0,0.0,0.2
sakhir,62,VSC,1,0,0.0,0.0
sakhir,62,RED,1,0,0.0,0.0
sakhir,63,SC,1,0,0.0,0.0
sakhir,63,VSC,1,0,0.0,0.0
sakhir,63,RED,1,0,0.0,0.0
sakhir,64,SC,1,0,0.0,0.0
sakhir,64,VSC,1,0,0.0,0.0
sakhir,64,RED,1,0,0.0,0.0
sakhir,65,SC,1,0,0.0,0.0
sakhir,65,VSC,1,0,0.0,0.0
sakhir,65,RED,1,0,0.0,0.0
sakhir,66,SC,1,0,0.0,0.0
sakhir,66,VSC,1,0,0.0,0.0
sakhir,66,RED,1,0,0.0,0.0
sakhir,67,SC,1,0,0.0,0.0
sakhir,67,VSC,1,0,0.0,0.0
sakhir,67,RED,1,0,0.0,0.0
sakhir,68,SC,1,0,0.0,0.0
sakhir,68,VSC,1,0,0.0,0.0
sakhir,68,RED,1,0,0.0,0.0
sakhir,69,SC,1,0,0.0,0.0
sakhir,69,VSC,1,0,0.0,0.0
sakhir,69,RED,1,0,0.0,0.0
sakhir,70,SC,1,0,0.0,0.0
sakhir,70,VSC,1,0,0.0,0.0
sakhir,70,RED,1,0,0.0,0.0
sakhir,71,SC,1,0,0.0,0.0
sakhir,71,VSC,1,0,0.0,0.0
sakhir,71,RED,1,0,0.0,0.0
sakhir,72,SC,1,0,0.0,0.0
sakhir,72,VSC,1,0,0.0,0.0
sakhir,72,RED,1,0,0.0,0.0
sakhir,73,SC,1,0,0.0,0.0
sakhir,73,VSC,1,0,0.0,0.0
sakhir,73,RED,1,0,0.0,0.0
sakhir,74,SC,1,0,0.0,0.0
sakhir,74,VSC,1,0,0.0,0.0
sakhir,74,RED,1,0,0.0,0.0
sakhir,75,SC,1,0,0.0,0.0
sakhir,75,VSC,1,0,0.0,0.0
sakhir,75,RED,1,0,0.0,0.0
sakhir,76,SC,1,0,0.0,0.0
sakhir,76,VSC,1,0,0.0,0.0
sakhir,76,RED,1,0,0.0,0.0
sakhir,77,SC,1,0,0.0,0.0
sakhir,77,VSC,1,0,0.0,0.0
sakhir,77,RED,1,0,0.0,0.0
sakhir,78,SC,1,0,0.0,0.0
sakhir,78,VSC,1,0,0.0,0.0
sakhir,78,RED,1,0,0.0,0.0
sakhir,79,SC,1,0,0.0,0.0
sakhir,79,VSC,1,0,0.0,0.0
sakhir,79,RED,1,0,0.0,0.0
sakhir,80,SC,1,0,0.0,0.0
sakhir,80,VSC,1,0,0.0,0.0
sakhir,80,RED,1,0,0.0,0.0
sakhir,81,SC,1,0,0.0,0.0
sakhir,81,VSC,1,0,0.0,0.0
sakhir,81,RED,1,0,0.0,0.0
sakhir,82,SC,1,0,0.0,0.0
sakhir,82,VSC,1,0,0.0,0.0
sakhir,82,RED,1,0,0.0,0.0
sakhir,83,SC,1,0,0.0,0.0
sakhir,83,VSC,1,0,0.0,0.0
sakhir,83,RED,1,0,0.0,0.0
sakhir,84,SC,1,0,0.0,0.0
sakhir,84,VSC,1,0,0.0,0.0
sakhir,84,RED,1,0,0.0,0.0
sakhir,85,SC,1,0,0.0,0.0
sakhir,85,VSC,1,0,0.0,0.0
sakhir,85,RED,1,0,0.0,0.0
sakhir,86,SC,1,0,0.0,0.0
sakhir,86,VSC,1,0,0.0,0.0
sakhir,86,RED,1,0,0.0,0.0
sakhir,87,SC,1,0,0.0,0.0
sakhir,87,VSC,1,0,0.0,0.0
sakhir,87,RED,1,0,0.0,0.0
silverstone,1,SC,10,1,0.1,0.06666666666666667
silverstone,1,VSC,10,1,0.1,0.03333333333333333
silverstone,1,RED,10,1,0.1,0.06666666666666667
silverstone,2,SC,10,1,0.1,0.05
silverstone,2,VSC,10,0,0.0,0.025
silverstone,2,RED,10,1,0.1,0.05
silverstone,3,SC,10,0,0.0,0.04
silverstone,3,VSC,10,0,0.0,0.02
silverstone,3,RED,10,0,0.0,0.04
silverstone,4,SC,10,0,0.0,0.02
silverstone,4,VSC,10,0,0.0,0.0
silverstone,4,RED,10,0,0.0,0.02
silverstone,5,SC,10,0,0.0,0.0
silverstone,5,VSC,10,0,0.0,0.0
silverstone,5,RED,10,0,0.0,0.0
silverstone,6,SC,10,0,0.0,0.0
silverstone,6,VSC,10,0,0.0,0.0
silverstone,6,RED,10,0,0.0,0.0
silverstone,7,SC,10,0,0.0,0.0
silverstone,7,VSC,10,0,0.0,0.0
silverstone,7,RED,10,0,0.0,0.0
silverstone,8,SC,10,0,0.0,0.0
silverstone,8,VSC,10,0,0.0,0.0
silverstone,8,RED,10,0,0.0,0.0
silverstone,9,SC,10,0,0.0,0.0
silverstone,9,VSC,10,0,0.0,0.0
silverstone,9,RED,10,0,0.0,0.0
silverstone,10,SC,10,0,0.0,0.02
silverstone,10,VSC,10,0,0.0,0.0
silverstone,10,RED,10,0,0.0,0.0
silverstone,11,SC,10,0,0.0,0.04
silverstone,11,VSC,10,0,0.0,0.0
silverstone,11,RED,10,0,0.0,0.0
silverstone,12,SC,10,1,0.1,0.04
silverstone,12,VSC,10,0,0.0,0.0
silverstone,12,RED,10,0,0.0,0.0
silverstone,13,SC,10,1,0.1,0.04
silverstone,13,VSC,10,0,0.0,0.0
silverstone,13,RED,10,0,0.0,0.0
silverstone,14,SC,10,0,0.0,0.04
silverstone,14,VSC,10,0,0.0,0.0
silverstone,14,RED,10,0,0.0,0.0
silverstone,15,SC,10,0,0.0,0.02
silverstone,15,VSC,10,0,0.0,0.0
silverstone,15,RED,10,0,0.0,0.0
silverstone,16,SC,10,0,0.0,0.0
silverstone,16,VSC,10,0,0.0,0.0
silverstone,16,RED,10,0,0.0,0.0
silverstone,17,SC,10,0,0.0,0.02
silverstone,17,VSC,10,0,0.0,0.0
silverstone,17,RED,10,0,0.0,0.0
silverstone,18,SC,10,0,0.0,0.02
silverstone,18,VSC,10,0,0.0,0.02
silverstone,18,RED,10,0,0.0,0.0
silverstone,19,SC,10,1,0.1,0.02
silverstone,19,VSC,10,0,0.0,0.02
silverstone,19,RED,10,0,0.0,0.0
silverstone,20,SC,10,0,0.0,0.02
silverstone,20,VSC,10,1,0.1,0.02
silverstone,20,RED,10,0,0.0,0.0
silverstone,21,SC,10,0,0.0,0.02
silverstone,21,VSC,10,0,0.0,0.02
silverstone,21,RED,10,0,0.0,0.0
silverstone,22,SC,10,0,0.0,0.0
silverstone,22,VSC,10,0,0.0,0.02
silverstone,22,RED,10,0,0.0,0.0
silverstone,23,SC,10,0,0.0,0.0
silverstone,23,VSC,10,0,0.0,0.0
silverstone,23,RED,10,0,0.0,0.0
silverstone,24,SC,10,0,0.0,0.0
silverstone,24,VSC,10,0,0.0,0.0
silverstone,24,RED,10,0,0.0,0.0
silverstone,25,SC,10,0,0.0,0.0
silverstone,25,VSC,10,0,0.0,0.0
silverstone,25,RED,10,0,0.0,0.0
silverstone,26,SC,10,0,0.0,0.0
silverstone,26,VSC,10,0,0.0,0.0
silverstone,26,RED,10,0,0.0,0.0
silverstone,27,SC,10,0,0.0,0.0
silverstone,27,VSC,10,0,0.0,0.0
silverstone,27,RED,10,0,0.0,0.0
silverstone,28,SC,10,0,0.0,0.0
silverstone,28,VSC,10,0,0.0,0.0
silverstone,28,RED,10,0,0.0,0.0
silverstone,29,SC,10,0,0.0,0.0
silverstone,29,VSC,10,0,0.0,0.0
silverstone,29,RED,10,0,0.0,0.0
silverstone,30,SC,10,0,0.0,0.04
silverstone,30,VSC,10,0,0.0,0.02
silverstone,30,RED,10,0,0.0,0.0
silverstone,31,SC,10,0,0.0,0.04
silverstone,31,VSC,10,0,0.0,0.02
silverstone,31,RED,10,0,0.0,0.0
silverstone,32,SC,10,2,0.2,0.04
silverstone,32,VSC,10,1,0.1,0.02
silverstone,32,RED,10,0,0.0,0.0
silverstone,33,SC,10,0,0.0,0.04
silverstone,33,VSC,10,0,0.0,0.02
silverstone,33,RED,10,0,0.0,0.0
silverstone,34,SC,10,0,0.0,0.04
silverstone,34,VSC,10,0,0.0,0.04
silverstone,34,RED,10,0,0.0,0.0
silverstone,35,SC,10,0,0.0,0.0
silverstone,35,VSC,10,0,0.0,0.02
silverstone,35,RED,10,0,0.0,0.0
silverstone,36,SC,10,0,0.0,0.02
silverstone,36,VSC,10,1,0.1,0.02
silverstone,36,RED,10,0,0.0,0.0
silverstone,37,SC,10,0,0.0,0.02
silverstone,37,VSC,10,0,0.0,0.02
silverstone,37,RED,10,0,0.0,0.0
silverstone,38,SC,10,1,0.1,0.02
silverstone,38,VSC,10,0,0.0,0.02
silverstone,38,RED,10,0,0.0,0.0
silverstone,39,SC,10,0,0.0,0.02
silverstone,39,VSC,10,0,0.0,0.0
silverstone,39,RED,10,0,0.0,0.0
silverstone,40,SC,10,0,0.0,0.02
silverstone,40,VSC,10,0,0.0,0.0
silverstone,40,RED,10,0,0.0,0.0
silverstone,41,SC,10,0,0.0,0.0
silverstone,41,VSC,10,0,0.0,0.0
silverstone,41,RED,10,0,0.0,0.0
silverstone,42,SC,10,0,0.0,0.0
silverstone,42,VSC,10,0,0.0,0.0
silverstone,42,RED,10,0,0.0,0.0
silverstone,43,SC,10,0,0.0,0.02
silverstone,43,VSC,10,0,0.0,0.0
silverstone,43,RED,10,0,0.0,0.0
silverstone,44,SC,10,0,0.0,0.02
silverstone,44,VSC,10,0,0.0,0.0
silverstone,44,RED,10,0,0.0,0.0
silverstone,45,SC,10,1,0.1,0.02
silverstone,45,VSC,10,0,0.0,0.0
silverstone,45,RED,10,0,0.0,0.0
silverstone,46,SC,10,0,0.0,0.02
silverstone,46,VSC,10,0,0.0,0.0
silverstone,46,RED,10,0,0.0,0.0
silverstone,47,SC,10,0,0.0,0.02
silverstone,47,VSC,10,0,0.0,0.0
silverstone,47,RED,10,0,0.0,0.0
silverstone,48,SC,10,0,0.0,0.0
silverstone,48,VSC,10,0,0.0,0.0
silverstone,48,RED,10,0,0.0,0.0
silverstone,49,SC,10,0,0.0,0.0
silverstone,49,VSC,10,0,0.0,0.0
silverstone,49,RED,10,0,0.0,0.0
silverstone,50,SC,10,0,0.0,0.0
silverstone,50,VSC,10,0,0.0,0.0
silverstone,50,RED,10,0,0.0,0.0
silverstone,51,SC,10,0,0.0,0.0
silverstone,51,VSC,10,0,0.0,0.0
silverstone,51,RED,10,0,0.0,0.0
silverstone,52,SC,10,0,0.0,0.0
silverstone,52,VSC,10,0,0.0,0.0
silverstone,52,RED,10,0,0.0,0.0
spa_francorchamps,1,SC,9,5,0.5555555555555556,0.22222222222222224
spa_francorchamps,1,VSC,9,0,0.0,0.0
spa_francorchamps,1,RED,9,0,0.0,0.037037037037037035
spa_francorchamps,2,SC,9,1,0.1111111111111111,0.16666666666666669
spa_francorchamps,2,VSC,9,0,0.0,0.0
spa_francorchamps,2,RED,9,0,0.0,0.027777777777777776
spa_francorchamps,3,SC,9,0,0.0,0.13333333333333336
spa_francorchamps,3,VSC,9,0,0.0,0.0
spa_francorchamps,3,RED,9,1,0.1111111111111111,0.02222222222222222
spa_francorchamps,4,SC,8,0,0.0,0.02222222222222222
spa_francorchamps,4,VSC,8,0,0.0,0.0
spa_francorchamps,4,RED,8,0,0.0,0.02222222222222222
spa_francorchamps,5,SC,8,0,0.0,0.0
spa_francorchamps,5,VSC,8,0,0.0,0.0
spa_francorchamps,5,RED,8,0,0.0,0.02222222222222222
spa_francorchamps,6,SC,8,0,0.0,0.0
spa_francorchamps,6,VSC,8,0,0.0,0.0
spa_francorchamps,6,RED,8,0,0.0,0.0
spa_francorchamps,7,SC,8,0,0.0,0.0
spa_francorchamps,7,VSC,8,0,0.0,0.0
spa_francorchamps,7,RED,8,0,0.0,0.0
spa_francorchamps,8,SC,8,0,0.0,0.025
spa_francorchamps,8,VSC,8,0,0.0,0.0
spa_francorchamps,8,RED,8,0,0.0,0.0
spa_francorchamps,9,SC,8,0,0.0,0.025
spa_francorchamps,9,VSC,8,0,0.0,0.0
spa_francorchamps,9,RED,8,0,0.0,0.0
spa_francorchamps,10,SC,8,1,0.125,0.025
spa_francorchamps,10,VSC,8,0,0.0,0.0
spa_francorchamps,10,RED,8,0,0.0,0.0
spa_francorchamps,11,SC,8,0,0.0,0.025
spa_francorchamps,11,VSC,8,0,0.0,0.0
spa_francorchamps,11,RED,8,0,0.0,0.0
spa_francorchamps,12,SC,8,0,0.0,0.025
spa_francorchamps,12,VSC,8,0,0.0,0.0
spa_francorchamps,12,RED,8,0,0.0,0.0
spa_francorchamps,13,SC,8,0,0.0,0.0
spa_francorchamps,13,VSC,8,0,0.0,0.0
spa_francorchamps,13,RED,8,0,0.0,0.0
spa_francorchamps,14,SC,8,0,0.0,0.0
spa_francorchamps,14,VSC,8,0,0.0,0.0
spa_francorchamps,14,RED,8,0,0.0,0.0
spa_francorchamps,15,SC,8,0,0.0,0.0
spa_francorchamps,15,VSC,8,0,0.0,0.025
spa_francorchamps,15,RED,8,0,0.0,0.0
spa_francorchamps,16,SC,8,0,0.0,0.0
spa_francorchamps,16,VSC,8,0,0.0,0.025
spa_francorchamps,16,RED,8,0,0.0,0.0
spa_francorchamps,17,SC,8,0,0.0,0.0
spa_francorchamps,17,VSC,8,1,0.125,0.025
spa_francorchamps,17,RED,8,0,0.0,0.0
spa_francorchamps,18,SC,8,0,0.0,0.0
spa_francorchamps,18,VSC,8,0,0.0,0.025
spa_francorchamps,18,RED,8,0,0.0,0.0
spa_francorchamps,19,SC,8,0,0.0,0.0
spa_francorchamps,19,VSC,8,0,0.0,0.025
spa_francorchamps,19,RED,8,0,0.0,0.0
spa_francorchamps,20,SC,8,0,0.0,0.0
spa_francorchamps,20,VSC,8,0,0.0,0.0
spa_francorchamps,20,RED,8,0,0.0,0.0
spa_francorchamps,21,SC,8,0,0.0,0.0
spa_francorchamps,21,VSC,8,0,0.0,0.0
spa_francorchamps,21,RED,8,0,0.0,0.0
spa_francorchamps,22,SC,8,0,0.0,0.0
spa_francorchamps,22,VSC,8,0,0.0,0.0
spa_francorchamps,22,RED,8,0,0.0,0.0
spa_francorchamps,23,SC,8,0,0.0,0.0
spa_francorchamps,23,VSC,8,0,0.0,0.0
spa_francorchamps,23,RED,8,0,0.0,0.0
spa_francorchamps,24,SC,8,0,0.0,0.0
spa_francorchamps,24,VSC,8,0,0.0,0.0
spa_francorchamps,24,RED,8,0,0.0,0.0
spa_francorchamps,25,SC,8,0,0.0,0.0
spa_francorchamps,25,VSC,8,0,0.0,0.0
spa_francorchamps,25,RED,8,0,0.0,0.0
spa_francorchamps,26,SC,8,0,0.0,0.0
spa_francorchamps,26,VSC,8,0,0.0,0.0
spa_francorchamps,26,RED,8,0,0.0,0.0
spa_francorchamps,27,SC,8,0,0.0,0.0
spa_francorchamps,27,VSC,8,0,0.0,0.0
spa_francorchamps,27,RED,8,0,0.0,0.0
spa_francorchamps,28,SC,8,0,0.0,0.0
spa_francorchamps,28,VSC,8,0,0.0,0.0
spa_francorchamps,28,RED,8,0,0.0,0.0
spa_francorchamps,29,SC,8,0,0.0,0.0
spa_francorchamps,29,VSC,8,0,0.0,0.0
spa_francorchamps,29,RED,8,0,0.0,0.0
spa_francorchamps,30,SC,8,0,0.0,0.0
spa_francorchamps,30,VSC,8,0,0.0,0.0
spa_francorchamps,30,RED,8,0,0.0,0.0
spa_francorchamps,31,SC,8,0,0.0,0.0
spa_francorchamps,31,VSC,8,0,0.0,0.0
spa_francorchamps,31,RED,8,0,0.0,0.0
spa_francorchamps,32,SC,8,0,0.0,0.0
spa_francorchamps,32,VSC,8,0,0.0,0.0
spa_francorchamps,32,RED,8,0,0.0,0.0
spa_francorchamps,33,SC,8,0,0.0,0.0
spa_francorchamps,33,VSC,8,0,0.0,0.0
spa_francorchamps,33,RED,8,0,0.0,0.0
spa_francorchamps,34,SC,8,0,0.0,0.0
spa_francorchamps,34,VSC,8,0,0.0,0.0
spa_francorchamps,34,RED,8,0,0.0,0.0
spa_francorchamps,35,SC,8,0,0.0,0.0
spa_francorchamps,35,VSC,8,0,0.0,0.0
spa_francorchamps,35,RED,8,0,0.0,0.0
spa_francorchamps,36,SC,8,0,0.0,0.0
spa_francorchamps,36,VSC,8,0,0.0,0.0
spa_francorchamps,36,RED,8,0,0.0,0.0
spa_francorchamps,37,SC,8,0,0.0,0.0
spa_francorchamps,37,VSC,8,0,0.0,0.0
spa_francorchamps,37,RED,8,0,0.0,0.0
spa_francorchamps,38,SC,8,0,0.0,0.0
spa_francorchamps,38,VSC,8,0,0.0,0.0
spa_francorchamps,38,RED,8,0,0.0,0.0
spa_francorchamps,39,SC,8,0,0.0,0.0
spa_francorchamps,39,VSC,8,0,0.0,0.0
spa_francorchamps,39,RED,8,0,0.0,0.0
spa_francorchamps,40,SC,8,0,0.0,0.0
spa_francorchamps,40,VSC,8,0,0.0,0.0
spa_francorchamps,40,RED,8,0,0.0,0.0
spa_francorchamps,41,SC,8,0,0.0,0.0
spa_francorchamps,41,VSC,8,0,0.0,0.0
spa_francorchamps,41,RED,8,0,0.0,0.0
spa_francorchamps,42,SC,8,0,0.0,0.0
spa_francorchamps,42,VSC,8,0,0.0,0.0
spa_francorchamps,42,RED,8,0,0.0,0.0
spa_francorchamps,43,SC,8,0,0.0,0.0
spa_francorchamps,43,VSC,8,0,0.0,0.0
spa_francorchamps,43,RED,8,0,0.0,0.0
spa_francorchamps,44,SC,8,0,0.0,0.0
spa_francorchamps,44,VSC,8,0,0.0,0.0
spa_francorchamps,44,RED,8,0,0.0,0.0
spielberg,1,SC,11,4,0.36363636363636365,0.12121212121212122
spielberg,1,VSC,11,0,0.0,0.0
spielberg,1,RED,11,0,0.0,0.0
spielberg,2,SC,11,0,0.0,0.09090909090909091
spielberg,2,VSC,11,0,0.0,0.0
spielberg,2,RED,11,0,0.0,0.0
spielberg,3,SC,11,0,0.0,0.07272727272727272
spielberg,3,VSC,11,0,0.0,0.0
spielberg,3,RED,11,0,0.0,0.0
spielberg,4,SC,11,0,0.0,0.0
spielberg,4,VSC,11,0,0.0,0.0
spielberg,4,RED,11,0,0.0,0.0
spielberg,5,SC,11,0,0.0,0.0
spielberg,5,VSC,11,0,0.0,0.0
spielberg,5,RED,11,0,0.0,0.0
spielberg,6,SC,11,0,0.0,0.0
spielberg,6,VSC,11,0,0.0,0.0
spielberg,6,RED,11,0,0.0,0.0
spielberg,7,SC,11,0,0.0,0.0
spielberg,7,VSC,11,0,0.0,0.0
spielberg,7,RED,11,0,0.0,0.0
spielberg,8,SC,11,0,0.0,0.0
spielberg,8,VSC,11,0,0.0,0.0
spielberg,8,RED,11,0,0.0,0.0
spielberg,9,SC,11,0,0.0,0.0
spielberg,9,VSC,11,0,0.0,0.0
spielberg,9,RED,11,0,0.0,0.0
spielberg,10,SC,11,0,0.0,0.0
spielberg,10,VSC,11,0,0.0,0.0
spielberg,10,RED,11,0,0.0,0.0
spielberg,11,SC,11,0,0.0,0.0
spielberg,11,VSC,11,0,0.0,0.01818181818181818
spielberg,11,RED,11,0,0.0,0.0
spielberg,12,SC,11,0,0.0,0.0
spielberg,12,VSC,11,0,0.0,0.03636363636363636
spielberg,12,RED,11,0,0.0,0.0
spielberg,13,SC,11,0,0.0,0.0
spielberg,13,VSC,11,1,0.09090909090909091,0.03636363636363636
spielberg,13,RED,11,0,0.0,0.0
spielberg,14,SC,11,0,0.0,0.0
spielberg,14,VSC,11,1,0.09090909090909091,0.03636363636363636
spielberg,14,RED,11,0,0.0,0.0
spielberg,15,SC,11,0,0.0,0.0
spielberg,15,VSC,11,0,0.0,0.03636363636363636
spielberg,15,RED,11,0,0.0,0.0
spielberg,16,SC,11,0,0.0,0.0
spielberg,16,VSC,11,0,0.0,0.01818181818181818
spielberg,16,RED,11,0,0.0,0.0
spielberg,17,SC,11,0,0.0,0.0
spielberg,17,VSC,11,0,0.0,0.0
spielberg,17,RED,11,0,0.0,0.0
spielberg,18,SC,11,0,0.0,0.01818181818181818
spielberg,18,VSC,11,0,0.0,0.0
spielberg,18,RED,11,0,0.0,0.0
spielberg,19,SC,11,0,0.0,0.01818181818181818
spielberg,19,VSC,11,0,0.0,0.0
spielberg,19,RED,11,0,0.0,0.0
spielberg,20,SC,11,1,0.09090909090909091,0.01818181818181818
spielberg,20,VSC,11,0,0.0,0.0
spielberg,20,RED,11,0,0.0,0.0
spielberg,21,SC,11,0,0.0,0.01818181818181818
spielberg,21,VSC,11,0,0.0,0.0
spielberg,21,RED,11,0,0.0,0.0
spielberg,22,SC,11,0,0.0,0.01818181818181818
spielberg,22,VSC,11,0,0.0,0.01818181818181818
spielberg,22,RED,11,0,0.0,0.0
spielberg,23,SC,11,0,0.0,0.0
spielberg,23,VSC,11,0,0.0,0.01818181818181818
spielberg,23,RED,11,0,0.0,0.0
spielberg,24,SC,11,0,0.0,0.0
spielberg,24,VSC,11,1,0.09090909090909091,0.01818181818181818
spielberg,24,RED,11,0,0.0,0.0
spielberg,25,SC,11,0,0.0,0.0
spielberg,25,VSC,11,0,0.0,0.01818181818181818
spielberg,25,RED,11,0,0.0,0.0
spielberg,26,SC,11,0,0.0,0.0
spielberg,26,VSC,11,0,0.0,0.01818181818181818
spielberg,26,RED,11,0,0.0,0.0
spielberg,27,SC,11,0,0.0,0.0
spielberg,27,VSC,11,0,0.0,0.0
spielberg,27,RED,11,0,0.0,0.0
spielberg,28,SC,11,0,0.0,0.0
spielberg,28,VSC,11,0,0.0,0.0
spielberg,28,RED,11,0,0.0,0.0
spielberg,29,SC,11,0,0.0,0.0
spielberg,29,VSC,11,0,0.0,0.0
spielberg,29,RED,11,0,0.0,0.0
spielberg,30,SC,11,0,0.0,0.0
spielberg,30,VSC,11,0,0.0,0.0
spielberg,30,RED,11,0,0.0,0.0
spielberg,31,SC,11,0,0.0,0.0
spielberg,31,VSC,11,0,0.0,0.0
spielberg,31,RED,11,0,0.0,0.0
spielberg,32,SC,11,0,0.0,0.0
spielberg,32,VSC,11,0,0.0,0.0
spielberg,32,RED,11,0,0.0,0.0
spielberg,33,SC,11,0,0.0,0.0
spielberg,33,VSC,11,0,0.0,0.0
spielberg,33,RED,11,0,0.0,0.0
spielberg,34,SC,11,0,0.0,0.0
spielberg,34,VSC,11,0,0.0,0.0
spielberg,34,RED,11,0,0.0,0.0
spielberg,35,SC,11,0,0.0,0.0
spielberg,35,VSC,11,0,0.0,0.0
spielberg,35,RED,11,0,0.0,0.0
spielberg,36,SC,11,0,0.0,0.0
spielberg,36,VSC,11,0,0.0,0.0
spielberg,36,RED,11,0,0.0,0.0
spielberg,37,SC,11,0,0.0,0.0
spielberg,37,VSC,11,0,0.0,0.0
spielberg,37,RED,11,0,0.0,0.0
spielberg,38,SC,11,0,0.0,0.0
spielberg,38,VSC,11,0,0.0,0.0
spielberg,38,RED,11,0,0.0,0.0
spielberg,39,SC,11,0,0.0,0.0
spielberg,39,VSC,11,0,0.0,0.0
spielberg,39,RED,11,0,0.0,0.0
spielberg,40,SC,11,0,0.0,0.0
spielberg,40,VSC,11,0,0.0,0.0
spielberg,40,RED,11,0,0.0,0.0
spielberg,41,SC,11,0,0.0,0.0
spielberg,41,VSC,11,0,0.0,0.0
spielberg,41,RED,11,0,0.0,0.0
spielberg,42,SC,11,0,0.0,0.0
spielberg,42,VSC,11,0,0.0,0.0
spielberg,42,RED,11,0,0.0,0.0
spielberg,43,SC,11,0,0.0,0.01818181818181818
spielberg,43,VSC,11,0,0.0,0.0
spielberg,43,RED,11,0,0.0,0.0
spielberg,44,SC,11,0,0.0,0.01818181818181818
spielberg,44,VSC,11,0,0.0,0.0
spielberg,44,RED,11,0,0.0,0.0
spielberg,45,SC,11,1,0.09090909090909091,0.01818181818181818
spielberg,45,VSC,11,0,0.0,0.0
spielberg,45,RED,11,0,0.0,0.0
spielberg,46,SC,11,0,0.0,0.01818181818181818
spielberg,46,VSC,11,0,0.0,0.0
spielberg,46,RED,11,0,0.0,0.0
spielberg,47,SC,11,0,0.0,0.01818181818181818
spielberg,47,VSC,11,0,0.0,0.0
spielberg,47,RED,11,0,0.0,0.0
spielberg,48,SC,11,0,0.0,0.0
spielberg,48,VSC,11,0,0.0,0.01818181818181818
spielberg,48,RED,11,0,0.0,0.0
spielberg,49,SC,11,0,0.0,0.0
spielberg,49,VSC,11,0,0.0,0.01818181818181818
spielberg,49,RED,11,0,0.0,0.0
spielberg,50,SC,11,0,0.0,0.0
spielberg,50,VSC,11,1,0.09090909090909091,0.01818181818181818
spielberg,50,RED,11,0,0.0,0.0
spielberg,51,SC,11,0,0.0,0.0
spielberg,51,VSC,11,0,0.0,0.01818181818181818
spielberg,51,RED,11,0,0.0,0.0
spielberg,52,SC,11,0,0.0,0.0
spielberg,52,VSC,11,0,0.0,0.01818181818181818
spielberg,52,RED,11,0,0.0,0.0
spielberg,53,SC,11,0,0.0,0.0
spielberg,53,VSC,11,0,0.0,0.0
spielberg,53,RED,11,0,0.0,0.0
spielberg,54,SC,11,0,0.0,0.0
spielberg,54,VSC,11,0,0.0,0.0
spielberg,54,RED,11,0,0.0,0.0
spielberg,55,SC,11,0,0.0,0.0
spielberg,55,VSC,11,0,0.0,0.01818181818181818
spielberg,55,RED,11,0,0.0,0.0
spielberg,56,SC,11,0,0.0,0.0
spielberg,56,VSC,11,0,0.0,0.01818181818181818
spielberg,56,RED,11,0,0.0,0.0
spielberg,57,SC,11,0,0.0,0.0
spielberg,57,VSC,11,1,0.09090909090909091,0.01818181818181818
spielberg,57,RED,11,0,0.0,0.0
spielberg,58,SC,11,0,0.0,0.0
spielberg,58,VSC,11,0,0.0,0.01818181818181818
spielberg,58,RED,11,0,0.0,0.0
spielberg,59,SC,11,0,0.0,0.0
spielberg,59,VSC,11,0,0.0,0.01818181818181818
spielberg,59,RED,11,0,0.0,0.0
spielberg,60,SC,11,0,0.0,0.0
spielberg,60,VSC,11,0,0.0,0.0
spielberg,60,RED,11,0,0.0,0.0
spielberg,61,SC,11,0,0.0,0.0
spielberg,61,VSC,11,0,0.0,0.0
spielberg,61,RED,11,0,0.0,0.0
spielberg,62,SC,11,0,0.0,0.0
spielberg,62,VSC,11,0,0.0,0.01818181818181818
spielberg,62,RED,11,0,0.0,0.0
spielberg,63,SC,11,0,0.0,0.0
spielberg,63,VSC,11,0,0.0,0.01818181818181818
spielberg,63,RED,11,0,0.0,0.0
spielberg,64,SC,11,0,0.0,0.0
spielberg,64,VSC,11,1,0.09090909090909091,0.01818181818181818
spielberg,64,RED,11,0,0.0,0.0
spielberg,65,SC,11,0,0.0,0.0
spielberg,65,VSC,11,0,0.0,0.01818181818181818
spielberg,65,RED,11,0,0.0,0.0
spielberg,66,SC,11,0,0.0,0.0
spielberg,66,VSC,11,0,0.0,0.01818181818181818
spielberg,66,RED,11,0,0.0,0.0
spielberg,67,SC,11,0,0.0,0.0
spielberg,67,VSC,11,0,0.0,0.0
spielberg,67,RED,11,0,0.0,0.0
spielberg,68,SC,11,0,0.0,0.0
spielberg,68,VSC,11,0,0.0,0.0
spielberg,68,RED,11,0,0.0,0.0
spielberg,69,SC,10,0,0.0,0.0
spielberg,69,VSC,10,0,0.0,0.0
spielberg,69,RED,10,0,0.0,0.0
spielberg,70,SC,10,0,0.0,0.0
spielberg,70,VSC,10,0,0.0,0.0
spielberg,70,RED,10,0,0.0,0.0
spielberg,71,SC,9,0,0.0,0.0
spielberg,71,VSC,9,0,0.0,0.0
spielberg,71,RED,9,0,0.0,0.0
suzuka,1,SC,7,2,0.2857142857142857,0.14285714285714285
suzuka,1,VSC,7,0,0.0,0.0
suzuka,1,RED,7,1,0.14285714285714285,0.09523809523809523
suzuka,2,SC,7,0,0.0,0.10714285714285714
suzuka,2,VSC,7,0,0.0,0.0
suzuka,2,RED,7,1,0.14285714285714285,0.07142857142857142
suzuka,3,SC,7,1,0.14285714285714285,0.08571428571428572
suzuka,3,VSC,7,0,0.0,0.0
suzuka,3,RED,7,0,0.0,0.05714285714285714
suzuka,4,SC,7,0,0.0,0.02857142857142857
suzuka,4,VSC,7,0,0.0,0.0
suzuka,4,RED,7,0,0.0,0.02857142857142857
suzuka,5,SC,7,0,0.0,0.02857142857142857
suzuka,5,VSC,7,0,0.0,0.0
suzuka,5,RED,7,0,0.0,0.0
suzuka,6,SC,7,0,0.0,0.0
suzuka,6,VSC,7,0,0.0,0.0
suzuka,6,RED,7,0,0.0,0.0
suzuka,7,SC,7,0,0.0,0.0
suzuka,7,VSC,7,0,0.0,0.0
suzuka,7,RED,7,0,0.0,0.0
suzuka,8,SC,7,0,0.0,0.0
suzuka,8,VSC,7,0,0.0,0.0
suzuka,8,RED,7,0,0.0,0.0
suzuka,9,SC,7,0,0.0,0.0
suzuka,9,VSC,7,0,0.0,0.0
suzuka,9,RED,7,0,0.0,0.0
suzuka,10,SC,7,0,0.0,0.0
suzuka,10,VSC,7,0,0.0,0.0
suzuka,10,RED,7,0,0.0,0.0
suzuka,11,SC,7,0,0.0,0.0
suzuka,11,VSC,7,0,0.0,0.02857142857142857
suzuka,11,RED,7,0,0.0,0.0
suzuka,12,SC,7,0,0.0,0.0
suzuka,12,VSC,7,0,0.0,0.02857142857142857
suzuka,12,RED,7,0,0.0,0.0
suzuka,13,SC,7,0,0.0,0.0
suzuka,13,VSC,7,1,0.14285714285714285,0.02857142857142857
suzuka,13,RED,7,0,0.0,0.0
suzuka,14,SC,7,0,0.0,0.0
suzuka,14,VSC,7,0,0.0,0.02857142857142857
suzuka,14,RED,7,0,0.0,0.0
suzuka,15,SC,7,0,0.0,0.0
suzuka,15,VSC,7,0,0.0,0.02857142857142857
suzuka,15,RED,7,0,0.0,0.0
suzuka,16,SC,7,0,0.0,0.0
suzuka,16,VSC,7,0,0.0,0.0
suzuka,16,RED,7,0,0.0,0.0
suzuka,17,SC,7,0,0.0,0.0
suzuka,17,VSC,7,0,0.0,0.0
suzuka,17,RED,7,0,0.0,0.0
suzuka,18,SC,7,0,0.0,0.0
suzuka,18,VSC,7,0,0.0,0.0
suzuka,18,RED,7,0,0.0,0.0
suzuka,19,SC,7,0,0.0,0.02857142857142857
suzuka,19,VSC,7,0,0.0,0.0
suzuka,19,RED,7,0,0.0,0.0
suzuka,20,SC,7,0,0.0,0.02857142857142857
suzuka,20,VSC,7,0,0.0,0.0
suzuka,20,RED,7,0,0.0,0.0
suzuka,21,SC,7,1,0.14285714285714285,0.02857142857142857
suzuka,21,VSC,7,0,0.0,0.0
suzuka,21,RED,7,0,0.0,0.0
suzuka,22,SC,7,0,0.0,0.02857142857142857
suzuka,22,VSC,7,0,0.0,0.0
suzuka,22,RED,7,0,0.0,0.0
suzuka,23,SC,7,0,0.0,0.02857142857142857
suzuka,23,VSC,7,0,0.0,0.0
suzuka,23,RED,7,0,0.0,0.0
suzuka,24,SC,7,0,0.0,0.0
suzuka,24,VSC,7,0,0.0,0.0
suzuka,24,RED,7,0,0.0,0.0
suzuka,25,SC,7,0,0.0,0.0
suzuka,25,VSC,7,0,0.0,0.0
suzuka,25,RED,7,0,0.0,0.0
suzuka,26,SC,7,0,0.0,0.0
suzuka,26,VSC,7,0,0.0,0.0
suzuka,26,RED,7,0,0.0,0.0
suzuka,27,SC,7,0,0.0,0.0
suzuka,27,VSC,7,0,0.0,0.0
suzuka,27,RED,7,0,0.0,0.0
suzuka,28,SC,7,0,0.0,0.0
suzuka,28,VSC,7,0,0.0,0.0
suzuka,28,RED,7,0,0.0,0.0
suzuka,29,SC,7,0,0.0,0.0
suzuka,29,VSC,7,0,0.0,0.0
suzuka,29,RED,7,0,0.0,0.0
suzuka,30,SC,6,0,0.0,0.0
suzuka,30,VSC,6,0,0.0,0.0
suzuka,30,RED,6,0,0.0,0.0
suzuka,31,SC,6,0,0.0,0.0
suzuka,31,VSC,6,0,0.0,0.0
suzuka,31,RED,6,0,0.0,0.0
suzuka,32,SC,6,0,0.0,0.0
suzuka,32,VSC,6,0,0.0,0.0
suzuka,32,RED,6,0,0.0,0.0
suzuka,33,SC,6,0,0.0,0.0
suzuka,33,VSC,6,0,0.0,0.0
suzuka,33,RED,6,0,0.0,0.0
suzuka,34,SC,6,0,0.0,0.0
suzuka,34,VSC,6,0,0.0,0.0
suzuka,34,RED,6,0,0.0,0.0
suzuka,35,SC,6,0,0.0,0.0
suzuka,35,VSC,6,0,0.0,0.0
suzuka,35,RED,6,0,0.0,0.0
suzuka,36,SC,6,0,0.0,0.0
suzuka,36,VSC,6,0,0.0,0.0
suzuka,36,RED,6,0,0.0,0.0
suzuka,37,SC,6,0,0.0,0.0
suzuka,37,VSC,6,0,0.0,0.03333333333333333
suzuka,37,RED,6,0,0.0,0.0
suzuka,38,SC,6,0,0.0,0.0
suzuka,38,VSC,6,0,0.0,0.03333333333333333
suzuka,38,RED,6,0,0.0,0.0
suzuka,39,SC,6,0,0.0,0.0
suzuka,39,VSC,6,1,0.16666666666666666,0.03333333333333333
suzuka,39,RED,6,0,0.0,0.0
suzuka,40,SC,6,0,0.0,0.0
suzuka,40,VSC,6,0,0.0,0.03333333333333333
suzuka,40,RED,6,0,0.0,0.0
suzuka,41,SC,6,0,0.0,0.0
suzuka,41,VSC,6,0,0.0,0.03333333333333333
suzuka,41,RED,6,0,0.0,0.0
suzuka,42,SC,6,0,0.0,0.0
suzuka,42,VSC,6,0,0.0,0.0
suzuka,42,RED,6,0,0.0,0.0
suzuka,43,SC,6,0,0.0,0.0
suzuka,43,VSC,6,0,0.0,0.0
suzuka,43,RED,6,0,0.0,0.0
suzuka,44,SC,6,0,0.0,0.0
suzuka,44,VSC,6,0,0.0,0.0
suzuka,44,RED,6,0,0.0,0.0
suzuka,45,SC,6,0,0.0,0.0
suzuka,45,VSC,6,0,0.0,0.0
suzuka,45,RED,6,0,0.0,0.0
suzuka,46,SC,6,0,0.0,0.0
suzuka,46,VSC,6,0,0.0,0.0
suzuka,46,RED,6,0,0.0,0.0
suzuka,47,SC,6,0,0.0,0.0
suzuka,47,VSC,6,0,0.0,0.0
suzuka,47,RED,6,0,0.0,0.0
suzuka,48,SC,6,0,0.0,0.0
suzuka,48,VSC,6,0,0.0,0.0
suzuka,48,RED,6,0,0.0,0.0
suzuka,49,SC,6,0,0.0,0.0
suzuka,49,VSC,6,0,0.0,0.0
suzuka,49,RED,6,0,0.0,0.0
suzuka,50,SC,6,0,0.0,0.0
suzuka,50,VSC,6,0,0.0,0.0
suzuka,50,RED,6,0,0.0,0.0
suzuka,51,SC,6,0,0.0,0.0
suzuka,51,VSC,6,0,0.0,0.0
suzuka,51,RED,6,0,0.0,0.0
suzuka,52,SC,6,0,0.0,0.0
suzuka,52,VSC,6,0,0.0,0.0
suzuka,52,RED,6,0,0.0,0.0
suzuka,53,SC,6,0,0.0,0.0
suzuka,53,VSC,6,0,0.0,0.0
suzuka,53,RED,6,0,0.0,0.0
yas_island,1,SC,8,1,0.125,0.041666666666666664
yas_island,1,VSC,8,0,0.0,0.041666666666666664
yas_island,1,RED,8,0,0.0,0.0
yas_island,2,SC,8,0,0.0,0.03125
yas_island,2,VSC,8,1,0.125,0.03125
yas_island,2,RED,8,0,0.0,0.0
yas_island,3,SC,8,0,0.0,0.025
yas_island,3,VSC,8,0,0.0,0.025
yas_island,3,RED,8,0,0.0,0.0
yas_island,4,SC,8,0,0.0,0.0
yas_island,4,VSC,8,0,0.0,0.025
yas_island,4,RED,8,0,0.0,0.0
yas_island,5,SC,8,0,0.0,0.0
yas_island,5,VSC,8,0,0.0,0.025
yas_island,5,RED,8,0,0.0,0.0
yas_island,6,SC,8,0,0.0,0.0
yas_island,6,VSC,8,0,0.0,0.025
yas_island,6,RED,8,0,0.0,0.0
yas_island,7,SC,8,0,0.0,0.0
yas_island,7,VSC,8,1,0.125,0.05
yas_island,7,RED,8,0,0.0,0.0
yas_island,8,SC,8,0,0.0,0.0
yas_island,8,VSC,8,0,0.0,0.05
yas_island,8,RED,8,0,0.0,0.0
yas_island,9,SC,8,0,0.0,0.025
yas_island,9,VSC,8,1,0.125,0.05
yas_island,9,RED,8,0,0.0,0.0
yas_island,10,SC,8,0,0.0,0.025
yas_island,10,VSC,8,0,0.0,0.025
yas_island,10,RED,8,0,0.0,0.0
yas_island,11,SC,8,1,0.125,0.025
yas_island,11,VSC,8,0,0.0,0.025
yas_island,11,RED,8,0,0.0,0.0
yas_island,12,SC,8,0,0.0,0.025
yas_island,12,VSC,8,0,0.0,0.0
yas_island,12,RED,8,0,0.0,0.0
yas_island,13,SC,8,0,0.0,0.025
yas_island,13,VSC,8,0,0.0,0.0
yas_island,13,RED,8,0,0.0,0.0
yas_island,14,SC,8,0,0.0,0.0
yas_island,14,VSC,8,0,0.0,0.0
yas_island,14,RED,8,0,0.0,0.0
yas_island,15,SC,8,0,0.0,0.0
yas_island,15,VSC,8,0,0.0,0.0
yas_island,15,RED,8,0,0.0,0.0
yas_island,16,SC,8,0,0.0,0.0
yas_island,16,VSC,8,0,0.0,0.0
yas_island,16,RED,8,0,0.0,0.0
yas_island,17,SC,8,0,0.0,0.0
yas_island,17,VSC,8,0,0.0,0.0
yas_island,17,RED,8,0,0.0,0.0
yas_island,18,SC,8,0,0.0,0.0
yas_island,18,VSC,8,0,0.0,0.0
yas_island,18,RED,8,0,0.0,0.0
yas_island,19,SC,8,0,0.0,0.0
yas_island,19,VSC,8,0,0.0,0.0
yas_island,19,RED,8,0,0.0,0.0
yas_island,20,SC,8,0,0.0,0.0
yas_island,20,VSC,8,0,0.0,0.0
yas_island,20,RED,8,0,0.0,0.0
yas_island,21,SC,8,0,0.0,0.0
yas_island,21,VSC,8,0,0.0,0.0
yas_island,21,RED,8,0,0.0,0.0
yas_island,22,SC,8,0,0.0,0.0
yas_island,22,VSC,8,0,0.0,0.0
yas_island,22,RED,8,0,0.0,0.0
yas_island,23,SC,8,0,0.0,0.0
yas_island,23,VSC,8,0,0.0,0.0
yas_island,23,RED,8,0,0.0,0.0
yas_island,24,SC,8,0,0.0,0.0
yas_island,24,VSC,8,0,0.0,0.0
yas_island,24,RED,8,0,0.0,0.0
yas_island,25,SC,8,0,0.0,0.0
yas_island,25,VSC,8,0,0.0,0.0
yas_island,25,RED,8,0,0.0,0.0
yas_island,26,SC,8,0,0.0,0.0
yas_island,26,VSC,8,0,0.0,0.0
yas_island,26,RED,8,0,0.0,0.0
yas_island,27,SC,8,0,0.0,0.0
yas_island,27,VSC,8,0,0.0,0.0
yas_island,27,RED,8,0,0.0,0.0
yas_island,28,SC,8,0,0.0,0.0
yas_island,28,VSC,8,0,0.0,0.0
yas_island,28,RED,8,0,0.0,0.0
yas_island,29,SC,8,0,0.0,0.0
yas_island,29,VSC,8,0,0.0,0.0
yas_island,29,RED,8,0,0.0,0.0
yas_island,30,SC,8,0,0.0,0.0
yas_island,30,VSC,8,0,0.0,0.0
yas_island,30,RED,8,0,0.0,0.0
yas_island,31,SC,8,0,0.0,0.0
yas_island,31,VSC,8,0,0.0,0.0
yas_island,31,RED,8,0,0.0,0.0
yas_island,32,SC,8,0,0.0,0.0
yas_island,32,VSC,8,0,0.0,0.025
yas_island,32,RED,8,0,0.0,0.0
yas_island,33,SC,8,0,0.0,0.0
yas_island,33,VSC,8,0,0.0,0.025
yas_island,33,RED,8,0,0.0,0.0
yas_island,34,SC,8,0,0.0,0.0
yas_island,34,VSC,8,1,0.125,0.025
yas_island,34,RED,8,0,0.0,0.0
yas_island,35,SC,8,0,0.0,0.0
yas_island,35,VSC,8,0,0.0,0.025
yas_island,35,RED,8,0,0.0,0.0
yas_island,36,SC,8,0,0.0,0.0
yas_island,36,VSC,8,0,0.0,0.025
yas_island,36,RED,8,0,0.0,0.0
yas_island,37,SC,8,0,0.0,0.0
yas_island,37,VSC,8,0,0.0,0.0
yas_island,37,RED,8,0,0.0,0.0
yas_island,38,SC,8,0,0.0,0.0
yas_island,38,VSC,8,0,0.0,0.0
yas_island,38,RED,8,0,0.0,0.0
yas_island,39,SC,8,0,0.0,0.0
yas_island,39,VSC,8,0,0.0,0.0
yas_island,39,RED,8,0,0.0,0.0
yas_island,40,SC,8,0,0.0,0.0
yas_island,40,VSC,8,0,0.0,0.0
yas_island,40,RED,8,0,0.0,0.0
yas_island,41,SC,8,0,0.0,0.0
yas_island,41,VSC,8,0,0.0,0.0
yas_island,41,RED,8,0,0.0,0.0
yas_island,42,SC,8,0,0.0,0.0
yas_island,42,VSC,8,0,0.0,0.0
yas_island,42,RED,8,0,0.0,0.0
yas_island,43,SC,8,0,0.0,0.0
yas_island,43,VSC,8,0,0.0,0.0
yas_island,43,RED,8,0,0.0,0.0
yas_island,44,SC,8,0,0.0,0.0
yas_island,44,VSC,8,0,0.0,0.0
yas_island,44,RED,8,0,0.0,0.0
yas_island,45,SC,8,0,0.0,0.0
yas_island,45,VSC,8,0,0.0,0.0
yas_island,45,RED,8,0,0.0,0.0
yas_island,46,SC,8,0,0.0,0.0
yas_island,46,VSC,8,0,0.0,0.0
yas_island,46,RED,8,0,0.0,0.0
yas_island,47,SC,8,0,0.0,0.0
yas_island,47,VSC,8,0,0.0,0.0
yas_island,47,RED,8,0,0.0,0.0
yas_island,48,SC,8,0,0.0,0.0
yas_island,48,VSC,8,0,0.0,0.0
yas_island,48,RED,8,0,0.0,0.0
yas_island,49,SC,8,0,0.0,0.025
yas_island,49,VSC,8,0,0.0,0.0
yas_island,49,RED,8,0,0.0,0.0
yas_island,50,SC,8,0,0.0,0.025
yas_island,50,VSC,8,0,0.0,0.0
yas_island,50,RED,8,0,0.0,0.0
yas_island,51,SC,8,1,0.125,0.025
yas_island,51,VSC,8,0,0.0,0.0
yas_island,51,RED,8,0,0.0,0.0
yas_island,52,SC,8,0,0.0,0.025
yas_island,52,VSC,8,0,0.0,0.0
yas_island,52,RED,8,0,0.0,0.0
yas_island,53,SC,8,0,0.0,0.025
yas_island,53,VSC,8,0,0.0,0.0
yas_island,53,RED,8,0,0.0,0.0
yas_island,54,SC,8,0,0.0,0.0
yas_island,54,VSC,8,0,0.0,0.0
yas_island,54,RED,8,0,0.0,0.0
yas_island,55,SC,8,0,0.0,0.0
yas_island,55,VSC,8,0,0.0,0.0
yas_island,55,RED,8,0,0.0,0.0
yas_island,56,SC,5,0,0.0,0.0
yas_island,56,VSC,5,0,0.0,0.0
yas_island,56,RED,5,0,0.0,0.0
yas_island,57,SC,5,0,0.0,0.0
yas_island,57,VSC,5,0,0.0,0.0
yas_island,57,RED,5,0,0.0,0.0
yas_island,58,SC,5,0,0.0,0.0
yas_island,58,VSC,5,0,0.0,0.0
yas_island,58,RED,5,0,0.0,0.0
zandvoort,1,SC,6,0,0.0,0.0
zandvoort,1,VSC,6,0,0.0,0.0
zandvoort,1,RED,6,0,0.0,0.05555555555555555
zandvoort,2,SC,6,0,0.0,0.0
zandvoort,2,VSC,6,0,0.0,0.0
zandvoort,2,RED,6,1,0.16666666666666666,0.041666666666666664
zandvoort,3,SC,6,0,0.0,0.0
zandvoort,3,VSC,6,0,0.0,0.0
zandvoort,3,RED,6,0,0.0,0.03333333333333333
zandvoort,4,SC,6,0,0.0,0.0
zandvoort,4,VSC,6,0,0.0,0.0
zandvoort,4,RED,6,0,0.0,0.03333333333333333
zandvoort,5,SC,6,0,0.0,0.0
zandvoort,5,VSC,6,0,0.0,0.0
zandvoort,5,RED,6,0,0.0,0.0
zandvoort,6,SC,6,0,0.0,0.0
zandvoort,6,VSC,6,0,0.0,0.0
zandvoort,6,RED,6,0,0.0,0.0
zandvoort,7,SC,6,0,0.0,0.0
zandvoort,7,VSC,6,0,0.0,0.0
zandvoort,7,RED,6,0,0.0,0.0
zandvoort,8,SC,6,0,0.0,0.0
zandvoort,8,VSC,6,0,0.0,0.0
zandvoort,8,RED,6,0,0.0,0.0
zandvoort,9,SC,6,0,0.0,0.0
zandvoort,9,VSC,6,0,0.0,0.0
zandvoort,9,RED,6,0,0.0,0.0
zandvoort,10,SC,6,0,0.0,0.0
zandvoort,10,VSC,6,0,0.0,0.0
zandvoort,10,RED,6,0,0.0,0.0
zandvoort,11,SC,6,0,0.0,0.0
zandvoort,11,VSC,6,0,0.0,0.0
zandvoort,11,RED,6,0,0.0,0.0
zandvoort,12,SC,6,0,0.0,0.0
zandvoort,12,VSC,6,0,0.0,0.0
zandvoort,12,RED,6,0,0.0,0.0
zandvoort,13,SC,6,0,0.0,0.03333333333333333
zandvoort,13,VSC,6,0,0.0,0.03333333333333333
zandvoort,13,RED,6,0,0.0,0.0
zandvoort,14,SC,6,0,0.0,0.03333333333333333
zandvoort,14,VSC,6,0,0.0,0.03333333333333333
zandvoort,14,RED,6,0,0.0,0.0
zandvoort,15,SC,6,1,0.16666666666666666,0.03333333333333333
zandvoort,15,VSC,6,1,0.16666666666666666,0.03333333333333333
zandvoort,15,RED,6,0,0.0,0.0
zandvoort,16,SC,6,0,0.0,0.03333333333333333
zandvoort,16,VSC,6,0,0.0,0.03333333333333333
zandvoort,16,RED,6,0,0.0,0.0
zandvoort,17,SC,6,0,0.0,0.03333333333333333
zandvoort,17,VSC,6,0,0.0,0.03333333333333333
zandvoort,17,RED,6,0,0.0,0.0
zandvoort,18,SC,6,0,0.0,0.0
zandvoort,18,VSC,6,0,0.0,0.0
zandvoort,18,RED,6,0,0.0,0.0
zandvoort,19,SC,6,0,0.0,0.0
zandvoort,19,VSC,6,0,0.0,0.0
zandvoort,19,RED,6,0,0.0,0.0
zandvoort,20,SC,6,0,0.0,0.03333333333333333
zandvoort,20,VSC,6,0,0.0,0.0
zandvoort,20,RED,6,0,0.0,0.0
zandvoort,21,SC,6,0,0.0,0.03333333333333333
zandvoort,21,VSC,6,0,0.0,0.0
zandvoort,21,RED,6,0,0.0,0.0
zandvoort,22,SC,6,1,0.16666666666666666,0.03333333333333333
zandvoort,22,VSC,6,0,0.0,0.0
zandvoort,22,RED,6,0,0.0,0.0
zandvoort,23,SC,6,0,0.0,0.03333333333333333
zandvoort,23,VSC,6,0,0.0,0.0
zandvoort,23,RED,6,0,0.0,0.0
zandvoort,24,SC,6,0,0.0,0.03333333333333333
zandvoort,24,VSC,6,0,0.0,0.0
zandvoort,24,RED,6,0,0.0,0.0
zandvoort,25,SC,6,0,0.0,0.0
zandvoort,25,VSC,6,0,0.0,0.0
zandvoort,25,RED,6,0,0.0,0.0
zandvoort,26,SC,6,0,0.0,0.0
zandvoort,26,VSC,6,0,0.0,0.0
zandvoort,26,RED,6,0,0.0,0.0
zandvoort,27,SC,6,0,0.0,0.0
zandvoort,27,VSC,6,0,0.0,0.0
zandvoort,27,RED,6,0,0.0,0.0
zandvoort,28,SC,6,0,0.0,0.0
zandvoort,28,VSC,6,0,0.0,0.03333333333333333
zandvoort,28,RED,6,0,0.0,0.0
zandvoort,29,SC,6,0,0.0,0.0
zandvoort,29,VSC,6,0,0.0,0.03333333333333333
zandvoort,29,RED,6,0,0.0,0.0
zandvoort,30,SC,6,0,0.0,0.0
zandvoort,30,VSC,6,1,0.16666666666666666,0.03333333333333333
zandvoort,30,RED,6,0,0.0,0.0
zandvoort,31,SC,6,0,0.0,0.0
zandvoort,31,VSC,6,0,0.0,0.03333333333333333
zandvoort,31,RED,6,0,0.0,0.0
zandvoort,32,SC,6,0,0.0,0.0
zandvoort,32,VSC,6,0,0.0,0.03333333333333333
zandvoort,32,RED,6,0,0.0,0.0
zandvoort,33,SC,6,0,0.0,0.0
zandvoort,33,VSC,6,0,0.0,0.0
zandvoort,33,RED,6,0,0.0,0.0
zandvoort,34,SC,6,0,0.0,0.0
zandvoort,34,VSC,6,0,0.0,0.0
zandvoort,34,RED,6,0,0.0,0.0
zandvoort,35,SC,6,0,0.0,0.0
zandvoort,35,VSC,6,0,0.0,0.0
zandvoort,35,RED,6,0,0.0,0.0
zandvoort,36,SC,6,0,0.0,0.0
zandvoort,36,VSC,6,0,0.0,0.0
zandvoort,36,RED,6,0,0.0,0.0
zandvoort,37,SC,6,0,0.0,0.0
zandvoort,37,VSC,6,0,0.0,0.0
zandvoort,37,RED,6,0,0.0,0.0
zandvoort,38,SC,6,0,0.0,0.0
zandvoort,38,VSC,6,0,0.0,0.0
zandvoort,38,RED,6,0,0.0,0.0
zandvoort,39,SC,6,0,0.0,0.0
zandvoort,39,VSC,6,0,0.0,0.0
zandvoort,39,RED,6,0,0.0,0.0
zandvoort,40,SC,6,0,0.0,0.0
zandvoort,40,VSC,6,0,0.0,0.0
zandvoort,40,RED,6,0,0.0,0.0
zandvoort,41,SC,6,0,0.0,0.0
zandvoort,41,VSC,6,0,0.0,0.0
zandvoort,41,RED,6,0,0.0,0.0
zandvoort,42,SC,6,0,0.0,0.0
zandvoort,42,VSC,6,0,0.0,0.0
zandvoort,42,RED,6,0,0.0,0.0
zandvoort,43,SC,6,0,0.0,0.0
zandvoort,43,VSC,6,0,0.0,0.0
zandvoort,43,RED,6,0,0.0,0.0
zandvoort,44,SC,6,0,0.0,0.0
zandvoort,44,VSC,6,0,0.0,0.03333333333333333
zandvoort,44,RED,6,0,0.0,0.0
zandvoort,45,SC,6,0,0.0,0.0
zandvoort,45,VSC,6,0,0.0,0.03333333333333333
zandvoort,45,RED,6,0,0.0,0.0
zandvoort,46,SC,6,0,0.0,0.0
zandvoort,46,VSC,6,1,0.16666666666666666,0.03333333333333333
zandvoort,46,RED,6,0,0.0,0.0
zandvoort,47,SC,6,0,0.0,0.0
zandvoort,47,VSC,6,0,0.0,0.03333333333333333
zandvoort,47,RED,6,0,0.0,0.0
zandvoort,48,SC,6,0,0.0,0.0
zandvoort,48,VSC,6,0,0.0,0.03333333333333333
zandvoort,48,RED,6,0,0.0,0.0
zandvoort,49,SC,6,0,0.0,0.0
zandvoort,49,VSC,6,0,0.0,0.0
zandvoort,49,RED,6,0,0.0,0.0
zandvoort,50,SC,6,0,0.0,0.03333333333333333
zandvoort,50,VSC,6,0,0.0,0.03333333333333333
zandvoort,50,RED,6,0,0.0,0.0
zandvoort,51,SC,6,0,0.0,0.03333333333333333
zandvoort,51,VSC,6,0,0.0,0.03333333333333333
zandvoort,51,RED,6,0,0.0,0.0
zandvoort,52,SC,6,1,0.16666666666666666,0.06666666666666667
zandvoort,52,VSC,6,1,0.16666666666666666,0.03333333333333333
zandvoort,52,RED,6,0,0.0,0.0
zandvoort,53,SC,6,0,0.0,0.06666666666666667
zandvoort,53,VSC,6,0,0.0,0.03333333333333333
zandvoort,53,RED,6,0,0.0,0.0
zandvoort,54,SC,6,1,0.16666666666666666,0.06666666666666667
zandvoort,54,VSC,6,0,0.0,0.03333333333333333
zandvoort,54,RED,6,0,0.0,0.0
zandvoort,55,SC,6,0,0.0,0.03333333333333333
zandvoort,55,VSC,6,0,0.0,0.0
zandvoort,55,RED,6,0,0.0,0.0
zandvoort,56,SC,6,0,0.0,0.03333333333333333
zandvoort,56,VSC,6,0,0.0,0.0
zandvoort,56,RED,6,0,0.0,0.0
zandvoort,57,SC,6,0,0.0,0.0
zandvoort,57,VSC,6,0,0.0,0.0
zandvoort,57,RED,6,0,0.0,0.0
zandvoort,58,SC,6,0,0.0,0.0
zandvoort,58,VSC,6,0,0.0,0.0
zandvoort,58,RED,6,0,0.0,0.0
zandvoort,59,SC,6,0,0.0,0.0
zandvoort,59,VSC,6,0,0.0,0.0
zandvoort,59,RED,6,0,0.0,0.0
zandvoort,60,SC,6,0,0.0,0.0
zandvoort,60,VSC,6,0,0.0,0.0
zandvoort,60,RED,6,0,0.0,0.0
zandvoort,61,SC,6,0,0.0,0.0
zandvoort,61,VSC,6,0,0.0,0.03333333333333333
zandvoort,61,RED,6,0,0.0,0.03333333333333333
zandvoort,62,SC,6,0,0.0,0.03333333333333333
zandvoort,62,VSC,6,0,0.0,0.03333333333333333
zandvoort,62,RED,6,0,0.0,0.03333333333333333
zandvoort,63,SC,6,0,0.0,0.06666666666666667
zandvoort,63,VSC,6,1,0.16666666666666666,0.03333333333333333
zandvoort,63,RED,6,1,0.16666666666666666,0.03333333333333333
zandvoort,64,SC,6,1,0.16666666666666666,0.06666666666666667
zandvoort,64,VSC,6,0,0.0,0.03333333333333333
zandvoort,64,RED,6,0,0.0,0.03333333333333333
zandvoort,65,SC,6,1,0.16666666666666666,0.06666666666666667
zandvoort,65,VSC,6,0,0.0,0.06666666666666667
zandvoort,65,RED,6,0,0.0,0.03333333333333333
zandvoort,66,SC,6,0,0.0,0.06666666666666667
zandvoort,66,VSC,6,0,0.0,0.03333333333333333
zandvoort,66,RED,6,0,0.0,0.0
zandvoort,67,SC,6,0,0.0,0.03333333333333333
zandvoort,67,VSC,6,1,0.16666666666666666,0.03333333333333333
zandvoort,67,RED,6,0,0.0,0.0
zandvoort,68,SC,6,0,0.0,0.0
zandvoort,68,VSC,6,0,0.0,0.03333333333333333
zandvoort,68,RED,6,0,0.0,0.0
zandvoort,69,SC,6,0,0.0,0.0
zandvoort,69,VSC,6,0,0.0,0.03333333333333333
zandvoort,69,RED,6,0,0.0,0.0
zandvoort,70,SC,6,0,0.0,0.0
zandvoort,70,VSC,6,0,0.0,0.0
zandvoort,70,RED,6,0,0.0,0.0
zandvoort,71,SC,6,0,0.0,0.0
zandvoort,71,VSC,6,0,0.0,0.0
zandvoort,71,RED,6,0,0.0,0.0
zandvoort,72,SC,6,0,0.0,0.0
zandvoort,72,VSC,6,0,0.0,0.0
zandvoort,72,RED,6,0,0.0,0.0
